"vo_avg s valence electrons","vo_avg p valence electrons","vo_avg d valence electrons","vo_avg f valence electrons","PymatgenData mean Z","PymatgenData mean ionization_energy","PymatgenData mean electron_affinity","band center","PymatgenData mean atomic_radius","PymatgenData mean max_oxidation_state","PymatgenData mean X","PymatgenData mean mendeleev_no","PymatgenData mean row","PymatgenData mean group","PymatgenData mean atomic_mass","min_diff_X_all_atoms","reactionEnergy"
1,0,10,0,47,7.576234,1.304473,4.43926202321725,1.6,3,1.93,71,5,11,107.8682,0,0.338155323043821
1.8,0.8,2,0,19.8,6.303862,0.6071626,3.42769108664998,1.32,3,1.674,78.2,3.4,12.6,43.15887088,0.32,0.33624168244117
1,0,10,11.2,72.6,8.89569,2.1077828,5.47335021380224,1.4,4.6,2.418,70.2,5.8,11,179.1468952,0.61,0.321487125945197
1.8,2.4,10,11.2,75.8,7.3436596,1.014784304,4.17861375701491,1.6,4.6,2.002,83.8,5.8,14.2,188.75796,0.0900000000000001,0.561942696339457
1.8,0,10,0,47.8,8.7103028,-0.3151054,4.48563611981821,1.56,2.2,1.738,74.2,5,11.8,111.50244,0.24,0.776154927943054
1.8,0,7.6,0,31,7.8200548,0.790698976,4.30399992275792,1.4,4.6,1.89,65.4,4.2,9.4,68.720196,0.05,-0.365845083054381
1,0,6,0,28.6,6.9284548,0.801637216,3.85123968618713,1.44,5.4,1.714,59.8,4.2,7,63.17052,0.27,-0.864638048856222
1,0,10,0,32.6,7.6963508,1.2495218,4.46950165837938,1.4,3.8,1.906,71.8,4.2,11,72.41044,0.03,-0.0537509186605973
1.8,0,6.8,0,30.2,7.83722128,0.38348368,4.11113089641453,1.44,5.4,1.85,63,4.2,8.6,66.24964,0.0999999999999999,0.875046403046355
1.8,0.8,10,0,34.2,6.3146884,0.50182752,3.37318152197179,1.36,3,1.834,79,4.2,12.6,77.35204,0.12,0.673650325138652
1.8,0,3.6,11.2,67,6.9753028,0.4033506,3.59693795851008,1.56,3.8,1.426,54.2,5.8,5.4,164.36564,0.63,-1.06575167255775
1.8,0,10,11.2,73.4,9.86525,-0.1551054,5.05296628301468,1.52,3.8,1.986,73.4,5.8,11.8,182.04564,0.0700000000000001,0.916906219140429
1.8,0.8,10,0,48.6,6.14433136,0.5000946,3.28183816420442,1.56,3,1.81,77.4,5,12.6,113.42804,0.15,0.696442716443045
1.8,0,7.6,11.2,71,8.6888628,1.512140296,5.14867235714117,1.4,5.4,2.146,67,5.8,9.4,175.34724,0.27,-0.345902403953886
1.8,0,2.8,0,55,5.9767668,0.70693156,3.27691895609512,1.88,3,1.266,40.6,5.8,4.6,132.698016,0.83,-0.733973337260039
1,0,6,0,43,7.1891908,0.858685,4.01788647811721,1.48,5.4,2.114,59,5,7,98.32564,0.23,-0.959736393057909
1,0,5.2,0,42.2,6.9223268,0.9948202,3.94119167031401,1.48,4.6,1.666,56.6,5,6.2,95.898744,0.33,-1.03929091466031
1.8,0,8.4,0,31.8,7.6271492,1.18662356,4.40814017509068,1.4,3.8,1.914,67.8,4.2,10.2,68.52836,0.02,-0.370298634158615
1.8,0,6.8,11.2,70.2,8.2658308,1.123023592,4.8065997279405,1.36,7,2.146,64.6,5.8,8.6,173.75764,0.27,-0.38174877635808
1.8,1.6,10,11.2,75,7.44859072,0.54627156,3.99449108516729,1.76,3.8,2.25,79.8,5.8,13.4,187.33364,0.4,0.653393490742957
0.2,0,10,0,46.2,8.184718,0.71060756,4.44547984045378,1.44,3.8,2.146,69.4,5,10.2,106.70964,0.27,-0.291064934760442
1,0,9.2,11.2,71.8,8.6823108,1.9609786,5.3249071595362,1.4,5.4,2.21,68.6,5.8,10.2,177.64084,0.35,-0.302525825455604
1.8,0,6,11.2,69.4,7.7820628,0.309211912,4.09548614662384,1.4,6.2,1.906,60.6,5.8,7.8,170.53924,0.03,-0.669081397761119
1,0,8.4,0,45.4,7.4823668,1.1752082,4.32612982614416,1.4,5.4,2.21,66.2,5,9.4,103.89804,0.35,-0.450878344657184
1,0,7.6,0,44.6,7.4036468,1.0979122,4.25127445207797,1.36,7,2.146,63.8,5,8.6,102.42964,0.27,-0.43057865235366
1.8,0,2.8,0,26.2,6.7644388,0.404398784,3.56500248616712,1.6,3,1.474,29.4,4.2,4.6,57.5383696,0.57,-1.16991848275845
1.8,1.6,10,0,49.4,7.3903812,1.15055076,4.26970500018082,1.48,3.8,1.954,80.6,5,13.4,116.54164,0.03,0.696058219539765
1.8,0,4.4,11.2,67.8,7.5549036,0.523981984,4.16935110315946,1.48,4.6,1.586,55.8,5.8,6.2,166.331944,0.43,-1.03739632215635
1.8,0,6,0,43.8,7.2107508,0.7024946,4.0127849395093,1.4,6.2,1.906,61.4,5,7.8,99.97364,0.03,-0.661377582858194
1.8,0,3.6,0,27,6.9777428,0.3213306,3.63141860489047,1.44,3.8,1.618,55,4.2,5.4,59.86724,0.39,-1.11419337805907
1.8,0.8,10,11.2,74.2,6.40187664,0.516937152,3.37717745947567,1.84,3,1.682,76.6,5.8,12.6,185.08028,0.31,0.642876971241122
1.8,0,4.4,0,27.8,6.9121964,0.6830242,3.7836457128784,1.4,4.6,1.69,57.4,4.2,6.2,62.32684,0.3,-1.02312653635724
1.8,0,5.2,11.2,68.6,7.8064708,0.914095256,4.40606343510083,1.4,5.4,2.274,58.2,5.8,7,168.64564,0.43,-1.04889530875786
1.8,0,2.8,0,40.6,6.4890548,0.50992836,3.47008488841595,1.76,3,1.362,34.2,5,4.6,92.69832,0.71,-1.08344410615879
1.8,0,10,0,33.4,9.0306044,-0.2351054,4.64455640047072,1.4,2.2,1.706,75,4.2,11.8,73.90084,0.28,0.528792428035587
1.8,0,3.6,0,41.4,6.8225476,0.6075258,3.69579637356112,1.56,3.8,1.45,53.4,5,5.4,94.55284,0.6,-1.03872287705869
1.5,0.5,5,0,30,6.7810015,0.868654,3.77674435991788,1.425,3,1.77,75.5,4,12,67.4248693,0.32,0.356509945741919
1,0,10,7,63,8.400894,1.806541625,5.05999183186177,1.475,4,2.235,70.5,5.5,11,152.4173845,0.61,0.319611853440648
1.5,1.5,10,7,65,7.430875,1.123417565,4.27451343014206,1.6,4,1.975,79,5.5,13,158.4243,0.0900000000000001,0.552927837045928
1.5,0,10,0,47.5,8.285027,0.2922365,4.468189333398,1.575,2.5,1.81,73,5,11.5,110.1396,0.24,0.517986107145617
1.5,0,8.5,0,37,7.728622,0.983364235,4.35423336813233,1.475,4,1.905,67.5,4.5,10,83.4006975,0.05,-0.236969792159442
1,0,10,0,38,7.651307,1.2701285,4.45813773101472,1.475,3.5,1.915,71.5,4.5,11,85.7071,0.03,0.0519798657487911
1.5,0,8,0,36.5,7.73935105,0.728854675,4.2312370593704,1.5,4.5,1.88,66,4.5,9.5,81.8566,0.0999999999999999,-0.307076657357328
1.5,0.5,10,0,39,6.787768,0.802819575,3.73909382251132,1.45,3,1.87,76,4.5,12,88.7956,0.12,0.576045268245281
1.5,0,6,7,59.5,7.200652,0.7412715,3.8922402034364,1.575,3.5,1.615,60.5,5.5,7.5,143.1791,0.63,-0.788540189262648
1.5,0,10,7,63.5,9.006869,0.3922365,4.81346748560555,1.55,3.5,1.965,72.5,5.5,11.5,154.2291,0.0700000000000001,0.875933902440949
1.5,0.5,10,0,48,6.68129485,0.8017365,3.67548595913887,1.575,3,1.855,75,5,12,111.3431,0.15,0.658771548639408
1.5,0,8.5,7,62,8.271627,1.43426506,4.8702480060281,1.475,4.5,2.065,68.5,5.5,10,150.0426,0.27,-0.315647971160587
1.5,0,5.5,0,52,6.576567,0.9310096,3.6720417069405,1.775,3,1.515,52,5.5,7,123.386835,0.83,-0.557652413556724
1.5,0,7.5,0,36,7.505136,0.3922365,4.0623015637553,1.5,5,1.74,65.5,4.5,9,81.4031225,0.38,2.43697779614107
1,0,7.5,0,44.5,7.334332,1.0258555,4.17099895543751,1.525,4.5,2.045,63.5,5,8.5,101.9041,0.23,-0.616801254363026
1,0,7,0,44,7.167542,1.11094,4.12105836198676,1.525,4,1.765,62,5,8,100.38729,0.33,-0.65941591425414
1.5,0,9,0,37.5,7.608056,1.2308171,4.41978521737338,1.475,3.5,1.92,69,4.5,10.5,83.2808,0.02,-0.291363443763629
1.5,0,8,7,61.5,8.007232,1.19106712,4.66541483307828,1.45,5.5,2.065,67,5.5,9.5,149.0491,0.27,0.218940753745329
1.5,1,10,7,64.5,7.49645695,0.8305971,4.15580300239059,1.7,3.5,2.13,76.5,5.5,12.5,157.5341,0.4,0.602678138043331
0.5,0,10,0,46.5,7.9565365,0.9333071,4.4431471390662,1.5,3.5,2.065,70,5,10.5,107.1441,0.27,-0.199235902261506
1,0,9.5,7,62.5,8.267532,1.714789,4.97377995196819,1.475,4.5,2.105,69.5,5.5,10.5,151.4761,0.35,-0.340017534158477
1.5,0,7.5,7,61,7.704877,0.68243482,4.22116623545476,1.475,5,1.915,64.5,5.5,9,147.0376,0.03,-0.613233025657763
1,0,9,0,46,7.517567,1.2236825,4.36821252809324,1.475,4.5,2.105,68,5,10,105.38685,0.35,-0.295158751460775
1,0,8.5,0,45.5,7.468367,1.1753725,4.32081832987747,1.45,5.5,2.065,66.5,5,9.5,104.4691,0.27,-0.222048701957618
1.5,0,5.5,0,34,7.068862,0.741926615,3.8706057773078,1.6,3,1.645,45,4.5,7,76.412056,0.57,-0.776159281757799
1.5,1,10,0,48.5,7.460076,1.2082716,4.33251635808462,1.525,3.5,1.945,77,5,12.5,113.2891,0.03,0.68157087874809
1.5,0,6.5,7,60,7.5629025,0.816666115,4.26858894575619,1.525,4,1.715,61.5,5.5,8,144.40804,0.43,-0.750986302656173
1.5,0,7.5,0,45,7.347807,0.9282365,4.16768820035402,1.475,5,1.915,65,5,9,102.9341,0.03,-0.484114873156585
1.5,0,6,0,34.5,7.202177,0.690009,3.9155181259458,1.5,3.5,1.735,61,4.5,7.5,77.8676,0.39,-0.690483015153376
1.5,0.5,10,7,64,6.84226065,0.812263095,3.74186158572311,1.75,3,1.775,74.5,5.5,12,156.12575,0.31,0.599313314342936
1.5,0,6.5,0,35,7.1612105,0.9160675,4.0173121870427,1.475,4,1.78,62.5,4.5,8,79.40485,0.3,-0.63029116195591
1.5,0,7,7,60.5,7.720132,1.06048691,4.41848371105306,1.475,4.5,2.145,63,5.5,8.5,145.8541,0.43,-0.722673946263029
1.5,0,5.5,0,43,6.896747,0.8078826,3.8058713545385,1.7,3,1.575,48,5,7,98.387025,0.71,-0.802010776659671
1.5,0,10,0,38.5,8.4852155,0.3422365,4.56648139958339,1.475,2.5,1.79,73.5,4.5,11.5,86.6386,0.28,0.43932956123993
1.5,0,6,0,43.5,7.10518,0.868881,3.95875900448548,1.575,3.5,1.63,60,5,7.5,99.5461,0.6,-0.723656957458815
1.2,0.2,8,0,40.2,7.258141,1.1301454,4.16134289805913,1.53,3,1.866,72.8,4.6,11.4,91.69086772,0.32,0.247755024146528
1,0,10,2.8,53.4,7.906098,1.50530045,4.67785110368838,1.55,3.4,2.052,70.8,5.2,11,125.6878738,0.61,0.340619586045278
1.2,0.6,10,2.8,54.2,7.5180904,1.232050826,4.37261401195346,1.6,3.4,1.948,74.2,5.2,11.8,128.09064,0.0900000000000001,0.43802531964414
1.2,0,9.4,0,43,7.6371892,1.176029494,4.40505310511442,1.55,3.4,1.92,69.6,4.8,10.6,98.081199,0.05,-0.0883542749570268
1,0,9,0,42.4,7.4142892,1.178764054,4.28433302697141,1.56,3.6,1.876,68.2,4.8,10,96.69378,0.27,-0.305989426457899
1,0,10,0,43.4,7.6062632,1.2907352,4.4468026969932,1.55,3.2,1.924,71.2,4.8,11,99.00376,0.03,0.17736107893964
1.2,0,9.2,0,42.8,7.64148082,1.07422567,4.35485210850466,1.56,3.6,1.91,69,4.8,10.4,97.46356,0.0999999999999999,-0.0167537769584385
1.2,0.2,10,0,43.8,7.2608476,1.10381163,4.14469915789466,1.54,3,1.906,73,4.8,11.4,100.23916,0.12,0.367787839845761
1.2,0,8.4,2.8,52,7.4260012,1.0791924,4.21178624040597,1.59,3.2,1.804,66.8,5.2,9.6,121.99256,0.63,-0.297241238759824
1.2,0,10,2.8,53.6,8.148488,0.9395784,4.58532037169236,1.58,3.2,1.944,71.6,5.2,11.2,126.41256,0.0700000000000001,0.801479882641644
1.2,0,9.4,2.8,53,7.8543912,1.356389824,4.60687998670612,1.55,3.6,1.984,70,5.2,10.6,124.73796,0.27,-0.548683541360305
1.2,0,8.2,0,49,7.1763672,1.15508764,4.11480737795796,1.67,3,1.764,63.4,5.2,9.4,114.075654,0.83,0.0406928558377615
1,0,9,0,46,7.4794732,1.193026,4.32994619957834,1.57,3.6,1.976,68,5,10,105.48256,0.23,-0.432336915858258
1,0,8.8,0,45.8,7.4127572,1.2270598,4.30913374521261,1.57,3.4,1.864,67.4,5,9.8,104.875836,0.33,-0.371155520761903
1.2,0,9.6,0,43.2,7.5889628,1.27501064,4.43146102251851,1.55,3.2,1.926,70.2,4.8,10.8,98.03324,0.02,-0.0399177395583763
1.2,0,9.2,2.8,52.8,7.7486332,1.259110648,4.5283769809626,1.54,4,1.984,69.4,5.2,10.4,124.34056,0.27,-0.60634038205805
1.2,0.4,10,2.8,54,7.54432318,1.11492264,4.32362927503074,1.64,3.2,2.01,73.2,5.2,11.6,127.73456,0.4,0.346115197048704
0.8,0,10,0,46.8,7.728355,1.15600664,4.44081566173002,1.56,3.2,1.984,70.6,5,10.8,107.57856,0.27,0.130617363641278
1,0,9.8,2.8,53.2,7.8527532,1.4685994,4.64580625904385,1.55,3.6,2,70.4,5.2,10.8,125.31136,0.35,-0.227120359652844
1.2,0,9,2.8,52.6,7.6276912,1.055657728,4.35070312764504,1.55,3.8,1.924,68.4,5.2,10.2,123.53596,0.03,-0.634788931557495
1,0,9.6,0,46.6,7.5527672,1.2721568,4.41070459219152,1.55,3.6,2,69.8,5,10.6,106.87566,0.35,-0.268836227455694
1,0,9.4,0,46.4,7.5330872,1.2528328,4.39149983146341,1.54,4,1.984,69.2,5,10.4,106.50856,0.27,-0.394916092954162
1.2,0,8.2,0,41.8,7.3732852,1.079454446,4.20240634935316,1.6,3,1.816,60.6,4.8,9.4,95.2857424,0.57,-0.0923675459625599
1.2,0.4,10,0,47.6,7.5297708,1.26599244,4.39625172986797,1.57,3.2,1.936,73.4,5,11.6,110.03656,0.03,0.373443862045889
1.2,0,8.6,2.8,52.2,7.5709014,1.109350246,4.37018882243439,1.57,3.4,1.844,67.2,5.2,9.8,122.484136,0.43,-0.479593565657495
1.2,0,9,0,46.2,7.4848632,1.1539784,4.32857110391123,1.55,3.8,1.924,68.6,5,10.2,105.89456,0.03,-0.445411849758756
1.2,0,8.4,0,42,7.4266112,1.0586874,4.22184381992298,1.56,3.2,1.852,67,4.8,9.6,95.86796,0.39,-0.220122544159466
1.2,0.2,10,2.8,53.8,7.28264466,1.107589038,4.14592608612403,1.66,3,1.868,72.4,5.2,11.4,127.17122,0.31,0.793134831445997
1.2,0,8.6,0,42.2,7.4102246,1.1491108,4.26540919336875,1.55,3.4,1.87,67.6,4.8,9.8,96.48286,0.3,-0.281952114454697
1.2,0,8.8,2.8,52.4,7.6337932,1.206878564,4.43093899858807,1.55,3.6,2.016,67.8,5.2,10,123.06256,0.43,-0.580297863255481
1.2,0,8.2,0,45.4,7.3044392,1.10583684,4.17415055627322,1.64,3,1.788,61.8,5,9.4,104.07573,0.71,-0.0326275376564524
1.2,0,10,0,43.6,7.9398266,0.9195784,4.48971883959201,1.55,2.8,1.874,72,4.8,11.2,99.37636,0.28,0.395082354444668
1.2,0,8.4,0,45.6,7.3878124,1.1302362,4.2404319046653,1.59,3.2,1.81,66.6,5,9.6,104.53936,0.6,-0.248892051858064
2,1,0,0,13,5.985769,0.432835,3.21310116086236,1.25,3,1.61,80,3,13,26.9815386,0,0.302502967932043
1.2,0.2,8,11.2,65.8,8.577597,1.9334552,5.13069220101806,1.33,4.6,2.354,72,5.4,11.4,162.96956292,0.93,0.312747101542328
2,0.2,8,0,41,8.3922098,-0.489433,4.20481375347047,1.49,2.2,1.674,76,4.6,12.2,95.32510772,0.0799999999999999,0.320634321141398
2,0.2,5.6,0,24.2,7.5019618,0.616371376,4.03454885477465,1.33,4.6,1.826,67.2,3.8,9.8,52.54286372,0.27,-0.542002330351323
1.2,0.2,4,0,21.8,6.6103618,0.627309616,3.61013358369498,1.37,5.4,1.65,61.6,3.8,7.4,46.99318772,0.0499999999999998,-0.936659915157151
1.2,0.2,8,0,25.8,7.3782578,1.0751942,4.18968938681419,1.33,3.8,1.842,73.6,3.8,11.4,56.23310772,0.29,-0.0413019826582683
2,0.2,4.8,0,23.4,7.51912828,0.20915608,3.85375435586197,1.37,5.4,1.786,64.8,3.8,9,50.07230772,0.22,-0.53569146625793
2,1,8,0,27.4,5.9965954,0.32749992,3.16200415675141,1.29,3,1.77,80.8,3.8,13,61.17470772,0.2,0.320884665940895
2,0.2,1.6,11.2,60.2,6.6572098,0.229023,3.37175236562348,1.49,3.8,1.362,56,5.4,5.8,148.18830772,0.31,-1.03859348695821
2,0.2,8,11.2,66.6,9.547157,-0.329433,4.73662632347087,1.45,3.8,1.922,75.2,5.4,12.2,165.86830772,0.39,0.234164298540264
2,1,8,0,41.8,5.82623836,0.325767,3.07637933191743,1.49,3,1.746,79.2,4.6,13,97.25070772,0.17,0.255206181341265
2,0.2,5.6,11.2,64.2,8.3707698,1.337812696,4.82634073766505,1.33,5.4,2.082,68.8,5.4,9.8,159.16990772,0.59,-0.294310164455027
2,0.2,0.8,0,48.2,5.6586738,0.53260396,3.07176808986354,1.81,3,1.202,42.4,5.4,5,116.52068372,0.51,-0.679119677256466
1.2,0.2,4,0,36.2,6.8710978,0.6843574,3.76634748601831,1.41,5.4,2.05,60.8,4.6,7.4,82.14830772,0.55,-0.896129239058581
1.2,0.2,3.2,0,35.4,6.6042338,0.8204926,3.69445414156136,1.41,4.6,1.602,58.4,4.6,6.6,79.72141172,0.01,-0.992032904257002
2,0.2,6.4,0,25,7.3090562,1.01229596,4.13216942710864,1.33,3.8,1.85,69.6,3.8,10.6,52.35102772,0.3,-0.587438946756237
2,0.2,4.8,11.2,63.4,7.9477378,0.948695992,4.50568349808338,1.29,7,2.082,66.4,5.4,9,157.58030772,0.59,-0.321423451258823
2,1.8,8,11.2,68.2,7.13049772,0.37194396,3.74441675703898,1.69,3.8,2.186,81.6,5.4,13.8,171.15630772,0.72,0.196901029442444
0.4,0.2,8,0,39.4,7.866625,0.53627996,4.16717145007146,1.37,3.8,2.082,71.2,4.6,10.6,90.53230772,0.59,-0.2357480010605
1.2,0.2,7.2,11.2,65,8.3642178,1.786651,4.99154239494545,1.33,5.4,2.146,70.4,5.4,10.6,161.46350772,0.67,-0.278978318455273
2,0.2,4,11.2,62.6,7.4639698,0.134884312,3.83908904255248,1.33,6.2,1.842,62.4,5.4,8.2,154.36190772,0.29,-0.545231505358032
1.2,0.2,6.4,0,38.6,7.1642738,1.0008806,4.05529331991534,1.33,5.4,2.146,68,4.6,9.8,87.72070772,0.67,-0.347161338758241
1.2,0.2,5.6,0,37.8,7.0855538,0.9235846,3.98512425180836,1.29,7,2.082,65.6,4.6,9,86.25230772,0.59,-0.444971569558192
2,0.2,0.8,0,19.4,6.4463458,0.230071184,3.34181620724051,1.53,3,1.41,31.2,3.8,5,41.36103732,0.25,-1.14365881695718
2,1.8,8,0,42.6,7.0722882,0.97622316,4.00240095907502,1.41,3.8,1.89,82.4,4.6,13.8,100.36430772,0.35,0.267895121743123
2,0.2,2.4,11.2,61,7.2368106,0.349654384,3.90832969802345,1.41,4.6,1.522,57.6,5.4,6.6,150.15461172,0.11,-1.03173853116002
2,0.2,4,0,37,6.8926578,0.528167,3.76156532823079,1.33,6.2,1.842,63.2,4.6,8.2,83.79630772,0.29,-0.554823926256148
2,0.2,1.6,0,20.2,6.6596498,0.147003,3.40407435792425,1.37,3.8,1.554,56.8,3.8,5.8,43.68990772,0.0700000000000001,-1.08086092955907
2,1,8,11.2,67.4,6.08378364,0.342609552,3.16574992937441,1.77,3,1.618,78.4,5.4,13,168.90294772,0.01,0.152126193942451
2,0.2,2.4,0,21,6.5941034,0.5086966,3.54677131778033,1.33,4.6,1.626,59.2,3.8,6.6,46.14950772,0.0199999999999998,-1.04398297365967
2,0.2,3.2,11.2,61.8,7.4883778,0.739767656,4.13022270101708,1.33,5.4,2.21,60,5.4,7.4,152.46830772,0.75,-0.925317393956874
2,0.2,0.8,0,33.8,6.1709618,0.33560076,3.25284090701338,1.69,3,1.298,36,4.6,5,76.52098772,0.39,-1.09912915605761
2,0.2,8,0,26.6,8.7125114,-0.409433,4.35378486123392,1.33,2.2,1.642,76.8,3.8,12.2,57.72350772,0.0399999999999998,0.45813153903967
2,0.2,1.6,0,34.6,6.5044546,0.4331982,3.46442176905912,1.49,3.8,1.386,55.2,4.6,5.8,78.37550772,0.28,-1.04133489785906
1.5,0.5,5,7,46,7.6056615,1.370722625,4.30483614444654,1.3,4,2.075,75,4.5,12,111.9740538,0.93,0.263577899641888
2,2,5,7,48,6.6356425,0.687598565,3.63658292848019,1.425,4,1.815,83.5,4.5,14,117.9809693,0.41,-0.007878648058039
2,0.5,5,0,30.5,7.4897945,-0.1435825,3.80135454399833,1.4,2.5,1.65,77.5,4,12.5,69.6962693,0.0799999999999999,0.311280544042376
2,0.5,3.5,0,20,6.9333895,0.547545235,3.70440542343612,1.3,4,1.745,72,3.5,11,42.9573668,0.27,-0.501473151059116
1.5,0.5,2.5,0,18.5,6.3761395,0.554381635,3.45580075146155,1.325,4.5,1.635,68.5,3.5,9.5,39.4888193,0.0499999999999998,-0.556522868958354
1.5,0.5,5,0,21,6.8560745,0.8343095,3.79280304773372,1.3,3.5,1.755,76,3.5,12,45.2637693,0.29,0.331615202944732
2,0.5,3,0,19.5,6.94411855,0.293035675,3.59976514471911,1.325,4.5,1.72,70.5,3.5,10.5,41.4132693,0.22,-0.448970962758693
2,1,5,0,22,5.9925355,0.367000575,3.18106960830825,1.275,3,1.71,80.5,3.5,13,48.3522693,0.2,0.296815788738087
2,0.5,1,7,42.5,6.4054195,0.3054525,3.3113603474842,1.4,3.5,1.455,65,4.5,8.5,102.7357693,0.31,-0.716128519959028
2,0.5,5,7,46.5,8.2116365,-0.0435825,4.09510321373954,1.375,3.5,1.805,77,4.5,12.5,113.7857693,0.39,0.325671692563475
2,1,5,0,31,5.88606235,0.3659175,3.12695461397318,1.4,3,1.695,79.5,4,13,70.8997693,0.17,0.294016961842345
2,0.5,3.5,7,45,7.4763945,0.99844606,4.14340978116843,1.3,4.5,1.905,73,4.5,11,109.5992693,0.59,-0.438079470356541
2,0.5,0.5,0,35,5.7813345,0.4951906,3.12402438367898,1.6,3,1.355,56.5,4.5,8,82.9435043,0.51,-0.636933188608026
2,0.5,2.5,0,19,6.7099035,-0.0435825,3.45604166615051,1.325,5,1.58,70,3.5,10,40.9597918,0.0600000000000001,-0.417507936260307
1.5,0.5,2.5,0,27.5,6.5390995,0.5900365,3.54851700525564,1.35,4.5,1.885,68,4,9.5,61.4607693,0.55,-0.509015738357419
1.5,0.5,2,0,27,6.3723095,0.675121,3.50602957070917,1.35,4,1.605,66.5,4,9,59.9439593,0.01,-0.588206443758253
2,0.5,4,0,20.5,6.8128235,0.7949981,3.76017428222584,1.3,3.5,1.76,73.5,3.5,11.5,42.8374693,0.3,-0.159156254957423
2,0.5,3,7,44.5,7.2119995,0.75524812,3.96914601241219,1.275,5.5,1.905,71.5,4.5,10.5,108.6057693,0.59,-0.470225366457242
2,1.5,5,7,47.5,6.70122445,0.3947781,3.53558890376864,1.525,3.5,1.97,81,4.5,13.5,117.0907693,0.72,0.317256844243303
1,0.5,5,0,29.5,7.161304,0.4974881,3.78004965915308,1.325,3.5,1.905,74.5,4,11.5,66.7007693,0.59,0.180688078741724
1.5,0.5,4.5,7,45.5,7.4722995,1.27897,4.23149056821267,1.3,4.5,1.945,74,4.5,11.5,111.0327693,0.67,0.156623419342424
2,0.5,2.5,7,44,6.9096445,0.24661582,3.59119729555314,1.3,5,1.755,69,4.5,10,106.5942693,0.29,-0.303342983356714
1.5,0.5,4,0,29,6.7223345,0.7878635,3.71629832664,1.3,4.5,1.945,72.5,4,11,64.9435193,0.67,-0.205309891257429
1.5,0.5,3.5,0,28.5,6.6731345,0.7395535,3.67597726204231,1.275,5.5,1.905,71,4,10.5,64.0257693,0.59,-0.478935050158697
2,0.5,0.5,0,17,6.2736295,0.306107615,3.29295465382747,1.425,3,1.485,49.5,3.5,8,35.9687253,0.25,-0.706210514727871
2,1.5,5,0,31.5,6.6648435,0.7724526,3.6859294707253,1.35,3.5,1.785,81.5,4,13.5,72.8457693,0.35,0.267223136640524
2,0.5,1.5,7,43,6.76767,0.380847115,3.63154261707871,1.35,4,1.555,66,4.5,9,103.9647093,0.11,-0.654529293858076
2,0.5,2.5,0,28,6.5525745,0.4924175,3.54570034890077,1.3,5,1.755,69.5,4,10,62.4907693,0.29,-0.556697157958269
2,0.5,1,0,17.5,6.4069445,0.25419,3.33116426130775,1.325,3.5,1.575,65.5,3.5,8.5,37.4242693,0.0700000000000001,-0.740299303758519
2,0.5,1.5,0,18,6.365978,0.4802485,3.41776652630364,1.3,4,1.62,67,3.5,9,38.9615193,0.0199999999999998,-0.653509139158786
2,0.5,2,7,43.5,6.9248995,0.62466791,3.75906701335345,1.3,4.5,1.985,67.5,4.5,9.5,105.4107693,0.75,-0.787217988158744
2,0.5,0.5,0,26,6.1015145,0.3720636,3.23788122837796,1.525,3,1.415,52.5,4,8,57.9436943,0.39,-0.768548393737518
2,0.5,5,0,21.5,7.689983,-0.0935825,3.88497745353799,1.3,2.5,1.63,78,3.5,12.5,46.1952693,0.0399999999999998,0.438077973639366
2,0.5,1,0,26.5,6.3099475,0.433062,3.36795184971513,1.4,3.5,1.47,64.5,4,8.5,59.1027693,0.28,-0.681583804157498
1.8,0.8,2,2.8,26.2,6.633726,0.80799005,3.61191307224709,1.27,3.4,1.796,78,3.6,12.6,60.97854468,0.93,0.335290100411868
2,1.4,2,2.8,27,6.2457184,0.534740426,3.37623010215367,1.32,3.4,1.692,81.4,3.6,13.4,63.38131088,0.41,0.31324711074106
2,0.8,2,0,20,6.5873792,0.202268,3.4366079489847,1.31,2.8,1.626,79,3.4,12.8,44.06743088,0.0799999999999999,0.301515874971329
2,0.8,1.4,0,15.8,6.3648172,0.478719094,3.40127732619796,1.27,3.4,1.664,76.8,3.2,12.2,33.37186988,0.27,0.125612237742672
1.8,0.8,1,0,15.2,6.1419172,0.481453654,3.30806563162658,1.28,3.6,1.62,75.4,3.2,11.6,31.98445088,0.0499999999999998,0.0508349467718574
1.8,0.8,2,0,16.2,6.3338912,0.5934248,3.43351347337868,1.27,3.2,1.668,78.4,3.2,12.6,34.29443088,0.29,0.345867301341997
2,0.8,1.2,0,15.6,6.36910882,0.37691527,3.36251558883705,1.28,3.6,1.654,76.2,3.2,12,32.75423088,0.22,0.190537647243247
2,1,2,0,16.6,5.9884756,0.40650123,3.20025001589458,1.26,3,1.65,80.2,3.2,13,35.52983088,0.2,0.295725700642862
2,0.8,0.4,2.8,24.8,6.1536292,0.381882,3.25205002083926,1.31,3.2,1.548,74,3.6,11.2,57.28323088,0.31,-0.179603841158468
2,0.8,2,2.8,26.4,6.876116,0.242268,3.54046724101542,1.3,3.2,1.688,78.8,3.6,12.8,61.70323088,0.39,0.319896212382474
2,1,2,0,20.2,5.94588634,0.406068,3.17836134718597,1.31,3,1.644,79.8,3.4,13,44.54883088,0.17,0.274903685792225
2,0.8,1.4,2.8,25.8,6.5820192,0.659079424,3.55711408452855,1.27,3.6,1.728,77.2,3.6,12.2,60.02863088,0.59,-0.0184463250070337
2,0.8,0.2,0,21.8,5.9039952,0.45777724,3.17716965093364,1.39,3,1.508,70.6,3.6,11,49.36632488,0.51,-0.271641040867479
2,0.8,1,0,15.4,6.2754228,0.242268,3.30815787594192,1.28,3.8,1.598,76,3.2,11.8,32.57283988,0.0600000000000001,0.151607408871342
1.8,0.8,1,0,18.8,6.2071012,0.4957156,3.34328496861568,1.29,3.6,1.72,75.2,3.4,11.6,40.77323088,0.55,0.147279846431985
1.8,0.8,0.8,0,18.6,6.1403852,0.5297494,3.32721503087657,1.29,3.4,1.608,74.6,3.4,11.4,40.16650688,0.01,0.0357829697914269
2,0.8,1.6,0,16,6.3165908,0.57770024,3.42166769347739,1.27,3.2,1.67,77.4,3.2,12.4,33.32391088,0.3,0.526165168842482
2,0.8,1.2,2.8,25.6,6.4762612,0.561800248,3.49649949326203,1.26,4,1.728,76.6,3.6,12,59.63123088,0.59,-0.230293207016956
2,1.2,2,2.8,26.8,6.27195118,0.41761224,3.33840747639882,1.36,3.2,1.754,80.4,3.6,13.2,63.02523088,0.72,0.193859068822377
1.6,0.8,2,0,19.6,6.455983,0.45869624,3.42889069885,1.28,3.2,1.728,77.8,3.4,12.4,42.86923088,0.59,0.395396918061152
1.8,0.8,1.8,2.8,26,6.5803812,0.771289,3.58717025963844,1.27,3.6,1.744,77.6,3.6,12.4,60.60203088,0.67,0.450282687480495
2,0.8,1,2.8,25.4,6.3553192,0.358347328,3.35931203278723,1.27,3.8,1.668,75.6,3.6,11.8,58.82663088,0.29,-0.0857998062992635
1.8,0.8,1.6,0,19.4,6.2803952,0.5748464,3.40564101362601,1.27,3.6,1.744,77,3.4,12.2,42.16633088,0.67,0.414399035572416
1.8,0.8,1.4,0,19.2,6.2607152,0.5555224,3.39081242571552,1.26,4,1.728,76.4,3.4,12,41.79923088,0.59,0.0368318325827488
2,0.8,0.2,0,14.6,6.1009132,0.382144046,3.24480751774138,1.32,3,1.56,67.8,3.2,11,30.57641328,0.25,-0.234961319917574
2,1.2,2,0,20.4,6.2573988,0.56868204,3.39448151299191,1.29,3.2,1.68,80.6,3.4,13.2,45.32723088,0.35,0.301582270751197
2,0.8,0.6,2.8,25,6.2985294,0.412039846,3.37435753854863,1.29,3.4,1.588,74.4,3.6,11.4,57.77480688,0.11,-0.0070063871180252
2,0.8,1,0,19,6.2124912,0.456668,3.34222321485192,1.27,3.8,1.668,75.8,3.4,11.8,41.18523088,0.29,0.165557596922582
2,0.8,0.4,0,14.8,6.1542392,0.361377,3.25981578809594,1.28,3.2,1.596,74.2,3.2,11.2,31.15863088,0.0700000000000001,-0.158302225638153
2,1,2,2.8,26.6,6.01027266,0.410278638,3.20119736501112,1.38,3,1.612,79.6,3.6,13,62.46189088,0.01,0.38560054775192
2,0.8,0.6,0,15,6.1378526,0.4518004,3.29345395621165,1.27,3.4,1.614,74.8,3.2,11.4,31.77353088,0.0199999999999998,-0.0197225389074163
2,0.8,0.8,2.8,25.2,6.3614212,0.509568164,3.42126462270481,1.27,3.6,1.76,75,3.6,11.6,58.35323088,0.75,-0.019473010518567
2,0.8,0.2,0,18.2,6.0320672,0.40852644,3.22299034867593,1.36,3,1.532,69,3.4,11,39.36640088,0.39,-0.288603665167983
2,0.8,2,0,16.4,6.6674546,0.222268,3.46665035033931,1.27,2.8,1.618,79.2,3.2,12.8,34.66703088,0.0399999999999998,0.374138976841124
2,0.8,0.4,0,18.4,6.1154404,0.4329258,3.27416822146345,1.31,3.2,1.554,73.8,3.4,11.2,39.83003088,0.28,-0.180692976788094
1,0,10,14,79,9.225554,2.30861025,5.76751658374793,1.35,5,2.54,70,6,11,196.966569,0,0.322403197239538
1.8,2.4,10,14,82.2,7.6735236,1.215611754,4.40319424104943,1.55,5,2.124,83.6,6,14.2,206.5776338,0.52,0.327945747842961
1.8,0,10,2.8,54.2,9.0401668,-0.11427795,4.72671758596242,1.51,2.6,1.86,74,5.2,11.8,129.3221138,0.85,0.680878893244
1.8,0,7.6,2.8,37.4,8.1499188,0.991526426,4.53531931290611,1.35,5,2.012,65.2,4.4,9.4,86.5398698,0.66,-0.310503250860137
1,0,6,2.8,35,7.2583188,1.002464666,4.05822538124088,1.39,5.8,1.836,59.6,4.4,7,80.9901938,0.88,-0.869884675756993
1,0,10,2.8,39,8.0262148,1.45034925,4.70971597446612,1.35,4.2,2.028,71.6,4.4,11,90.2301138,0.64,-0.0507439246566435
1.8,0,6.8,2.8,36.6,8.16708528,0.58431113,4.33208449977069,1.39,5.8,1.972,62.8,4.4,8.6,84.0693138,0.71,1.01806453863631
1.8,0.8,10,2.8,40.6,6.6445524,0.70265497,3.55447387943579,1.31,3.4,1.956,78.8,4.4,12.6,95.1717138,0.73,0.629353729739734
1.8,0,3.6,14,73.4,7.3051668,0.60417805,3.79025615318846,1.51,4.2,1.548,54,6,5.4,182.1853138,1.24,-1.08070840976049
1.8,0.8,10,2.8,55,6.47419536,0.70092205,3.45822125350112,1.51,3.4,1.932,77.2,5.2,12.6,131.2477138,0.76,0.529947959444172
1.8,0,7.6,14,77.4,9.0187268,1.712967746,5.42538884670922,1.35,5.8,2.268,66.8,6,9.4,193.1669138,0.34,-0.347708015359757
1.8,0,2.8,2.8,61.4,6.3066308,0.90775901,3.45303766150701,1.83,3.4,1.388,40.4,6,4.6,150.5176898,1.44,-0.779038926458242
1,0,6,2.8,49.4,7.5190548,1.05951245,4.23382864040405,1.43,5.8,2.236,58.8,5.2,7,116.1453138,0.38,-0.966213246759224
1,0,5.2,2.8,48.6,7.2521908,1.19564765,4.15301185386318,1.43,5,1.788,56.4,5.2,6.2,113.7184178,0.94,-1.04149979875635
1.8,0,8.4,2.8,38.2,7.9570132,1.38745101,4.64505660522303,1.35,4.2,2.036,67.6,4.4,10.2,86.3480338,0.63,-0.374049859455198
1.8,1.6,10,14,81.4,7.77845472,0.74709901,4.20917585709015,1.71,4.2,2.372,79.6,6,13.4,205.1533138,0.21,0.356204634042143
0.2,0,10,2.8,52.6,8.514582,0.91143501,4.68440309883314,1.39,4.2,2.268,69.2,5.2,10.2,124.5293138,0.34,-0.315467831856012
1,0,9.2,14,78.2,9.0121748,2.16180605,5.61109542599657,1.35,5.8,2.332,68.4,6,10.2,195.4605138,0.26,-0.284749308658292
1.8,0,6,14,75.8,8.1119268,0.510039362,4.31559891957909,1.35,6.6,2.028,60.4,6,7.8,188.3589138,0.64,-0.66978685295814
1,0,8.4,2.8,51.8,7.8122308,1.37603565,4.5586385926509,1.35,5.8,2.332,66,5.2,9.4,121.7177138,0.26,-0.423668321359372
1,0,7.6,2.8,51,7.7335108,1.29873965,4.47976010060399,1.31,7.4,2.268,63.6,5.2,8.6,120.2493138,0.34,-0.39085084825544
1.8,0,2.8,2.8,32.6,7.0943028,0.605226234,3.75660430210037,1.55,3.4,1.596,29.2,4.4,4.6,75.3580434,1.18,-1.17553395985939
1.8,1.6,10,2.8,55.8,7.7202452,1.35137821,4.49918120242983,1.43,4.2,2.076,80.4,5.2,13.4,134.3613138,0.58,0.423054840740434
1.8,0,4.4,14,74.2,7.8847676,0.724809434,4.39343376389486,1.43,5,1.708,55.6,6,6.2,184.1516178,1.04,-1.13182159285768
1.8,0,6,2.8,50.2,7.5406148,0.90332205,4.22845291851994,1.35,6.6,2.028,61.2,5.2,7.8,117.7933138,0.64,-0.645626545457134
1.8,0,3.6,2.8,33.4,7.3076068,0.52215805,3.82658996923329,1.39,4.2,1.74,54.8,4.4,5.4,77.6869138,1,-1.10199002485658
1.8,0.8,10,14,80.6,6.73174064,0.717764602,3.55868457944968,1.79,3.4,1.804,76.4,6,12.6,202.8999538,0.92,0.536975707543235
1.8,0,4.4,2.8,34.2,7.2420604,0.88385165,3.98699855547767,1.35,5,1.812,57.2,4.4,6.2,80.1465138,0.91,-1.0202604973592
1.8,0,5.2,14,75,8.1363348,1.114922706,4.64286825040126,1.35,5.8,2.396,58,6,7,186.4653138,0.18,-1.03234656956099
1.8,0,2.8,2.8,47,6.8189188,0.71075581,3.6565853378947,1.71,3.4,1.484,34,5.2,4.6,110.5179938,1.32,-1.08236109305741
1.8,0,10,2.8,39.8,9.3604684,-0.0342779499999999,4.89417907085807,1.35,2.6,1.828,74.8,4.4,11.8,91.7205138,0.89,0.451805164339959
1.8,0,3.6,2.8,47.8,7.1524116,0.80835325,3.89442773475693,1.51,4.2,1.572,53.2,5.2,5.4,112.3725138,1.21,-1.0465269659571
1.5,1.5,10,14,81,8.255535,1.62548619,4.87220689578201,1.475,5,2.28,78.5,6,13,202.9734845,0.52,0.492634485342052
1.5,0,10,7,63.5,9.109687,0.794305125,5.09296396832653,1.45,3.5,2.115,72.5,5.5,11.5,154.6887845,0.85,0.515337214944367
1.5,0,8.5,7,53,8.553282,1.48543286,4.96307385361365,1.35,5,2.21,67,5,10,127.949882,0.66,-0.0711847080592349
1,0,10,7,54,8.475967,1.772197125,5.08150687800599,1.35,4.5,2.22,71,5,11,130.2562845,0.64,0.164787242641097
1.5,0,8,7,52.5,8.56401105,1.2309233,4.82287930901827,1.375,5.5,2.185,65.5,5,9.5,126.4057845,0.71,-0.131935755255626
1.5,0,6,14,75.5,8.025312,1.243340125,4.43648145435645,1.45,4.5,1.92,60,6,7.5,187.7282845,1.24,-0.775050689960125
1.5,0,10,14,79.5,9.831529,0.894305125,5.48652141565746,1.425,4.5,2.27,72,6,11.5,198.7782845,0.54,0.518440401142499
1.5,0.5,10,7,64,7.50595485,1.303805125,4.18941905976681,1.45,4,2.16,74.5,5.5,12,155.8922845,0.76,0.510618488941901
1.5,0,8.5,14,78,9.096287,1.936333685,5.55124140020542,1.35,5.5,2.37,68,6,10,194.5917845,0.34,-0.250406501359038
1.5,0,5.5,7,68,7.401227,1.433078225,4.1854932072491,1.65,4,1.82,51.5,6,7,167.9360195,1.44,-0.466116447557369
1.5,0,7.5,7,52,8.329796,0.894305125,4.63032202732296,1.375,6,2.045,65,5,9,125.952307,0.99,2.73553184804135
1,0,7.5,7,60.5,8.158992,1.527924125,4.75421827655991,1.4,5.5,2.35,63,5.5,8.5,146.4532845,0.38,-0.515256941459455
1,0,7,7,60,7.992202,1.613008625,4.69729462717461,1.4,5,2.07,61.5,5.5,8,144.9364745,0.94,-0.622302988059317
1.5,0,9,7,53.5,8.432716,1.732885725,5.03779163778328,1.35,4.5,2.225,68.5,5,10.5,127.8299845,0.63,-0.175962549757031
1.5,1,10,14,80.5,8.32111695,1.332665725,4.73689751516024,1.575,4.5,2.435,76,6,12.5,202.0832845,0.21,0.502088944643248
0.5,0,10,7,62.5,8.7811965,1.435375725,5.06442019278274,1.375,4.5,2.37,69.5,5.5,10.5,151.6932845,0.34,-0.126063266458885
1,0,9.5,14,78.5,9.092192,2.216857625,5.66924993361791,1.35,5.5,2.41,69,6,10.5,196.0252845,0.26,-0.247521278360153
1.5,0,7.5,14,77,8.529537,1.184503445,4.81140030947133,1.35,6,2.22,64,6,9,191.5867845,0.64,0.915233807544638
1,0,9,7,62,8.342227,1.725751125,4.97900768109411,1.35,5.5,2.41,67.5,5.5,10,149.9360345,0.26,-0.242399007459397
1.5,0,5.5,7,50,7.893522,1.24399524,4.41182194587841,1.475,4,1.95,44.5,5,7,120.9612405,1.18,-0.623357837356679
1.5,1,10,7,64.5,8.284736,1.710340225,4.93832021373406,1.4,4.5,2.25,76.5,5.5,12.5,157.8382845,0.58,0.538718868742791
1.5,0,6.5,14,76,8.3875625,1.31873474,4.86545400702625,1.4,5,2.02,61,6,8,188.9572245,1.04,-0.716254508660285
1.5,0,6,7,50.5,8.026837,1.192077625,4.46301426479752,1.375,4.5,2.04,60.5,5,7.5,122.4167845,1,-0.628107720559427
1.5,0.5,10,14,80,7.66692065,1.31433172,4.2650758078016,1.625,4,2.08,74,6,12,200.6749345,0.92,0.278031770442823
1.5,0,6.5,7,51,7.9858705,1.418136125,4.57904190970527,1.35,5,2.085,62,5,8,123.9540345,0.91,-0.548837421857542
1.5,0,7,14,76.5,8.544792,1.562555535,5.036308145411,1.35,5.5,2.45,62.5,6,8.5,190.4032845,0.18,-0.658091536256478
1.5,0,5.5,7,59,7.721407,1.309951225,4.33803588667762,1.575,4,1.88,47.5,5.5,7,142.9362095,1.32,-0.696251964559423
1.5,0,10,7,54.5,9.3098755,0.844305125,5.20499994399855,1.35,3.5,2.095,73,5,11.5,131.1877845,0.89,0.524432211947925
1.5,0,6,7,59.5,7.92984,1.370949625,4.51230139654802,1.45,4.5,1.935,59.5,5.5,7.5,144.0952845,1.21,-0.687288942858658
1.2,0.6,10,14,79.8,8.8375464,2.035360626,5.39117711728477,1.4,5,2.436,73.4,6,11.8,199.3693352,0.52,0.325303386443039
1.2,0,10,11.2,72.8,9.1792072,1.7028882,5.48758869362215,1.39,4.4,2.37,71,5.8,11.2,180.0554552,0.85,0.396759800242791
1.2,0,9.4,11.2,68.6,8.9566452,1.979339294,5.43117262026691,1.35,5,2.408,68.8,5.6,10.6,169.3598942,0.66,0.145108105841274
1,0,9,11.2,68,8.7337452,1.982073854,5.28233183050082,1.36,5.2,2.364,67.4,5.6,10,167.9724752,0.88,-0.0565151870568741
1,0,10,11.2,69,8.9257192,2.094045,5.48264742316001,1.35,4.8,2.412,70.4,5.6,11,170.2824552,0.64,0.28385745554354
1.2,0,9.2,11.2,68.4,8.96093682,1.87753547,5.36927773005992,1.36,5.2,2.398,68.2,5.6,10.4,168.7422552,0.71,0.218682925941749
1.2,0.2,10,11.2,69.4,8.5803036,1.90712143,5.11017144366892,1.34,4.6,2.394,72.2,5.6,11.4,171.5178552,0.73,0.480836037441833
1.2,0,8.4,14,77.6,8.7454572,1.8825022,5.19288588933269,1.39,4.8,2.292,66,6,9.6,193.2712552,1.24,-0.0853173484601655
1.2,0,10,14,79.2,9.467944,1.7428882,5.65343160766295,1.38,4.8,2.432,70.8,6,11.2,197.6912552,0.54,0.379792005745031
1.2,0.2,10,11.2,73,8.53771434,1.9066882,5.07521953390588,1.39,4.6,2.388,71.8,5.8,11.4,180.5368552,0.76,0.351558426243201
1.2,0,9.4,14,78.6,9.1738472,2.159699624,5.68001335094098,1.35,5.2,2.472,69.2,6,10.6,196.0166552,0.34,-0.468514722858316
1.2,0,8.2,11.2,74.6,8.4958232,1.95839744,5.07331662878037,1.47,4.6,2.252,62.6,6,9.4,185.3543492,1.44,0.211232721042535
1.2,0,9,11.2,68.2,8.8672508,1.7428882,5.28247912657574,1.36,5.4,2.342,68,5.6,10.2,168.5608642,0.99,0.332973867342872
1,0,9,11.2,71.6,8.7989292,1.9963358,5.33857020226952,1.37,5.2,2.464,67.2,5.8,10,176.7612552,0.38,-0.191962027157359
1,0,8.8,11.2,71.4,8.7322132,2.0303696,5.31290966433402,1.37,5,2.352,66.6,5.8,9.8,176.1545312,0.94,-0.0929682372616014
1.2,0,9.6,11.2,68.8,8.9084188,2.07832044,5.46373203658743,1.35,4.8,2.414,69.4,5.6,10.8,169.3119352,0.63,0.112354579542654
1.2,0,9.2,14,78.4,9.0680892,2.062420448,5.58322374018513,1.34,5.6,2.472,68.6,6,10.4,195.6192552,0.34,-0.47865871855808
1.2,0.4,10,14,79.6,8.86377918,1.91823244,5.33078180407579,1.44,4.8,2.498,72.4,6,11.6,199.0132552,0.21,0.317932502844116
0.8,0,10,11.2,72.4,9.047811,1.95931644,5.47526575914325,1.36,4.8,2.472,69.8,5.8,10.8,178.8572552,0.34,0.171528590840381
1,0,9.8,14,78.8,9.1722092,2.2719092,5.72800716610844,1.35,5.2,2.488,69.6,6,10.8,196.5900552,0.26,-0.230161912058037
1.2,0,9,14,78.2,8.9471472,1.858967528,5.36416227952866,1.35,5.4,2.412,67.6,6,10.2,194.8146552,0.64,-0.434614236654824
1,0,9.6,11.2,72.2,8.8722232,2.0754666,5.43814057301221,1.35,5.2,2.488,69,5.8,10.6,178.1543552,0.26,-0.0826730822545585
1,0,9.4,11.2,72,8.8525432,2.0561426,5.41446222722242,1.34,5.6,2.472,68.4,5.8,10.4,177.7872552,0.34,-0.172004381859523
1.2,0,8.2,11.2,67.4,8.6927412,1.882764246,5.18132103273473,1.4,4.6,2.304,59.8,5.6,9.4,166.5644376,1.18,0.185684905141017
1.2,0.4,10,11.2,73.2,8.8492268,2.06930224,5.42032103979364,1.37,4.8,2.424,72.6,5.8,11.6,181.3152552,0.58,0.367990836742166
1.2,0,8.6,14,77.8,8.8903574,1.912660046,5.38818700057095,1.37,5,2.332,66.4,6,9.8,193.7628312,1.04,-0.347919447957764
1.2,0,9,11.2,71.8,8.8043192,1.9572882,5.33687478980587,1.35,5.4,2.412,67.8,5.8,10.2,177.1732552,0.64,-0.213251533658848
1.2,0,8.4,11.2,67.6,8.7460672,1.8619972,5.20528629613722,1.36,4.8,2.34,66.2,5.6,9.6,167.1466552,1,0.0824590646416539
1.2,0.2,10,14,79.4,8.60210066,1.910898838,5.11168417435511,1.46,4.6,2.356,71.6,6,11.4,198.4499152,0.92,0.477726320544235
1.2,0,8.6,11.2,67.8,8.7296806,1.9524206,5.25899985141211,1.35,5,2.358,66.8,5.6,9.8,167.7615552,0.91,-0.0111679601604635
1.2,0,8.8,14,78,8.9532492,2.010188364,5.46308841163888,1.35,5.2,2.504,67,6,10,194.3412552,0.18,-0.392427067558828
1.2,0,8.2,11.2,71,8.6238952,1.90914664,5.14648329387488,1.44,4.6,2.276,61,5.8,9.4,175.3544252,1.32,0.214896733942652
1.2,0,10,11.2,69.2,9.2592826,1.7228882,5.53556051480458,1.35,4.4,2.362,71.2,5.6,11.2,170.6550552,0.89,0.456487699339988
1.2,0,8.4,11.2,71.2,8.7072684,1.933546,5.22820431653485,1.39,4.8,2.298,65.8,5.8,9.6,175.8180552,1.21,0.068916911340267
2,3,10,14,83,7.285516,0.94236213,4.11587893864013,1.6,5,2.02,87,6,15,208.9804,0,0.937375438444207
2,0.6,10,2.8,55,8.6521592,-0.387527574,4.41829187992532,1.56,2.6,1.756,77.4,5.2,12.6,131.72488,0.33,0.699306034240209
1.2,0.6,10,2.8,39.8,7.6382072,1.177099626,4.40239965013719,1.4,4.2,1.924,75,4.4,11.8,92.63288,0.12,0.100254765443452
0.4,0.6,10,2.8,53.4,8.1265744,0.638185386,4.37873847918022,1.44,4.2,2.164,72.6,5.2,11,126.93208,0.18,-0.210303724458726
1.2,0.6,9.2,14,79,8.6241672,1.888556426,5.24496268442045,1.4,5.8,2.228,71.8,6,11,197.86328,0.26,-0.280182013956591
1.2,0.6,8.4,2.8,52.6,7.4242232,1.102786026,4.26118030348171,1.4,5.8,2.228,69.4,5.2,10.2,124.12048,0.26,-0.426395854457013
1.2,0.6,7.6,2.8,51.8,7.3455032,1.025490026,4.18744875625608,1.36,7.4,2.164,67,5.2,9.4,122.65208,0.18,-0.48740731455743
1.5,1.5,10,7,56,7.505948,1.089073065,4.29268862819564,1.475,4.5,1.96,79.5,5,13,136.2632,0.12,0.174465515542607
2,2,10,7,57,6.642409,0.62176414,3.60032966679959,1.45,4,1.915,84,5,14,139.3517,0.21,0.893935185239599
2,1.5,6,14,77.5,7.055293,0.560216065,3.7477925240534,1.575,4.5,1.66,68.5,6,9.5,193.7352,0.72,-0.282443824157753
2,1.5,10,14,81.5,8.86151,0.211181065,4.63483148891979,1.55,4.5,2.01,80.5,6,13.5,204.7852,0.02,0.463086459939433
2,2,10,7,66,6.53593585,0.620681065,3.53908239983806,1.575,4,1.9,83,5.5,14,161.8992,0.24,0.823721515441349
2,1.5,8.5,14,80,8.126268,1.253209625,4.68950478728498,1.475,5.5,2.11,76.5,6,12,200.5987,0.18,-0.483790785560785
2,1.5,5.5,7,70,6.431208,0.749954165,3.53576596971934,1.775,4,1.56,60,6,9,173.942935,0.92,-0.337601843558303
2,1.5,7.5,7,54,7.359777,0.211181065,3.91154261693585,1.5,6,1.785,73.5,5,11,131.9592225,0.47,0.456221027744533
1.5,1.5,7.5,7,62.5,7.188973,0.844800065,4.01620606282776,1.525,5.5,2.09,71.5,5.5,10.5,152.4602,0.14,-0.620225126755912
1.5,1.5,7,7,62,7.022183,0.929884565,3.96811885006626,1.525,5,1.81,70,5.5,10,150.94339,0.42,-0.418387136057362
2,1.5,8,14,79.5,7.861873,1.010011685,4.49227332310616,1.45,6.5,2.11,75,6,11.5,199.6052,0.18,-0.478986751760175
2,2.5,10,14,82.5,7.35109795,0.649541665,4.00157405754329,1.7,4.5,2.175,84.5,6,14.5,208.0902,0.31,0.759293666041259
1,1.5,10,7,64.5,7.8111775,0.752251665,4.27825436270859,1.5,4.5,2.11,78,5.5,12.5,157.7002,0.18,0.320578265641444
1.5,1.5,9.5,14,80.5,8.122173,1.533733565,4.78919448594551,1.475,5.5,2.15,77.5,6,12.5,202.0322,0.26,-0.0095305151580475
2,1.5,7.5,14,79,7.559518,0.501379385,4.06451154943024,1.475,6,1.96,72.5,6,11,197.5937,0.12,-0.804595041855436
1.5,1.5,9,7,64,7.372208,1.042627065,4.20610070308877,1.475,5.5,2.15,76,5.5,12,155.94295,0.26,0.0104566545424234
1.5,1.5,8.5,7,63.5,7.323008,0.994317065,4.16046538448749,1.45,6.5,2.11,74.5,5.5,11.5,155.0252,0.18,-0.0931523222561452
2,1.5,5.5,7,52,6.923503,0.56087118,3.72696098841606,1.6,4,1.69,53,5,9,126.968156,0.66,-0.308597909758618
2,2.5,10,7,66.5,7.314717,1.027216165,4.17172927889519,1.525,4.5,1.99,85,5.5,14.5,163.8452,0.0600000000000001,0.90187614734262
2,1.5,7.5,7,63,7.202448,0.747181065,4.01301817551805,1.475,6,1.96,73,5.5,11,153.4902,0.12,-0.310536584855953
2,1.5,6,7,52.5,7.056818,0.508953565,3.77020656311481,1.5,4.5,1.78,69,5,9.5,128.4237,0.48,-0.146476158158265
2,2,10,14,82,6.69690165,0.63120766,3.60299471359305,1.75,4,1.82,82.5,6,14,206.68185,0.4,0.488799857140322
2,1.5,6.5,7,53,7.0158515,0.735012065,3.86822287280586,1.475,5,1.825,70.5,5,10,129.96095,0.39,-0.471708386957261
2,1.5,7,14,78.5,7.574773,0.879431475,4.25450623661823,1.475,5.5,2.19,71,6,10.5,196.4102,0.34,-0.880054658357921
2,1.5,5.5,7,61,6.751388,0.626827165,3.66462897060034,1.7,4,1.62,56,5.5,9,148.943125,0.8,-0.297591585261188
2,1.5,6,7,61.5,6.959821,0.687825565,3.81184269882438,1.575,4.5,1.675,68,5.5,9.5,150.1022,0.69,-0.147395086655678
2,2.4,10,11.2,76,7.6271768,0.609889704,4.18948408420581,1.59,4.4,1.954,84.6,5.8,14.4,189.66652,0.33,0.976273703542603
1.8,2.4,10,11.2,72.2,7.3736888,1.001046504,4.18571168523193,1.55,4.8,1.996,84,5.6,14.2,179.89352,0.12,1.02831982894807
2,2.4,8.4,14,80.8,7.1934268,0.789503704,3.96449406088711,1.59,4.8,1.876,79.6,6,12.8,202.88232,0.72,-0.251857412359612
1.8,2.4,8.8,11.2,74.6,7.1801828,0.937371104,4.05612587281186,1.57,5,1.936,80.2,5.8,13,185.765596,0.42,1.03220411794339
1.6,2.4,10,11.2,75.6,7.4957806,0.866317944,4.18007617469356,1.56,4.8,2.056,83.4,5.8,14,188.46832,0.18,0.417493378042337
1.8,2.4,9.8,14,82,7.6201788,1.178910704,4.37303088777748,1.55,5.2,2.072,83.2,6,14,206.20112,0.26,0.992439850543661
2,2.4,9,14,81.4,7.3951168,0.765969032,4.09525453707954,1.55,5.4,1.996,81.2,6,13.4,204.42572,0.12,1.12277734524199
1.8,2.4,9.6,11.2,75.4,7.3201928,0.982468104,4.15173305623063,1.55,5.2,2.072,82.6,5.8,13.8,187.76542,0.26,0.0856407558394778
1.8,2.4,9.4,11.2,75.2,7.3005128,0.963144104,4.13365589003522,1.54,5.6,2.056,82,5.8,13.6,187.39832,0.18,-0.299196376660774
2,2.4,8.8,14,81.2,7.4012188,0.917189868,4.17077941314569,1.55,5.2,2.088,80.6,6,13.2,203.95232,0.34,-0.978666808658971
2,0,10,0,48,8.99382,-0.72,4.49730514096186,1.55,2,1.69,75,5,12,112.411,0,0.825439233941353
2,0,7.6,0,31.2,8.103572,0.385804376,4.31519643196183,1.39,4.4,1.842,66.2,4.2,9.6,69.628756,0.19,-0.468678943455387
1.2,0,6,0,28.8,7.211972,0.396742616,3.86125837609576,1.43,5.2,1.666,60.6,4.2,7.2,64.07908,0.03,-0.823347903157782
1.2,0,10,0,32.8,7.979868,0.8446272,4.48112870702089,1.39,3.6,1.858,72.6,4.2,11.2,73.319,0.21,0.0317273850387494
2,0,6.8,0,30.4,8.12073848,-0.02141092,4.12182567237788,1.43,5.2,1.802,63.8,4.2,8.8,67.1582,0.14,0.798474657444814
2,0.8,10,0,34.4,6.5982056,0.09693292,3.38195658206357,1.35,2.8,1.786,79.8,4.2,12.8,78.2606,0.12,0.619644707942854
2,0,3.6,11.2,67.2,7.25882,-0.0015439999999999,3.60629510295272,1.55,3.6,1.378,55,5.8,5.6,165.2742,0.39,-1.09357884995822
2,0,10,11.2,73.6,10.1487672,-0.56,5.06611116789158,1.51,3.6,1.938,74.2,5.8,12,182.9542,0.31,0.978912799645542
2,0.8,10,0,48.8,6.42784856,0.0952,3.29037560190672,1.55,2.8,1.762,78.2,5,12.8,114.3366,0.0900000000000001,0.694806631939201
2,0,7.6,11.2,71.2,8.97238,1.107245696,5.16206621366283,1.39,5.2,2.098,67.8,5.8,9.6,176.2558,0.51,-0.430971312557602
2,0,2.8,0,55.2,6.260284,0.30203696,3.28544359687367,1.87,2.8,1.218,41.4,5.8,4.8,133.606576,0.59,-0.715993007160222
1.2,0,6,0,43.2,7.472708,0.4537904,4.0283386862352,1.47,5.2,2.066,59.8,5,7.2,99.2342,0.47,-0.925727741555392
1.2,0,5.2,0,42.4,7.205844,0.5899256,3.95144436306564,1.47,4.4,1.618,57.4,5,6.4,96.807304,0.0899999999999999,-1.06465437355925
2,0,8.4,0,32,7.9106664,0.78172896,4.41960759677477,1.39,3.6,1.866,68.6,4.2,10.4,69.43692,0.22,-0.495112626164854
2,0,6.8,11.2,70.4,8.549348,0.718128992,4.81910371006393,1.35,6.8,2.098,65.4,5.8,8.8,174.6662,0.51,-0.464302536655822
2,1.6,10,11.2,75.2,7.73210792,0.14137696,4.00488243205453,1.75,3.6,2.202,80.6,5.8,13.6,188.2422,0.64,0.698688199740928
0.4,0,10,0,46.4,8.4682352,0.30571296,4.45704439827039,1.43,3.6,2.098,70.2,5,10.4,107.6182,0.51,-0.280961347957572
1.2,0,9.2,11.2,72,8.965828,1.556084,5.33875947670435,1.39,5.2,2.162,69.4,5.8,10.4,178.5494,0.59,-0.344119922358885
2,0,6,11.2,69.6,8.06558,-0.095682688,4.10614022403047,1.39,6,1.858,61.4,5.8,8,171.4478,0.21,-0.606129629958531
1.2,0,8.4,0,45.6,7.765884,0.7703136,4.33738390450963,1.39,5.2,2.162,67,5,9.6,104.8066,0.59,-0.427134643558901
1.2,0,7.6,0,44.8,7.687164,0.6930176,4.26233380021582,1.35,6.8,2.098,64.6,5,8.8,103.3382,0.51,-0.482868591759114
2,0,2.8,0,26.4,7.047956,-0.0004958159999999,3.57427655305018,1.59,2.8,1.426,30.2,4.2,4.8,58.4469296,0.33,-1.17536143965751
2,1.6,10,0,49.6,7.6738984,0.74565616,4.28081229390537,1.47,3.6,1.906,81.4,5,13.6,117.4502,0.27,0.804148775140703
2,0,4.4,11.2,68,7.8384208,0.119087384,4.18019733430227,1.47,4.4,1.538,56.6,5.8,6.4,167.240504,0.19,-1.06989106825765
2,0,6,0,44,7.494268,0.2976,4.02322387638543,1.39,6,1.858,62.2,5,8,100.8822,0.21,-0.60438633265855
2,0,3.6,0,27.2,7.26126,-0.083564,3.64086544795798,1.43,3.6,1.57,55.8,4.2,5.6,60.7758,0.15,-1.11966259415837
2,0.8,10,11.2,74.4,6.68539384,0.112042552,3.38596291467708,1.83,2.8,1.634,77.4,5.8,12.8,185.98884,0.0699999999999998,0.73413755794266
2,0,4.4,0,28,7.1957136,0.2781296,3.79348856250871,1.39,4.4,1.642,58.2,4.2,6.4,63.2354,0.0600000000000001,-1.04396283715593
2,0,5.2,11.2,68.8,8.089988,0.509200656,4.41752545431307,1.39,5.2,2.226,59,5.8,7.2,169.5542,0.67,-1.03799810185862
2,0,2.8,0,40.8,6.772572,0.10503376,3.47911203481204,1.75,2.8,1.314,35,5,4.8,93.60688,0.47,-1.10958513025886
2,0,10,0,33.6,9.3141216,-0.64,4.65663883992686,1.39,2,1.658,75.8,4.2,12,74.8094,0.04,0.521545900447592
2,0,3.6,0,41.6,7.1060648,0.2026312,3.70541069020959,1.55,3.6,1.402,54.2,5,5.6,95.4614,0.36,-1.07610655655932
1.5,0,10,0,38.5,8.3601,0.257892,4.48718803989469,1.45,3,1.795,73.5,4.5,11.5,87.9785,0.21,0.171934720842756
2,0,8,0,37,8.44814405,-0.283381825,4.25880882833212,1.475,4,1.76,68,4.5,10,84.128,0.14,-0.354356572856858
2,0.5,10,0,39.5,7.496561,-0.209416925,3.76345866654013,1.425,2.5,1.75,78,4.5,12.5,91.067,0.12,0.627759686839482
2,0,6,7,60,7.909445,-0.270965,3.91760298650124,1.55,3,1.495,62.5,5.5,8,145.4505,0.39,-0.849589473257737
2,0,10,7,64,9.715662,-0.62,4.84483320951931,1.525,3,1.845,74.5,5.5,12,156.5005,0.31,0.883239206542413
2,0.5,10,0,48.5,7.39008785,-0.2105,3.69943631887185,1.55,2.5,1.735,77,5,12.5,113.6145,0.0900000000000001,0.691230239744101
2,0,8.5,7,62.5,8.98042,0.42202856,4.90198372561184,1.45,4,1.945,70.5,5.5,10.5,152.314,0.51,-0.441669059956411
2,0,5.5,0,52.5,7.28536,-0.0812269,3.69596962308913,1.75,2.5,1.395,54,5.5,7.5,125.658235,0.59,-0.501943363658
2,0,7.5,0,36.5,8.213929,-0.62,4.08877250797259,1.475,4.5,1.62,67.5,4.5,9.5,83.6745225,0.14,0.579831324143953
1.5,0,7.5,0,45,8.043125,0.013619,4.19817819827483,1.5,4,1.925,65.5,5,9,104.1755,0.47,-0.652046799360477
1.5,0,7,0,44.5,7.876335,0.0987035,4.1479121797805,1.5,3.5,1.645,64,5,8.5,102.65869,0.0899999999999999,-0.732681068659957
2,0,9,0,38,8.316849,0.2185806,4.44858561195397,1.45,3,1.8,71,4.5,11,85.5522,0.22,-0.31471666145714
2,1,10,7,65,8.20524995,-0.1816394,4.18288322470491,1.675,3,2.01,78.5,5.5,13,159.8055,0.64,0.661356358040422
1,0,10,0,47,8.6653295,-0.0789294,4.472099765606,1.475,3,1.945,72,5,11,109.4155,0.51,-0.0091910530563552
1.5,0,9.5,7,63,8.976325,0.7025525,5.00619031087219,1.45,4,1.985,71.5,5.5,11,153.7475,0.59,-0.250679295560047
2,0,7.5,7,61.5,8.41367,-0.32980168,4.24867238048042,1.45,4.5,1.795,66.5,5.5,9.5,149.309,0.21,-0.661591328355797
1.5,0,9,0,46.5,8.22636,0.211446,4.39667686249719,1.45,4,1.985,70,5,10.5,107.65825,0.59,-0.493221570958639
1.5,0,8.5,0,46,8.17716,0.163136,4.34897383216802,1.425,5,1.945,68.5,5,10,106.7405,0.51,-0.27795190505546
2,0,5.5,0,34.5,7.777655,-0.270309885,3.89582758519434,1.575,2.5,1.525,47,4.5,7.5,78.683456,0.33,-0.752681163658934
2,1,10,0,49,8.168869,0.1960351,4.36074808756985,1.5,3,1.825,79,5,13,115.5605,0.27,0.571148307543837
2,0,6.5,7,60.5,8.2716955,-0.195570385,4.29640410868693,1.5,3.5,1.595,63.5,5.5,8.5,146.67944,0.19,-0.851386376957606
2,0,6,0,35,7.91097,-0.3222275,3.94103259361075,1.475,3,1.615,63,4.5,8,80.139,0.15,-0.774350541057146
2,0.5,10,7,64.5,7.55105365,-0.199973405,3.76624446516964,1.725,2.5,1.655,76.5,5.5,12.5,158.39715,0.0699999999999998,0.736123716943467
2,0,6.5,0,35.5,7.8700035,-0.096169,4.04348996954793,1.45,3.5,1.66,64.5,4.5,8.5,81.67625,0.0600000000000001,-0.674383399857987
2,0,7,7,61,8.428925,0.04825041,4.44727562470216,1.45,4,2.025,65,5.5,9,148.1255,0.67,-0.818570536458509
2,0,5.5,0,43.5,7.60554,-0.2043539,3.8306713371944,1.675,2.5,1.455,50,5,7.5,100.658425,0.47,-0.731589211859472
2,0,10,0,39,9.1940085,-0.67,4.59623770213762,1.45,2,1.67,75.5,4.5,12,88.91,0.04,0.582495454641531
2,0,6,0,44,7.813973,-0.1433555,3.98455524022347,1.55,3,1.51,62,5,8,101.8175,0.36,-0.789149588158551
2,0,9.4,0,43.8,8.771258,-0.443548906,4.45106984329309,1.51,2.6,1.728,72.8,4.8,11.4,101.715439,0.19,-0.012274511055665
1.8,0,9,0,43.2,8.548358,-0.440814346,4.32908868064185,1.52,2.8,1.684,71.4,4.8,10.8,100.32802,0.03,-0.248391090258309
1.8,0,10,0,44.2,8.740332,-0.3288432,4.49325556613164,1.51,2.4,1.732,74.4,4.8,11.8,102.638,0.21,0.491400993342751
2,0,9.2,0,43.6,8.77554962,-0.54535273,4.40034442936936,1.52,2.8,1.718,72.2,4.8,11.2,101.0978,0.14,0.112839486341755
2,0.2,10,0,44.6,8.3949164,-0.51576677,4.18799614692682,1.5,2.2,1.714,76.2,4.8,12.2,103.8734,0.12,0.709046076944134
2,0,8.4,2.8,52.8,8.56007,-0.540386,4.25578404476031,1.55,2.4,1.612,70,5.2,10.4,125.6268,0.39,-0.367638585360481
2,0.2,10,0,48.2,8.35232714,-0.5162,4.15935161610649,1.55,2.2,1.708,75.8,5,12.2,112.8924,0.0900000000000001,0.755878909441009
2,0,9.4,2.8,53.8,8.98846,-0.263188576,4.65500507966418,1.51,2.8,1.792,73.2,5.2,11.4,128.3722,0.51,-0.529411078859056
2,0,8.2,0,49.8,8.310436,-0.46449076,4.15779210691556,1.63,2.2,1.572,66.6,5.2,10.2,117.709894,0.59,-0.0010255970582591
2,0,9,0,43.4,8.6818636,-0.68,4.329209395847,1.52,3,1.662,72,4.8,11,100.916409,0.14,0.202300720441627
1.8,0,9,0,46.8,8.613542,-0.4265524,4.37517834453532,1.53,2.8,1.784,71.2,5,10.8,109.1168,0.47,-0.406623518759233
1.8,0,8.8,0,46.6,8.546826,-0.3925186,4.35414847593178,1.53,2.6,1.672,70.6,5,10.6,108.510076,0.0899999999999999,-0.396295165856799
2,0,9.6,0,44,8.7230316,-0.34456776,4.47775362711515,1.51,2.4,1.734,73.4,4.8,11.6,101.66748,0.22,0.0988853526405649
2,0,9.2,2.8,53.6,8.882702,-0.360467752,4.57568200383857,1.5,3.2,1.792,72.6,5.2,11.2,127.9748,0.51,-0.757736902759433
2,0.4,10,2.8,54.8,8.67839198,-0.50465576,4.36879543116624,1.6,2.4,1.818,76.4,5.2,12.4,131.3688,0.64,0.650127988640662
1.6,0,10,0,47.6,8.8624238,-0.46357176,4.48720598818678,1.52,2.4,1.792,73.8,5,11.6,111.2128,0.51,0.392413734040957
1.8,0,9.8,2.8,54,8.986822,-0.150979,4.69433798957011,1.51,2.8,1.808,73.6,5.2,11.6,128.9456,0.59,0.643843111342932
2,0,9,2.8,53.4,8.76176,-0.563920672,4.39615210679254,1.51,3,1.732,71.6,5.2,11,127.1702,0.21,-0.776892356457182
1.8,0,9.6,0,47.4,8.686836,-0.3474216,4.4567803677972,1.51,2.8,1.808,73,5,11.4,110.5099,0.59,-0.121809446859487
1.8,0,9.4,0,47.2,8.667156,-0.3667456,4.43737498736597,1.5,3.2,1.792,72.4,5,11.2,110.1428,0.51,-0.427034233557578
2,0,8.2,0,42.6,8.507354,-0.540123954,4.24630616805775,1.56,2.2,1.624,63.8,4.8,10.2,98.9199824,0.33,-0.0961502003583235
2,0.4,10,0,48.4,8.6638396,-0.35358596,4.44217652577701,1.53,2.4,1.744,76.6,5,12.4,113.6708,0.27,0.695624197943317
2,0,8.6,2.8,53,8.7049702,-0.510228154,4.4158413560213,1.53,2.6,1.652,70.4,5.2,10.6,126.118376,0.19,-0.481345570557977
2,0,9,0,47,8.618932,-0.4656,4.37378888413395,1.51,3,1.732,71.8,5,11,109.5288,0.21,-0.475643425160314
2,0,8.4,0,42.8,8.56068,-0.560891,4.26594668929977,1.52,2.4,1.66,70.2,4.8,10.4,99.5022,0.15,-0.220478332957072
2,0.2,10,2.8,54.6,8.41671346,-0.511989362,4.18923589208115,1.62,2.2,1.676,75.6,5.2,12.2,130.80546,0.0699999999999998,0.707421829444712
2,0,8.6,0,43,8.5442934,-0.4704676,4.30996716199989,1.51,2.6,1.678,70.8,4.8,10.6,100.1171,0.0600000000000001,-0.244044207755877
2,0,8.8,2.8,53.2,8.767862,-0.412699836,4.47722614993864,1.51,2.8,1.824,71,5.2,10.8,126.6968,0.67,-0.619723076756571
2,0,8.2,0,46.2,8.438508,-0.51374156,4.21775520499888,1.6,2.2,1.596,65,5,10.2,107.70997,0.47,-0.0996884966579898
2,0,10,0,44.4,9.0738954,-0.7,4.53662002589042,1.51,2,1.682,75.2,4.8,12,103.0106,0.04,0.590804858847179
2,0,8.4,0,46.4,8.5218812,-0.4893422,4.28472895173039,1.55,2.4,1.618,69.8,5,10.4,108.1736,0.36,-0.317902434256183
2,0,7,0,27,7.88101,0.66225547,4.27083333333333,1.35,5,1.88,64,4,9,58.933195,0,-0.448717896854731
1.2,0,5.4,0,24.6,6.98941,0.67319371,3.821562063571,1.39,5.8,1.704,58.4,4,6.6,53.383519,0.22,-0.842770300455385
1.2,0,9.4,0,28.6,7.757306,1.121078294,4.43505971388674,1.35,4.2,1.896,70.4,4,10.6,62.623439,0.02,-0.280065821359102
2,0,3,11.2,63,7.036258,0.274907094,3.56921998299971,1.51,4.2,1.416,52.8,5.6,5,154.578639,0.58,-1.01615171445789
2,0,9.4,11.2,69.4,9.9262052,-0.283548906,5.01402816473106,1.47,4.2,1.976,72,5.6,11.4,172.258639,0.12,0.1898598117414
2,0.8,9.4,0,44.6,6.20528656,0.371651094,3.25654834522125,1.51,3.4,1.8,76,4.8,12.2,103.641039,0.0999999999999999,0.862060042244622
2,0,7,11.2,67,8.749818,1.38369679,5.10899672860593,1.35,5.8,2.136,65.6,5.6,9,165.560239,0.32,-0.213294663756614
2,0,5.4,0,25.4,7.5234324,-0.283548906,3.8219883333738,1.39,6.6,1.616,60.8,4,7.4,55.737075,0.33,-0.675092664553603
1.2,0,5.4,0,39,7.250146,0.730241494,3.98692467663815,1.43,5.8,2.104,57.6,4.8,6.6,88.538639,0.28,-0.843634261857886
2,0,7.8,0,27.8,7.6881044,1.058180054,4.37417108170381,1.35,4.2,1.904,66.4,4,9.8,58.741359,0.03,-0.301219815154553
2,0,6.2,11.2,66.2,8.326786,0.994580086,4.76956010838522,1.31,7.4,2.136,63.2,5.6,8.2,163.970639,0.32,-0.261715552455797
0.4,0,9.4,0,42.2,8.2456732,0.582164054,4.41122300790041,1.39,4.2,2.136,68,4.8,9.8,96.922639,0.32,-0.204312321954575
2,0,5.4,11.2,65.4,7.843018,0.180768406,4.06392636271192,1.35,6.6,1.896,59.2,5.6,7.4,160.752239,0.02,-0.662028070960304
2,0,5.4,0,39.8,7.271706,0.574051094,3.98186245044648,1.35,6.6,1.896,60,4.8,7.4,90.186639,0.02,-0.748189380660705
2,0,3,0,23,7.038698,0.192887094,3.60343492179132,1.39,4.2,1.608,53.6,4,5,50.080239,0.34,-1.06233800436073
2,0,3.8,0,23.8,6.9731516,0.554580694,3.75448896888693,1.35,5,1.68,56,4,5.8,52.539839,0.25,-1.07106047745671
2,0,9.4,0,29.4,9.0915596,-0.363548906,4.60876548551758,1.35,2.6,1.696,73.6,4,11.4,64.113839,0.23,-0.0989090265565835
1.5,0,6,0,25.5,7.32376,0.66909187,3.98421537484149,1.375,5.5,1.77,60.5,4,7.5,55.4646475,0.22,-0.82184243325807
1.5,0,8.5,0,28,7.803695,0.949019735,4.37274753474583,1.35,4.5,1.89,68,4,10,61.2395975,0.02,-0.327433901757985
2,0.5,8.5,0,29,6.940156,0.48171081,3.6674760361987,1.325,4,1.845,72.5,4,11,64.3280975,0.0699999999999998,-0.206321202355838
2,0,4.5,7,49.5,7.35304,0.420162735,3.81768908479669,1.45,4.5,1.59,57,5,6.5,118.7115975,0.58,-0.700101831155706
2,0,8.5,7,53.5,9.159257,0.071127735,4.7212713808351,1.425,4.5,1.94,69,5,10.5,129.7615975,0.12,-0.221458895254699
2,0.5,8.5,0,38,6.83368285,0.480627735,3.60508650394685,1.45,4,1.83,71.5,4.5,11,86.8755975,0.0999999999999999,-0.237115237060578
2,0,7,7,52,8.424015,1.113156295,4.77696433957255,1.35,5.5,2.04,65,5,9,125.5750975,0.32,-0.290348187058925
2,0,4,0,42,6.728955,0.609900835,3.60170822220274,1.65,4,1.49,48.5,5,6,98.9193325,0.78,-0.665759976253838
1.5,0,6,0,34.5,7.48672,0.704746735,4.09110855255374,1.4,5.5,2.02,60,4.5,7.5,77.4365975,0.28,-0.700269317260762
2,0,7.5,0,27.5,7.760444,0.909708335,4.33512961677311,1.35,4.5,1.895,65.5,4,9.5,58.8132975,0.03,-0.315235990862647
2,0,6.5,7,51.5,8.15962,0.869958355,4.57605449647387,1.325,6.5,2.04,63.5,5,8.5,124.5815975,0.32,-0.373049841159599
2,1,8.5,7,54.5,7.64884495,0.509488335,4.07620365947209,1.575,4.5,2.105,73,5,11.5,133.0665975,0.45,-0.217957062260183
1,0,8.5,0,36.5,8.1089245,0.612198335,4.35804406932098,1.375,4.5,2.04,66.5,4.5,9.5,82.6765975,0.32,-0.247220592557795
1.5,0,8,7,52.5,8.41992,1.393680235,4.87851325723551,1.35,5.5,2.08,66,5,9.5,127.0085975,0.4,-0.226542253861197
2,0,6,7,51,7.857265,0.361326055,4.14031493944802,1.35,6,1.89,61,5,8,122.5700975,0.02,-0.537876268258486
1.5,0,7.5,0,36,7.669955,0.902573735,4.28454473951795,1.35,5.5,2.08,64.5,4.5,9,80.9193475,0.4,-0.327171856158174
1.5,0,7,0,35.5,7.620755,0.854263735,4.23805831942206,1.325,6.5,2.04,63,4.5,8.5,80.0015975,0.32,-0.410892440660035
2,0,4,0,24,7.22125,0.42081785,3.79646903974035,1.475,4,1.62,41.5,4,6,51.9445535,0.52,-0.801564782158465
2,1,8.5,0,38.5,7.612464,0.887162835,4.24953228615224,1.4,4.5,1.92,73.5,4.5,11.5,88.8215975,0.0800000000000001,0.0906295548420815
2,0,4.5,0,24.5,7.354565,0.368900235,3.84052114706315,1.375,4.5,1.71,57.5,4,6.5,53.4000975,0.34,-0.670360332856006
2,0.5,8.5,7,54,6.99464865,0.49115433,3.67019078627853,1.625,4,1.75,71,5,11,131.6582475,0.26,-0.301537780061125
2,0,5,0,25,7.3135985,0.594958735,3.94036546694958,1.35,5,1.755,59,4,7,54.9373475,0.25,-0.755886256562889
2,0,5.5,7,50.5,7.87252,0.739378145,4.33385303922054,1.35,5.5,2.12,59.5,5,7.5,121.3865975,0.48,-0.696188153858174
2,0,4,0,33,7.049135,0.486773835,3.73297452596426,1.575,4,1.55,44.5,4.5,6,73.9195225,0.66,-0.764267498859198
2,0,8.5,0,28.5,8.6376035,0.021127735,4.47901601235322,1.35,3.5,1.765,70,4,10.5,62.1710975,0.23,-0.286141579154872
2,0,4.5,0,33.5,7.257568,0.547772235,3.88293379926077,1.45,4.5,1.605,56.5,4.5,6.5,75.0785975,0.55,-0.6983764933602
1.8,0,7.6,0,27.4,7.850084,0.776961176,4.31131083596366,1.35,4.8,1.884,65.6,4,9.4,59.855756,0.02,-0.383211116058163
2,0,6.8,0,26.8,7.88530162,0.560451646,4.22216193606038,1.36,5.2,1.87,63.4,4,8.8,58.315556,0.0499999999999998,0.325377537440573
2,0,6,2.8,36,7.669822,0.565418376,4.08345521363091,1.39,4.8,1.764,61.2,4.4,8,82.844556,0.58,-0.637759190160949
2,0,7.6,2.8,37.6,8.3923088,0.425804376,4.44560794617877,1.38,4.8,1.904,66,4.4,9.6,87.264556,0.12,-0.306664949056511
2,0.2,7.6,0,31.4,7.46207914,0.589604376,3.99092760898557,1.39,4.6,1.86,67,4.2,9.8,70.110156,0.0999999999999999,-0.441014898357906
2,0,7,2.8,37,8.098212,0.8426158,4.46651065047255,1.35,5.2,1.944,64.4,4.4,9,85.589956,0.32,-0.272314658656768
2,0,5.8,0,33,7.420188,0.641313616,3.98943124876864,1.47,4.6,1.724,57.8,4.4,7.8,74.92765,0.78,-0.381119377058866
1.8,0,6.6,0,30,7.723294,0.679251976,4.19801489776111,1.37,5.2,1.936,62.4,4.2,8.4,66.334556,0.28,-0.524870995453028
1.8,0,6.4,0,29.8,7.656578,0.713285776,4.17783658850295,1.37,5,1.824,61.8,4.2,8.2,65.727832,0.28,-0.568323493759607
2,0,7.2,0,27.2,7.8327836,0.761236616,4.29643661466095,1.35,4.8,1.886,64.6,4,9.2,58.885236,0.03,-0.342780441961594
2,0,6.8,2.8,36.8,7.992454,0.745336624,4.39039959217293,1.34,5.6,1.944,63.8,4.4,8.8,85.192556,0.32,-0.430648993758012
2,0.4,7.6,2.8,38,7.78814398,0.601148616,4.1918904467549,1.44,4.8,1.97,67.6,4.4,10,88.586556,0.45,-0.341000137158488
1.6,0,7.6,0,30.8,7.9721758,0.642232616,4.30550622267985,1.36,4.8,1.944,65,4.2,9.2,68.430556,0.32,-0.337304423154791
1.8,0,7.4,2.8,37.2,8.096574,0.954825376,4.50425085870054,1.35,5.2,1.96,64.8,4.4,9.2,86.163356,0.4,-0.305661937461053
2,0,6.6,2.8,36.6,7.871512,0.541883704,4.21813937257889,1.35,5.4,1.884,62.8,4.4,8.6,84.387956,0.02,-0.466742853553086
1.8,0,7.2,0,30.6,7.796588,0.758382776,4.27631262241699,1.35,5.2,1.96,64.2,4.2,9,67.727656,0.4,-0.28555939155828
1.8,0,7,0,30.4,7.776908,0.739058776,4.2576930211729,1.34,5.6,1.944,63.6,4.2,8.8,67.360556,0.32,-0.372736366057296
2,0,5.8,0,25.8,7.617106,0.565680422,4.07436112318173,1.4,4.6,1.776,55,4,7.8,56.1377384,0.52,-0.637964908258226
2,0.4,7.6,0,31.6,7.7735916,0.752218416,4.26230013160233,1.37,4.8,1.896,67.8,4.2,10,70.888556,0.0800000000000001,0.821398071341747
2,0,6.2,2.8,36.2,7.8147222,0.595576222,4.23703134796346,1.37,5,1.804,61.6,4.4,8.2,83.336132,0.38,-0.585676193258195
2,0,6.6,0,30.2,7.728684,0.640204376,4.19668170057336,1.35,5.4,1.884,63,4.2,8.6,66.746556,0.02,-0.440980884158279
2,0,6,0,26,7.670432,0.544913376,4.09320634371469,1.36,4.8,1.812,61.4,4,8,56.719956,0.34,-0.599791418359899
2,0.2,7.6,2.8,37.8,7.52646546,0.593815014,4.01960178541249,1.46,4.6,1.828,66.8,4.4,9.8,88.023216,0.26,1.2518493743419
2,0,6.2,0,26.2,7.6540454,0.635336776,4.13544430195298,1.35,5,1.83,62,4,8.2,57.334856,0.25,-0.50559499535936
2,0,6.4,2.8,36.4,7.877614,0.69310454,4.29593049653939,1.35,5.2,1.976,62.2,4.4,8.4,83.914556,0.48,-0.542554177262872
2,0,5.8,0,29.4,7.54826,0.592062816,4.04696627002877,1.44,4.6,1.748,56.2,4.2,7.8,64.927726,0.66,-0.40970847335754
2,0,7.6,0,27.6,8.1836474,0.405804376,4.3529193450952,1.35,4.4,1.834,66.4,4,9.6,60.228356,0.23,-0.50951738026103
2,0,6,0,29.6,7.6316332,0.616462176,4.1112280587828,1.39,4.8,1.77,61,4.2,8,65.391356,0.55,-0.61513986335828
1,0,5,0,24,6.76651,0.67592827,3.71683250414594,1.4,6,1.66,57,4,6,51.9961,0,-0.878578304657793
1,0,9,0,28,7.534406,1.123812854,4.31351730737007,1.36,4.4,1.852,69,4,10,61.23602,0.24,-0.418015972659276
1.8,0.8,9,0,29.6,6.1527436,0.376118574,3.25545843542702,1.32,3.6,1.78,76.2,4,11.6,66.17762,0.15,0.594557716839546
1.8,0,2.6,11.2,62.4,6.813358,0.277641654,3.47140583525265,1.52,4.4,1.372,51.4,5.6,4.4,153.19122,0.36,-1.06579929245615
1.8,0,9,11.2,68.8,9.7033052,-0.280814346,4.87661918068162,1.48,4.4,1.932,70.6,5.6,10.8,170.87122,0.34,-0.180406304857542
1.8,0.8,9,0,44,5.98238656,0.374385654,3.16730293515907,1.52,3.6,1.756,74.6,4.8,11.6,102.25362,0.12,-0.0966771488592428
1.8,0,6.6,11.2,66.4,8.526918,1.38643135,4.96898513973459,1.36,6,2.092,64.2,5.6,8.4,164.17282,0.54,-0.314969591358903
1.8,0,1.8,0,50.4,5.814822,0.581222614,3.16255540602946,1.84,3.6,1.212,37.8,5.6,3.6,121.523596,0.56,-0.711617688756604
1,0,5,0,38.4,7.027246,0.732976054,3.87766336990038,1.44,6,2.06,56.2,4.8,6,87.15122,0.5,-0.812550698056811
1,0,4.2,0,37.6,6.760382,0.869111254,3.80364518932218,1.44,5.2,1.612,53.8,4.8,5.2,84.724324,0.0599999999999998,0.191817398740596
1.8,0,7.4,0,27.2,7.4652044,1.060914614,4.25429732259269,1.36,4.4,1.86,65,4,9.2,57.35394,0.25,-0.569514127854717
1.8,0,5.8,11.2,65.6,8.103886,0.997314646,4.63885074909882,1.32,7.6,2.092,61.8,5.6,7.6,162.58322,0.54,-0.449222395857731
1.8,1.6,9,11.2,70.4,7.28664592,0.420562614,3.8550844695854,1.72,4.4,2.196,77,5.6,12.4,176.15922,0.67,-0.182635869560698
0.2,0,9,0,41.6,8.0227732,0.584898614,4.29033384413489,1.4,4.4,2.092,66.6,4.8,9.2,95.53522,0.54,-0.225745368460565
1,0,8.2,11.2,67.2,8.520366,1.835269654,5.13906939708501,1.36,6,2.156,65.8,5.6,9.2,166.46642,0.62,-0.201349818561511
1.8,0,5,11.2,64.8,7.620118,0.183502966,3.95255483179793,1.36,6.8,1.852,57.8,5.6,6.8,159.36482,0.24,-0.677172430655418
1,0,7.4,0,40.8,7.320422,1.049499254,4.17514911176227,1.36,6,2.156,63.4,4.8,8.4,92.72362,0.62,-0.421443654758122
1,0,6.6,0,40,7.241702,0.972203254,4.10290616920093,1.32,7.6,2.092,61,4.8,7.6,91.25522,0.54,-0.510914140558242
1.8,0,1.8,0,21.6,6.602494,0.278689838,3.44058490191389,1.56,3.6,1.42,26.6,4,3.6,46.3639496,0.3,-1.07415495605798
1.8,1.6,9,0,44.8,7.2284364,1.024841814,4.12069349635784,1.44,4.4,1.9,77.8,4.8,12.4,105.36722,0.3,-0.0349400971599323
1.8,0,3.4,11.2,63.2,7.3929588,0.398273038,4.02384192212201,1.44,5.2,1.532,53,5.6,5.2,155.157524,0.16,-1.12485915215709
1.8,0,5,0,39.2,7.048806,0.576785654,3.87273987355529,1.36,6.8,1.852,58.6,4.8,6.8,88.79922,0.24,-0.623793083456775
1.8,0,2.6,0,22.4,6.815798,0.195621654,3.50468311677066,1.4,4.4,1.564,52.2,4,4.4,48.69282,0.12,-1.07204743435702
1.8,0.8,9,11.2,69.6,6.23993184,0.391228206,3.25931491583572,1.8,3.6,1.628,73.8,5.6,11.6,173.90586,0.0399999999999998,-0.25868692545825
1.8,0,3.4,0,23.2,6.7502516,0.557315254,3.65159754149759,1.36,5.2,1.636,54.6,4,5.2,51.15242,0.03,-1.03301515315886
1.8,0,4.2,11.2,64,7.644526,0.78838631,4.25229306024448,1.36,6,2.22,55.4,5.6,6,157.47122,0.7,-1.21579728405683
1.8,0,1.8,0,36,6.32711,0.384219414,3.34897990163247,1.72,3.6,1.308,31.4,4.8,3.6,81.5239,0.44,-1.02772308335895
1.8,0,9,0,28.8,8.8686596,-0.360814346,4.48246268818954,1.36,2.8,1.652,72.2,4,10.8,62.72642,0.01,-0.366918708160455
1.8,0,2.6,0,36.8,6.6606028,0.481816854,3.56681411941838,1.52,4.4,1.396,50.6,4.8,4.4,83.37842,0.33,-1.01056521725965
1,0,7.5,0,26.5,7.246445,0.955856135,4.07929005851346,1.375,5,1.78,64.5,4,8.5,57.77105,0.24,-0.632293103458295
1.5,0,5.5,0,25,7.33448905,0.41458231,3.87167115798702,1.4,6,1.745,59,4,7,53.92055,0.17,-0.663808784053771
1.5,0.5,7.5,0,27.5,6.382906,0.48854721,3.42134971557906,1.35,4.5,1.735,69,4,9.5,60.85955,0.15,-0.305246827759191
1.5,0,3.5,7,48,6.79579,0.426999135,3.56148188441245,1.475,5,1.48,53.5,5,5,115.24305,0.36,-0.985095634055114
1.5,0,6,7,50.5,7.866765,1.119992695,4.45637965271285,1.375,6,1.93,61.5,5,7.5,122.10655,0.54,-0.558840462558663
1.5,0,3,0,40.5,6.171705,0.616737235,3.35999561551449,1.675,4.5,1.38,45,5,4.5,95.450785,0.56,-0.759210399158263
1.5,0,5,0,24.5,7.100274,0.077964135,3.71709161617554,1.4,6.5,1.605,58.5,4,6.5,53.4670725,0.11,-2.30830795125709
1,0,5,0,33,6.92947,0.711583135,3.81655202229778,1.425,6,1.91,56.5,4.5,6,73.96805,0.5,-0.778274014358402
1,0,4.5,0,32.5,6.76268,0.796667635,3.77085532590308,1.425,5.5,1.63,55,4.5,5.5,72.45124,0.0599999999999998,-0.877052018159674
1.5,0,5.5,7,50,7.60237,0.876794755,4.26895297895736,1.35,7,1.93,60,5,7,121.11305,0.54,-0.613042409956478
1.5,1,7.5,7,53,7.09159495,0.516324735,3.80264740473455,1.6,5,1.995,69.5,5,10,129.59805,0.67,-1.01399330755791
0.5,0,7.5,0,35,7.5516745,0.619034735,4.06557335068692,1.4,5,1.93,63,4.5,8,79.20805,0.54,-0.599902304757933
1,0,7,7,51,7.86267,1.400516635,4.5511135670273,1.375,6,1.97,62.5,5,8,123.54005,0.62,-0.432063169358088
1.5,0,5,7,49.5,7.300015,0.368162455,3.86245614168227,1.375,6.5,1.78,57.5,5,6.5,119.10155,0.24,-0.63400687635928
1,0,6.5,0,34.5,7.112705,0.909410135,3.99700660106543,1.375,6,1.97,61,4.5,7.5,77.4508,0.62,-0.600472791355941
1,0,6,0,34,7.063505,0.861100135,3.95363991002137,1.35,7,1.93,59.5,4.5,7,76.53305,0.54,-0.61795828245792
1.5,0,3,0,22.5,6.664,0.42765425,3.54168592817402,1.5,4.5,1.51,38,4,4.5,48.476006,0.3,-0.909192880258132
1.5,1,7.5,0,37,7.055214,0.893999235,3.96434385257515,1.425,5,1.81,70,4.5,10,85.35305,0.3,-0.424300305759033
1.5,0,4,7,48.5,7.1580405,0.50239375,3.90584892188612,1.425,5.5,1.58,54.5,5,5.5,116.47199,0.16,-0.906448748256452
1.5,0,5,0,33.5,6.942945,0.613964135,3.81352261156327,1.375,6.5,1.78,58,4.5,6.5,74.99805,0.24,-0.576618748061236
1.5,0,3.5,0,23,6.797315,0.375736635,3.58278167450525,1.4,5,1.6,54,4,5,49.93155,0.12,-0.941223808359581
1.5,0.5,7.5,7,52.5,6.43739865,0.49799073,3.42388227729775,1.65,4.5,1.64,67.5,5,9.5,128.1897,0.0399999999999998,-0.144235572856786
1.5,0,4,0,23.5,6.7563485,0.601795135,3.67592538753131,1.375,5.5,1.645,55.5,4,5.5,51.4688,0.03,-0.878866745358181
1.5,0,4.5,7,49,7.31527,0.746214545,4.04300579383398,1.375,6,2.01,56,5,6,117.91805,0.7,-0.73219439305737
1.5,0,7.5,0,27,8.0803535,0.027964135,4.17842680052579,1.375,4,1.655,66.5,4,9,58.70255,0.01,-0.630405585760826
1.5,0,3.5,0,32,6.700318,0.554608635,3.62234799044053,1.475,5,1.495,53,4.5,5,71.61005,0.33,-0.959658568556705
1,0,6,0,25,6.958484,0.787899416,3.85778152623953,1.39,5.6,1.708,60,4,7,54.30608,0.24,-0.963151285758585
1.2,0.2,6,0,25.4,6.6130684,0.600975846,3.59569446468989,1.38,5.4,1.69,61.8,4,7.4,55.54148,0.15,-0.920038793657085
1.2,0,4.4,2.8,33.6,6.778222,0.576356616,3.65389522716951,1.43,5.6,1.588,55.6,4.4,5.6,77.29488,0.36,0.138015730740364
1.2,0,6,2.8,35.2,7.5007088,0.436742616,3.97795122184428,1.42,5.6,1.728,60.4,4.4,7.2,81.71488,0.34,-0.751661689157999
1.2,0.2,6,0,29,6.57047914,0.600542616,3.57110108463392,1.43,5.4,1.684,61.4,4.2,7.4,64.56048,0.12,-0.761407038159604
1.2,0,5.4,2.8,34.6,7.206612,0.85355404,3.99665506147475,1.39,6,1.768,58.8,4.4,6.6,80.04028,0.54,-0.82757804875925
1.2,0,4.2,0,30.6,6.528588,0.652251856,3.56976213436541,1.51,5.4,1.548,52.2,4.4,5.4,69.377974,0.56,-0.647101130357413
1,0,5,0,27.6,6.831694,0.690190216,3.75640377965029,1.41,6,1.76,56.8,4.2,6,60.78488,0.5,-1.300261283558
1,0,4.8,0,27.4,6.764978,0.724224016,3.73834813215729,1.41,5.8,1.648,56.2,4.2,5.8,60.178156,0.0599999999999998,-1.05830963115929
1.2,0,5.2,2.8,34.4,7.100854,0.756274864,3.92855052301245,1.38,6.4,1.768,58.2,4.4,6.4,79.64288,0.54,-0.818521011758065
1.2,0.4,6,2.8,35.6,6.89654398,0.612086856,3.75092359164041,1.48,5.6,1.794,62,4.4,7.6,83.03688,0.67,-0.57807346865863
0.8,0,6,0,28.4,7.0805758,0.653170856,3.85258753055115,1.4,5.6,1.768,59.4,4.2,6.8,62.88088,0.54,-0.90646834046035
1,0,5.8,2.8,34.8,7.204974,0.965763616,4.03042518003913,1.39,6,1.784,59.2,4.4,6.8,80.61368,0.62,-0.877356649557413
1.2,0,5,2.8,34.2,6.979912,0.552821944,3.77441125582892,1.39,6.2,1.708,57.2,4.4,6.2,78.83828,0.24,-0.94118108645759
1,0,5.6,0,28.2,6.904988,0.769321016,3.82646495761138,1.39,6,1.784,58.6,4.2,6.6,62.17798,0.62,-0.860680289056262
1,0,5.4,0,28,6.885308,0.749997016,3.80980404949355,1.38,6.4,1.768,58,4.2,6.4,61.81088,0.54,-0.835576290860416
1.2,0,4.2,0,23.4,6.725506,0.576618662,3.64575779160347,1.44,5.4,1.6,49.4,4,5.4,50.5880624,0.3,-0.784971416257548
1.2,0.4,6,0,29.2,6.8819916,0.763156656,3.81392651390872,1.41,5.6,1.72,62.2,4.2,7.6,65.33888,0.3,-0.683920037458819
1.2,0,4.6,2.8,33.8,6.9231222,0.606514462,3.79131588562847,1.41,5.8,1.628,56,4.4,5.8,77.786456,0.16,-1.15724559695715
1.2,0,5,0,27.8,6.837084,0.651142616,3.75521082843953,1.39,6.2,1.708,57.4,4.2,6.2,61.19688,0.24,-0.942017292359168
1.2,0,4.4,0,23.6,6.778832,0.555851616,3.66262058493851,1.4,5.6,1.636,55.8,4,5.6,51.17028,0.12,-0.894541182758047
1.2,0.2,6,2.8,35.4,6.63486546,0.604753254,3.5967588746446,1.5,5.4,1.652,61.2,4.4,7.4,82.47354,0.0399999999999998,-0.675076065656839
1.2,0,4.8,2.8,34,6.986014,0.70404278,3.84401912506833,1.39,6,1.8,56.6,4.4,6,78.36488,0.7,-0.638951320858695
1.2,0,6,0,25.2,7.2920474,0.416742616,3.89501301892686,1.39,5.2,1.658,60.8,4,7.2,54.67868,0.01,-0.964920025659893
1.2,0,4.4,0,27.2,6.7400332,0.627400416,3.67874650165066,1.43,5.6,1.594,55.4,4.2,5.6,59.84168,0.33,0.285929738443002
1,0,10,0,29,7.72638,1.235784,4.47709369817579,1.35,4,1.9,72,4,11,63.546,0,-0.0535604389505977
1.8,0,6.8,0,26.6,7.86725048,0.36974588,4.11811419606613,1.39,5.6,1.844,63.2,4,8.6,57.3852,0.0699999999999998,0.325421483948077
1.8,0.8,10,0,30.6,6.3447176,0.48808972,3.3789113169943,1.31,3.2,1.828,79.2,4,12.6,68.4876,0.0899999999999999,0.506581952236076
1.8,0,3.6,11.2,63.4,7.005332,0.3896128,3.60304783343875,1.51,4,1.42,54.4,5.6,5.4,155.5012,0.6,-1.03942574715526
1.8,0,10,11.2,69.8,9.8952792,-0.1688432,5.06154941465724,1.47,4,1.98,73.6,5.6,11.8,173.1812,0.1,0.504596881842218
1.8,0.8,10,0,45,6.17436056,0.4863568,3.28741280045078,1.51,3.2,1.804,77.6,4.8,12.6,104.5636,0.12,0.289875933443028
1.8,0,7.6,11.2,67.4,8.718892,1.498402496,5.15741805821072,1.35,5.6,2.14,67.2,5.6,9.4,166.4828,0.3,-0.268184514758985
1.8,0,2.8,0,51.4,6.006796,0.69319376,3.2824852364158,1.83,3.2,1.26,40.8,5.6,4.6,123.833576,0.8,-0.6943588686581
1,0,6,0,39.4,7.21922,0.8449472,4.02471138978988,1.43,5.6,2.108,59.2,4.8,7,89.4612,0.26,-0.955178486255107
1,0,5.2,0,38.6,6.952356,0.9810824,3.94788630571037,1.43,4.8,1.66,56.8,4.8,6.2,87.034304,0.3,-1.02639720866043
1.8,0,8.4,0,28.2,7.6571784,1.17288576,4.41562798429077,1.35,4,1.908,68,4,10.2,59.66392,0.01,-0.382959138659288
1.8,0,6.8,11.2,66.6,8.29586,1.109285792,4.81476437339969,1.31,7.2,2.14,64.8,5.6,8.6,164.8932,0.3,-0.248899262863205
1.8,1.6,10,11.2,71.4,7.47861992,0.53253376,4.00127625667028,1.71,4,2.244,80,5.6,13.4,178.4692,0.43,0.230739745843522
0.2,0,10,0,42.6,8.2147472,0.69686976,4.45303107601481,1.39,4,2.14,69.6,4.8,10.2,97.8452,0.3,-0.225992447761172
1,0,9.2,11.2,68.2,8.71234,1.9472408,5.33395221873012,1.35,5.6,2.204,68.8,5.6,10.2,168.7764,0.38,-0.233358841555827
1.8,0,6,11.2,65.8,7.812092,0.295474112,4.10244287159843,1.35,6.4,1.9,60.8,5.6,7.8,161.6748,0,-0.580868894160602
1,0,8.4,0,41.8,7.512396,1.1614704,4.33347832991815,1.35,5.6,2.204,66.4,4.8,9.4,95.0336,0.38,-0.411978991155564
1,0,7.6,0,41,7.433676,1.0841744,4.25849580409719,1.31,7.2,2.14,64,4.8,8.6,93.5652,0.3,-0.464535466059687
1.8,0,2.8,0,22.6,6.794468,0.390660984,3.57105811447157,1.55,3.2,1.468,29.6,4,4.6,48.6739296,0.54,-1.19973195515828
1.8,1.6,10,0,45.8,7.4204104,1.13681296,4.276957658924,1.43,4,1.948,80.8,4.8,13.4,107.6772,0.0600000000000001,0.908101023437695
1.8,0,4.4,11.2,64.2,7.5849328,0.510244184,4.17643329753364,1.43,4.8,1.58,56,5.6,6.2,157.467504,0.4,-1.03342427635559
1.8,0,6,0,40.2,7.24078,0.6887568,4.01960118554381,1.35,6.4,1.9,61.6,4.8,7.8,91.1092,0,-0.614653051662543
1.8,0,3.6,0,23.4,7.007772,0.3075928,3.63758704975815,1.39,4,1.612,55.2,4,5.4,51.0028,0.36,-1.07865503865739
1.8,0.8,10,11.2,70.6,6.43190584,0.503199352,3.38291404212663,1.79,3.2,1.676,76.8,5.6,12.6,176.21584,0.28,0.281508024746501
1.8,0,4.4,0,24.2,6.9422256,0.6692864,3.79007273562574,1.35,4.8,1.684,57.6,4,6.2,53.4624,0.27,-1.03975568515941
1.8,0,5.2,11.2,65,7.8365,0.900357456,4.41354771668333,1.35,5.6,2.268,58.4,5.6,7,159.7812,0.46,-0.938827165758056
1.8,0,2.8,0,37,6.519084,0.49619056,3.47597928662484,1.71,3.2,1.356,34.4,4.8,4.6,83.83388,0.68,-1.05986734685845
1.8,0,10,0,29.8,9.0606336,-0.2488432,4.65244579390296,1.35,2.4,1.7,75.2,4,11.8,65.0364,0.25,0.408832947033289
1.8,0,3.6,0,37.8,6.8525768,0.593788,3.70207417258484,1.51,4,1.444,53.6,4.8,5.4,85.6884,0.57,-1.01281328585807
1.5,0,8,0,27.5,7.81442405,0.694510175,4.24922824663008,1.375,5,1.865,66.5,4,9.5,59.6955,0.0699999999999998,-0.406855631756997
1.5,0.5,10,0,30,6.862841,0.768475075,3.75499242053322,1.325,3.5,1.855,76.5,4,12,66.6345,0.0899999999999999,0.40488185414236
1.5,0,6,7,50.5,7.275725,0.706927,3.90878997868585,1.45,4,1.6,61,5,7.5,121.018,0.6,-0.900437073351867
1.5,0,10,7,54.5,9.081942,0.357892,4.83393431213566,1.425,4,1.95,73,5,11.5,132.068,0.1,0.151851086739981
1.5,0.5,10,0,39,6.75636785,0.767392,3.69111409701754,1.45,3.5,1.84,75.5,4.5,12,89.182,0.12,0.526437418740017
1.5,0,8.5,7,53,8.3467,1.39992056,4.89095626289201,1.35,5,2.05,69,5,10,127.8815,0.3,-0.381685237755818
1.5,0,5.5,0,43,6.65164,0.8966651,3.68765519988546,1.65,3.5,1.5,52.5,5,7,101.225735,0.8,-0.441825797554856
1.5,0,7.5,0,27,7.580209,0.357892,4.07957443859387,1.375,5.5,1.725,66,4,9,59.2420225,0.35,1.23193064144382
1,0,7.5,0,35.5,7.409405,0.991511,4.18873401074504,1.4,5,2.03,64,4.5,8.5,79.743,0.26,-0.637616738559672
1,0,7,0,35,7.242615,1.0765955,4.13858107027709,1.4,4.5,1.75,62.5,4.5,8,78.22619,0.3,-0.693316400559496
1.5,0,9,0,28.5,7.683129,1.1964726,4.438578109943,1.35,4,1.905,69.5,4,10.5,61.1197,0.01,-0.337988381156691
1.5,0,8,7,52.5,8.082305,1.15672262,4.68525214087462,1.325,6,2.05,67.5,5,9.5,126.888,0.3,-0.334694171156087
1.5,1,10,7,55.5,7.57152995,0.7962526,4.17347344462326,1.575,4,2.115,77,5,12.5,135.373,0.43,0.262299917042611
0.5,0,10,0,37.5,8.0316095,0.8989626,4.46203936634622,1.375,4,2.05,70.5,4.5,10.5,84.983,0.3,-0.226584839655487
1,0,9.5,7,53.5,8.342605,1.6804445,4.99492842586571,1.35,5,2.09,70,5,10.5,129.315,0.38,-0.309796707259892
1.5,0,7.5,7,52,7.77995,0.64809032,4.23911460164902,1.35,5.5,1.9,65,5,9,124.8765,0,-0.635279144661553
1,0,9,0,37,7.59264,1.189338,4.38678613398681,1.35,5,2.09,68.5,4.5,10,83.22575,0.38,-0.321869037658843
1,0,8.5,0,36.5,7.54344,1.141028,4.33919041600669,1.325,6,2.05,67,4.5,9.5,82.308,0.3,-0.277813262952776
1.5,0,5.5,0,25,7.143935,0.707582115,3.88706356314462,1.475,3.5,1.63,45.5,4,7,54.250956,0.54,-0.708506339257809
1.5,1,10,0,39.5,7.535149,1.1739271,4.35093818413933,1.4,4,1.93,77.5,4.5,12.5,91.128,0.0600000000000001,0.338114233841253
1.5,0,6.5,7,51,7.6379755,0.782321615,4.28673895294798,1.4,4.5,1.7,62,5,8,122.24694,0.4,-0.754445141653349
1.5,0,7.5,0,36,7.42288,0.893892,4.18540917835654,1.35,5.5,1.9,65.5,4.5,9,80.773,0,-0.481917417854646
1.5,0,6,0,25.5,7.27725,0.6556645,3.93216687874177,1.375,4,1.72,61.5,4,7.5,55.7065,0.36,-0.758270109857193
1.5,0.5,10,7,55,6.91733365,0.777918595,3.75777195225279,1.625,3.5,1.76,75,5,12,133.96465,0.28,0.113099355040532
1.5,0,6.5,0,26,7.2362835,0.881723,4.03439376739935,1.35,4.5,1.765,63,4,8,57.24375,0.27,-0.659828030663419
1.5,0,7,7,51.5,7.795205,1.02614241,4.43727106962786,1.35,5,2.13,63.5,5,8.5,123.693,0.46,-0.746565813357819
1.5,0,5.5,0,34,6.97182,0.7735381,3.82205389011025,1.575,3.5,1.56,48.5,4.5,7,76.225925,0.68,-0.704130748656979
1.5,0,10,0,29.5,8.5602885,0.307892,4.58589804318548,1.35,3,1.775,74,4,11.5,64.4775,0.25,0.159172173539474
1.5,0,6,0,34.5,7.180253,0.8345365,3.97559161716265,1.45,4,1.615,60.5,4.5,7.5,77.385,0.57,-0.800465306157065
1.2,0,9.2,0,28.4,7.76159762,1.01927447,4.38451675507373,1.36,4.4,1.886,69.8,4,10.4,62.0058,0.0699999999999998,-0.230666683258249
1.2,0.2,10,0,29.4,7.3809644,1.04886043,4.17293227180775,1.34,3.8,1.882,73.8,4,11.4,64.7814,0.0899999999999999,-0.0548152919572829
1.2,0,8.4,2.8,37.6,7.546118,1.0242412,4.2404763421897,1.39,4,1.78,67.6,4.4,9.6,86.5348,0.6,-0.30782116075622
1.2,0,10,2.8,39.2,8.2686048,0.8846272,4.61655493599974,1.38,4,1.92,72.4,4.4,11.2,90.9548,0.1,0.0490189950442357
1.2,0.2,10,0,33,7.33837514,1.0484272,4.14439077299127,1.39,3.8,1.876,73.4,4.2,11.4,73.8004,0.12,-0.01770971286075
1.2,0,9.4,2.8,38.6,7.974508,1.301438624,4.63826141211087,1.35,4.4,1.96,70.8,4.4,10.6,89.2802,0.3,-0.442308935655973
1.2,0,8.2,0,34.6,7.296484,1.10013644,4.14283687322568,1.47,3.8,1.74,64.2,4.4,9.4,78.617894,0.8,-0.304975938458455
1.2,0,9,0,28.2,7.6679116,0.8846272,4.31363758837264,1.36,4.6,1.83,69.6,4,10.2,61.824409,0.35,-0.164547646460932
1,0,9,0,31.6,7.59959,1.1380748,4.35944119056155,1.37,4.4,1.952,68.8,4.2,10,70.0248,0.26,-0.455027672555815
1,0,8.8,0,31.4,7.532874,1.1721086,4.33848696465282,1.37,4.2,1.84,68.2,4.2,9.8,69.418076,0.3,-0.383959429163014
1.2,0,9.6,0,28.8,7.7090796,1.22005944,4.46164751834943,1.35,4,1.902,71,4,10.8,62.57548,0.01,-0.190241723560547
1.2,0,9.2,2.8,38.4,7.86875,1.204159448,4.55922365481622,1.34,4.8,1.96,70.2,4.4,10.4,88.8828,0.3,-0.575468795052956
1.2,0.4,10,2.8,39.6,7.66443998,1.05997144,4.35308123600297,1.44,4,1.986,74,4.4,11.6,92.2768,0.43,0.0587923717403385
0.8,0,10,0,32.4,7.8484718,1.10105544,4.47106588006151,1.36,4,1.96,71.4,4.2,10.8,72.1208,0.3,-0.0551279507553488
1,0,9.8,2.8,38.8,7.97287,1.4136482,4.67745284479903,1.35,4.4,1.976,71.2,4.4,10.8,89.8536,0.38,-0.158058683758071
1.2,0,9,2.8,38.2,7.747808,1.000706528,4.38033951193384,1.35,4.6,1.9,69.2,4.4,10.2,88.0782,0,-0.610745088858465
1,0,9.6,0,32.2,7.672884,1.2172056,4.44074969810738,1.35,4.4,1.976,70.6,4.2,10.6,71.4179,0.38,-0.327817038064467
1,0,9.4,0,32,7.653204,1.1978816,4.42141411722161,1.34,4.8,1.96,70,4.2,10.4,71.0508,0.3,-0.428446368357044
1.2,0,8.2,0,27.4,7.493402,1.024503246,4.2310325566243,1.4,3.8,1.792,61.4,4,9.4,59.8279824,0.54,-0.261963312156666
1.2,0.4,10,0,33.2,7.6498876,1.21104124,4.42619838489685,1.37,4,1.912,74.2,4.2,11.6,74.5788,0.0600000000000001,0.0268425335389395
1.2,0,8.6,2.8,37.8,7.6910182,1.054399046,4.39995794056459,1.37,4.2,1.82,68,4.4,9.8,87.026376,0.4,-0.437508439360471
1.2,0,9,0,31.8,7.60498,1.0990272,4.35805672793411,1.35,4.6,1.9,69.4,4.2,10.2,70.4368,0,-0.478588377153727
1.2,0,8.4,0,27.6,7.546728,1.0037362,4.25060243253884,1.36,4,1.828,67.8,4,9.6,60.4102,0.36,-0.327028588158072
1.2,0,8.6,0,27.8,7.5303414,1.0941596,4.29446456724624,1.35,4.2,1.846,68.4,4,9.8,61.0251,0.27,-0.382002658559003
1.2,0,8.8,2.8,38,7.75391,1.151927364,4.46112193846461,1.35,4.4,1.992,68.6,4.4,10,87.6048,0.46,-0.54259948415617
1.2,0,8.2,0,31,7.424556,1.05088564,4.20258428901379,1.44,3.8,1.764,62.6,4.2,9.4,68.61797,0.68,-0.174181564753752
1.2,0,10,0,29.2,8.0599434,0.8646272,4.52030217956604,1.35,3.6,1.85,72.8,4,11.2,63.9186,0.25,-0.0336309574549603
1.2,0,8.4,0,31.2,7.5079292,1.075285,4.26931713672781,1.39,4,1.786,67.4,4.2,9.6,69.0816,0.57,-0.28575300065765
2,0,6,0,26,7.9024681,0.15323635,4.03296019900498,1.4,6,1.83,61,4,8,55.845,0,-0.956848585060442
2,0.8,9.2,0,30,6.37993522,0.27158019,3.3090424909593,1.32,3.6,1.814,77,4,12,66.9474,0.02,0.390078861238209
2,0,9.2,11.2,69.2,9.93049682,-0.38535273,4.95688714851796,1.48,4.4,1.966,71.4,5.6,11.2,171.641,0.17,0.240736391941965
2,0.8,9.2,0,44.4,6.20957818,0.26984727,3.2194359725581,1.52,3.6,1.79,75.4,4.8,12,103.0234,0.05,0.170432244242903
2,0,6.8,11.2,66.8,8.75410962,1.281892966,5.05077342883363,1.36,6,2.126,65,5.6,8.8,164.9426,0.37,-0.262359645958867
2,0,2,0,50.8,6.04201362,0.47668423,3.21461030025156,1.84,3.6,1.246,38.6,5.6,4,122.293376,0.73,-0.681626389959064
1.2,0,5.2,0,38.8,7.25443762,0.62843767,3.94148876760384,1.44,6,2.094,57,4.8,6.4,87.921,0.33,-0.827388249358563
1.2,0,4.4,0,38,6.98757362,0.76457287,3.86625226574242,1.44,5.2,1.646,54.6,4.8,5.6,85.494104,0.23,-0.97775073745558
2,0,7.6,0,27.6,7.69239602,0.95637623,4.32432202372352,1.36,4.4,1.894,65.8,4,9.6,58.12372,0.0799999999999999,-0.299559240359457
2,0,6,11.2,66,8.33107762,0.892776262,4.71520510627342,1.32,7.6,2.126,62.6,5.6,8,163.353,0.37,-0.302844470860663
2,1.6,9.2,11.2,70.8,7.51383754,0.31602423,3.91853822407107,1.72,4.4,2.23,77.8,5.6,12.8,176.929,0.5,0.832918010743953
0.4,0,9.2,0,42,8.24996482,0.48036023,4.36095169766186,1.4,4.4,2.126,67.4,4.8,9.6,96.305,0.37,-0.159397619862801
1.2,0,8.4,11.2,67.6,8.74755762,1.73073127,5.22365723176934,1.36,6,2.19,66.6,5.6,9.6,167.2362,0.45,-0.243660527258697
2,0,5.2,11.2,65.2,7.84730962,0.078964582,4.01761292478312,1.36,6.8,1.886,58.6,5.6,7.2,160.1346,0.0699999999999998,-0.583738470558245
1.2,0,7.6,0,41.2,7.54761362,0.94496087,4.24387105255733,1.36,6,2.19,64.2,4.8,8.8,93.4934,0.45,-0.323354779257869
1.2,0,6.8,0,40.4,7.46889362,0.86766487,4.17043900869956,1.32,7.6,2.126,61.8,4.8,8,92.025,0.37,-0.444969800758344
2,0,2,0,22,6.82968562,0.174151454,3.49721609414212,1.56,3.6,1.454,27.4,4,4,47.1337296,0.47,-1.13967656695874
2,1.6,9.2,0,45.2,7.45562802,0.92030343,4.18851911094332,1.44,4.4,1.934,78.6,4.8,12.8,106.137,0.13,1.02847221274081
2,0,3.6,11.2,63.6,7.62015042,0.293734654,4.09007338330785,1.44,5.2,1.566,53.8,5.6,5.6,155.927304,0.33,-1.00070939015765
2,0,5.2,0,39.6,7.27599762,0.47224727,3.93648423170417,1.36,6.8,1.886,59.4,4.8,7.2,89.569,0.0699999999999998,-0.663466464756283
2,0,4.4,11.2,64.4,7.87171762,0.683847926,4.32228477170362,1.36,6,2.254,56.2,5.6,6.4,158.241,0.53,-0.838408315556961
2,0,9.2,0,29.2,9.09585122,-0.46535273,4.55624293584729,1.36,2.8,1.686,73,4,11.2,63.4962,0.18,-0.0498769700706987
2,0,2.8,0,37.2,6.88779442,0.37727847,3.62552301392256,1.52,4.4,1.43,51.4,4.8,4.8,84.1482,0.5,-0.962377121958497
2,0.5,8,0,28.5,6.95088505,0.22720125,3.56387892121018,1.35,4.5,1.82,71,4,10.5,62.784,0.02,-0.0747986519554331
2,0,4,7,49,7.36376905,0.165653175,3.70984882320958,1.475,5,1.565,55.5,5,6,117.1675,0.53,-0.850113292354735
2,0,8,7,53,9.16998605,-0.183381825,4.58790715723696,1.45,5,1.915,67.5,5,10,128.2175,0.17,-0.292996807055687
2,0.5,8,0,37.5,6.8444119,0.226118175,3.50325173872776,1.475,4.5,1.805,70,4.5,10.5,85.3315,0.05,-0.150768209859024
2,0,6.5,7,51.5,8.43474405,0.858646735,4.64202692782174,1.375,6,2.015,63.5,5,8.5,124.031,0.37,-0.168899971263244
2,0,3.5,0,41.5,6.73968405,0.355391275,3.49996888507611,1.675,4.5,1.465,47,5,5.5,97.375235,0.73,-0.584980942358897
1.5,0,5,0,33.5,7.33065905,0.535321675,3.92794450380955,1.425,5.5,1.715,57,4.5,6.5,74.37569,0.23,-0.47461565125829
2,0,7,0,27,7.77117305,0.655198775,4.21267294167388,1.375,5,1.87,64,4,9,57.2692,0.0799999999999999,-0.141461236255935
2,0,6,7,51,8.17034905,0.615448795,4.44679229020835,1.35,7,2.015,62,5,8,123.0375,0.37,-0.382333957159943
2,1,8,7,54,7.659574,0.254978775,3.96106100139908,1.6,5,2.08,71.5,5,11,131.5225,0.5,0.157437720038644
1,0,8,0,36,8.11965355,0.357688775,4.23494011768822,1.4,5,2.015,65,4.5,9,81.1325,0.37,0.0371892540433976
1.5,0,7.5,7,52,8.43064905,1.139170675,4.74070734006129,1.375,6,2.055,64.5,5,9,125.4645,0.45,0.0790905675467286
1.5,0,7,0,35.5,7.68068405,0.648064175,4.16351696192042,1.375,6,2.055,63,4.5,8.5,79.37525,0.45,1.25793084664568
1.5,0,6.5,0,35,7.63148405,0.599754175,4.11834366806191,1.35,7,2.015,61.5,4.5,8,78.4575,0.37,-0.3861679051615
2,0,3.5,0,23.5,7.23197905,0.16630829,3.68922819187158,1.5,4.5,1.595,40,4,5.5,50.400456,0.47,-0.748153597559366
2,1,8,0,38,7.62319305,0.632653275,4.1294935236489,1.425,5,1.895,72,4.5,11,87.2775,0.13,0.0202134323417624
2,0,4.5,7,49.5,7.72601955,0.24104779,4.06856176635703,1.425,5.5,1.665,56.5,5,6.5,118.39644,0.33,-0.731427984358533
2,0,5.5,0,34.5,7.51092405,0.352618175,3.97238925591928,1.375,6.5,1.865,60,4.5,7.5,76.9225,0.0699999999999998,-0.542700302364182
2,0,4,0,24,7.36529405,0.114390675,3.73203593626392,1.4,5,1.685,56,4,6,51.856,0.29,-0.79726674405444
2,0.5,8,7,53.5,7.0053777,0.23664477,3.56651698632372,1.65,4.5,1.725,69.5,5,10.5,130.11415,0.21,-0.360020758459513
2,0,4.5,0,24.5,7.32432755,0.340449175,3.82905990139243,1.375,5.5,1.73,57.5,4,6.5,53.39325,0.2,-0.964003546260727
2,0,5,7,50,7.88324905,0.484868585,4.21143242427554,1.375,6,2.095,58,5,7,119.8425,0.53,-0.70616888136189
2,0,3.5,0,32.5,7.05986405,0.232264275,3.62752724085633,1.6,4.5,1.525,43,4.5,5.5,72.375425,0.61,-0.797759406154881
2,0,8,0,28,8.64833255,-0.233381825,4.35249490293429,1.375,4,1.74,68.5,4,10,60.627,0.18,-0.38484094195789
2,0,4,0,33,7.26829705,0.293262675,3.77325053607801,1.475,5,1.58,55,4.5,6,73.5345,0.5,-0.778052513759548
2,0.2,6.8,0,27,7.52183488,0.18282231,3.83834084927817,1.38,5.4,1.826,65,4,9,58.6206,0.02,-0.40121212685969
2,0,5.2,2.8,35.2,7.68698848,0.15820308,3.90046914362531,1.43,5.6,1.724,58.8,4.4,7.2,80.374,0.53,-0.65876637856033
2,0.2,6.8,0,30.6,7.47924562,0.18238908,3.81208784691169,1.43,5.4,1.82,64.6,4.2,9,67.6396,0.05,1.77387882114365
2,0,5,0,32.2,7.43735448,0.23409832,3.81065854095668,1.51,5.4,1.684,55.4,4.4,7,72.457094,0.73,-0.356864510059467
1.8,0,5.8,0,29.2,7.74046048,0.27203668,4.00989522758523,1.41,6,1.896,60,4.2,7.6,63.864,0.33,-0.593258917556312
1.8,0,5.6,0,29,7.67374448,0.30607048,3.99062114019735,1.41,5.8,1.784,59.4,4.2,7.4,63.257276,0.23,-0.647012693362711
2,0.4,6.8,2.8,37.2,7.80531046,0.19393332,4.00404522289028,1.48,5.6,1.93,65.2,4.4,9.2,86.116,0.5,0.350825623639167
2,0,5,0,25,7.63427248,0.158465126,3.89178257371561,1.44,5.4,1.736,52.6,4,7,53.6671824,0.47,-0.484592841158673
2,0.4,6.8,0,30.8,7.79075808,0.34500312,4.07129973868441,1.41,5.6,1.856,65.4,4.2,9.2,68.418,0.13,0.0060096341412929
2,0,5.4,2.8,35.4,7.83188868,0.188360926,4.04716328910334,1.41,5.8,1.764,59.2,4.4,7.4,80.865576,0.33,-0.661787794560013
2,0,5.2,0,25.2,7.68759848,0.13769808,3.90978331018708,1.4,5.6,1.772,59,4,7.2,54.2494,0.29,-0.753943499758833
2,0.2,6.8,2.8,37,7.54363194,0.186599718,3.83947708825777,1.5,5.4,1.788,64.4,4.4,9,85.55266,0.21,0.163732937545348
2,0,5.4,0,25.4,7.67121188,0.22812148,3.95012851888394,1.39,5.8,1.79,59.6,4,7.4,54.8643,0.2,-0.676876914955727
2,0,5.6,2.8,35.6,7.89478048,0.285889244,4.10342307391483,1.39,6,1.936,59.8,4.4,7.6,81.444,0.53,-0.62274231585522
2,0,5,0,28.6,7.56542648,0.18484752,3.86561532714937,1.48,5.4,1.708,53.8,4.2,7,62.45717,0.61,-0.31359514436096
2,0,6.8,0,26.8,8.20081388,-0.00141092,4.1578581622637,1.39,5.2,1.794,64,4,8.8,57.7578,0.18,0.181162509238703
2,0,5.2,0,28.8,7.64879968,0.20924688,3.92699744377271,1.43,5.6,1.73,58.6,4.2,7.2,62.9208,0.5,-0.50714441155921
2,1,10,0,31,5.999302,0.30116615,3.14935737976783,1.3,3,1.81,81,4,13,69.723,0,0.64881095774129
2,0.2,3.6,11.2,63.8,6.6599164,0.20268923,3.35826667803485,1.5,3.8,1.402,56.2,5.6,5.8,156.7366,0.51,-1.0425425390558
2,0.2,10,11.2,70.2,9.5498636,-0.35576677,4.71768167514093,1.46,3.8,1.962,75.4,5.6,12.2,174.4166,0.19,0.738130284343271
2,1,10,0,45.4,5.82894496,0.29943323,3.06407502066452,1.5,3,1.786,79.4,4.8,13,105.799,0.03,0.631987519541355
2,0.2,7.6,11.2,67.8,8.3734764,1.311478926,4.80703726685029,1.34,5.4,2.122,69,5.6,9.8,167.7182,0.39,-0.272717114959022
2,0.2,2.8,0,51.8,5.6613804,0.50627019,3.05948222177104,1.82,3,1.242,42.6,5.6,5,125.068976,0.71,-0.696354823658993
1.2,0.2,6,0,39.8,6.8738044,0.65802363,3.75128357264659,1.42,5.4,2.09,61,4.8,7.4,90.6966,0.35,-0.895965698661684
1.2,0.2,5.2,0,39,6.6069404,0.79415883,3.67967777338214,1.42,4.6,1.642,58.6,4.8,6.6,88.269704,0.21,-1.01632627545675
2,0.2,8.4,0,28.6,7.3117628,0.98596219,4.1156423693907,1.34,3.8,1.89,69.8,4,10.6,60.89932,0.0999999999999999,-0.566984149560966
2,0.2,6.8,11.2,67,7.9504444,0.922362222,4.48766253051533,1.3,7,2.122,66.6,5.6,9,166.1286,0.39,-0.306558416558772
2,1.8,10,11.2,71.8,7.13320432,0.34561019,3.72944055798537,1.7,3.8,2.226,81.8,5.6,13.8,179.7046,0.52,0.693650148147782
0.4,0.2,10,0,43,7.8693316,0.50994619,4.15050439798398,1.38,3.8,2.122,71.4,4.8,10.6,99.0806,0.39,-0.228677395060885
1.2,0.2,9.2,11.2,68.6,8.3669244,1.76031723,4.97157818226781,1.34,5.4,2.186,70.6,5.6,10.6,170.0118,0.47,-0.33819219456106
2,0.2,6,11.2,66.2,7.4666764,0.108550542,3.82373419147248,1.34,6.2,1.882,62.6,5.6,8.2,162.9102,0.0899999999999999,-0.527552269158122
1.2,0.2,8.4,0,42.2,7.1669804,0.97454683,4.03907373648739,1.34,5.4,2.186,68.2,4.8,9.8,96.269,0.47,-0.376719840553932
1.2,0.2,7.6,0,41.4,7.0882604,0.89725083,3.9691853171435,1.3,7,2.122,65.8,4.8,9,94.8006,0.39,-0.451005285852233
2,0.2,2.8,0,23,6.4490524,0.203737414,3.32845025254914,1.54,3,1.45,31.4,4,5,49.9093296,0.45,-1.16062320995749
2,1.8,10,0,46.2,7.0749948,0.94988939,3.98639292435432,1.42,3.8,1.93,82.6,4.8,13.8,108.9126,0.15,0.58417222004303
2,0.2,4.4,11.2,64.6,7.2395172,0.323320614,3.89269791146692,1.42,4.6,1.562,57.8,5.6,6.6,158.702904,0.31,-1.02813751265691
2,0.2,6,0,40.6,6.8953644,0.50183323,3.7465205416154,1.34,6.2,1.882,63.4,4.8,8.2,92.3446,0.0899999999999999,-0.539702696259127
2,0.2,3.6,0,23.8,6.6623564,0.12066923,3.39045939503804,1.38,3.8,1.594,57,4,5.8,52.2382,0.27,-1.09031239545854
2,1,10,11.2,71,6.08649024,0.316275782,3.15308817076884,1.78,3,1.658,78.6,5.6,13,177.45124,0.19,0.498617044148915
2,0.2,4.4,0,24.6,6.59681,0.48236283,3.53258562299813,1.34,4.6,1.666,59.4,4,6.6,54.6978,0.18,-1.04595661526307
2,0.2,5.2,11.2,65.4,7.4910844,0.713433886,4.1137034294403,1.34,5.4,2.25,60.2,5.6,7.4,161.0166,0.55,-0.92254373765806
2,0.2,2.8,0,37.4,6.1736684,0.30926699,3.23983081864072,1.7,3,1.338,36.2,4.8,5,85.06928,0.59,-1.10260867565646
2,0.2,10,0,30.2,8.715218,-0.43576677,4.33637142866238,1.34,2.2,1.682,77,4,12.2,66.2718,0.16,0.463942121955398
2,0.2,3.6,0,38.2,6.5071612,0.40686443,3.4505654401872,1.5,3.8,1.426,55.4,4.8,5.8,86.9238,0.48,-1.06712911275733
2,0.5,6,7,51.5,6.412186,0.239618075,3.27834924460079,1.425,3.5,1.555,65.5,5,8.5,124.1065,0.51,-0.56815396685758
2,0.5,10,7,55.5,8.218403,-0.109416925,4.05427894234618,1.4,3.5,1.905,77.5,5,12.5,135.1565,0.19,0.561803918347351
2,1,10,0,40,5.89282885,0.300083075,3.09578186028842,1.425,3,1.795,80,4.5,13,92.2705,0.03,0.647324263744878
2,0.5,8.5,7,54,7.483161,0.932611635,4.10210393939312,1.325,4.5,2.005,73.5,5,11,130.97,0.39,-0.381625916953425
2,0.5,5.5,0,44,5.788101,0.429356175,3.09288084159416,1.625,3,1.455,57,5,8,104.314235,0.71,-0.490113214559614
2,0.5,7.5,0,28,6.71667,-0.109416925,3.42158822857845,1.35,5,1.68,70.5,4,10,62.3305225,0.26,-0.129702108758437
1.5,0.5,7.5,0,36.5,6.545866,0.524202075,3.51314167679494,1.375,4.5,1.985,68.5,4.5,9.5,82.8315,0.35,-0.372014856161485
1.5,0.5,7,0,36,6.379076,0.609286575,3.47107780142835,1.375,4,1.705,67,4.5,9,81.31469,0.21,-0.478759264659828
2,0.5,9,0,29.5,6.81959,0.729163675,3.7226889326823,1.325,3.5,1.86,74,4,11.5,64.2082,0.0999999999999999,0.084107394236554
2,0.5,8,7,53.5,7.218766,0.689413695,3.92957741412462,1.3,5.5,2.005,72,5,10.5,129.9765,0.39,-0.512944381959613
2,1.5,10,7,56.5,6.70799095,0.328943675,3.50034245614346,1.55,3.5,2.07,81.5,5,13.5,138.4615,0.52,0.638584511442815
1,0.5,10,0,38.5,7.1680705,0.431653675,3.74236617106714,1.35,3.5,2.005,75,4.5,11.5,88.0715,0.39,0.41219287253719
1.5,0.5,9.5,7,54.5,7.479066,1.213135575,4.18930664503936,1.325,4.5,2.045,74.5,5,11.5,132.4035,0.47,0.14131130154513
2,0.5,7.5,7,53,6.916411,0.180781395,3.55539648532475,1.325,5,1.855,69.5,5,10,127.965,0.0899999999999999,-0.176322692458569
1.5,0.5,9,0,38,6.729101,0.722029075,3.67925037850614,1.325,4.5,2.045,73,4.5,11,86.31425,0.47,-0.0179595133585906
2,0.5,5.5,0,26,6.280396,0.24027319,3.26012703814666,1.45,3,1.585,50,4,8,57.339456,0.45,-0.493903488152654
2,1.5,10,0,40.5,6.67161,0.706618175,3.6491842711062,1.375,3.5,1.885,82,4.5,13.5,94.2165,0.15,0.59604359444441
2,0.5,6.5,7,52,6.7744365,0.31501269,3.59533960249321,1.375,4,1.655,66.5,5,9,125.33544,0.31,-0.549333485359028
2,0.5,7.5,0,37,6.559341,0.426583075,3.51035309981621,1.325,5,1.855,70,4.5,10,83.8615,0.0899999999999999,-0.44274336545547
2,0.5,6,0,26.5,6.413711,0.188355575,3.29795573230091,1.35,3.5,1.675,66,4,8.5,58.795,0.27,-0.497695394557894
2,1,10,7,56,6.05379465,0.31060967,3.15168860650625,1.6,3,1.715,79.5,5,13,137.05315,0.19,0.509740513641219
2,0.5,6.5,0,27,6.3727445,0.414414075,3.38369465535278,1.325,4,1.72,67.5,4,9,60.33225,0.18,-0.472735752758098
2,0.5,7,7,52.5,6.931666,0.558833485,3.72159270222398,1.325,4.5,2.085,68,5,9.5,126.7815,0.55,-0.511982187358598
2,0.5,5.5,0,35,6.108281,0.306229175,3.20560264219648,1.55,3,1.515,53,4.5,8,79.314425,0.59,-0.4915380026641
2,0.5,10,0,30.5,7.6967495,-0.159416925,3.8462479354667,1.325,2.5,1.73,78.5,4,12.5,67.566,0.16,0.587716910938099
2,0.5,6,0,35.5,6.316714,0.367227575,3.33437658355548,1.425,3.5,1.57,65,4.5,8.5,80.4735,0.48,-0.504524363458557
2,0.8,8.4,2.8,39.2,6.1644556,0.27654692,3.20033362444692,1.35,3.2,1.708,74.8,4.4,11.2,91.4764,0.51,0.178199597744452
2,0.8,10,2.8,40.8,6.8869424,0.13693292,3.48416423027539,1.34,3.2,1.848,79.6,4.4,12.8,95.8964,0.19,0.564465055643296
2,1,10,0,34.6,5.95671274,0.30073292,3.12781680012924,1.35,3,1.804,80.6,4.2,13,78.742,0.03,0.601283146447742
2,0.8,9.4,2.8,40.2,6.5928456,0.553744344,3.50054634392511,1.31,3.6,1.888,78,4.4,12.2,94.2218,0.39,0.691111598142953
2,0.8,8.2,0,36.2,5.9148216,0.35244216,3.12664405507242,1.43,3,1.668,71.4,4.4,11,83.559494,0.71,0.0479245532415291
2,0.8,9,0,29.8,6.2862492,0.13693292,3.25554921280811,1.32,3.8,1.758,76.8,4,11.8,66.766009,0.26,0.407426390543179
1.8,0.8,9,0,33.2,6.2179276,0.39038052,3.29011768964349,1.33,3.6,1.88,76,4.2,11.6,74.9664,0.35,0.046970658143465
1.8,0.8,8.8,0,33,6.1512116,0.42441432,3.27430330740469,1.33,3.4,1.768,75.4,4.2,11.4,74.359676,0.21,0.0223428591425829
2,0.8,9.6,0,30.4,6.3274172,0.47236516,3.36725391705182,1.31,3.2,1.83,78.2,4,12.4,67.51708,0.0999999999999999,0.473569509545115
2,0.8,9.2,2.8,40,6.4870876,0.456465168,3.44089568870171,1.3,4,1.888,77.4,4.4,12,93.8244,0.39,-0.314988367156701
2,1.2,10,2.8,41.2,6.28277758,0.31227716,3.2853177627529,1.4,3.2,1.914,81.2,4.4,13.2,97.2184,0.52,0.556208441442351
1.6,0.8,10,0,34,6.4668094,0.35336116,3.3743620570913,1.32,3.2,1.888,78.6,4.2,12.4,77.0624,0.39,0.639428608637019
1.8,0.8,9.8,2.8,40.4,6.5912076,0.66595392,3.53012454450938,1.31,3.6,1.904,78.4,4.4,12.4,94.7952,0.47,0.260341105539766
2,0.8,9,2.8,39.8,6.3661456,0.253012248,3.30588988012049,1.31,3.8,1.828,76.4,4.4,11.8,93.0198,0.0899999999999999,-0.248540752857451
1.8,0.8,9.6,0,33.8,6.2912216,0.46951132,3.35148210478326,1.31,3.6,1.904,77.8,4.2,12.2,76.3595,0.47,0.269645085842996
1.8,0.8,9.4,0,33.6,6.2715416,0.45018732,3.33688933155133,1.3,4,1.888,77.2,4.2,12,75.9924,0.39,0.0291610795402733
2,0.8,8.2,0,29,6.1117396,0.276808966,3.19320629674877,1.36,3,1.72,68.6,4,11,64.7695824,0.45,0.159553405138496
2,1.2,10,0,34.8,6.2682252,0.46334696,3.34050007041033,1.33,3.2,1.84,81.4,4.2,13.2,79.5204,0.15,0.549646552245605
2,0.8,8.6,2.8,39.4,6.3093558,0.306704766,3.32069612162245,1.33,3.4,1.748,75.2,4.4,11.4,91.967976,0.31,-0.191154801562305
2,0.8,9,0,33.4,6.2233176,0.35133292,3.28907282063802,1.31,3.8,1.828,76.6,4.2,11.8,75.3784,0.0899999999999999,0.0277869046413173
2,0.8,8.4,0,29.2,6.1650656,0.25604192,3.20797589498764,1.32,3.2,1.756,75,4,11.2,65.3518,0.27,0.296155368342653
2,1,10,2.8,41,6.02109906,0.304943558,3.15028966346959,1.42,3,1.772,80.4,4.4,13,96.65506,0.19,0.431326285143797
2,0.8,8.6,0,29.4,6.148679,0.34646532,3.24107912519494,1.31,3.4,1.774,75.6,4,11.4,65.9667,0.18,0.10865179034684
2,0.8,8.8,2.8,39.6,6.3722476,0.404233084,3.36685725619536,1.31,3.6,1.92,75.8,4.4,11.6,92.5464,0.55,-0.20848545975511
2,0.8,8.2,0,32.6,6.0428936,0.30319136,3.17173607971553,1.4,3,1.692,69.8,4.2,11,73.55957,0.59,0.0553859146466778
2,0.8,10,0,30.8,6.678281,0.11693292,3.41152122793254,1.31,2.8,1.778,80,4,12.8,68.8602,0.16,0.571775393947092
2,0.8,8.4,0,32.8,6.1262668,0.32759072,3.22210008582244,1.35,3.2,1.714,74.6,4.2,11.2,74.0232,0.48,0.221526787544491
2,0,2,14,72,6.82507,0.17807,3.41262437810945,1.55,4,1.3,50,6,4,178.49,0,-0.996874897958122
2,0,8.4,14,78.4,9.7150172,-0.380386,4.79404318842456,1.51,4,1.86,69.2,6,10.4,196.17,0.7,-0.199394544556498
2,0.8,8.4,2.8,53.6,5.99409856,0.274814,3.11367086487449,1.55,3.2,1.684,73.2,5.2,11.2,127.5524,0.48,-0.0743499362569935
2,0,6,14,76,8.53863,1.286859696,4.88484511091102,1.39,5.6,2.02,62.8,6,8,189.4716,0.9,-0.579740165957418
2,0,1.2,2.8,60,5.826534,0.48165096,3.10900372585002,1.87,3.2,1.14,36.4,6,3.2,146.822376,0.2,-0.800799598057864
1.2,0,4.4,2.8,48,7.038958,0.6334044,3.812002737289,1.47,5.6,1.988,54.8,5.2,5.6,112.45,0.86,0.144209041741334
1.2,0,3.6,2.8,47.2,6.772094,0.7695396,3.73923790959316,1.47,4.8,1.54,52.4,5.2,4.8,110.023104,0.3,-0.973958286856004
2,0,6.8,2.8,36.8,7.4769164,0.96134296,4.18225913183929,1.39,4,1.788,63.6,4.4,8.8,82.65272,0.61,-0.424361667456623
2,0,5.2,14,75.2,8.115598,0.897742992,4.56030089942906,1.35,7.2,2.02,60.4,6,7.2,187.882,0.9,-0.634295861257641
2,1.6,8.4,14,80,7.29835792,0.32099096,3.78980616641753,1.75,4,2.124,75.6,6,12,201.458,1.03,-0.264833841057197
0.4,0,8.4,2.8,51.2,8.0344852,0.48532696,4.21768544548672,1.43,4,2.02,65.2,5.2,8.8,120.834,0.9,-0.321904276456706
1.2,0,7.6,14,76.8,8.532078,1.735698,5.05204932456771,1.39,5.6,2.084,64.4,6,8.8,191.7652,0.98,-0.312406142957997
2,0,4.4,14,74.4,7.63183,0.083931312,3.88562605899584,1.39,6.4,1.78,56.4,6,6.4,184.6636,0.6,-0.78632354995986
1.2,0,6.8,2.8,50.4,7.332134,0.9499276,4.10445114090354,1.39,5.6,2.084,62,5.2,8,118.0224,0.98,-0.612182394160271
1.2,0,6,2.8,49.6,7.253414,0.8726316,4.03343149104654,1.35,7.2,2.02,59.6,5.2,7.2,116.554,0.9,-0.636716041756671
2,0,1.2,2.8,31.2,6.614206,0.179118184,3.38232533689687,1.59,3.2,1.348,25.2,4.4,3.2,71.6627296,0.0600000000000001,-1.00847361435714
2,1.6,8.4,2.8,54.4,7.2401484,0.92527016,4.05091762466441,1.47,4,1.828,76.4,5.2,12,130.666,0.66,-0.101076141158927
2,0,4.4,2.8,48.8,7.060518,0.477214,3.80716261070911,1.39,6.4,1.78,57.2,5.2,6.4,114.098,0.6,-0.759060464460134
2,0,2,2.8,32,6.82751,0.09605,3.445338174057,1.43,4,1.492,50.8,4.4,4,73.9916,0.24,-1.01883693375473
2,0.8,8.4,14,79.2,6.25164384,0.291656552,3.20412480291496,1.83,3.2,1.556,72.4,6,11.2,199.20464,0.32,-0.252702461958478
2,0,2.8,2.8,32.8,6.7619636,0.4577436,3.58976489081469,1.39,4.8,1.564,53.2,4.4,4.8,76.4512,0.33,-0.949776482458191
2,0,3.6,14,73.6,7.656238,0.688814656,4.18028880774749,1.39,5.6,2.148,54,6,5.6,182.77,1.06,-0.835027709256764
2,0,1.2,2.8,45.6,6.338822,0.28464776,3.29227148783593,1.75,3.2,1.236,30,5.2,3.2,106.82268,0.0800000000000001,-0.977429643057775
2,0,8.4,2.8,38.4,8.8803716,-0.460386,4.40656096395838,1.39,2.4,1.58,70.8,4.4,10.4,88.0252,0.35,-0.437645992852566
2,0,2,2.8,46.4,6.6723148,0.3822452,3.50641710989296,1.55,4,1.324,49.2,5.2,4,108.6772,0.03,-1.00420999865943
2,0,6,14,76,8.631287,-0.170965,4.22033472397514,1.525,4,1.65,62,6,8,189.54,0.7,-0.746579419056587
2,0.5,6,7,60.5,6.30571285,0.238535,3.2225793707393,1.55,3.5,1.54,64.5,5.5,8.5,146.654,0.48,-0.648540476459829
2,0,4.5,14,74.5,7.896045,0.87106356,4.27011854462029,1.45,5,1.75,58,6,6.5,185.3535,0.9,-0.470553943959175
2,0,1.5,7,64.5,6.200985,0.3678081,3.21955953167435,1.75,3.5,1.2,41.5,6,3.5,158.697735,0.2,-0.897437562455679
1.5,0,3.5,7,57,6.95875,0.462654,3.65703347491968,1.5,5,1.73,53,5.5,5,137.215,0.86,-0.8695185465576
1.5,0,3,7,56.5,6.79196,0.5477385,3.61324674086436,1.5,4.5,1.45,51.5,5.5,4.5,135.69819,0.3,-0.94049427115803
2,0,5,7,50,7.232474,0.6676156,3.875163399602,1.45,4,1.605,58.5,5,7,118.5917,0.61,-0.764157564756687
2,0,4,14,74,7.63165,0.62786562,4.0905256513459,1.425,6,1.75,56.5,6,6,184.36,0.9,-0.960070684958708
2,1,6,14,77,7.12087495,0.2673956,3.64371002181657,1.675,4,1.815,66,6,9,192.845,1.03,-0.542505060659977
1,0,6,7,59,7.5809545,0.3701056,3.8956465813486,1.475,4,1.75,59.5,5.5,7,142.455,0.9,-0.828113976956018
1.5,0,5.5,14,75,7.89195,1.1515875,4.36089291212112,1.45,5,1.79,59,6,7,186.787,0.98,-0.739253298160264
2,0,3.5,14,73.5,7.329295,0.11923332,3.70101896240813,1.45,5.5,1.6,54,6,5.5,182.3485,0.6,-0.995218132858071
1.5,0,5,7,58.5,7.141985,0.660481,3.82994568243061,1.45,5,1.79,57.5,5.5,6.5,140.69775,0.98,-0.492896939055726
1.5,0,4.5,7,58,7.092785,0.612171,3.7883915676385,1.425,6,1.75,56,5.5,6,139.78,0.9,-0.805068655957228
2,0,1.5,7,46.5,6.69328,0.178725115,3.39365582371558,1.575,3.5,1.33,34.5,5,3.5,111.722956,0.0600000000000001,-0.992279711556847
2,1,6,7,61,7.084494,0.6450701,3.79864812277101,1.5,4,1.63,66.5,5.5,9,148.6,0.66,-0.369967199559113
2,0,2.5,14,72.5,7.1873205,0.253464615,3.74259807592425,1.5,4.5,1.4,51,6,4.5,179.71894,0.2,-0.989298568459134
2,0,3.5,7,57.5,6.972225,0.365035,3.65413068297537,1.45,5.5,1.6,54.5,5.5,5.5,138.245,0.6,-0.882561779158067
2,0,2,7,47,6.826595,0.1268075,3.43303391135388,1.475,4,1.42,50.5,5,4,113.1785,0.24,-1.03415027615753
2,0.5,6,14,76.5,6.46667865,0.249061595,3.28077595408318,1.725,3.5,1.46,64,6,8.5,191.43665,0.32,-0.594725066860491
2,0,2.5,7,47.5,6.7856285,0.352866,3.52228454242729,1.45,4.5,1.465,52,5,4.5,114.71575,0.33,-1.01236497825718
2,0,3,14,73,7.34455,0.49728541,3.87402226956766,1.45,5,1.83,52.5,6,5,181.165,1.06,-0.888731552257895
2,0,1.5,7,55.5,6.521165,0.2446811,3.33689820915462,1.675,3.5,1.26,37.5,5.5,3.5,133.697925,0.0800000000000001,-0.979383012257102
2,0,6,7,51,8.1096335,-0.220965,4.00378315106119,1.45,3,1.475,63,5,8,121.9495,0.35,-0.760405659158067
2,0,2,7,56,6.729598,0.3056795,3.47094649344608,1.55,4,1.315,49.5,5.5,4,134.857,0.03,-0.999504197959112
2,0,3.6,14,73.6,7.5475568,0.038456,3.71528258764884,1.54,4,1.44,54.8,6,5.6,182.91,0.7,-1.10373373035597
2,0.2,3.6,11.2,67.4,6.61732714,0.202256,3.33529722677773,1.55,3.8,1.396,55.8,5.8,5.8,165.7556,0.48,-1.08093426415778
2,0,3,14,73,7.25346,0.455267424,3.73275139151946,1.51,4.4,1.48,53.2,6,5,181.2354,0.9,-1.06213595995629
2,0,1.8,11.2,69,6.575436,0.25396524,3.33404668891517,1.63,3.8,1.26,46.6,6,3.8,170.573094,0.2,-0.879700638160074
2,0,2.6,11.2,62.6,6.9468636,0.038456,3.47150263425551,1.52,4.6,1.35,52,5.6,4.6,153.779609,0.25,-1.02082962345864
1.8,0,2.6,11.2,66,6.878542,0.2919036,3.50836417452163,1.53,4.4,1.472,51.2,5.8,4.4,161.98,0.86,-1.10311018145782
1.8,0,2.4,11.2,65.8,6.811826,0.3259374,3.49150076192595,1.53,4.2,1.36,50.6,5.8,4.2,161.373276,0.3,-1.05987659875879
2,0,3.2,11.2,63.2,6.9880316,0.37388824,3.59061715217315,1.51,4,1.422,53.4,5.6,5.2,154.53068,0.61,-1.01831719635717
2,0,2.8,14,72.8,7.147702,0.357988248,3.6691438730312,1.5,4.8,1.48,52.6,6,4.8,180.838,0.9,-1.10646507295584
2,0.4,3.6,14,74,6.94339198,0.21380024,3.50324584954611,1.6,4,1.506,56.4,6,6,184.232,1.03,-1.06066355196069
1.6,0,3.6,11.2,66.8,7.1274238,0.25488424,3.59819680318092,1.52,4,1.48,53.8,5.8,5.2,164.076,0.9,-1.04774181815716
1.8,0,3.4,14,73.2,7.251822,0.567477,3.76429163082558,1.51,4.4,1.496,53.6,6,5.2,181.8088,0.98,-1.06527996325801
2,0,2.6,14,72.6,7.02676,0.154535328,3.52518259660951,1.51,4.6,1.42,51.6,6,4.6,180.0334,0.6,-1.10104959945872
1.8,0,3.2,11.2,66.6,6.951836,0.3710344,3.57379913338177,1.51,4.4,1.496,53,5.8,5,163.3731,0.98,-1.08483841745598
1.8,0,3,11.2,66.4,6.932156,0.3517104,3.55823836393726,1.5,4.8,1.48,52.4,5.8,4.8,163.006,0.9,-1.12114575065695
2,0,1.8,11.2,61.8,6.772354,0.178332046,3.40502426664992,1.56,3.8,1.312,43.8,5.6,3.8,151.7831824,0.0600000000000001,-0.997516270256682
2,0.4,3.6,11.2,67.6,6.9288396,0.36487004,3.56208861734806,1.53,4,1.432,56.6,5.8,6,166.534,0.66,-1.03876818405749
2,0,2.2,14,72.2,6.9699702,0.208227846,3.54097099451646,1.53,4.2,1.34,50.4,6,4.2,178.981576,0.2,-1.05559107795759
2,0,2.6,11.2,66.2,6.883932,0.252856,3.50724999523333,1.51,4.6,1.42,51.8,5.8,4.6,162.392,0.6,-1.13595187275766
2,0,2,11.2,62,6.82568,0.157565,3.4207735906016,1.52,4,1.348,50.2,5.6,4,152.3654,0.24,-1.04135204095562
2,0.2,3.6,14,73.8,6.68171346,0.206466638,3.35926080379213,1.62,3.8,1.364,55.6,6,5.8,183.66866,0.32,-1.0971772834591
2,0,2.2,11.2,62.2,6.8092934,0.2479884,3.45607268865082,1.51,4.2,1.366,50.8,5.6,4.2,152.9803,0.33,-1.06175282355886
2,0,2.4,14,72.4,7.032862,0.305756164,3.59019417923737,1.51,4.4,1.512,51,6,4.4,179.56,1.06,-1.10070510325656
2,0,1.8,11.2,65.4,6.703508,0.20471444,3.38212984542732,1.6,3.8,1.284,45,5.8,3.8,160.57317,0.0800000000000001,-0.976523231855907
2,0,3.6,11.2,63.6,7.3388954,0.018456,3.63782088840581,1.51,3.6,1.37,55.2,5.6,5.6,155.8738,0.35,-1.06277188995497
2,0,2,11.2,65.6,6.7868812,0.2291138,3.43583469473015,1.55,4,1.306,49.8,5.8,4,161.0368,0.03,-0.994411995658965
2,0.8,10,2.8,55.2,6.71658536,0.1352,3.38981553965992,1.54,3.2,1.824,78,5.2,12.8,131.9724,0.22,0.678944708140108
2,0,7.6,14,77.6,9.2611168,1.147245696,5.31807136476688,1.38,5.6,2.16,67.6,6,9.6,193.8916,0.2,-0.39809479075754
2,0,2.8,2.8,61.6,6.5490208,0.34203696,3.38473448225935,1.86,3.2,1.28,41.2,6,4.8,151.242376,0.9,-0.738556958857743
1.2,0,6,2.8,49.6,7.7614448,0.4937904,4.150080942036,1.46,5.6,2.128,59.6,5.2,7.2,116.87,0.16,-0.898717858056415
1.2,0,5.2,2.8,48.8,7.4945808,0.6299256,4.07086276054913,1.46,4.8,1.68,57.2,5.2,6.4,114.443104,0.4,-1.07701487255596
2,1.6,10,14,81.6,8.02084472,0.18137696,4.12591580572823,1.74,4,2.264,80.4,6,13.6,205.878,0.33,0.737454081540847
0.4,0,10,2.8,52.8,8.756972,0.34571296,4.5917427643993,1.42,4,2.16,70,5.2,10.4,125.254,0.2,-0.282690223360049
1.2,0,9.2,14,78.4,9.2545648,1.596084,5.50010455528296,1.38,5.6,2.224,69.2,6,10.4,196.1852,0.28,-0.303049780758528
2,0,6,14,76,8.3543168,-0.055682688,4.23023375549444,1.38,6.4,1.92,61.2,6,8,189.0836,0.1,-0.583528806858311
1.2,0,8.4,2.8,52,8.0546208,0.8103136,4.46846595642682,1.38,5.6,2.224,66.8,5.2,9.6,122.4424,0.28,-0.434779545658756
1.2,0,7.6,2.8,51.2,7.9759008,0.7330176,4.39114772879322,1.34,7.2,2.16,64.4,5.2,8.8,120.974,0.2,-0.432433380256924
2,0,2.8,2.8,32.8,7.3366928,0.039504184,3.68229639058547,1.58,3.2,1.488,30,4.4,4.8,76.0827296,0.64,-1.1866740283576
2,1.6,10,2.8,56,7.9626352,0.78565616,4.41018466944585,1.46,4,1.968,81.2,5.2,13.6,135.086,0.04,0.600117274742871
2,0,4.4,14,74.4,8.1271576,0.159087384,4.30652897938201,1.46,4.8,1.6,56.4,6,6.4,184.876304,0.5,-1.07182484525671
2,0,6,2.8,50.4,7.7830048,0.3376,4.1448115551912,1.38,6.4,1.92,62,5.2,8,118.518,0.1,-0.558581682259472
2,0,3.6,2.8,33.6,7.5499968,-0.043564,3.75089769877547,1.42,4,1.632,55.6,4.4,5.6,78.4116,0.46,-1.12926603575667
2,0.8,10,14,80.8,6.97413064,0.152042552,3.48829164008917,1.82,3.2,1.696,77.2,6,12.8,203.62464,0.38,0.702629904740235
2,0,4.4,2.8,34.4,7.4844504,0.3181296,3.90813330589447,1.38,4.8,1.704,58,4.4,6.4,80.8712,0.37,-1.04556205025708
2,0,5.2,14,75.2,8.3787248,0.549200656,4.55102950046072,1.38,5.6,2.288,58.8,6,7.2,187.19,0.36,-1.03203091745942
2,0,2.8,2.8,47.2,7.0613088,0.14503376,3.58425586215432,1.74,3.2,1.376,34.8,5.2,4.8,111.24268,0.78,-1.11369350505717
2,0,10,2.8,40,9.6028584,-0.6,4.79736924046628,1.38,2.4,1.72,75.6,4.4,12,92.4452,0.35,0.441774912244938
2,0,3.6,2.8,48,7.3948016,0.2426312,3.81739359215275,1.54,4,1.464,54,5.2,5.6,113.0972,0.67,-1.0851435931572
2,0.5,10,7,64.5,8.11192985,-0.1105,3.98530928464838,1.525,3.5,1.89,76.5,5.5,12.5,157.704,0.22,0.732891412641976
2,0,5.5,7,68.5,8.007202,0.0187731,3.98157470086343,1.725,3.5,1.55,53.5,6,7.5,169.747735,0.9,-0.462176919459097
2,0,7.5,7,52.5,8.935771,-0.52,4.40473132507047,1.45,5.5,1.775,67,5,9.5,127.7640225,0.45,1.69841376234129
1.5,0,7.5,7,61,8.764967,0.113619,4.52259131123395,1.475,5,2.08,65,5.5,9,148.265,0.16,0.375341719941417
1.5,0,7,7,60.5,8.598177,0.1987035,4.46844099941865,1.475,4.5,1.8,63.5,5.5,8.5,146.74819,0.4,-0.644497000956989
2,0,9,7,54,9.038691,0.3185806,4.79234889175762,1.425,4,1.955,70.5,5,11,129.6417,0.0900000000000001,-0.146243500864301
2,1,10,14,81,8.92709195,-0.0816394,4.50611442261562,1.65,4,2.165,78,6,13,203.895,0.33,0.899672705440963
1,0,10,7,63,9.3871715,0.0210706,4.817680095431,1.45,4,2.1,71.5,5.5,11,153.505,0.2,0.136303454442015
1.5,0,9.5,14,79,9.698167,0.8025525,5.39304234671078,1.425,5,2.14,71,6,11,197.837,0.28,-0.153773571156279
1.5,0,9,7,62.5,8.948202,0.311446,4.73642890737802,1.425,5,2.14,69.5,5.5,10.5,151.74775,0.28,-0.29552338406117
2,0,5.5,7,50.5,8.499497,-0.170309885,4.19687663427574,1.55,3.5,1.68,46.5,5,7.5,122.772956,0.64,-0.660530220457957
2,0,6.5,14,76.5,8.9935375,-0.095570385,4.62840760296505,1.475,4.5,1.75,63,6,8.5,190.76894,0.5,-0.75473140545634
2,0,6,7,51,8.632812,-0.2222275,4.24557484779424,1.45,4,1.77,62.5,5,8,124.2285,0.46,-0.662699239855073
2,0.5,10,14,80.5,8.27289565,-0.099973405,4.05728001283,1.7,3.5,1.81,76,6,12.5,202.48665,0.38,0.83367897714291
2,0,5.5,7,59.5,8.327382,-0.1043539,4.12668545439723,1.65,3.5,1.61,49.5,5.5,7.5,144.747925,0.78,-0.672301320860214
2,0,6,7,60,8.535815,-0.0433555,4.29246069544441,1.525,4,1.665,61.5,5.5,8,145.907,0.67,-0.68312505695846
2,0.2,10,11.2,73.8,9.50727434,-0.3562,4.6854142676737,1.51,3.8,1.956,75,5.8,12.2,183.4356,0.22,0.891672014441639
2,0,9.4,14,79.4,10.1434072,-0.103188576,5.24375653452658,1.47,4.4,2.04,72.4,6,11.4,198.9154,0.2,-0.470696531657239
2,0,8.2,11.2,75.4,9.4653832,-0.30449076,4.68365751631239,1.59,3.8,1.82,65.8,6,10.2,188.253094,0.9,0.181735853043421
2,0,9,11.2,69,9.8368108,-0.52,4.87675516359357,1.48,4.6,1.91,71.2,5.6,11,171.459609,0.45,0.264728124843742
1.8,0,9,11.2,72.4,9.7684892,-0.2665524,4.92853813073205,1.49,4.4,2.032,70.4,5.8,10.8,179.66,0.16,-0.375180628557217
1.8,0,8.8,11.2,72.2,9.7017732,-0.2325186,4.90484846573215,1.49,4.2,1.92,69.8,5.8,10.6,179.053276,0.4,-0.192827621361147
2,0,9.6,11.2,69.6,9.8779788,-0.18456776,5.04408683564295,1.47,4,1.982,72.6,5.6,11.6,172.21068,0.0900000000000001,0.289998520643195
2,0,9.2,14,79.2,10.0376492,-0.200467752,5.1544009076087,1.46,4.8,2.04,71.8,6,11.2,198.518,0.2,-0.787379895856219
2,0.4,10,14,80.4,9.83333918,-0.34465576,4.92134792511129,1.56,4,2.066,75.6,6,12.4,201.912,0.33,0.689127616145044
1.6,0,10,11.2,73.2,10.017371,-0.30357176,5.05473470375218,1.48,4,2.04,73,5.8,11.6,181.756,0.2,0.596545780540538
1.8,0,9.8,14,79.6,10.1417692,0.009021,5.28806415606757,1.47,4.4,2.056,72.8,6,11.6,199.4888,0.28,0.0090330909415854
2,0,9,14,79,9.9167072,-0.403920672,4.9521645932187,1.47,4.6,1.98,70.8,6,11,197.7134,0.1,-0.828708817857631
1.8,0,9.6,11.2,73,9.8417832,-0.1874216,5.02046093970585,1.47,4.4,2.056,72.2,5.8,11.4,181.0531,0.28,0.0434598453403225
1.8,0,9.4,11.2,72.8,9.8221032,-0.2067456,4.99860122340053,1.46,4.8,2.04,71.6,5.8,11.2,180.686,0.2,-0.370562856761325
2,0,8.2,11.2,68.2,9.6623012,-0.380123954,4.78336657754188,1.52,3.8,1.872,63,5.6,10.2,169.4631824,0.64,0.102447050639086
2,0.4,10,11.2,74,9.8187868,-0.19358596,5.00401004637448,1.49,4,1.992,75.8,5.8,12.4,184.214,0.04,0.981279509743246
2,0,8.6,14,78.6,9.8599174,-0.350228154,4.97434408121846,1.49,4.2,1.9,69.6,6,10.6,196.661576,0.5,-0.420713709357159
2,0,9,11.2,72.6,9.7738792,-0.3056,4.92697293543484,1.47,4.6,1.98,71,5.8,11,180.072,0.1,-0.484530663058621
2,0,8.4,11.2,68.4,9.7156272,-0.400891,4.80549117458137,1.48,4,1.908,69.4,5.6,10.4,170.0454,0.46,0.0201403697401759
2,0.2,10,14,80.2,9.57166066,-0.351989362,4.71907821964366,1.58,3.8,1.924,74.8,6,12.2,201.34866,0.38,1.1242690733425
2,0,8.6,11.2,68.6,9.6992406,-0.3104676,4.85507922817612,1.47,4.2,1.926,70,5.6,10.6,170.6603,0.37,-0.122201971159456
2,0,8.8,14,78.8,9.9228092,-0.252699836,5.04349264469282,1.47,4.4,2.072,70.2,6,10.8,197.24,0.36,-0.645658790955139
2,0,8.2,11.2,71.8,9.5934552,-0.35374156,4.75120457201347,1.56,3.8,1.844,64.2,5.8,10.2,178.25317,0.78,0.0936524674407622
2,0,10,11.2,70,10.2288426,-0.54,5.11039848470868,1.47,3.6,1.93,74.4,5.6,12,173.5538,0.35,0.77146899154198
2,0,8.4,11.2,72,9.6768284,-0.3293422,4.82664896274019,1.51,4,1.866,69,5.8,10.4,178.7168,0.67,-0.0647505763581364
2,1,10,0,49,5.7863557,0.299,3.04311774461028,1.55,3,1.78,79,5,13,114.818,0,0.862897880841985
2,0.2,7.6,11.2,71.4,8.33088714,1.311045696,4.77415869621316,1.39,5.4,2.116,68.6,5.8,9.8,176.7372,0.42,-0.411056797357531
2,0.2,2.8,0,55.4,5.61879114,0.50583696,3.03855635896668,1.87,3,1.236,42.2,5.8,5,134.087976,0.68,-0.733582581858144
1.2,0.2,6,0,43.4,6.83121514,0.6575904,3.72562601372278,1.47,5.4,2.084,60.6,5,7.4,99.7156,0.38,-0.861809969656832
1.2,0.2,5.2,0,42.6,6.56435114,0.7937256,3.6545099748239,1.47,4.6,1.636,58.2,5,6.6,97.288704,0.18,-1.01417780066092
2,0.2,8.4,0,32.2,7.26917354,0.98552896,4.08749271486392,1.39,3.8,1.884,69.4,4.2,10.6,69.91832,0.13,-0.547188275856541
2,0.2,6.8,11.2,70.6,7.90785514,0.921928992,4.45696837914632,1.35,7,2.116,66.2,5.8,9,175.1476,0.42,-0.487429083658725
2,1.8,10,11.2,75.4,7.09061506,0.34517696,3.70393239817386,1.75,3.8,2.22,81.4,5.8,13.8,188.7236,0.55,0.7328836574425
0.4,0.2,10,0,46.6,7.82674234,0.50951296,4.12211629852615,1.43,3.8,2.116,71,5,10.6,108.0996,0.42,-0.262519920956919
1.2,0.2,9.2,11.2,72.2,8.32433514,1.759884,4.93757420531283,1.39,5.4,2.18,70.2,5.8,10.6,179.0308,0.5,-0.355718638659681
2,0.2,6,11.2,69.8,7.42408714,0.108117312,3.79758109389221,1.39,6.2,1.876,62.2,5.8,8.2,171.9292,0.12,-0.574648507858882
1.2,0.2,8.4,0,45.8,7.12439114,0.9741136,4.01144778649331,1.39,5.4,2.18,67.8,5,9.8,105.288,0.5,-0.413415616155334
1.2,0.2,7.6,0,45,7.04567114,0.8968176,3.9420373811952,1.35,7,2.116,65.4,5,9,103.8196,0.42,-0.47331426676007
2,0.2,2.8,0,26.6,6.40646314,0.203304184,3.30568473593971,1.59,3,1.444,31,4.2,5,58.9283296,0.42,-1.16499322215802
2,1.8,10,0,49.8,7.03240554,0.94945616,3.95912729397226,1.47,3.8,1.924,82.2,5,13.8,117.9316,0.18,0.584905975142675
2,0.2,4.4,11.2,68.2,7.19692794,0.322887384,3.86607312448352,1.47,4.6,1.556,57.4,5.8,6.6,167.721904,0.28,-1.0621582732592
2,0.2,6,0,44.2,6.85277514,0.5014,3.7208955602739,1.39,6.2,1.876,63,5,8.2,101.3636,0.12,-0.571497293555666
2,0.2,3.6,0,27.4,6.61976714,0.120236,3.36726975607252,1.43,3.8,1.588,56.6,4.2,5.8,61.2572,0.24,-1.10788659565785
2,1,10,11.2,74.6,6.04390098,0.315842552,3.13152207373385,1.83,3,1.652,78.2,5.8,13,186.47024,0.16,0.697426543943067
2,0.2,4.4,0,28.2,6.55422074,0.4819296,3.50842388688295,1.39,4.6,1.66,59,4.2,6.6,63.7168,0.15,-0.972493225958687
2,0.2,5.2,11.2,69,7.44849514,0.713000656,4.08556703663183,1.39,5.4,2.244,59.8,5.8,7.4,170.0356,0.58,-0.965545751455437
2,0.2,2.8,0,41,6.13107914,0.30883376,3.21767143012139,1.75,3,1.332,35.8,5,5,94.08828,0.56,-1.12100833315978
2,0.2,10,0,33.8,8.67262874,-0.4362,4.3067120591981,1.39,2.2,1.676,76.6,4.2,12.2,75.2908,0.13,0.480388954442816
2,0.2,3.6,0,41.8,6.46457194,0.4064312,3.42696469543209,1.55,3.8,1.42,55,5,5.8,95.9428,0.45,-1.09170589045877
2,0.5,8.5,7,63,7.37668785,0.93152856,4.03232070331982,1.45,4.5,1.99,72.5,5.5,11,153.5175,0.42,-0.423579476259846
2,0.5,5.5,0,53,5.68162785,0.4282731,3.0402660768041,1.75,3,1.44,56,5.5,8,126.861735,0.68,-0.340624620060197
2,0.5,7.5,0,37,6.61019685,-0.1105,3.36338163444329,1.475,5,1.665,69.5,4.5,10,84.8780225,0.23,0.346797658640782
1.5,0.5,7.5,0,45.5,6.43939285,0.523119,3.45337761459349,1.5,4.5,1.97,67.5,5,9.5,105.379,0.38,-0.379310228158801
1.5,0.5,7,0,45,6.27260285,0.6082035,3.41202931186675,1.5,4,1.69,66,5,9,103.86219,0.18,-0.586845602460898
2,0.5,9,0,38.5,6.71311685,0.7280806,3.65936014227255,1.45,3.5,1.845,73,4.5,11.5,86.7557,0.13,-0.0499871760611939
2,0.5,8,7,62.5,7.11229285,0.68833062,3.8627291254392,1.425,5.5,1.99,71,5.5,10.5,152.524,0.42,-0.641193947160872
2,1.5,10,7,65.5,6.6015178,0.3278606,3.44079612880428,1.675,3.5,2.055,80.5,5.5,13.5,161.009,0.55,0.769738211541181
1,0.5,10,0,47.5,7.06159735,0.4305706,3.67870263990197,1.475,3.5,1.99,74,5,11.5,110.619,0.42,0.314541148142808
1.5,0.5,9.5,7,63.5,7.37259285,1.2120525,4.11803995386979,1.45,4.5,2.03,73.5,5.5,11.5,154.951,0.5,0.0569184598398635
1.5,0.5,9,0,47,6.62262785,0.720946,3.61666054618364,1.45,4.5,2.03,72,5,11,108.86175,0.5,-0.143658011255837
1.5,0.5,8.5,0,46.5,6.57342785,0.672636,3.57742053079918,1.425,5.5,1.99,70.5,5,10.5,107.944,0.42,-0.364692544956569
2,0.5,5.5,0,35,6.17392285,0.239190115,3.20466715266029,1.575,3,1.57,49,4.5,8,79.886956,0.42,-0.558337324057874
2,1.5,10,0,49.5,6.56513685,0.7055351,3.58710591053125,1.5,3.5,1.87,81,5,13.5,116.764,0.18,0.575411106842722
2,0.5,6.5,7,61,6.66796335,0.313929615,3.53417722436937,1.5,4,1.64,65.5,5.5,9,147.88294,0.28,-0.671305112055933
2,0.5,7.5,0,46,6.45286785,0.4255,3.4506364756925,1.45,5,1.84,69,5,10,106.409,0.12,-0.484924275758175
2,0.5,6,0,35.5,6.30723785,0.1872725,3.24185232126435,1.475,3.5,1.66,65,4.5,8.5,81.3425,0.24,-0.59685735095897
2,1,10,7,65,5.9473215,0.309526595,3.09807342919559,1.725,3,1.7,78.5,5.5,13,159.60065,0.16,0.621375760144503
2,0.5,6.5,0,36,6.26627135,0.413331,3.32613269046279,1.45,4,1.705,66.5,4.5,9,82.87975,0.15,-0.532889918161317
2,0.5,7,7,61.5,6.82519285,0.55775041,3.65828256041749,1.45,4.5,2.07,67,5.5,9.5,149.329,0.58,-0.553657102055666
2,0.5,5.5,0,44,6.00180785,0.3051461,3.15107030239168,1.675,3,1.5,52,5,8,101.861925,0.56,-0.524067579356569
2,0.5,10,0,39.5,7.59027635,-0.1605,3.78081721219819,1.45,2.5,1.715,77.5,4.5,12.5,90.1135,0.13,0.521237187241269
2,0.5,6,0,44.5,6.21024085,0.3661445,3.27765359658944,1.55,3.5,1.555,64,5,8.5,103.021,0.45,-0.597338992359227
2,0.8,9.4,2.8,54.6,6.42248856,0.552011424,3.40575403731734,1.51,3.6,1.864,76.4,5.2,12.2,130.2978,0.42,-0.19088608906074
2,0.8,8.2,0,50.6,5.74446456,0.35070924,3.04197675665595,1.63,3,1.644,69.8,5.2,11,119.635494,0.68,0.128452289945045
2,0.8,9,0,44.2,6.11589216,0.1352,3.16739125435321,1.52,3.8,1.734,75.2,4.8,11.8,102.842009,0.23,0.322866062841996
1.8,0.8,9,0,47.6,6.04757056,0.3886476,3.20102364140911,1.53,3.6,1.856,74.4,5,11.6,111.0424,0.38,-0.196135981356719
1.8,0.8,8.8,0,47.4,5.98085456,0.4226814,3.18563750139959,1.53,3.4,1.744,73.8,5,11.4,110.435676,0.18,-0.177501897759583
2,0.8,9.6,0,44.8,6.15706016,0.47063224,3.276071074612,1.51,3.2,1.806,76.6,4.8,12.4,103.59308,0.13,0.205453431340203
2,0.8,9.2,2.8,54.4,6.31673056,0.454732248,3.34771867943433,1.5,4,1.864,75.8,5.2,12,129.9004,0.42,-0.425189845859649
2,1.2,10,2.8,55.6,6.11242054,0.31054424,3.19635369312666,1.6,3.2,1.89,79.6,5.2,13.2,133.2944,0.55,0.759329040841323
1.6,0.8,10,0,48.4,6.29645236,0.35162824,3.28298673127208,1.52,3.2,1.864,77,5,12.4,113.1384,0.42,0.530727429443715
1.8,0.8,9.8,2.8,54.8,6.42085056,0.664221,3.43453128125564,1.51,3.6,1.88,76.8,5.2,12.4,130.8712,0.5,0.01643295474517
2,0.8,9,2.8,54.2,6.19578856,0.251279328,3.21636873217976,1.51,3.8,1.804,74.8,5.2,11.8,129.0958,0.12,-0.483326967560942
1.8,0.8,9.6,0,48.2,6.12086456,0.4677784,3.26072635180819,1.51,3.6,1.88,76.2,5,12.2,112.4355,0.5,0.184129230344325
1.8,0.8,9.4,0,48,6.10118456,0.4484544,3.24652874050201,1.5,4,1.864,75.6,5,12,112.0684,0.42,-0.0759111894576279
2,0.8,8.2,0,43.4,5.94138256,0.275076046,3.1067365401439,1.56,3,1.696,67,4.8,11,100.8455824,0.42,0.250460107840837
2,1.2,10,0,49.2,6.09786816,0.46161404,3.25004170311943,1.53,3.2,1.816,79.8,5,13.2,115.5964,0.18,0.524444320942195
2,0.8,8.6,2.8,53.8,6.13899876,0.304971846,3.23077403118696,1.53,3.4,1.724,73.6,5.2,11.4,128.043976,0.28,-0.410617469557991
2,0.8,9,0,47.8,6.05296056,0.3496,3.20000706671356,1.51,3.8,1.804,75,5,11.8,111.4544,0.12,-0.172468063857167
2,0.8,8.4,0,43.6,5.99470856,0.254309,3.12110618816152,1.52,3.2,1.732,73.4,4.8,11.2,101.4278,0.24,0.102663109043561
2,1,10,2.8,55.4,5.85074202,0.303210638,3.06498205878636,1.62,3,1.748,78.8,5.2,13,132.73106,0.16,0.677423591741018
2,0.8,8.6,0,43.8,5.97832196,0.3447324,3.15331300642645,1.51,3.4,1.75,74,4.8,11.4,102.0427,0.15,-0.0649473146577009
2,0.8,8.8,2.8,54,6.20189056,0.402500164,3.27568515504956,1.51,3.6,1.896,74.2,5.2,11.6,128.6224,0.58,-0.482021909559052
2,0.8,8.2,0,47,5.87253656,0.30145844,3.08584772132567,1.6,3,1.668,68.2,5,11,109.63557,0.56,0.181627687842621
2,0.8,10,0,45.2,6.50792396,0.1152,3.31913965818177,1.51,2.8,1.754,78.4,4.8,12.8,104.9362,0.13,0.515584022244212
2,0.8,8.4,0,47.2,5.95590976,0.3258578,3.13484790594879,1.55,3.2,1.69,73,5,11.2,110.0992,0.45,0.115304293439323
2,0,7,14,77,8.96702,1.56405712,5.34307628524046,1.35,6,2.2,66,6,9,192.217,0,-0.32411982735627
2,0,2.2,2.8,61,6.254924,0.758848384,3.40064908940694,1.83,3.6,1.32,39.6,6,4.2,149.567776,1.1,-0.659003797859413
1.2,0,5.4,2.8,49,7.467348,0.910601824,4.16959411453724,1.43,6,2.168,58,5.2,6.6,115.1954,0.04,-0.802259080656739
1.2,0,4.6,2.8,48.2,7.200484,1.046737024,4.09000345885957,1.43,5.2,1.72,55.6,5.2,5.8,112.768504,0.6,-1.09720354245925
2,0,7.8,2.8,37.8,7.9053064,1.238540384,4.57458303767862,1.35,4.4,1.968,66.8,4.4,9.8,85.39812,0.29,-0.334398519465111
2,0,6.2,14,76.2,8.543988,1.174940416,4.98808765397188,1.31,7.6,2.2,63.6,6,8.2,190.6274,0,-0.264479957058001
2,1.6,9.4,14,81,7.72674792,0.598188384,4.14531535671704,1.71,4.4,2.304,78.8,6,13,204.2034,0.13,-0.37695004885515
0.4,0,9.4,2.8,52.2,8.4628752,0.762524384,4.61333257671729,1.39,4.4,2.2,68.4,5.2,9.8,123.5794,0,-0.427294374358979
1.2,0,8.6,14,77.8,8.960468,2.012895424,5.5259653735323,1.35,6,2.264,67.6,6,9.8,194.5106,0.0799999999999996,-0.413313029260252
2,0,5.4,14,75.4,8.06022,0.361128736,4.25012379671157,1.35,6.8,1.96,59.6,6,7.4,187.409,0.3,-0.627686896458698
1.2,0,7.8,2.8,51.4,7.760524,1.227125024,4.48947613628631,1.35,6,2.264,65.2,5.2,9,120.7678,0.0799999999999996,-0.239029285755322
1.2,0,7,2.8,50.6,7.681804,1.149829024,4.41179436781233,1.31,7.6,2.2,62.8,5.2,8.2,119.2994,0,-0.395664405957149
2,0,2.2,2.8,32.2,7.042596,0.456315608,3.69961009739594,1.55,3.6,1.528,28.4,4.4,4.2,74.4081296,0.84,-1.15643973175881
2,1.6,9.4,2.8,55.4,7.6685384,1.202467584,4.43092081782925,1.43,4.4,2.008,79.6,5.2,13,133.4114,0.24,-0.167566069157118
2,0,3.8,14,73.8,7.8330608,0.575898808,4.32677775140114,1.43,5.2,1.64,54.8,6,5.8,183.201704,0.7,-1.11518346435966
2,0,5.4,2.8,49.8,7.488908,0.754411424,4.16429995168061,1.35,6.8,1.96,60.4,5.2,7.4,116.8434,0.3,-0.650840246659726
2,0,3,2.8,33,7.2559,0.373247424,3.7685339605383,1.39,4.4,1.672,54,4.4,5,76.737,0.66,-1.05809779055832
2,0.8,9.4,14,80.2,6.68003384,0.568853976,3.50469316031452,1.79,3.6,1.736,75.6,6,12.2,201.95004,0.58,1.05186230194252
2,0,3.8,2.8,33.8,7.1903536,0.734941024,3.92650887023185,1.35,5.2,1.744,56.4,4.4,5.8,79.1966,0.57,-1.03342482065906
2,0,4.6,14,74.6,8.084628,0.96601208,4.57242788399613,1.35,6,2.328,57.2,6,6.6,185.5154,0.16,-0.856663616660597
2,0,2.2,2.8,46.6,6.767212,0.561845184,3.60110859440307,1.71,3.6,1.416,33.2,5.2,4.2,109.56808,0.98,-0.086833974956761
2,0,9.4,2.8,39.4,9.3087616,-0.183188576,4.81992588330019,1.35,2.8,1.76,74,4.4,11.4,90.7706,0.55,-0.393888454956112
2,0,3,2.8,47.4,7.1007048,0.659442624,3.83534250946524,1.51,4.4,1.504,52.4,5.2,5,111.4226,0.87,-1.08923863435754
2,0,4,7,67,7.27196,1.06080166,4.02854206571888,1.65,4.5,1.65,49.5,6,6,165.561235,1.1,-0.848195706158521
2,0,6,7,51,8.200529,0.52202856,4.45669032088937,1.375,6.5,1.875,63,5,8,123.5775225,0.65,0.187797733045073
1.5,0,6,7,59.5,8.029725,1.15564756,4.57594060445724,1.4,6,2.18,61,5.5,7.5,144.0785,0.04,-0.605153013456373
1.5,0,5.5,7,59,7.862935,1.24073206,4.52115152591191,1.4,5.5,1.9,59.5,5.5,7,142.56169,0.6,-0.735502208956831
2,0,7.5,7,52.5,8.303449,1.36060916,4.84888029348291,1.35,5,2.055,66.5,5,9.5,125.4552,0.29,-0.296902184861182
2,0,6.5,14,76.5,8.702625,1.32085918,5.11835687311523,1.325,7,2.2,64.5,6,8.5,191.2235,0,-0.203481286257528
2,1,8.5,14,79.5,8.19184995,0.96038916,4.55926935152389,1.575,5,2.265,74,6,11.5,199.7085,0.13,-0.386561381756991
1,0,8.5,7,61.5,8.6519295,1.06309916,4.87451030854992,1.375,5,2.2,67.5,5.5,9.5,149.3185,0,-0.361580106756236
1.5,0,8,14,77.5,8.962925,1.84458106,5.45665963549955,1.35,6,2.24,67,6,9.5,193.6505,0.0799999999999996,-0.387020029555941
2,0,6,14,76,8.40027,0.81222688,4.63097837744609,1.35,6.5,2.05,62,6,8,189.212,0.3,-0.387656231759109
1.5,0,7.5,7,61,8.21296,1.35347456,4.79230066700029,1.35,6,2.24,65.5,5.5,9,147.56125,0.0799999999999996,-0.246115130058541
1.5,0,7,7,60.5,8.16376,1.30516456,4.74030520060284,1.325,7,2.2,64,5.5,8.5,146.6435,0,-0.29163242825868
2,0,4,7,49,7.764255,0.871718675,4.24638373911358,1.475,4.5,1.78,42.5,5,6,118.586456,0.84,-0.775222257757349
2,1,8.5,7,63.5,8.155469,1.33806366,4.75313893248269,1.4,5,2.08,74.5,5.5,11.5,155.4635,0.24,-0.17633997165737
2,0,5,14,75,8.2582955,0.946458175,4.68300512402652,1.4,5.5,1.85,59,6,7,186.58244,0.7,-0.65169862975651
2,0,6,7,60,8.0432,1.05802856,4.57230842454547,1.35,6.5,2.05,62.5,5.5,8,145.1085,0.3,-0.456469739859102
2,0,4.5,7,49.5,7.89757,0.81980106,4.29565640543881,1.375,5,1.87,58.5,5,6.5,120.042,0.66,-0.521716787959093
2,0.5,8.5,14,79,7.53765365,0.942055155,4.10514041103928,1.625,4.5,1.91,72,6,11,198.30015,0.58,-0.295485696259647
2,0,5,7,50,7.8566035,1.04585956,4.40733314821494,1.35,5.5,1.915,60,5,7,121.57925,0.57,-0.684479775659355
2,0,5.5,14,75.5,8.415525,1.19027897,4.84745243035425,1.35,6,2.28,60.5,6,7.5,188.0285,0.16,-0.559357887060259
2,0,4,7,58,7.59214,0.93767466,4.17536457156621,1.575,4.5,1.71,45.5,5.5,6,140.561425,0.98,-0.762607876556075
2,0,8.5,7,53.5,9.1806085,0.47202856,5.0098184821196,1.35,4,1.925,71,5,10.5,128.813,0.55,-0.459237137553799
2,0,4.5,7,58.5,7.800573,0.99867306,4.3430953269049,1.45,5,1.765,57.5,5.5,6.5,141.7205,0.87,-0.503276449358026
2,0,5.8,11.2,73,8.288996,1.362754936,4.77236867097536,1.47,5.4,1.98,59.4,6,7.8,181.554694,1.1,-0.587452960658055
2,0,6.6,11.2,66.6,8.6604236,1.147245696,4.96912369824074,1.36,6.2,2.07,64.8,5.6,8.6,164.761209,0.65,-0.301848262056382
1.8,0,6.6,11.2,70,8.592102,1.400693296,5.02188746442158,1.37,6,2.192,64,5.8,8.4,172.9616,0.04,-0.328603446955611
1.8,0,6.4,11.2,69.8,8.525386,1.434727096,4.9977491036047,1.37,5.8,2.08,63.4,5.8,8.2,172.354876,0.6,-0.470152303957519
2,0,7.2,11.2,67.2,8.7015916,1.482677936,5.13962472795291,1.35,5.6,2.142,66.2,5.6,9.2,165.51228,0.29,-0.261986033662623
2,0,6.8,14,76.8,8.861262,1.466777944,5.25202821159438,1.34,6.4,2.2,65.4,6,8.8,191.8196,0,-0.304391029759216
2,0.4,7.6,14,78,8.65695198,1.322589936,5.01456107219011,1.44,5.6,2.226,69.2,6,10,195.2136,0.13,-0.403519788257626
1.6,0,7.6,11.2,70.8,8.8409838,1.363673936,5.15047427277982,1.36,5.6,2.2,66.6,5.8,9.2,175.0576,0,-0.337950149259058
1.8,0,7.4,14,77.2,8.965382,1.676266696,5.3882231184987,1.35,6,2.216,66.4,6,9.2,192.7904,0.0799999999999996,-0.356284771557483
2,0,6.6,14,76.6,8.74032,1.263325024,5.04596142563343,1.35,6.2,2.14,64.4,6,8.6,191.015,0.3,-0.213908416458224
1.8,0,7.2,11.2,70.6,8.665396,1.479824096,5.11555134402139,1.35,6,2.216,65.8,5.8,9,174.3547,0.0799999999999996,-0.317454398856142
1.8,0,7,11.2,70.4,8.645716,1.460500096,5.09327759217498,1.34,6.4,2.2,65.2,5.8,8.8,173.9876,0,-0.253091176559764
2,0,5.8,11.2,65.8,8.485914,1.287121742,4.87396627890606,1.4,5.4,2.032,56.6,5.6,7.8,162.7647824,0.84,-0.548623948458925
2,0.4,7.6,11.2,71.6,8.6423996,1.473659736,5.0987888613525,1.37,5.6,2.152,69.4,5.8,10,177.5156,0.24,-0.389756950556119
2,0,6.2,14,76.2,8.6835302,1.317017542,5.06856100583323,1.37,5.8,2.06,63.2,6,8.2,189.963176,0.7,-0.46617808125572
2,0,6.6,11.2,70.2,8.597492,1.361645696,5.02029262342939,1.35,6.2,2.14,64.6,5.8,8.6,173.3736,0.3,-0.236753869859029
2,0,6,11.2,66,8.53924,1.266354696,4.89650992847939,1.36,5.6,2.068,63,5.6,8,163.347,0.66,-0.530088097958441
2,0.2,7.6,14,77.8,8.39527346,1.315256334,4.80846026270539,1.46,5.4,2.084,68.4,6,9.8,194.65026,0.58,-0.410495562557998
2,0,6.2,11.2,66.2,8.5228534,1.356778096,4.94703720819743,1.35,5.8,2.086,63.6,5.6,8.2,163.9619,0.57,-0.417117316758748
2,0,6.4,14,76.4,8.746422,1.41454586,5.13901928268602,1.35,6,2.232,63.8,6,8.4,190.5416,0.16,-0.295728421860048
2,0,5.8,11.2,69.4,8.417068,1.313504136,4.84119510658081,1.44,5.4,2.004,57.8,5.8,7.8,171.55477,0.98,-0.600703543956996
2,0,7.6,11.2,67.6,9.0524554,1.127245696,5.20719235761409,1.35,5.2,2.09,68,5.6,9.6,166.8554,0.55,-0.307491086662566
2,0,6,11.2,69.6,8.5004412,1.337903496,4.91806845725836,1.39,5.6,2.026,62.6,5.8,8,172.0184,0.87,-0.590840641757467
2,0,1,0,57,5.5769,0.5575462,3.03741708126036,1.95,3,1.1,33,6,3,138.90547,0,-0.687573846057575
1.2,0,4.2,0,45,6.789324,0.70929964,3.72422912580691,1.55,5.4,1.948,51.4,5.2,5.4,104.533094,1.06,-0.586050894059525
1.2,0,3.4,0,44.2,6.52246,0.84543484,3.65313975118808,1.55,4.6,1.5,49,5.2,4.6,102.106198,0.5,-0.726952800257067
2,0,6.6,0,33.8,7.2272824,1.0372382,4.08596014848218,1.47,3.8,1.748,60.2,4.4,8.6,74.735814,0.81,1.15353736564524
2,0,5,11.2,72.2,7.865964,0.973638232,4.45529728139059,1.43,7,1.98,57,6,7,179.965094,1.1,-0.726602861860528
2,1.6,8.2,11.2,77,7.04872392,0.3968862,3.7025436440721,1.83,3.8,2.084,72.2,6,11.8,193.541094,1.23,0.467162453141128
0.4,0,8.2,0,48.2,7.7848512,0.5612222,4.12057075036217,1.51,3.8,1.98,61.8,5.2,8.6,112.917094,1.1,-0.458477531857142
1.2,0,7.4,11.2,73.8,8.282444,1.81159324,4.93572290898956,1.47,5.4,2.044,61,6,8.6,183.848294,1.18,-0.447723592859774
2,0,4.2,11.2,71.4,7.382196,0.159826552,3.79615722710579,1.47,6.2,1.74,53,6,6.2,176.746694,0.8,-0.879342808558221
1.2,0,6.6,0,47.4,7.0825,1.02582284,4.00994373243167,1.47,5.4,2.044,58.6,5.2,7.8,110.105494,1.18,-0.759913269156613
1.2,0,5.8,0,46.6,7.00378,0.94852684,3.94055935190256,1.43,7,1.98,56.2,5.2,7,108.637094,1.1,-0.63230630096129
2,0,1,0,28.2,6.364572,0.255013424,3.30444530099796,1.67,3,1.308,21.8,4.4,3,63.7458236,0.26,-0.905740980158015
2,1.6,8.2,0,51.4,6.9905144,1.0011654,3.95764285697994,1.55,3.8,1.788,73,5.2,11.8,122.749094,0.86,0.441680896944519
2,0,2.6,11.2,69.8,7.1550368,0.374596624,3.86462357726392,1.55,4.6,1.42,48.2,6,4.6,172.539398,0.4,-0.712743423758155
2,0,4.2,0,45.8,6.810884,0.55310924,3.71950044599641,1.47,6.2,1.74,53.8,5.2,6.2,106.181094,0.8,-0.799103784559492
2,0,1.8,0,29,6.577876,0.17194524,3.36600723041525,1.51,3.8,1.452,47.4,4.4,3.8,66.074694,0.44,-0.953413283855269
2,0.8,8.2,11.2,76.2,6.00200984,0.367551792,3.13034793942006,1.91,3,1.516,69,6,11,191.287734,0.52,0.245363007540647
2,0,2.6,0,29.8,6.5123296,0.53363884,3.50710843683154,1.47,4.6,1.524,49.8,4.4,4.6,68.534294,0.53,-0.644646255356719
2,0,3.4,11.2,70.6,7.406604,0.764709896,4.08403519226476,1.47,5.4,2.108,50.6,6,5.4,174.853094,1.26,-0.671883490055706
2,0,1,0,42.6,6.089188,0.360543,3.21646499492864,1.83,3,1.196,26.6,5.2,3,98.905774,0.12,-0.922380333257905
2,0,8.2,0,35.4,8.6307376,-0.38449076,4.30509729861546,1.47,2.2,1.54,67.4,4.4,10.2,80.108294,0.55,-0.0141369941620439
2,0,1.8,0,43.4,6.4226808,0.45814044,3.42567978772704,1.63,3.8,1.284,45.8,5.2,3.8,100.760294,0.23,-0.934639197660516
2,0,3,0,41,6.505469,0.0187731,3.36022985132749,1.675,5,1.325,46.5,5,5,96.9217575,0.45,-0.388703733958181
1.5,0,3,0,49.5,6.334665,0.6523921,3.45014149736353,1.7,4.5,1.63,44.5,5.5,4.5,117.422735,1.06,-0.872222405657311
1.5,0,2.5,0,49,6.167875,0.7374766,3.40883194161723,1.7,4,1.35,43,5.5,4,115.905925,0.5,-0.844618361558759
2,0,4.5,0,42.5,6.608389,0.8573537,3.65593100137669,1.65,3.5,1.505,50,5,6.5,98.799435,0.81,-0.432811890560487
2,0,3.5,7,66.5,7.007565,0.81760372,3.85910940999752,1.625,5.5,1.65,48,6,5.5,164.567735,1.1,-0.94854611975731
2,1,5.5,7,69.5,6.49678995,0.4571337,3.43757180152824,1.875,3.5,1.715,57.5,6,8.5,173.052735,1.23,-0.451336992557998
1,0,5.5,0,51.5,6.9568695,0.5598437,3.67525537339206,1.675,3.5,1.65,51,5.5,6.5,122.662735,1.1,-0.30752482875593
1.5,0,5,7,67.5,7.267865,1.3413256,4.11418098982483,1.65,4.5,1.69,50.5,6,6.5,166.994735,1.18,-0.207741636658255
2,0,3,7,66,6.70521,0.30897142,3.49163856232244,1.65,5,1.5,45.5,6,5,162.556235,0.8,-0.850289350054453
1.5,0,4.5,0,51,6.5179,0.8502191,3.61327141854844,1.65,4.5,1.69,49,5.5,6,120.905485,1.18,-0.746217371560277
1.5,0,4,0,50.5,6.4687,0.8019091,3.57406817449455,1.625,5.5,1.65,47.5,5.5,5.5,119.987735,1.1,-0.811296389357239
2,0,1,0,39,6.069195,0.368463215,3.20166409891222,1.775,3,1.23,26,5,3,91.930691,0.26,-0.840083584459507
2,1,5.5,0,53.5,6.460409,0.8348082,3.58374447817769,1.7,3.5,1.53,58,5.5,8.5,128.807735,0.86,-0.392792516456183
2,0,2,7,65,6.5632355,0.443202715,3.53086539082959,1.7,4,1.3,42.5,6,4,159.926675,0.4,-0.886516817757155
2,0,3,0,50,6.34814,0.5547731,3.44740292714973,1.65,5,1.5,46,5.5,5,118.452735,0.8,-0.735187645356717
2,0,1.5,0,39.5,6.20251,0.3165456,3.23881442175707,1.675,3.5,1.32,42,5,3.5,93.386235,0.44,-0.897293614259041
2,0.5,5.5,7,69,5.84259365,0.438799695,3.09517026310059,1.925,3,1.36,55.5,6,8,171.644385,0.52,-0.413238470059667
2,0,2,0,40,6.1615435,0.5426041,3.32301581286932,1.65,4,1.365,43.5,5,4,94.923485,0.53,0.0690565057421111
2,0,2.5,7,65.5,6.720465,0.68702351,3.65485442931019,1.65,4.5,1.73,44,6,4.5,161.372735,1.26,-0.856283337557187
2,0,1,0,48,5.89708,0.4344192,3.14811747358568,1.875,3,1.16,29,5.5,3,113.90566,0.12,-0.84677704065777
2,0,5.5,0,43.5,7.4855485,-0.0312269,3.77727425539207,1.65,2.5,1.375,54.5,5,7.5,102.157235,0.55,-0.445903967657586
2,0,1.5,0,48.5,6.105513,0.4954176,3.27458214815214,1.75,3.5,1.215,41,5.5,3.5,115.064735,0.23,-0.879774517160485
2,0,1.8,0,50.6,5.9483276,0.34203696,3.16264359284032,1.84,3.8,1.19,38.4,5.6,3.8,122.111985,0.45,-0.696909119457786
1.8,0,1.8,0,54,5.880006,0.59548456,3.19622556768732,1.85,3.6,1.312,37.6,5.8,3.6,130.312376,1.06,-0.692362097258382
1.8,0,1.6,0,53.8,5.81329,0.62951836,3.1808624902485,1.85,3.4,1.2,37,5.8,3.4,129.705652,0.5,-0.784909782457333
2,0,2.4,0,51.2,5.9894956,0.6774692,3.27116051090029,1.83,3.2,1.262,39.8,5.6,4.4,122.863056,0.81,-0.0649088105592171
2,0,2,2.8,60.8,6.149166,0.661569208,3.34270072179854,1.82,4,1.32,39,6,4,149.170376,1.1,-0.658162013659393
2,0.4,2.8,2.8,62,5.94485598,0.5173812,3.19156261927698,1.92,3.2,1.346,42.8,6,5.2,152.564376,1.23,-0.787753099960327
1.6,0,2.8,0,54.8,6.1288878,0.5584652,3.2780658015543,1.84,3.2,1.32,40.2,5.8,4.4,132.408376,1.1,-0.698304655360488
1.8,0,2.6,2.8,61.2,6.253286,0.87105796,3.42938319860042,1.83,3.6,1.336,40,6,4.4,150.141176,1.18,-0.006656856959097
2,0,1.8,2.8,60.6,6.028224,0.458116288,3.21154765741672,1.83,3.8,1.26,38,6,3.8,148.365776,0.8,-0.659674422359757
1.8,0,2.4,0,54.6,5.9533,0.67461536,3.25583878858616,1.83,3.6,1.336,39.4,5.8,4.2,131.705476,1.18,-0.680234527658257
1.8,0,2.2,0,54.4,5.93362,0.65529136,3.24166245834297,1.82,4,1.32,38.8,5.8,4,131.338376,1.1,-0.683685067257983
2,0,1,0,49.8,5.773818,0.481913006,3.10207979510742,1.88,3,1.152,30.2,5.6,3,120.1155584,0.26,-0.767240206455398
2,0.4,2.8,0,55.6,5.9303036,0.668451,3.24517015531555,1.85,3.2,1.272,43,5.8,5.2,134.866376,0.86,-0.763605037757742
2,0,1.4,2.8,60.2,5.9714342,0.511808806,3.22593136405399,1.85,3.4,1.18,36.8,6,3.4,147.313952,0.4,-0.812367429359227
2,0,1.8,0,54.2,5.885396,0.55643696,3.19521051675443,1.83,3.8,1.26,38.2,5.8,3.8,130.724376,0.8,-0.674320949757174
2,0,1.2,0,50,5.827144,0.46114596,3.11642790419304,1.84,3.2,1.188,36.6,5.6,3.2,120.697776,0.44,-0.76098947945772
2,0.2,2.8,2.8,61.8,5.68317746,0.510047598,3.06038790031661,1.94,3,1.204,42,6,5,152.001036,0.52,-0.753616827160812
2,0,1.4,0,50.2,5.8107574,0.55156936,3.14858644706056,1.83,3.4,1.206,37.2,5.6,3.4,121.312676,0.53,-0.750446836957934
2,0,1.6,2.8,60.4,6.034326,0.609337124,3.27077516979985,1.83,3.6,1.352,37.4,6,3.6,147.892376,1.26,-0.79251209895935
2,0,1,0,53.4,5.704972,0.5082954,3.08122228692725,1.92,3,1.124,31.4,5.8,3,128.905546,0.12,-0.774886877358739
2,0,2.8,0,51.6,6.3403594,0.32203696,3.31416453817114,1.83,2.8,1.21,41.6,5.6,4.8,124.206176,0.55,-0.690991323756833
2,0,1.2,0,53.6,5.7883452,0.53269476,3.13014902426458,1.87,3.2,1.146,36.2,5.8,3.2,129.369176,0.23,-0.777539307159685
1.2,0,5,0,38.6,7.1607516,0.4937904,3.87777149726015,1.44,6.2,2.038,56.8,4.8,6.2,87.739609,0.61,-0.809083423558121
1.2,0,4.2,0,37.8,6.8938876,0.6299256,3.80375125270948,1.44,5.4,1.59,54.4,4.8,5.4,85.312713,0.05,-0.927782201058079
2,0,7.4,0,27.4,7.59871,0.82172896,4.25441595226558,1.36,4.6,1.838,65.6,4,9.4,57.942329,0.36,-0.414381348155956
2,0,5.8,11.2,65.8,8.2373916,0.758128992,4.63898010191674,1.32,7.8,2.07,62.4,5.6,7.8,163.171609,0.65,-0.360291239651787
2,1.6,9,11.2,70.6,7.42015152,0.18137696,3.85519196734001,1.72,4.6,2.174,77.6,5.6,12.6,176.747609,0.78,0.0973611069430547
0.4,0,9,0,41.8,8.1562788,0.34571296,4.29045347867426,1.4,4.6,2.07,67.2,4.8,9.4,96.123609,0.65,-0.32352144905505
1.2,0,8.2,11.2,67.4,8.6538716,1.596084,5.13921269833439,1.36,6.2,2.134,66.4,5.6,9.4,167.054809,0.73,-0.301576828561309
1.2,0,7.4,0,41,7.4539276,0.8103136,4.1752655344135,1.36,6.2,2.134,64,4.8,8.6,93.312009,0.73,-0.317466643958113
1.2,0,6.6,0,40.2,7.3752076,0.7330176,4.10302057738161,1.32,7.8,2.07,61.6,4.8,7.8,91.843609,0.65,-0.396129856656415
2,1.6,9,0,45,7.361942,0.78565616,4.12080840053225,1.44,4.6,1.878,78.4,4.8,12.6,105.955609,0.41,0.205376695143997
2,0,3.4,11.2,63.4,7.5264644,0.159087384,4.02395412562233,1.44,5.4,1.51,53.6,5.6,5.4,155.745913,0.05,-0.956171157659782
2,0,5,0,39.4,7.1823116,0.3376,3.87284786362499,1.36,7,1.83,59.2,4.8,7,89.387609,0.35,-0.581817755056335
2,0,2.6,0,22.6,6.9493036,-0.043564,3.5047808436995,1.4,4.6,1.542,52.8,4,4.6,49.281209,0.01,-1.00724855785572
2,0.8,9,11.2,69.8,6.37343744,0.152042552,3.25940580075348,1.8,3.8,1.606,74.4,5.6,11.8,174.494249,0.0700000000000001,0.145612877041486
2,0,4.2,11.2,64.2,7.7780316,0.549200656,4.25241163402918,1.36,6.2,2.198,56,5.6,6.2,158.059609,0.81,-0.856705930457764
2,0,1.8,0,36.2,6.4606156,0.14503376,3.34907328682869,1.72,3.8,1.286,32,4.8,3.8,82.112289,0.33,-1.06870002605771
2,0,9,0,29,9.0021652,-0.6,4.48258768017815,1.36,3,1.63,72.8,4,11,63.314809,0.0999999999999999,0.0107204689420826
2,0,2.6,0,37,6.7941084,0.2426312,3.56691357884967,1.52,4.6,1.374,51.2,4.8,4.6,83.966809,0.22,-0.977154399856744
1.5,0,5,0,33.5,7.263234,0.113619,3.81681808608717,1.425,6.5,1.855,58,4.5,6.5,75.4390225,0.61,-0.650834260056371
1.5,0,4.5,0,33,7.096444,0.1987035,3.77111820403271,1.425,6,1.575,56.5,4.5,6,73.9222125,0.05,-0.762061471958958
2,1,7.5,7,53.5,7.42535895,-0.0816394,3.80291249918952,1.6,5.5,1.94,71,5,10.5,131.0690225,0.78,2.73938851744336
2,0,5,7,50,7.633779,-0.22980168,3.86272540559153,1.375,7,1.725,59,5,7,120.5725225,0.35,-0.60359856305783
1.5,0,6.5,0,35,7.446469,0.311446,3.99728524490843,1.375,6.5,1.915,62.5,4.5,8,78.9217725,0.73,1.35097432324349
1.5,0,6,0,34.5,7.397269,0.263136,3.95391553063657,1.35,7.5,1.875,61,4.5,7.5,78.0040225,0.65,-0.21372269876062
2,0,3,0,23,6.997764,-0.170309885,3.5419328301875,1.5,5,1.455,39.5,4,5,49.9469785,0.19,-0.75271150435853
2,1,7.5,0,37.5,7.388978,0.2960351,3.9646202193957,1.425,5.5,1.755,71.5,4.5,10.5,86.8240225,0.41,0.787444522939978
2,0,4,7,49,7.4918045,-0.095570385,3.90612121084193,1.425,6,1.525,56,5,6,117.9429625,0.05,-0.838457568256644
2,0,3.5,0,23.5,7.131079,-0.2222275,3.58303144143187,1.4,5.5,1.545,55.5,4,5.5,51.4025225,0.01,-0.817584259856602
2,0.5,7.5,7,53,6.77116265,-0.099973405,3.42412096684994,1.65,5,1.585,69,5,10,129.6606725,0.0700000000000001,1.57420413534149
2,0,4,0,24,7.0901125,0.0038309999999999,3.67618164779775,1.375,6,1.59,57,4,6,52.9397725,0.0799999999999999,-1.38525876215769
2,0,4.5,7,49.5,7.649034,0.14825041,4.04328764442471,1.375,6.5,1.955,57.5,5,6.5,119.3890225,0.81,-0.661887660257861
2,0,3,0,32,6.825649,-0.1043539,3.48269533857985,1.6,5,1.385,42.5,4.5,5,71.9219475,0.33,-0.530493547658779
2,0,7.5,0,27.5,8.4141175,-0.57,4.17871809173884,1.375,4.5,1.6,68,4,9.5,60.1735225,0.0999999999999999,-0.188327130562328
2,0,3.5,0,32.5,7.034082,-0.0433555,3.62260051565889,1.475,5.5,1.44,54.5,4.5,5.5,73.0810225,0.22,-0.755374274361174
1.8,0,5,0,28.4,7.3657164,-0.2665524,3.75682278148036,1.41,6.8,1.672,59.2,4.2,6.8,63.138436,0.61,-0.53788973785683
2,0,5.6,0,25.6,7.475206,-0.18456776,3.84490082723454,1.39,6.4,1.622,61.4,4,7.6,55.689116,0.36,-0.645824780461197
2,0,5.2,2.8,35.2,7.6348764,-0.200467752,3.92898872666553,1.38,7.2,1.68,60.6,4.4,7.2,81.996436,0.65,-0.613926099561439
2,0,5,2.8,35,7.5139344,-0.403920672,3.77483226627306,1.39,7,1.62,59.6,4.4,7,81.191836,0.35,-0.652061085361282
2,0,5,0,28.6,7.3711064,-0.3056,3.75562969720384,1.39,7,1.62,59.8,4.2,7,63.550436,0.35,-0.597754102053813
2,0,4.6,0,24.6,7.2964678,-0.3104676,3.700828068382,1.39,6.6,1.566,58.8,4,6.6,54.138736,0.0799999999999999,-0.457629080857231
2,0,4.8,2.8,34.8,7.5200364,-0.252699836,3.84444789980681,1.39,6.8,1.712,59,4.4,6.8,80.718436,0.81,-0.594640575457532
1,0,5,0,42,7.09243,0.747238,3.91894693200663,1.45,6,2.16,56,5,6,95.94,0,-0.989086999957152
1,0,4.2,0,41.2,6.825566,0.8833732,3.84414071650549,1.45,5.2,1.712,53.6,5,5.2,93.513104,0.56,-1.29874316045877
1.8,0,7.4,0,30.8,7.5303884,1.07517656,4.29959071992548,1.37,4.4,1.96,64.8,4.2,9.2,66.14272,0.25,-0.43470716346107
1.8,0,5.8,11.2,69.2,8.16907,1.011576592,4.688238296375,1.33,7.6,2.192,61.6,5.8,7.6,171.372,0.04,-0.494040225358702
1.8,1.6,9,11.2,74,7.35182992,0.43482456,3.89612764531859,1.73,4.4,2.296,76.8,5.8,12.4,184.948,0.17,0.917633987643995
0.2,0,9,0,45.2,8.0879572,0.59916056,4.33601090447122,1.41,4.4,2.192,66.4,5,9.2,104.324,0.04,-0.275613630760716
1,0,8.2,11.2,70.8,8.58555,1.8495316,5.19378252465296,1.37,6,2.256,65.6,5.8,9.2,175.2552,0.12,-0.119483689856651
1.8,0,5,11.2,68.4,7.685302,0.197764912,3.99463572622098,1.37,6.8,1.952,57.6,5.8,6.8,168.1536,0.26,-0.67472381425884
1,0,7.4,0,44.4,7.385606,1.0637612,4.21959985727986,1.37,6,2.256,63.2,5,8.4,101.5124,0.12,-0.460483827056095
1,0,6.6,0,43.6,7.306886,0.9864652,4.14658777987583,1.33,7.6,2.192,60.8,5,7.6,100.044,0.04,-0.563432791756867
1.8,0,1.8,0,25.2,6.667678,0.292951784,3.47721510596475,1.57,3.6,1.52,26.4,4.2,3.6,55.1527296,0.8,-1.03823674566135
1.8,1.6,9,0,48.4,7.2936204,1.03910376,4.16456447989866,1.45,4.4,2,77.6,5,12.4,114.156,0.2,0.826320202541893
1.8,0,3.4,11.2,66.8,7.4581428,0.412534984,4.06668177490221,1.45,5.2,1.632,52.8,5.8,5.2,163.946304,0.66,-1.2211973831572
1.8,0,5,0,42.8,7.11399,0.5910476,3.91397101763353,1.37,6.8,1.952,58.4,5,6.8,97.588,0.26,-0.630986548857408
1.8,0,2.6,0,26,6.880982,0.2098836,3.5419957427807,1.41,4.4,1.664,52,4.2,4.4,57.4816,0.62,-1.0696486148581
1.8,0.8,9,11.2,73.2,6.30511584,0.405490152,3.2940152280898,1.81,3.6,1.728,73.6,5.8,11.6,182.69464,0.54,0.958448206242821
1.8,0,3.4,0,26.8,6.8154356,0.5715772,3.69047429265181,1.37,5.2,1.736,54.4,4.2,5.2,59.9412,0.53,-1.26352986095569
1.8,0,4.2,11.2,67.6,7.70971,0.802648256,4.29756511918834,1.37,6,2.32,55.2,5.8,6,166.26,0.2,-0.865776845256704
1.8,0,1.8,0,39.6,6.392294,0.39848136,3.38463483259807,1.73,3.6,1.408,31.2,5,3.6,90.31268,0.94,-1.02056526485737
1.8,0,9,0,32.4,8.9338436,-0.3465524,4.53018524920742,1.37,2.8,1.752,72,4.2,10.8,71.5152,0.51,-0.466684077057806
1.8,0,2.6,0,40.4,6.7257868,0.4960788,3.60478822345316,1.53,4.4,1.496,50.4,5,4.4,92.1672,0.83,-1.04322105485969
1,0,4.5,0,41.5,6.92564,0.8323225,3.87202423133531,1.45,5.5,1.88,54.5,5,5.5,94.42319,0.56,-0.851336307957325
1.5,0,6.5,0,35,7.366154,0.9521996,4.15269912623051,1.4,5,2.035,61.5,4.5,8,77.3167,0.25,-0.606613720460672
1.5,0,5.5,7,59,7.76533,0.91244962,4.38348542926273,1.375,7,2.18,59.5,5.5,7,143.085,0.04,-0.644105837257456
0.5,0,7.5,0,44,7.7146345,0.6546896,4.17464929508023,1.425,5,2.18,62.5,5,8,101.18,0.04,-0.604244425258884
1,0,7,7,60,8.02563,1.4361715,4.67321615073319,1.4,6,2.22,62,5.5,8,145.512,0.12,-0.470261149456718
1.5,0,5,7,58.5,7.462975,0.40381732,3.96608262065369,1.4,6.5,2.03,57,5.5,6.5,141.0735,0.26,-0.767018297558906
1,0,6.5,0,43.5,7.275665,0.945065,4.10424295671594,1.4,6,2.22,60.5,5,7.5,99.42275,0.12,-0.638534034357662
1,0,6,0,43,7.226465,0.896755,4.05971277349677,1.375,7,2.18,59,5,7,98.505,0.04,-0.66564609665781
1.5,0,3,0,31.5,6.82696,0.463309115,3.63670640967506,1.525,4.5,1.76,37.5,4.5,4.5,70.447956,0.8,-0.880356840755638
1.5,1,7.5,0,46,7.218174,0.9296541,4.07070389390767,1.45,5,2.06,69.5,5,10,107.325,0.2,-0.30261303795757
1.5,0,4,7,57.5,7.3210005,0.538048615,4.01063959298306,1.45,5.5,1.83,54,5.5,5.5,138.44394,0.66,-0.809214310257602
1.5,0,5,0,42.5,7.105905,0.649619,3.9158362447071,1.4,6.5,2.03,57.5,5,6.5,96.97,0.26,-0.715377349758427
1.5,0,3.5,0,32,6.960275,0.4113915,3.67890472062756,1.425,5,1.85,53.5,4.5,5,71.9035,0.62,-0.862350523754657
1.5,0,4,0,32.5,6.9193085,0.63745,3.77454740183996,1.4,5.5,1.895,55,4.5,5.5,73.44075,0.53,-0.865465410958649
1.5,0,4.5,7,58,7.47823,0.78186941,4.15147626948671,1.4,6,2.26,55.5,5.5,6,139.89,0.2,-0.766593255756533
1.5,0,3,0,40.5,6.654845,0.5292651,3.57588386567124,1.625,4.5,1.69,40.5,5,4.5,92.422925,0.94,-0.834921448858012
1.5,0,7.5,0,36,8.2433135,0.063619,4.29053050891631,1.4,4,1.905,66,4.5,9,80.6745,0.51,-0.621623111654998
1.5,0,3.5,0,41,6.863278,0.5902635,3.71953256784134,1.5,5,1.745,52.5,5,5,93.582,0.83,-0.871687429959792
1,0,4.8,0,41.8,7.025714,0.7812718,3.90010999953111,1.45,5.8,2.048,55.4,5,5.8,95.333276,0.56,-0.822042300859692
1.2,0,5.6,0,39.2,7.2019196,0.82922264,4.01082594979982,1.43,5.6,2.11,58.2,4.8,6.8,88.49068,0.25,-0.902124587259976
1.2,0,5.2,2.8,48.8,7.36159,0.813322648,4.09854262813728,1.42,6.4,2.168,57.4,5.2,6.4,114.798,0.04,-0.801136338958685
1.2,0.4,6,2.8,50,7.15727998,0.66913464,3.91322961106673,1.52,5.6,2.194,61.2,5.2,7.6,118.192,0.17,-0.717312487157841
0.8,0,6,0,42.8,7.3413118,0.71021864,4.01929264498452,1.44,5.6,2.168,58.6,5,6.8,98.036,0.04,-0.93370802415572
1,0,5.8,2.8,49.2,7.46571,1.0228114,4.20482549814363,1.43,6,2.184,58.4,5.2,6.8,115.7688,0.12,-0.88045452955609
1.2,0,5,2.8,48.6,7.240648,0.609869728,3.93773360874936,1.43,6.2,2.108,56.4,5.2,6.2,113.9934,0.26,-0.833887688359909
1,0,5.6,0,42.6,7.165724,0.8263688,3.99203972355126,1.43,6,2.184,57.8,5,6.6,97.3331,0.12,-0.825481411658046
1,0,5.4,0,42.4,7.146044,0.8070448,3.97465788214577,1.42,6.4,2.168,57.2,5,6.4,96.966,0.04,-0.793096191357989
1.2,0,4.2,0,37.8,6.986242,0.633666446,3.8035131871723,1.48,5.4,2,48.6,4.8,5.4,85.7431824,0.8,-1.0760185276549
1.2,0.4,6,0,43.6,7.1427276,0.82020444,3.97895872950401,1.45,5.6,2.12,61.4,5,7.6,100.494,0.2,-0.779448593856586
1.2,0,4.6,2.8,48.2,7.1838582,0.663562246,3.95536971790476,1.45,5.8,2.028,55.2,5.2,5.8,112.941576,0.66,-0.858863657055707
1.2,0,5,0,42.2,7.09782,0.7081904,3.91770236066615,1.43,6.2,2.108,56.6,5,6.2,96.352,0.26,-0.80439394975744
1.2,0,4.4,0,38,7.039568,0.6128994,3.8211056495597,1.44,5.6,2.036,55,4.8,5.6,86.3254,0.62,-1.1454253800575
1.2,0.2,6,2.8,49.8,6.89560146,0.661801038,3.75239404062902,1.54,5.4,2.052,60.4,5.2,7.4,117.62866,0.54,-0.809946568656386
1.2,0,4.6,0,38.2,7.0231814,0.7033228,3.86053578996737,1.43,5.8,2.054,55.6,4.8,5.8,86.9403,0.53,0.200890082241159
1.2,0,4.8,2.8,48.4,7.24675,0.761090564,4.01035347647421,1.43,6,2.2,55.8,5.2,6,113.52,0.2,-1.11347608595949
1.2,0,6,0,39.6,7.5527834,0.4737904,4.06355392445868,1.43,5.2,2.058,60,4.8,7.2,89.8338,0.51,-0.945029592562577
1.2,0,4.4,0,41.6,7.0007692,0.6844482,3.83792934997424,1.47,5.6,1.994,54.6,5,5.6,94.9968,0.83,-0.523143072557076
1,0,4,0,41,6.75885,0.917407,3.82566334991708,1.45,5,1.6,53,5,5,92.90638,0,-0.943553102856612
1.8,0,7.2,0,30.6,7.4636724,1.10921036,4.27892417315443,1.37,4.2,1.848,64.2,4.2,9,65.535996,0.31,-0.369979988957283
1.8,0,5.6,11.2,69,8.102354,1.045610392,4.66570366404898,1.33,7.4,2.08,61,5.8,7.4,170.765276,0.6,-0.575377092659409
1.8,1.6,8.8,11.2,73.8,7.28511392,0.46885836,3.87740039673774,1.73,4.2,2.184,76.2,5.8,12.2,184.341276,0.73,-0.199778633256727
0.2,0,8.8,0,45,8.0212412,0.63319436,4.31516929930592,1.41,4.2,2.08,65.8,5,9,103.717276,0.6,-0.213357113755563
1,0,8,11.2,70.6,8.518834,1.8835654,5.16881792768167,1.37,5.8,2.144,65,5.8,9,174.648476,0.68,-0.132321068459504
1.8,0,4.8,11.2,68.2,7.618586,0.231798712,3.975434985628,1.37,6.6,1.84,57,5.8,6.6,167.546876,0.3,-0.775463758759514
1,0,7.2,0,44.2,7.31889,1.097795,4.19931779708248,1.37,5.8,2.144,62.6,5,8.2,100.905676,0.68,-0.575034637457947
1,0,6.4,0,43.4,7.24017,1.020499,4.12665666180546,1.33,7.4,2.08,60.2,5,7.4,99.437276,0.6,-0.615712390855123
1.8,0,1.6,0,25,6.600962,0.326985584,3.4605014154529,1.57,3.4,1.408,25.8,4.2,3.4,54.5460056,0.24,-0.975764714558835
1.8,1.6,8.8,0,48.2,7.2269044,1.07313756,4.14454695446163,1.45,4.2,1.888,77,5,12.2,113.549276,0.36,-0.0226080340571286
1.8,0,3.2,11.2,66.6,7.3914268,0.446568784,4.04713473552598,1.45,5,1.52,52.2,5.8,5,163.33958,0.1,-1.08505882975712
1.8,0,4.8,0,42.6,7.047274,0.6250814,3.89515800254314,1.37,6.6,1.84,57.8,5,6.6,96.981276,0.3,-0.717889096459629
1.8,0,2.4,0,25.8,6.814266,0.2439174,3.52497067564075,1.41,4.2,1.552,51.4,4.2,4.2,56.874876,0.0600000000000001,-0.988968902557616
1.8,0.8,8.8,11.2,73,6.23839984,0.439523952,3.27818211182121,1.81,3.4,1.616,73,5.8,11.4,182.087916,0.02,-0.33995970995872
1.8,0,3.2,0,26.6,6.7487196,0.605611,3.67273554388602,1.37,5,1.624,53.8,4.2,5,59.334476,0.0299999999999998,-1.09227202336021
1.8,0,4,11.2,67.4,7.642994,0.836682056,4.27690830873293,1.37,5.8,2.208,54.6,5.8,5.8,165.653276,0.76,-1.26129199676049
1.8,0,1.6,0,39.4,6.325578,0.43251516,3.36836614131388,1.73,3.4,1.296,30.6,5,3.4,89.705956,0.38,-0.98291205665825
1.8,0,8.8,0,32.2,8.8671276,-0.3125186,4.50841031958437,1.37,2.6,1.64,71.4,4.2,10.6,70.908476,0.0499999999999998,-0.482128169961442
1.8,0,2.4,0,40.2,6.6590708,0.5301126,3.58746133601839,1.53,4.2,1.384,49.8,5,4.2,91.560476,0.27,-1.04635390145538
1.5,0,6,0,34.5,7.199364,1.0372841,4.10297764200045,1.4,4.5,1.755,60,4.5,7.5,75.79989,0.31,-0.715174080657533
1.5,0,5,7,58.5,7.59854,0.99753412,4.33100067295879,1.375,6.5,1.9,58,5.5,6.5,141.56819,0.6,-0.65995823715545
1.5,1,7,7,61.5,7.08776495,0.6370641,3.85791751516382,1.625,4.5,1.965,67.5,5.5,9.5,150.05319,0.73,-0.133654426258516
0.5,0,7,0,43.5,7.5478445,0.7397741,4.12466499504263,1.425,4.5,1.9,61,5,7.5,99.66319,0.6,-0.637409932059171
1,0,6.5,7,59.5,7.85884,1.521256,4.61726236355062,1.4,5.5,1.94,60.5,5.5,7.5,143.99519,0.68,-0.590736422155686
1.5,0,4.5,7,58,7.296185,0.48890182,3.91859555056178,1.4,6,1.75,55.5,5.5,6,139.55669,0.3,-0.883223832158336
1,0,6,0,43,7.108875,1.0301495,4.05510165241107,1.4,5.5,1.94,59,5,7,97.90594,0.68,-0.729951086558657
1,0,5.5,0,42.5,7.059675,0.9818395,4.01110464213205,1.375,6.5,1.9,57.5,5,6.5,96.98819,0.6,-0.628619702655641
1.5,0,2.5,0,31,6.66017,0.548393615,3.59316305753191,1.525,4,1.48,36,4.5,4,68.931146,0.24,-0.942171444857166
1.5,1,7,0,45.5,7.051384,1.0147386,4.02196416263562,1.45,4.5,1.78,68,5,9.5,105.80819,0.36,-0.10791436195629
1.5,0,3.5,7,57,7.1542105,0.623133115,3.96261902919713,1.45,5,1.55,52.5,5.5,5,136.92713,0.1,-0.972541526155482
1.5,0,4.5,0,42,6.939115,0.7347035,3.86895078920687,1.4,6,1.75,56,5,6,95.45319,0.3,-0.800164212155295
1.5,0,3,0,31.5,6.793485,0.496476,3.63485611573462,1.425,4.5,1.57,52,4.5,4.5,70.38669,0.0600000000000001,-0.959663194457761
1.5,0.5,7,7,61,6.43356865,0.618730095,3.47364717301946,1.675,4,1.61,65.5,5.5,9,148.64484,0.02,-0.581690541856887
1.5,0,3.5,0,32,6.7525185,0.7225345,3.72935363908197,1.4,5,1.615,53.5,4.5,5,71.92394,0.0299999999999998,-0.918787342156946
1.5,0,4,7,57.5,7.31144,0.86695391,4.10176942687899,1.4,5.5,1.98,54,5.5,5.5,138.37319,0.76,-1.35000042786029
1.5,0,2.5,0,40,6.488055,0.6143496,3.53306875968092,1.625,4,1.41,39,5,4,90.906115,0.38,-0.917184183456783
1.5,0,7,0,35.5,8.0765235,0.1487035,4.23915872912852,1.4,3.5,1.625,64.5,4.5,8.5,79.15769,0.0499999999999998,-0.752721572563104
1.5,0,3,0,40.5,6.696488,0.675348,3.67499751382143,1.5,4.5,1.465,51,5,4.5,92.06519,0.27,-0.937619388455431
1.2,0,4.8,0,38.4,6.9350556,0.96535784,3.934265915805,1.43,4.8,1.662,55.8,4.8,6,86.063784,0.31,-0.994777308459533
1.2,0,4.4,2.8,48,7.094726,0.949457848,4.02030822782504,1.42,5.6,1.72,55,5.2,5.6,112.371104,0.6,-0.971253747457894
1.2,0.4,5.2,2.8,49.2,6.89041598,0.80526984,3.83853252976662,1.52,4.8,1.746,58.8,5.2,6.8,115.765104,0.73,-1.01787378695641
0.8,0,5.2,0,42,7.0744478,0.84635384,3.94257099578144,1.44,4.8,1.72,56.2,5,6,95.609104,0.6,-1.00930886775583
1,0,5,2.8,48.4,7.198846,1.1589466,4.12456233362107,1.43,5.2,1.736,56,5.2,6,113.341904,0.68,-1.00288779745731
1.2,0,4.2,2.8,47.8,6.973784,0.746004928,3.86256878665993,1.43,5.4,1.66,54,5.2,5.4,111.566504,0.3,-1.26272345155937
1,0,4.8,0,41.8,6.89886,0.962504,3.91583828754554,1.43,5.2,1.736,55.4,5,5.8,94.906204,0.68,-1.06936806545761
1,0,4.6,0,41.6,6.87918,0.94318,3.89878823674517,1.42,5.6,1.72,54.8,5,5.6,94.539104,0.6,-0.0209866437571407
1.2,0,3.4,0,37,6.719378,0.769801646,3.73091041094757,1.48,4.6,1.552,46.2,4.8,4.6,83.3162864,0.24,-0.933695098758989
1.2,0.4,5.2,0,42.8,6.8758636,0.95633964,3.90300698804038,1.45,4.8,1.672,59,5,6.8,98.067104,0.36,-1.03635956846026
1.2,0,3.8,2.8,47.4,6.9169942,0.799697446,3.87986825165939,1.45,5,1.58,52.8,5.2,5,110.51468,0.1,-1.13937043895837
1.2,0,4.2,0,41.4,6.830956,0.8443256,3.84291990197354,1.43,5.4,1.66,54.2,5,5.4,93.925104,0.3,-0.984793043556209
1.2,0,3.6,0,37.2,6.772704,0.7490346,3.74816706232365,1.44,4.8,1.588,52.6,4.8,4.8,83.898504,0.0600000000000001,-1.05136310905706
1.2,0.2,5.2,2.8,49,6.62873746,0.797936238,3.68076704436736,1.54,4.6,1.604,58,5.2,6.6,115.201764,0.02,-1.02602400455996
1.2,0,3.8,0,37.4,6.7563174,0.839458,3.78684454656329,1.43,5,1.606,53.2,4.8,5,84.513404,0.0299999999999998,-1.1575975762598
1.2,0,4,2.8,47.6,6.979886,0.897225764,3.93380246121377,1.43,5.2,1.752,53.4,5.2,5.2,111.093104,0.76,-1.23058966435835
1.2,0,3.4,0,40.6,6.650532,0.79618404,3.70582482335613,1.52,4.6,1.524,47.4,5,4.6,92.106274,0.38,-0.854021119160251
1.2,0,5.2,0,38.8,7.2859194,0.6099256,3.98598740063287,1.43,4.4,1.61,57.6,4.8,6.4,87.406904,0.0499999999999998,-1.05380356206203
1.2,0,3.6,0,40.8,6.7339052,0.8205834,3.7646696261215,1.47,4.8,1.546,52.2,5,4.8,92.569904,0.27,-0.988418824354966
2,0,6.4,11.2,66.4,8.2785596,1.093561232,4.79815321416409,1.31,7.2,2.142,63.8,5.6,8.4,163.92268,0.29,-0.173544818359886
2,1.6,9.6,11.2,71.2,7.46131952,0.5168092,3.98747166897075,1.71,4,2.246,79,5.6,13.2,177.49868,0.42,0.0345926077434626
0.4,0,9.6,0,42.4,8.1974468,0.6811452,4.43766791334512,1.39,4,2.142,68.6,4.8,10,96.87468,0.29,-0.252837702558253
1.2,0,8.8,11.2,68,8.6950396,1.93151624,5.31554983747344,1.35,5.6,2.206,67.8,5.6,10,167.80588,0.37,-0.248065233957249
2,0,5.6,11.2,65.6,7.7947916,0.279749552,4.08828925440969,1.35,6.4,1.902,59.8,5.6,7.6,160.70428,0.01,-0.599354539654968
1.2,0,8,0,41.6,7.4950956,1.14574584,4.31852762973852,1.35,5.6,2.206,65.4,4.8,9.2,94.06308,0.37,-0.346079414061904
2,1.6,9.6,0,45.6,7.40311,1.1210884,4.26220195766709,1.43,4,1.95,79.8,4.8,13.2,106.70668,0.05,0.184661212945713
2,0,4,11.2,64,7.5676324,0.494519624,4.16202440996161,1.43,4.8,1.582,55,5.6,6,156.496984,0.41,-1.00058666685706
2,0,3.2,0,23.2,6.9904716,0.29186824,3.62503720660264,1.39,4,1.614,54.2,4,5.2,50.03228,0.37,-1.04974307935751
2,0.8,9.6,11.2,70.4,6.41460544,0.487474792,3.37124283259775,1.79,3.2,1.678,75.8,5.6,12.4,175.24532,0.29,0.874896196241963
2,0,4,0,24,6.9249252,0.65356184,3.77699680981849,1.35,4.8,1.686,56.6,4,6,52.49188,0.28,-1.01229518105808
2,0,4.8,11.2,64.8,7.8191996,0.884632896,4.39832077342506,1.35,5.6,2.27,57.4,5.6,6.8,158.81068,0.45,-0.892759109256957
2,0,9.6,0,29.6,9.0433332,-0.26456776,4.63639464125581,1.35,2.4,1.702,74.2,4,11.6,64.06588,0.26,0.104309669849528
2,0,3.2,0,37.6,6.8352764,0.57806344,3.68930184588023,1.51,4,1.446,52.6,4.8,5.2,84.71788,0.58,-0.937175434758473
2,0,7,7,52,8.039054,1.11741122,4.64494580502594,1.325,6,2.055,65,5,9,124.4617,0.29,-0.347001199762389
2,1,9,7,55,7.52827895,0.7569412,4.13756984386569,1.575,4,2.12,74.5,5,12,132.9467,0.42,-0.136054878456861
1,0,9,0,37,7.9883585,0.8596512,4.42365328767588,1.375,4,2.055,68,4.5,10,82.5567,0.29,-0.294702008358371
1.5,0,8.5,7,53,8.299354,1.6411331,4.95195800365157,1.35,5,2.095,67.5,5,10,126.8887,0.37,-0.284464541552524
2,0,6.5,7,51.5,7.736699,0.60877892,4.20264630246305,1.35,5.5,1.905,62.5,5,8.5,122.4502,0.01,-0.527306142254901
1.5,0,8,0,36.5,7.549389,1.1500266,4.34904744460652,1.35,5,2.095,66,4.5,9.5,80.79945,0.37,-0.291948216355166
1.5,0,7.5,0,36,7.500189,1.1017166,4.30186118356408,1.325,6,2.055,64.5,4.5,9,79.8817,0.29,-0.393148985654051
2,1,9,0,39,7.491898,1.1346157,4.31350788787484,1.4,4,1.935,75,4.5,12,88.7017,0.05,0.185951440741547
2,0,5.5,7,50.5,7.5947245,0.743010215,4.24986095049731,1.4,4.5,1.705,59.5,5,7.5,119.82064,0.41,-0.753370292061817
2,0,5,0,25,7.233999,0.6163531,3.89833919261898,1.375,4,1.725,59,4,7,53.2802,0.37,-0.601837170163861
2,0.5,9,7,54.5,6.87408265,0.738607195,3.72544455261748,1.625,3.5,1.765,72.5,5,11.5,131.53835,0.29,-0.17920968426094
2,0,5.5,0,25.5,7.1930325,0.8424116,3.99968664273556,1.35,4.5,1.77,60.5,4,7.5,54.81745,0.28,-0.730785931859799
2,0,6,7,51,7.751954,0.98683101,4.39909806791815,1.35,5,2.135,61,5,8,121.2667,0.45,-0.64317153436329
2,0,4.5,0,33.5,6.928569,0.7342267,3.78917348515134,1.575,3.5,1.565,46,4.5,6.5,73.799625,0.69,-0.589655313858174
2,0,9,0,29,8.5170375,0.2685806,4.54644643180177,1.35,3,1.78,71.5,4,11,62.0512,0.26,-0.347882712571817
2,0,5,0,34,7.137002,0.7952251,3.94139035624851,1.45,4,1.62,58,4.5,7,74.9587,0.58,-0.712609815854165
2,0,7.6,2.8,37.6,7.7995484,1.141261208,4.49663038436067,1.34,4.8,1.968,66.2,4.4,9.6,85.00072,0.29,-0.444719456157117
2,0.4,8.4,2.8,38.8,7.59523838,0.9970732,4.29331808074905,1.44,4,1.994,70,4.4,10.8,88.39472,0.42,-0.466358764961996
1.6,0,8.4,0,31.6,7.7792702,1.0381572,4.40968292168008,1.36,4,1.968,67.4,4.2,10,68.23872,0.29,-0.376253981557028
1.8,0,8.2,2.8,38,7.9036684,1.35074996,4.61323641386165,1.35,4.4,1.984,67.2,4.4,10,85.97152,0.37,-0.338703224354475
2,0,7.4,2.8,37.4,7.6786064,0.937808288,4.32020212966966,1.35,4.6,1.908,65.2,4.4,9.4,84.19612,0.01,-0.47449456046067
1.8,0,8,0,31.4,7.6036824,1.15430736,4.37978294851935,1.35,4.4,1.984,66.6,4.2,9.8,67.53582,0.37,-0.323434508557483
1.8,0,7.8,0,31.2,7.5840024,1.13498336,4.36071282450418,1.34,4.8,1.968,66,4.2,9.6,67.16872,0.29,-0.347928019457839
2,0,6.6,0,26.6,7.4242004,0.961605006,4.17294499936151,1.4,3.8,1.8,57.4,4,8.6,55.9459024,0.55,-0.641493952657555
2,0.4,8.4,0,32.4,7.580686,1.148143,4.36543140929497,1.37,4,1.92,70.2,4.2,10.8,70.69672,0.05,-0.517989508559339
2,0,7,2.8,37,7.6218166,0.991500806,4.33955121823241,1.37,4.2,1.828,64,4.4,9,83.144296,0.41,-0.486184162858052
2,0,7.4,0,31,7.5357784,1.03612896,4.29822526449098,1.35,4.6,1.908,65.4,4.2,9.4,66.55472,0.01,-0.409347786356165
2,0,6.8,0,26.8,7.4775264,0.94083796,4.19224620178498,1.36,4,1.836,63.8,4,8.8,56.52812,0.37,-0.487347857661888
2,0.2,8.4,2.8,38.6,7.33355986,0.989739598,4.11686069612869,1.46,3.8,1.852,69.2,4.4,10.6,87.83138,0.29,-0.472769222759752
2,0,7,0,27,7.4611398,1.03126136,4.23550615623794,1.35,4.2,1.854,64.4,4,9,57.14302,0.28,-0.381480472059565
2,0,6.6,0,30.2,7.3553544,0.9879874,4.14488729607584,1.44,3.8,1.772,58.6,4.2,8.6,64.73589,0.69,-0.408303413459151
2,0,8.4,0,28.4,7.9907418,0.80172896,4.45824325938837,1.35,3.6,1.858,68.8,4,10.4,60.03652,0.26,-0.504895526660192
2,0,6.8,0,30.4,7.4387276,1.01238676,4.21070397307716,1.39,4,1.794,63.4,4.2,8.8,65.19952,0.58,-0.47593921285349
2,0,6,14,76,8.43823,1.07766124,4.90308872305141,1.3,8,2.2,63,6,8,190.23,0,-0.258513452957203
2,1.6,9.2,14,80.8,7.62098992,0.500909208,4.07467758968249,1.7,4.8,2.304,78.2,6,12.8,203.806,0.13,-0.538433965458324
0.4,0,9.2,2.8,52,8.3571172,0.665245208,4.53471961635976,1.38,4.8,2.2,67.8,5.2,9.6,123.182,0,-0.427506351060373
1.2,0,8.4,14,77.6,8.85471,1.915616248,5.43180079952371,1.34,6.4,2.264,67,6,9.6,194.1132,0.0799999999999996,-0.216455674161779
2,0,5.2,14,75.2,7.954462,0.26384956,4.17770005357376,1.34,7.2,1.96,59,6,7.2,187.0116,0.3,-0.52127024915805
1.2,0,7.6,2.8,51.2,7.654766,1.129845848,4.41297373728107,1.34,6.4,2.264,64.6,5.2,8.8,120.3704,0.0799999999999996,-0.316212335258541
1.2,0,6.8,2.8,50.4,7.576046,1.052549848,4.33661569600082,1.3,8,2.2,62.2,5.2,8,118.902,0,-0.400415785657032
2,0,2,2.8,32,6.936838,0.359036432,3.63656731929824,1.54,4,1.528,27.8,4.4,4,74.0107296,0.84,-1.12840996555948
2,1.6,9.2,2.8,55.2,7.5627804,1.105188408,4.35541622395772,1.42,4.8,2.008,79,5.2,12.8,133.014,0.24,-0.34695738935531
2,0,3.6,14,73.6,7.7273028,0.478619632,4.25304779541155,1.42,5.6,1.64,54.2,6,5.6,182.804304,0.7,-1.04215300805933
2,0,5.2,2.8,49.6,7.38315,0.657132248,4.09333867985068,1.34,7.2,1.96,59.8,5.2,7.2,116.446,0.3,-0.568389209357491
2,0,2.8,2.8,32.8,7.150142,0.275968248,3.70431669332003,1.38,4.8,1.672,53.4,4.4,4.8,76.3396,0.66,-1.08609014116061
2,0.8,9.2,14,80,6.57427584,0.4715748,3.44497184174591,1.78,4,1.736,75,6,12,201.55264,0.58,1.01918932124411
2,0,3.6,2.8,33.6,7.0845956,0.637661848,3.85959964983078,1.34,5.6,1.744,55.8,4.4,5.6,78.7992,0.57,-1.1901901473602
2,0,4.4,14,74.4,7.97887,0.868732904,4.49451195532532,1.34,6.4,2.328,56.6,6,6.4,185.118,0.16,-0.861731056657817
2,0,2,2.8,46.4,6.661454,0.464566008,3.53974431977789,1.7,4,1.416,32.6,5.2,4,109.17068,0.98,-1.02678170555643
2,0,9.2,2.8,39.2,9.2030036,-0.280467752,4.73779249358916,1.34,3.2,1.76,73.4,4.4,11.2,90.3732,0.55,-0.615102855851518
2,0,2.8,2.8,47.2,6.9949468,0.562163448,3.76998679889372,1.5,4.8,1.504,51.8,5.2,4.8,111.0252,0.87,-0.996136517059284
2,1,8,14,79,7.92745495,0.71719122,4.36751533685163,1.55,6,2.265,72.5,6,11,198.715,0.13,-0.550632964960613
1,0,8,7,61,8.3875345,0.81990122,4.66949787143357,1.35,6,2.2,66,5.5,9,148.325,0,-0.365895288056862
1.5,0,7.5,14,77,8.69853,1.60138312,5.22716312824506,1.325,7,2.24,65.5,6,9,192.657,0.0799999999999996,-0.308441036059747
2,0,5.5,14,75.5,8.135875,0.56902894,4.43620842040485,1.325,7.5,2.05,60.5,6,7.5,188.2185,0.3,-0.454778144156961
1.5,0,7,7,60.5,7.948565,1.11027662,4.59074580775365,1.325,7,2.24,64,5.5,8.5,146.56775,0.0799999999999996,-0.325144744157086
1.5,0,6.5,7,60,7.899365,1.06196662,4.54093716969596,1.3,8,2.2,62.5,5.5,8,145.65,0,-0.368532615359953
2,0,3.5,7,48.5,7.49986,0.628520735,4.06778908566502,1.45,5.5,1.78,41,5,5.5,117.592956,0.84,-0.988705904458556
2,1,8,7,63,7.891074,1.09486572,4.55323113973647,1.375,6,2.08,73,5.5,11,154.47,0.24,-0.471905805558862
2,0,4.5,14,74.5,7.9939005,0.703260235,4.48604702306178,1.375,6.5,1.85,57.5,6,6.5,185.58894,0.7,-0.592111277454904
2,0,5.5,7,59.5,7.778805,0.81483062,4.38000601178423,1.325,7.5,2.05,61,5.5,7.5,144.115,0.3,-0.508614642661058
2,0,4,7,49,7.633175,0.57660312,4.11498943933377,1.35,6,1.87,57,5,6,119.0485,0.66,-0.912795531457022
2,0,4.5,7,49.5,7.5922085,0.80266162,4.22196927518868,1.325,6.5,1.915,58.5,5,6.5,120.58575,0.57,-0.676193092956027
2,0,5,14,75,8.15113,0.94708103,4.64357799504751,1.325,7,2.28,59,6,7,187.035,0.16,-0.641232043056306
2,0,3.5,7,57.5,7.327745,0.69447672,3.9997568463831,1.55,5.5,1.71,44,5.5,5.5,139.567925,0.98,-1.02580440865765
2,0,8,7,53,8.9162135,0.22883062,4.79911524599588,1.325,5,1.925,69.5,5,10,127.8195,0.55,-0.331685680458548
2,0,4,7,58,7.536178,0.75547512,4.16043317189095,1.425,6,1.765,56,5.5,6,140.727,0.87,-0.984454669959604
2,0.4,6.8,14,77.2,8.23391998,0.933473232,4.68139866229774,1.4,7.2,2.226,66.8,6,9.2,193.624,0.13,-0.365833246159099
1.6,0,6.8,11.2,70,8.4179518,0.974557232,4.80828192611078,1.32,7.2,2.2,64.2,5.8,8.4,173.468,0,-0.291711341257695
1.8,0,6.6,14,76.4,8.54235,1.287149992,5.03023497689396,1.31,7.6,2.216,64,6,8.4,191.2008,0.0799999999999996,-0.272538880460132
2,0,5.8,14,75.8,8.317288,0.87420832,4.71071280774119,1.31,7.8,2.14,62,6,7.8,189.4254,0.3,-0.375438864658435
1.8,0,6.4,11.2,69.8,8.242364,1.090707392,4.77567924172431,1.31,7.6,2.216,63.4,5.8,8.2,172.7651,0.0799999999999996,-0.196693134460446
1.8,0,6.2,11.2,69.6,8.222684,1.071383392,4.75488533561827,1.3,8,2.2,62.8,5.8,8,172.398,0,-0.322433946056634
2,0,5,11.2,65,8.062882,0.898005038,4.55014484611508,1.36,7,2.032,54.2,5.6,7,161.1751824,0.84,-0.539843243054719
2,0.4,6.8,11.2,70.8,8.2193676,1.084543032,4.7600304415974,1.33,7.2,2.152,67,5.8,9.2,175.926,0.24,-0.411295305158063
2,0,5.4,14,75.4,8.2604982,0.927900838,4.73181089449151,1.33,7.4,2.06,60.8,6,7.4,188.373576,0.7,-0.570462580656539
2,0,5.8,11.2,69.4,8.17446,0.972528992,4.6867494150193,1.31,7.8,2.14,62.2,5.8,7.8,171.784,0.3,-0.409811332257021
2,0,5.2,11.2,65.2,8.116208,0.877237992,4.57119071821367,1.32,7.2,2.068,60.6,5.6,7.2,161.7574,0.66,-0.568260771556169
2,0,5.4,11.2,65.4,8.0998214,0.967661392,4.61836101612735,1.31,7.4,2.086,61.2,5.6,7.4,162.3723,0.57,-0.517219154359708
2,0,5.6,14,75.6,8.32339,1.025429156,4.7975879940737,1.31,7.6,2.232,61.4,6,7.6,188.952,0.16,-0.470592584154446
2,0,5,11.2,68.6,7.994036,0.924387432,4.51955095762179,1.4,7,2.004,55.4,5.8,7,169.96517,0.98,-0.637413061357592
2,0,6.8,11.2,66.8,8.6294234,0.738128992,4.86123171825585,1.31,6.8,2.09,65.6,5.6,8.8,165.2658,0.55,-0.319757298259873
2,0,5.2,11.2,68.8,8.0774092,0.948786792,4.59131691995577,1.35,7.2,2.026,60.2,5.8,7.2,170.4288,0.87,-0.635632892556686
2,2,10,14,82,7.4166799,0.3567212,3.89044361525705,1.8,4,2.33,82,6,14,207.2,0,0.754159966342769
0.4,0.4,10,2.8,53.2,8.15280718,0.5210572,4.32968513217323,1.48,4,2.226,71.6,5.2,10.8,126.576,0.13,-0.314621421660348
1.2,0.4,9.2,14,78.8,8.65039998,1.77142824,5.18620535606642,1.44,5.6,2.29,70.8,6,10.8,197.5072,0.0500000000000003,-0.36927752706012
1.2,0.4,8.4,2.8,52.4,7.45045598,0.98565784,4.21344391614551,1.44,5.6,2.29,68.4,5.2,10,123.7644,0.0500000000000003,-0.463439391557557
1.2,0.4,7.6,2.8,51.6,7.37173598,0.90836184,4.14053835548853,1.4,7.2,2.226,66,5.2,9.2,122.296,0.13,-0.452566538856416
2,0.4,2.8,2.8,33.2,6.73252798,0.214848424,3.47214222412103,1.64,3.2,1.554,31.6,4.4,5.2,77.4047296,0.97,-1.16935303015904
2,2,10,2.8,56.4,7.35847038,0.9610004,4.15848882944469,1.52,4,2.034,82.8,5.2,14,136.408,0.37,0.540198215640913
2,0.4,4.4,14,74.8,7.52299278,0.334431624,4.06074892475879,1.52,4.8,1.666,58,6,6.8,186.198304,0.83,-1.04224035655986
2,0.4,6,2.8,50.8,7.17883998,0.51294424,3.90826095601608,1.44,6.4,1.986,63.6,5.2,8.4,119.84,0.43,-0.529143863058351
2,0.4,3.6,2.8,34,6.94583198,0.13178024,3.53682835297405,1.48,4,1.698,57.2,4.4,6,79.7336,0.79,-1.10636765625802
2,1.2,10,14,81.2,6.36996582,0.327386792,3.28920961511093,1.88,3.2,1.762,78.8,6,13.2,204.94664,0.71,0.663730959441665
2,0.4,4.4,2.8,34.8,6.88028558,0.49347384,3.68509028865338,1.44,4.8,1.77,59.6,4.4,6.8,82.1932,0.7,-0.939029210257075
2,0.4,5.2,14,75.6,7.77455998,0.724544896,4.29129543514494,1.44,5.6,2.354,60.4,6,7.6,188.512,0.0299999999999998,-0.761863373058958
2,0.4,2.8,2.8,47.6,6.45714398,0.320378,3.37969701538899,1.8,3.2,1.442,36.4,5.2,5.2,112.56468,1.11,-1.10324106825553
2,0.4,10,2.8,40.4,8.99869358,-0.42465576,4.52357619748094,1.44,2.4,1.786,77.2,4.4,12.4,93.7672,0.68,0.502071801443009
2,0.4,3.6,2.8,48.4,6.79063678,0.41797544,3.59952922618899,1.6,4,1.53,55.6,5.2,6,114.4192,1,-1.07879925905851
1,1,10,7,64,7.87675945,0.4594312,4.15944004296744,1.6,4,2.265,75.5,5.5,12,156.81,0.13,0.14593056994002
1.5,1,9.5,14,80,8.18775495,1.2409131,4.65619049957303,1.575,5,2.305,75,6,12,201.142,0.0500000000000003,-0.210926048758637
1.5,1,9,7,63.5,7.43778995,0.7498066,4.08929021183881,1.575,5,2.305,73.5,5.5,11.5,155.05275,0.0500000000000003,0.0338445668394627
1.5,1,8.5,7,63,7.38858995,0.7014966,4.04492226279438,1.55,6,2.265,72,5.5,11,154.135,0.13,-0.217684676258585
2,1,5.5,7,51.5,6.98908495,0.268050715,3.62345701296283,1.7,3.5,1.845,50.5,5,8.5,126.077956,0.97,-0.458422020658844
2,2,10,7,66,7.38029895,0.7343957,4.05587333990835,1.625,4,2.145,82.5,5.5,14,162.955,0.37,0.555438631342469
2,1,6.5,14,77.5,7.48312545,0.342790215,3.99602786768794,1.625,4.5,1.915,67,6,9.5,194.07394,0.83,-0.362977547457348
2,1,7.5,7,62.5,7.26802995,0.4543606,3.90156991082647,1.575,5.5,2.115,70.5,5.5,10.5,152.6,0.43,-0.432119496856984
2,1,6,7,52,7.12239995,0.2161331,3.66550158531249,1.6,4,1.935,66.5,5,9,127.5335,0.79,-0.392513463756558
2,1.5,10,14,81.5,6.7624836,0.338387195,3.50293349010481,1.85,3.5,1.975,80,6,13.5,205.79165,0.71,0.708380486544257
2,1,6.5,7,52.5,7.08143345,0.4421916,3.7607958172185,1.575,4.5,1.98,68,5,9.5,129.07075,0.7,0.28725479694279
2,1,7,14,78,7.64035495,0.58661101,4.13635144228331,1.575,5,2.345,68.5,6,10,195.52,0.0299999999999998,-0.473174944358988
2,1,5.5,7,60.5,6.81696995,0.3340067,3.56285606012525,1.8,3.5,1.775,53.5,5.5,8.5,148.052925,1.11,-0.515090407759061
2,1,10,7,56,8.40543845,-0.1316394,4.27489907365189,1.575,3,1.99,79,5,13,136.3045,0.68,0.474653611040623
2,1,6,7,61,7.02540295,0.3950051,3.70598141550079,1.675,4,1.83,65.5,5.5,9,149.212,1,-0.479437372257024
1.6,1.6,10,11.2,74.8,7.60071172,0.3978052,3.99588906419092,1.72,4,2.304,79.4,5.8,13.2,187.044,0.13,0.377431690344594
1.8,1.6,9.8,14,81.2,7.72510992,0.71039796,4.18034159464096,1.71,4.4,2.32,79.2,6,13.2,204.7768,0.0500000000000003,-0.0984637121609637
2,1.6,9,14,80.6,7.50004792,0.297456288,3.91480493079628,1.71,4.6,2.244,77.2,6,12.6,203.0014,0.43,-0.556362457958102
1.8,1.6,9.6,11.2,74.6,7.42512392,0.51395536,3.96879483136408,1.71,4.4,2.32,78.6,5.8,13,186.3411,0.0500000000000003,-0.0153880375573578
1.8,1.6,9.4,11.2,74.4,7.40544392,0.49463136,3.9515142011332,1.7,4.8,2.304,78,5.8,12.8,185.974,0.13,0.868811730842054
2,1.6,8.2,11.2,69.8,7.24564192,0.321253006,3.7813660493453,1.76,3.8,2.136,69.4,5.6,11.8,174.7511824,0.97,0.228363375642431
2,2,10,11.2,75.6,7.40212752,0.507791,3.9557900054708,1.73,4,2.256,82.2,5.8,14,189.502,0.37,0.531225806041249
2,1.6,8.6,14,80.2,7.44325812,0.351148806,3.93233834822406,1.73,4.2,2.164,76,6,12.2,201.949576,0.83,-0.42376165645598
2,1.6,9,11.2,74.2,7.35721992,0.39577696,3.89489032088161,1.71,4.6,2.244,77.4,5.8,12.6,185.36,0.43,-0.269227255058439
2,1.6,8.4,11.2,70,7.29896792,0.30048596,3.79885607415196,1.72,4,2.172,75.8,5.6,12,175.3334,0.79,-0.033616127256181
2,1.8,10,14,81.8,7.15500138,0.349387598,3.7305445599228,1.82,3.8,2.188,81.2,6,13.8,206.63666,0.71,0.682650762541954
2,1.6,8.6,11.2,70.2,7.28258132,0.39090936,3.83805662031053,1.71,4.2,2.19,76.4,5.6,12.2,175.9483,0.7,-0.12513154865789
2,1.6,8.8,14,80.4,7.50614992,0.448677124,3.98700194676794,1.71,4.4,2.336,76.6,6,12.4,202.528,0.0299999999999998,-0.499093243360193
2,1.6,8.2,11.2,73.4,7.17679592,0.3476354,3.75594121229539,1.8,3.8,2.108,70.6,5.8,11.8,183.54117,1.11,0.386519204040297
2,1.6,10,11.2,71.6,7.81218332,0.16137696,4.03989261860704,1.71,3.6,2.194,80.8,5.6,13.6,178.8418,0.68,0.422480952643156
2,1.6,8.4,11.2,73.6,7.26016912,0.37203476,3.81558181334131,1.75,4,2.13,75.4,5.8,12,184.0048,1,-0.0798130297580144
0,0,10,0,46,8.336839,0.5621412,4.44703565505804,1.4,4,2.2,69,5,10,106.42,0,-0.289728039456321
0.8,0,9.2,11.2,71.6,8.8344318,1.81251224,5.32677075325893,1.36,5.6,2.264,68.2,5.8,10,177.3512,0.0799999999999996,-0.285642250258178
1.6,0,6,11.2,69.2,7.9341838,0.160745552,4.09691947157125,1.36,6.4,1.96,60.2,5.8,7.6,170.2496,0.3,-0.739536840758746
0.8,0,8.4,0,45.2,7.6344878,1.02674184,4.32764387101783,1.36,5.6,2.264,65.8,5,9.2,103.6084,0.0799999999999996,-0.380253510857955
0.8,0,7.6,0,44.4,7.5557678,0.94944584,4.25276229931082,1.32,7.2,2.2,63.4,5,8.4,102.14,0,-0.415653208255179
1.6,0,2.8,0,26,6.9165598,0.255932424,3.56625015416502,1.56,3.2,1.528,29,4.2,4.4,57.2487296,0.84,-1.1533185860562
1.6,1.6,10,0,49.2,7.5425022,1.0020844,4.27119929767707,1.44,4,2.008,80.2,5,13.2,116.252,0.24,0.518728297644913
1.6,0,4.4,11.2,67.6,7.7070246,0.375515624,4.17081027912458,1.44,4.8,1.64,55.4,5.8,6,166.042304,0.7,-1.00535995175866
1.6,0,6,0,43.6,7.3628718,0.55402824,4.01418932095669,1.36,6.4,1.96,61,5,7.6,99.684,0.3,-0.713251188258226
1.6,0,3.6,0,26.8,7.1298638,0.17286424,3.632689516986,1.4,4,1.672,54.6,4.2,5.2,59.5776,0.66,-1.06127757675765
1.6,0.8,10,11.2,74,6.55399764,0.368470792,3.37835939308042,1.8,3.2,1.736,76.2,5.8,12.4,184.79064,0.58,0.214396452644934
1.6,0,4.4,0,27.6,7.0643174,0.53455784,3.78496990092305,1.36,4.8,1.744,57,4.2,6,62.0372,0.57,-0.998508397357881
1.6,0,5.2,11.2,68.4,7.9585918,0.765628896,4.4076054548795,1.36,5.6,2.328,57.8,5.8,6.8,168.356,0.16,-0.952208635858341
1.6,0,2.8,0,40.4,6.6411758,0.361462,3.4712993374611,1.72,3.2,1.416,33.8,5,4.4,92.40868,0.98,-1.05380914036047
1.6,0,10,0,33.2,9.1827254,-0.38357176,4.64618188724325,1.36,2.4,1.76,74.6,4.2,11.6,73.6112,0.55,0.328297863242398
1.6,0,3.6,0,41.2,6.9746686,0.45905944,3.69708981637917,1.52,4,1.504,53,5,5.2,94.2632,0.87,-1.00156069836063
0.5,0,9.5,7,62,8.6478345,1.3436231,4.97813286270415,1.375,5,2.24,68.5,5.5,10,150.752,0.0799999999999996,-0.306656241459649
1,0,7.5,7,60.5,8.0851795,0.31126892,4.22486048007395,1.375,5.5,2.05,63.5,5.5,8.5,146.3135,0.3,-0.534697298257896
0.5,0,9,0,45.5,7.8978695,0.8525166,4.37203546344505,1.375,5,2.24,67,5,9.5,104.66275,0.0799999999999996,-0.348211698160384
0.5,0,8.5,0,45,7.8486695,0.8042066,4.32459978717512,1.35,6,2.2,65.5,5,9,103.745,0,-0.400912121355731
1,0,5.5,0,33.5,7.4491645,0.370760715,3.87399322138563,1.5,3.5,1.78,44,4.5,6.5,75.687956,0.84,-0.424848343055572
1,1,10,0,48,7.8403785,0.8371057,4.33630805316381,1.425,4,2.08,76,5,12,112.565,0.24,0.407176726142126
1,0,6.5,7,59.5,7.943205,0.445500215,4.27232469338251,1.425,4.5,1.85,60.5,5.5,7.5,143.68394,0.7,-0.686865125556295
1,0,7.5,0,44.5,7.7281095,0.5570706,4.17133564251806,1.375,5.5,2.05,64,5,8.5,102.21,0.3,-0.531311249756044
1,0,6,0,34,7.5824795,0.3188431,3.91894487603364,1.4,4,1.87,60,4.5,7,77.1435,0.66,-0.60029020305862
1,0.5,10,7,63.5,7.22256315,0.441097195,3.74513635654657,1.65,3.5,1.91,73.5,5.5,11.5,155.40165,0.58,0.144230130642455
1,0,6.5,0,34.5,7.541513,0.5449016,4.0208280243973,1.375,4.5,1.915,61.5,4.5,7.5,78.68075,0.57,-0.595920054859533
1,0,7,7,60,8.1004345,0.68932101,4.42235064231424,1.375,5,2.28,62,5.5,8,145.13,0.16,-0.65702090425745
1,0,5.5,0,42.5,7.2770495,0.4367167,3.80920214489088,1.6,3.5,1.71,47,5,6.5,97.662925,0.98,-0.559393397858884
1,0,10,0,38,8.865518,-0.0289294,4.57047785421182,1.375,3,1.925,72.5,4.5,11,85.9145,0.55,0.0239496913427786
1,0,6,0,43,7.4854825,0.4977151,3.96222359776024,1.475,4,1.765,59,5,7,98.822,0.87,-0.732703382057451
0.2,0,9.8,2.8,52.4,8.4612372,0.87473396,4.65231337083044,1.39,4.4,2.216,68.8,5.2,10,124.1528,0.0799999999999996,-0.304211162553628
0.4,0,9,2.8,51.8,8.2361752,0.461792288,4.35679690556502,1.39,4.6,2.14,66.8,5.2,9.4,122.3774,0.3,-0.420840922556607
0.2,0,9.6,0,45.8,8.1612512,0.67829136,4.41688241068818,1.39,4.4,2.216,68.2,5,9.8,105.7171,0.0799999999999996,-0.300960898860438
0.2,0,9.4,0,45.6,8.1415712,0.65896736,4.39765075096388,1.38,4.8,2.2,67.6,5,9.6,105.35,0,-0.292937894459982
0.4,0,8.2,0,41,7.9817692,0.485589006,4.20829241656371,1.44,3.8,2.032,59,4.8,8.6,94.1271824,0.84,-0.461962085460044
0.4,0.4,10,0,46.8,8.1382548,0.672127,4.40240930507734,1.41,4,2.152,71.8,5,10.8,108.878,0.24,-0.257214245458243
0.4,0,8.6,2.8,51.4,8.1793854,0.515484806,4.37630989283864,1.41,4.2,2.06,65.6,5.2,9,121.325576,0.7,-0.249464443356345
0.4,0,9,0,45.4,8.0933472,0.56011296,4.33463388278724,1.39,4.6,2.14,67,5,9.4,104.736,0.3,-0.30181656075635
0.4,0,8.4,0,41.2,8.0350952,0.46482196,4.22775711207293,1.4,4,2.068,65.4,4.8,8.8,94.7094,0.66,-0.284559373259043
0.4,0.2,10,2.8,53,7.89112866,0.513723598,4.15173304470067,1.5,3.8,2.084,70.8,5.2,10.6,126.01266,0.58,-0.29017825185926
0.4,0,8.6,0,41.4,8.0187086,0.55524536,4.2713835050144,1.39,4.2,2.086,66,4.8,9,95.3243,0.57,-0.221367192759288
0.4,0,8.8,2.8,51.6,8.2422772,0.613013124,4.43714515824599,1.39,4.4,2.232,66.2,5.2,9.2,121.904,0.16,-0.361826369858107
0.4,0,8.2,0,44.6,7.9129232,0.5119714,4.17999704723071,1.48,3.8,2.004,60.2,5,8.6,102.91717,0.98,-0.49909079425467
0.4,0,10,0,42.8,8.5483106,0.32571296,4.49600732876926,1.39,3.6,2.09,70.4,4.8,10.4,98.2178,0.55,-0.201806289557652
0.4,0,8.4,0,44.8,7.9962964,0.53637076,4.2463712320691,1.43,4,2.026,65,5,8.8,103.3808,0.87,-0.277687682460027
1,0,9,14,78,8.95883,2.125105,5.57265754560531,1.35,6,2.28,68,6,10,195.084,0,-0.312314032357762
1.8,0,5.8,14,75.6,8.058582,0.473338312,4.2860356235569,1.35,6.8,1.976,60,6,7.6,187.9824,0.38,-0.721889441955653
1,0,8.2,2.8,51.6,7.758886,1.3393346,4.52741039357956,1.35,6,2.28,65.6,5.2,9.2,121.3412,0,-0.337023329559969
1,0,7.4,2.8,50.8,7.680166,1.2620386,4.44907224558538,1.31,7.6,2.216,63.2,5.2,8.4,119.8728,0.0799999999999996,-0.402313643658061
1.8,0,2.6,2.8,32.4,7.040958,0.568525184,3.73087030617286,1.55,3.6,1.544,28.8,4.4,4.4,74.9815296,0.92,-1.15547236715699
1.8,1.6,9.8,2.8,55.6,7.6669004,1.31467716,4.46836030636801,1.43,4.4,2.024,80,5.2,13.2,133.9848,0.32,0.0364442064428943
1.8,0,4.2,14,74,7.8314228,0.688108384,4.36333727315597,1.43,5.2,1.656,55.2,6,6,183.775104,0.78,-1.03457708665789
1.8,0,5.8,2.8,50,7.48727,0.866621,4.19948660175243,1.35,6.8,1.976,60.8,5.2,7.6,117.4168,0.38,-0.697846959860698
1.8,0,3.4,2.8,33.2,7.254262,0.485457,3.80037654807806,1.39,4.4,1.688,54.4,4.4,5.2,77.3104,0.74,-1.06526730996026
1.8,0.8,9.8,14,80.4,6.67839584,0.681063552,3.53430639981984,1.79,3.6,1.752,76,6,12.4,202.52344,0.66,-0.197042120459599
1.8,0,4.2,2.8,34,7.1887156,0.8471506,3.95968628185538,1.35,5.2,1.76,56.8,4.4,6,79.77,0.65,-0.992659174356021
1.8,0,5,14,74.8,8.08299,1.078221656,4.61106305000234,1.35,6,2.344,57.6,6,6.8,186.0888,0.0800000000000001,-0.926552246556611
1.8,0,2.6,2.8,46.8,6.765574,0.67405476,3.63153650532499,1.71,3.6,1.432,33.6,5.2,4.4,110.14148,1.06,-1.04871816256033
1.8,0,9.8,2.8,39.6,9.3071236,-0.070979,4.86065230728397,1.35,2.8,1.776,74.4,4.4,11.6,91.344,0.63,0.0062897753387289
1.8,0,3.4,2.8,47.6,7.0990668,0.7716522,3.86774960221841,1.51,4.4,1.52,52.8,5.2,5.2,111.996,0.95,-1.01558653395747
1.5,0,7,14,76.5,8.396175,1.09275082,4.72942391911667,1.35,6.5,2.09,63,6,8.5,190.6455,0.38,-0.407946808357309
1,0,8.5,7,61.5,8.208865,1.6339985,4.89417560498505,1.35,6,2.28,66.5,5.5,9.5,148.99475,0,-0.291889983959635
1,0,8,7,61,8.159665,1.5856885,4.84107481668007,1.325,7,2.24,65,5.5,9,148.077,0.0799999999999996,-0.262794756060401
1.5,0,5,7,49.5,7.76016,1.152242615,4.33665355107687,1.475,4.5,1.82,43.5,5,6.5,120.019956,0.92,-0.31415855605789
1.5,1,9.5,7,64,8.151374,1.6185876,4.85418136859568,1.4,5,2.12,75.5,5.5,12,156.897,0.32,0.0904793479431021
1.5,0,6,14,75.5,8.2542005,1.226982115,4.78255665256013,1.4,5.5,1.89,60,6,7.5,188.01594,0.78,-0.640233657358266
1.5,0,7,7,60.5,8.039105,1.3385525,4.66950675778139,1.35,6.5,2.09,63.5,5.5,8.5,146.542,0.38,-0.317942435055528
1.5,0,5.5,7,50,7.893475,1.100325,4.38697365790617,1.375,5,1.91,59.5,5,7,121.4755,0.74,-0.4675625965601
1.5,0.5,9.5,14,79.5,7.53355865,1.222579095,4.1924076661331,1.625,4.5,1.95,73,6,11.5,199.73365,0.66,-0.129492309059941
1.5,0,6,7,50.5,7.8525085,1.3263835,4.50102442978339,1.35,5.5,1.955,61,5,7.5,123.01275,0.65,-0.527950779857719
1.5,0,6.5,14,76,8.41143,1.47080291,4.95049978694583,1.35,6,2.32,61.5,6,8,189.462,0.0800000000000001,-0.59673843716061
1.5,0,5,7,58.5,7.588045,1.2181986,4.26412465494769,1.575,4.5,1.75,46.5,5.5,6.5,141.994925,1.06,-0.401255120758805
1.5,0,9.5,7,54,9.1765135,0.7525525,5.11631742336827,1.35,4,1.965,72,5,11,130.2465,0.63,-0.184417262854339
1.5,0,5.5,7,59,7.796478,1.279197,4.43542103804758,1.45,5,1.805,58.5,5.5,7,143.154,0.95,-0.621889647157303
1.2,0,8.2,14,77.4,8.733768,1.712163328,5.21868051767393,1.35,6.2,2.204,66,6,9.4,193.3086,0.38,-0.361534663853462
1,0,8.8,11.2,71.4,8.658844,1.9286624,5.29065244149263,1.35,6,2.28,67.4,5.8,9.8,176.6483,0,-0.309054516764235
1,0,8.6,11.2,71.2,8.639164,1.9093384,5.26761627751685,1.34,6.4,2.264,66.8,5.8,9.6,176.2812,0.0799999999999996,-0.249490838358696
1.2,0,7.4,11.2,66.6,8.479362,1.735960046,5.04079811912827,1.4,5.4,2.096,58.2,5.6,8.6,165.0583824,0.92,-0.423463147558294
1.2,0.4,9.2,11.2,72.4,8.6358476,1.92249804,5.27331619288644,1.37,5.6,2.216,71,5.8,10.8,179.8092,0.32,-0.343768351255648
1.2,0,7.8,14,77,8.6769782,1.765855846,5.24205366283854,1.37,5.8,2.124,64.8,6,9,192.256776,0.78,-0.089353340858878
1.2,0,8.2,11.2,71,8.59094,1.810484,5.19213309357082,1.35,6.2,2.204,66.2,5.8,9.4,175.6672,0.38,-0.159944568759755
1.2,0,7.6,11.2,66.8,8.532688,1.715193,5.06411341920724,1.36,5.6,2.132,64.6,5.6,8.8,165.6406,0.74,-0.292809864858072
1.2,0.2,9.2,14,78.6,8.38872146,1.764094638,4.97304988609576,1.46,5.4,2.148,70,6,10.6,196.94386,0.66,-0.365380176556727
1.2,0,7.8,11.2,67,8.5163014,1.8056164,5.11637020597855,1.35,5.8,2.15,65.2,5.6,9,166.2555,0.65,-0.210100047256645
1.2,0,8,14,77.2,8.73987,1.863384164,5.31492366831512,1.35,6,2.296,65.4,6,9.2,192.8352,0.0800000000000001,-0.293298173058219
1.2,0,7.4,11.2,70.2,8.410516,1.76234244,5.00690521664068,1.44,5.4,2.068,59.4,5.8,8.6,173.84837,1.06,-0.461931880857236
1.2,0,9.2,11.2,68.4,9.0459034,1.576084,5.38543025129249,1.35,5.2,2.154,69.6,5.6,10.4,169.149,0.63,-0.258130860957834
1.2,0,7.6,11.2,70.4,8.4938892,1.7867418,5.08640987862071,1.39,5.6,2.09,64.2,5.8,8.8,174.312,0.95,-0.309480102760944
2,0,5,14,75,7.83352,0.06039664,4.01378524046435,1.35,7,1.9,58,6,7,186.207,0,-0.511985044558031
1.2,0,7.4,2.8,51,7.533824,0.926392928,4.23982780623597,1.35,6.2,2.204,63.6,5.2,8.6,119.5658,0.38,-0.364235665757377
1.2,0,6.6,2.8,50.2,7.455104,0.849096928,4.16646572299612,1.31,7.8,2.14,61.2,5.2,7.8,118.0974,0.3,-0.500515718459582
2,0,1.8,2.8,31.8,6.815896,0.155583512,3.49388420541776,1.55,3.8,1.468,26.8,4.4,3.8,73.2061296,0.54,-1.08508236745817
2,1.6,9,2.8,55,7.4418384,0.901735488,4.18452859985627,1.43,4.6,1.948,78,5.2,12.6,132.2094,0.0600000000000001,-0.379168728958547
2,0,3.4,14,73.4,7.6063608,0.275166712,4.08617666402577,1.43,5.4,1.58,53.2,6,5.4,181.999704,0.4,-1.23920220355555
2,0,5,2.8,49.4,7.262208,0.453679328,3.93273384080119,1.35,7,1.9,58.8,5.2,7,115.6414,0,-0.575581041956838
2,0,2.6,2.8,32.6,7.0292,0.072515328,3.55897538812886,1.39,4.6,1.612,52.4,4.4,4.6,75.535,0.36,-1.07345630385586
2,0.8,9,14,79.8,6.45333384,0.26812188,3.30980610261538,1.79,3.8,1.676,74,6,11.8,200.74804,0.28,1.0171628894432
2,0,3.4,2.8,33.4,6.9636536,0.434208928,3.7081657155688,1.35,5.4,1.684,54.8,4.4,5.4,77.9946,0.27,-0.989508640256616
2,0,4.2,14,74.2,7.857928,0.665279984,4.31816681859275,1.35,6.2,2.268,55.6,6,6.2,184.3134,0.46,-0.895136159658222
2,0,1.8,2.8,46.2,6.540512,0.261113088,3.40086012005294,1.71,3.8,1.356,31.6,5.2,3.8,108.36608,0.68,-1.04514449155883
2,0,9,2.8,39,9.0820616,-0.483920672,4.55190208470892,1.35,3,1.7,72.4,4.4,11,89.5686,0.25,-0.699999108262063
2,0,2.6,2.8,47,6.8740048,0.358710528,3.62206888385887,1.51,4.6,1.444,50.8,5.2,4.6,110.2206,0.57,-1.04707337055785
1.5,0,6.5,7,60,7.64621,0.60164432,4.15360731951444,1.35,6.5,2.09,61.5,5.5,8,144.55625,0.38,-0.512898938958614
1.5,0,6,7,59.5,7.59701,0.55333432,4.10854154321681,1.325,7.5,2.05,60,5.5,7.5,143.6385,0.3,-0.540946936757763
2,0,3,7,48,7.197505,0.119888435,3.68044741051056,1.475,5,1.63,38.5,5,5,115.581456,0.54,-0.740848973658075
2,1,7.5,7,62.5,7.588719,0.58623342,4.1196648608834,1.4,5.5,1.93,70.5,5.5,10.5,152.4585,0.0600000000000001,-0.497831451458268
2,0,4,14,74,7.6915455,0.194627935,4.05887812808198,1.4,6,1.7,55,6,6,183.57744,0.4,-0.868031988657975
2,0,5,7,59,7.47645,0.30619832,3.96293451912258,1.35,7,1.9,58.5,5.5,7,142.1035,0,-0.578721779856068
2,0,3.5,7,48.5,7.33082,0.06797082,3.72315326761794,1.375,5.5,1.72,54.5,5,5.5,117.037,0.36,-0.937389452260476
2,0,4,7,49,7.2898535,0.29402932,3.81994630470941,1.35,6,1.765,56,5,6,118.57425,0.27,-0.800375916757702
2,0,4.5,14,74.5,7.848775,0.43844873,4.20140873763676,1.35,6.5,2.13,56.5,6,6.5,185.0235,0.46,-0.802408607159094
2,0,3,7,57,7.02539,0.18584442,3.61889331475404,1.575,5,1.56,41.5,5.5,5,137.556425,0.68,0.36948378924447
2,0,7.5,7,52.5,8.6138585,-0.27980168,4.34213547160342,1.35,4.5,1.775,67,5,9.5,125.808,0.25,-0.62977754705841
2,0,3.5,7,57.5,7.233823,0.24684282,3.76426977201179,1.45,5.5,1.615,53.5,5.5,5.5,138.7155,0.57,-1.00997745145921
1.8,0,5.6,11.2,69,7.758596,0.276895712,4.06914019936113,1.35,6.8,1.976,59.4,5.8,7.4,169.5467,0.38,-0.681445162156678
1.8,0,5.4,11.2,68.8,7.738916,0.257571712,4.05142265281852,1.34,7.2,1.96,58.8,5.8,7.2,169.1796,0.3,-0.56053464325575
2,0,4.2,11.2,64.2,7.579114,0.084193358,3.87697254549232,1.4,6.2,1.792,50.2,5.6,6.2,157.9567824,0.54,-0.714919790257198
2,0.4,6,11.2,70,7.7355996,0.270731352,4.05580656482557,1.37,6.4,1.912,63,5.8,8.4,172.7076,0.0600000000000001,-0.512229811057267
2,0,4.6,14,74.6,7.7767302,0.114089158,4.03176196557086,1.37,6.6,1.82,56.8,6,6.6,185.155176,0.4,-0.787819903957796
2,0,5,11.2,68.6,7.690692,0.158717312,3.99336711778438,1.35,7,1.9,58.2,5.8,7,168.5656,0,-0.572267239657748
2,0,4.4,11.2,64.4,7.63244,0.063426312,3.89490478085661,1.36,6.4,1.828,56.6,5.6,6.4,158.539,0.36,-0.705577577859884
2,0,4.6,11.2,64.6,7.6160534,0.153849712,3.93509645742053,1.35,6.6,1.846,57.2,5.6,6.6,159.1539,0.27,-0.737172851756412
2,0,4.8,14,74.8,7.839622,0.211617476,4.08780765594487,1.35,6.8,1.992,57.4,6,6.8,185.7336,0.46,-0.68364737945646
2,0,4.2,11.2,67.8,7.510268,0.110575752,3.85090487737191,1.44,6.2,1.764,51.4,5.8,6.2,166.74677,0.68,-0.871495725757058
2,0,6,11.2,66,8.1456554,-0.075682688,4.14203559366816,1.35,6,1.85,61.6,5.6,8,162.0474,0.25,-0.57019209956249
2,0,4.4,11.2,68,7.5936412,0.134975112,3.91205340672196,1.39,6.4,1.786,56.2,5.8,6.4,167.2104,0.57,-0.799862574057414
1,0,8,0,45,7.4589,1.142892,4.29830016583748,1.35,6,2.28,65,5,9,102.9055,0,-0.2842750142581
1,0,7.2,0,44.2,7.38018,1.065596,4.22392633063308,1.31,7.6,2.216,62.6,5,8.2,101.4371,0.0799999999999996,-0.43703115166042
1.8,0,2.4,0,25.8,6.740972,0.372082584,3.54206909947519,1.55,3.6,1.544,28.2,4.2,4.2,56.5458296,0.92,-1.1447542111591
1.8,1.6,9.6,0,49,7.3669144,1.11823456,4.24223831643808,1.43,4.4,2.024,79.4,5,13,115.5491,0.32,0.204477903143044
1.8,0,4,11.2,67.4,7.5314368,0.491665784,4.14252998831474,1.43,5.2,1.656,54.6,5.8,5.8,165.339404,0.78,-1.0409193799596
1.8,0,5.6,0,43.4,7.187284,0.6701784,3.98697100274869,1.35,6.8,1.976,60.2,5,7.4,98.9811,0.38,-0.69993175995748
1.8,0,3.2,0,26.6,6.954276,0.2890144,3.60805796841703,1.39,4.4,1.688,53.8,4.2,5,58.8747,0.74,-1.09302156085593
1.8,0.8,9.6,11.2,73.8,6.37840984,0.484620952,3.35545233672865,1.79,3.6,1.752,75.4,5.8,12.2,184.08774,0.66,-0.241397356457099
1.8,0,4,0,27.4,6.8887296,0.650708,3.75930581113207,1.35,5.2,1.76,56.2,4.2,5.8,61.3343,0.65,-0.943515006859315
1.8,0,4.8,11.2,68.2,7.783004,0.881779056,4.37771956803806,1.35,6,2.344,57,5.8,6.6,167.6531,0.0800000000000001,-0.872013014158227
1.8,0,2.4,0,40.2,6.465588,0.47761216,3.44776209932712,1.71,3.6,1.432,33,5,4.2,91.70578,1.06,0.0567483886416369
1.8,0,9.6,0,33,9.0071376,-0.2674216,4.61467832651206,1.35,2.8,1.776,73.8,4.2,11.4,72.9083,0.63,-0.0466816732650557
1.8,0,3.2,0,41,6.7990808,0.5752096,3.67202159985524,1.51,4.4,1.52,52.2,5,5,93.5603,0.95,-1.09705741725972
1,0,7.5,0,44.5,7.4097,1.094582,4.25166450222441,1.325,7,2.24,63.5,5,8.5,101.98775,0.0799999999999996,-0.375418456055712
1.5,0,4.5,0,33,7.010195,0.661136115,3.80865751093751,1.475,4.5,1.82,42,4.5,6,73.930706,0.92,-0.615506672859709
1.5,1,9,0,47.5,7.401409,1.1274811,4.26317530584474,1.4,5,2.12,74,5,11.5,110.80775,0.32,0.207590205239313
1.5,0,5.5,7,59,7.5042355,0.735875615,4.20027103888299,1.4,5.5,1.89,58.5,5.5,7,141.92669,0.78,-0.689697014257916
1.5,0,6.5,0,44,7.28914,0.847446,4.10098518960116,1.35,6.5,2.09,62,5,8,100.45275,0.38,-0.537331904458341
1.5,0,5,0,33.5,7.14351,0.6092185,3.85285104647575,1.375,5,1.91,58,4.5,6.5,75.38625,0.74,-0.506506712858908
1.5,0.5,9,7,63,6.78359365,0.731472595,3.68197384422484,1.625,4.5,1.95,71.5,5.5,11,153.6444,0.66,-0.116732346958969
1.5,0,5.5,0,34,7.1025435,0.835277,3.95301591411442,1.35,5.5,1.955,59.5,4.5,7,76.9235,0.65,-0.677131749655899
1.5,0,6,7,59.5,7.661465,0.97969641,4.34776676863287,1.35,6,2.32,60,5.5,7.5,143.37275,0.0800000000000001,-0.6240996196602
1.5,0,4.5,0,42,6.83808,0.7270921,3.74495914957455,1.575,4.5,1.75,45,5,6,95.905675,1.06,-0.672236965960991
1.5,0,9,0,37.5,8.4265485,0.261446,4.49339578394801,1.35,4,1.965,70.5,4.5,10.5,84.15725,0.63,-0.387682354658836
1.5,0,5,0,42.5,7.046513,0.7880905,3.89539986345815,1.45,5,1.805,57,5,6.5,97.06475,0.95,-0.517359973156061
1,0,7.8,0,44.8,7.43922,1.123568,4.27958482807294,1.34,6.4,2.264,64.4,5,8.8,102.5384,0.0799999999999996,-0.324646639756764
1.2,0,6.6,0,40.2,7.279418,0.950189646,4.09531029131249,1.4,5.4,2.096,55.8,4.8,7.8,91.3155824,0.92,-0.580285073955537
1.2,0.4,8.4,0,46,7.4359036,1.13672764,4.28421562691095,1.37,5.6,2.216,68.6,5,10,106.0664,0.32,-0.418944425159651
1.2,0,7,2.8,50.6,7.4770342,0.980085446,4.25881691860882,1.37,5.8,2.124,62.4,5.2,8.2,118.513976,0.78,-0.572312274459335
1.2,0,7.4,0,44.6,7.390996,1.0247136,4.21825980518377,1.35,6.2,2.204,63.8,5,8.6,101.9244,0.38,-0.373621824458468
1.2,0,6.8,0,40.4,7.332744,0.9294226,4.11425240843401,1.36,5.6,2.132,62.2,4.8,8,91.8978,0.74,-0.568850714355875
1.2,0.2,8.4,2.8,52.2,7.18877746,0.978324238,4.04026939711293,1.46,5.4,2.148,67.6,5.2,9.8,123.20106,0.66,-0.431892962157662
1.2,0,7,0,40.6,7.3163574,1.019846,4.15670754184699,1.35,5.8,2.15,62.8,4.8,8.2,92.5127,0.65,-0.500023600557114
1.2,0,7.2,2.8,50.8,7.539926,1.077613764,4.31801890930625,1.35,6,2.296,63,5.2,8.4,119.0924,0.0800000000000001,-0.451563391258759
1.2,0,6.6,0,43.8,7.210572,0.97657204,4.06777458187132,1.44,5.4,2.068,57,5,7.8,100.10557,1.06,-0.739105676456319
1.2,0,8.4,0,42,7.8459594,0.7903136,4.37530077778196,1.35,5.2,2.154,67.2,4.8,9.6,95.4062,0.63,-0.383523230658255
1.2,0,6.8,0,44,7.2939452,1.0009714,4.13236678586747,1.39,5.6,2.09,61.8,5,8,100.5692,0.95,-0.636235080556588
1,0,7,0,44,7.3605,1.046272,4.20553482587065,1.3,8,2.2,62,5,8,101.07,0,-0.41116564285673
1.8,0,2.2,0,25.6,6.721292,0.352758584,3.52664648657604,1.54,4,1.528,27.6,4.2,4,56.1787296,0.84,-1.13674494855783
1.8,1.6,9.4,0,48.8,7.3472344,1.09891056,4.22376707899383,1.42,4.8,2.008,78.8,5,12.8,115.182,0.24,0.0077960614444521
1.8,0,3.8,11.2,67.2,7.5117568,0.472341784,4.12449289343075,1.42,5.6,1.64,54,5.8,5.6,164.972304,0.7,-1.21540639255815
1.8,0,5.4,0,43.2,7.167604,0.6508544,3.96961123118901,1.34,7.2,1.96,59.6,5,7.2,98.614,0.3,-0.592367472559062
1.8,0,3,0,26.4,6.934596,0.2696904,3.59234803171003,1.38,4.8,1.672,53.2,4.2,4.8,58.5076,0.66,-1.12791009255577
1.8,0.8,9.4,11.2,73.6,6.35872984,0.465296952,3.34084227660911,1.78,4,1.736,74.8,5.8,12,183.72064,0.58,0.994680708042353
1.8,0,3.8,0,27.2,6.8690496,0.631384,3.7429373223572,1.34,5.6,1.744,55.6,4.2,5.6,60.9672,0.57,-1.22298136146034
1.8,0,4.6,11.2,68,7.763324,0.862455056,4.35865842824018,1.34,6.4,2.328,56.4,5.8,6.4,167.286,0.16,-0.838132392159395
1.8,0,2.2,0,40,6.445908,0.45828816,3.43275011092911,1.7,4,1.416,32.4,5,4,91.33868,0.98,-1.06493628345831
1.8,0,9.4,0,32.8,8.9874576,-0.2867456,4.59458543857422,1.34,3.2,1.76,73.2,4.2,11.2,72.5412,0.55,-0.35652368746284
1.8,0,3,0,40.8,6.7794008,0.5558856,3.65603315747837,1.5,4.8,1.504,51.6,5,4.8,93.1932,0.87,-1.11361608855711
1.5,0,4,0,32.5,6.960995,0.612826115,3.76733436838241,1.45,5.5,1.78,40.5,4.5,5.5,73.012956,0.84,-0.825671347057295
1.5,1,8.5,0,47,7.352209,1.0791711,4.21692073966365,1.375,6,2.08,72.5,5,11,109.89,0.24,-0.151672308055794
1.5,0,5,7,58.5,7.4550355,0.687565615,4.15469897092693,1.375,6.5,1.85,57,5.5,6.5,141.00894,0.7,-0.578844911356072
1.5,0,6,0,43.5,7.23994,0.799136,4.05649035247822,1.325,7.5,2.05,60.5,5,7.5,99.535,0.3,-0.553939284155575
1.5,0,4.5,0,33,7.09431,0.5609085,3.81104841324348,1.35,6,1.87,56.5,4.5,6,74.4685,0.66,-0.769725830358738
1.5,0.5,8.5,7,62.5,6.73439365,0.683162595,3.64202519312872,1.6,5.5,1.91,70,5.5,10.5,152.72665,0.58,-0.314898297455301
1.5,0,5,0,33.5,7.0533435,0.786967,3.91012651288252,1.325,6.5,1.915,58,4.5,6.5,76.00575,0.57,-0.600075097058806
1.5,0,5.5,7,59,7.612265,0.93138641,4.30059440265862,1.325,7,2.28,58.5,5.5,7,142.455,0.16,-0.681314139356772
1.5,0,4,0,41.5,6.78888,0.6787821,3.70432712100373,1.55,5.5,1.71,43.5,5,5.5,94.987925,0.98,-0.882279733256809
1.5,0,8.5,0,37,8.3773485,0.213136,4.44464337341928,1.325,5,1.925,69,4.5,10,83.2395,0.55,-0.484871077459474
1.5,0,4.5,0,42,6.997313,0.7397805,3.85313558440325,1.425,6,1.765,55.5,5,6,96.147,0.87,-0.839880043359671
1.2,0,5.8,0,39.4,7.200698,0.872893646,4.02444880631482,1.36,7,2.032,53.4,4.8,7,89.8471824,0.84,-0.585038358457467
1.2,0.4,7.6,0,45.2,7.3571836,1.05943164,4.21008549762206,1.33,7.2,2.152,66.2,5,9.2,104.598,0.24,-0.454350653358205
1.2,0,6.2,2.8,49.8,7.3983142,0.902789446,4.18512626522267,1.33,7.4,2.06,60,5.2,7.4,117.045576,0.7,-0.612916965458652
1.2,0,6.6,0,43.8,7.312276,0.9474176,4.14527091480948,1.31,7.8,2.14,61.4,5,7.8,100.456,0.3,-0.496920686457969
1.2,0,6,0,39.6,7.254024,0.8521266,4.04306316645268,1.32,7.2,2.068,59.8,4.8,7.2,90.4294,0.66,-0.564356618156097
1.2,0.2,7.6,2.8,51.4,7.11005746,0.901028238,3.97036028915659,1.42,7,2.084,65.2,5.2,9,121.73266,0.58,-0.449579273156786
1.2,0,6.2,0,39.8,7.2376374,0.94255,4.08478369526053,1.31,7.4,2.086,60.4,4.8,7.4,91.0443,0.57,-0.549510767558758
1.2,0,6.4,2.8,50,7.461206,1.000317764,4.24330387908972,1.31,7.6,2.232,60.6,5.2,7.6,117.624,0.16,-0.566182366058428
1.2,0,5.8,0,43,7.131852,0.89927604,3.99738954947985,1.4,7,2.004,54.6,5,7,98.63717,0.98,-0.742302605757658
1.2,0,7.6,0,41.2,7.7672394,0.7130176,4.29959459476506,1.31,6.8,2.09,64.8,4.8,8.8,93.9378,0.55,-0.461080436761193
1.2,0,6,0,43.2,7.2152252,0.9236754,4.06086410934922,1.35,7.2,2.026,59.4,5,7.2,99.1008,0.87,-0.64280567736111
2,0,1,0,21,6.56149,0.17938023,3.37479270315091,1.6,3,1.36,19,4,3,44.955912,0,-1.00307746075757
2,1.6,8.2,0,44.2,7.1874324,0.925532206,4.04189599730386,1.48,3.8,1.84,70.2,4.8,11.8,103.9591824,0.6,0.454455145042658
2,0,2.6,11.2,62.6,7.3519548,0.29896343,3.94689645642989,1.48,4.6,1.472,45.4,5.6,4.6,153.7494864,0.14,-0.997217625356797
2,0,4.2,0,38.6,7.007802,0.477476046,3.79868383983366,1.4,6.2,1.792,51,4.8,6.2,87.3911824,0.54,-0.708959136655693
2,0,1.8,0,21.8,6.774794,0.096312046,3.43766520708572,1.44,3.8,1.504,44.6,4,3.8,47.2847824,0.18,-0.996729044959437
2,0.8,8.2,11.2,69,6.19892784,0.291918598,3.19698903204354,1.84,3,1.568,66.2,5.6,11,172.4978224,0.26,0.186126818041004
2,0,2.6,0,22.6,6.7092476,0.458005646,3.58177027720919,1.4,4.6,1.576,47,4,4.6,49.7443824,0.27,-0.888567603657947
2,0,3.4,11.2,63.4,7.603522,0.689076702,4.17097906329518,1.4,5.4,2.16,47.8,5.6,5.4,156.0631824,1,-0.902442416258936
2,0,1,0,35.4,6.286106,0.284909806,3.28493940920955,1.76,3,1.248,23.8,4.8,3,80.1158624,0.14,-0.985592241856438
2,0,8.2,0,28.2,8.8276556,-0.460123954,4.39674729835424,1.4,2.2,1.592,64.6,4,10.2,61.3183824,0.29,-0.161871951057918
2,0,1.8,0,36.2,6.6195988,0.382507246,3.49860811660623,1.56,3.8,1.336,43,4.8,3.8,81.9703824,0.03,-0.96333401015815
2,1,5.5,0,35.5,6.952704,0.645725215,3.7775339140107,1.525,3.5,1.66,51,4.5,8.5,81.832956,0.6,-0.389360072555945
2,0,2,7,47,7.0555305,0.25411973,3.72179541283806,1.525,4,1.43,35.5,5,4,112.951896,0.14,-1.00175090585887
2,0,3,0,32,6.840435,0.365690115,3.63381975245897,1.475,5,1.63,39,4.5,5,71.477956,0.54,-0.840314337058743
2,0,1.5,0,21.5,6.694805,0.127462615,3.41395191366869,1.5,3.5,1.45,35,4,3.5,46.411456,0.18,-0.986595389555959
2,0.5,5.5,7,51,6.33488865,0.24971671,3.26254025913289,1.75,3,1.49,48.5,5,8,124.669606,0.26,-0.501043211154837
2,0,2,0,22,6.6538385,0.353521115,3.50270645866212,1.475,4,1.495,36.5,4,4,47.948706,0.27,-0.915210133559384
2,0,2.5,7,47.5,7.21276,0.497940525,3.85248910505804,1.475,4.5,1.86,37,5,4.5,114.397956,1,-0.972873505058459
2,0,1,0,30,6.389375,0.245336215,3.31835056717176,1.7,3,1.29,22,4.5,3,66.930881,0.14,-0.987603707358147
2,0,5.5,0,25.5,7.9778435,-0.220309885,3.98152873039616,1.475,2.5,1.505,47.5,4,7.5,55.182456,0.29,-0.713258127062517
2,0,1.5,0,30.5,6.597808,0.306334615,3.45165376443041,1.575,3.5,1.345,34,4.5,3.5,68.089956,0.03,-0.971857976158361
2,0.4,2.8,0,26.8,6.7179756,0.365918224,3.53046255544912,1.57,3.2,1.48,31.8,4.2,5.2,59.7067296,0.6,-1.16585242165726
2,0,1.4,2.8,31.4,6.7591062,0.20927603,3.50953242577633,1.57,3.4,1.388,25.6,4.4,3.4,72.1543056,0.14,-0.974632448857818
2,0,1.8,0,25.4,6.673068,0.253904184,3.47611081893544,1.55,3.8,1.468,27,4.2,3.8,55.5647296,0.54,-1.10499130435616
2,0,1.2,0,21.2,6.614816,0.158613184,3.39040219647296,1.56,3.2,1.396,25.4,4,3.2,45.5381296,0.18,-0.998558738457149
2,0.2,2.8,2.8,33,6.47084946,0.207514822,3.32943555194466,1.66,3,1.412,30.8,4.4,5,76.8413896,0.26,-1.17476741526022
2,0,1.4,0,21.4,6.5984294,0.249036584,3.4253878909043,1.55,3.4,1.414,26,4,3.4,46.1530296,0.27,-1.03427367975652
2,0,1.6,2.8,31.6,6.821998,0.306804348,3.5583185816487,1.55,3.6,1.56,26.2,4.4,3.6,72.7327296,1,-1.0241894129567
2,0,1,0,24.6,6.492644,0.205762624,3.35210155042062,1.64,3,1.332,20.2,4.2,3,53.7458996,0.14,-0.976054379759233
2,0,2.8,0,22.8,7.1280314,0.019504184,3.60552243630283,1.55,2.8,1.418,30.4,4,4.8,49.0465296,0.29,-1.15917814945985
2,0,1.2,0,24.8,6.5760172,0.230161984,3.40532958034281,1.59,3.2,1.354,25,4.2,3.2,54.2095296,0.03,-0.953198858157492
2,2,10,0,50,7.343918,1.1120702,4.22833747927032,1.45,4,1.96,83,5,14,118.71,0,0.457652074442223
2,0.4,4.4,11.2,68.4,7.5084404,0.485501424,4.12895587235642,1.45,4.8,1.592,58.2,5.8,6.8,168.500304,0.46,-1.05995442326
2,0.4,6,0,44.4,7.1642876,0.66401404,3.97390661773122,1.37,6.4,1.912,63.8,5,8.4,102.142,0.0600000000000001,-0.545730834160139
2,0.4,3.6,0,27.6,6.9312796,0.28285004,3.59623519407725,1.41,4,1.624,57.4,4.2,6,62.0356,0.42,-1.10641201075757
2,1.2,10,11.2,74.8,6.35541344,0.478456592,3.34445729282073,1.81,3.2,1.688,79,5.8,13.2,187.24864,0.34,0.413788003942528
2,0.4,4.4,0,28.4,6.8657332,0.64454364,3.74698743247289,1.37,4.8,1.696,59.8,4.2,6.8,64.4952,0.33,-0.98462705415929
2,0.4,5.2,11.2,69.2,7.7600076,0.875614696,4.36337479003593,1.37,5.6,2.28,60.6,5.8,7.6,170.814,0.4,-0.799261610655748
2,0.4,2.8,0,41.2,6.4425916,0.4714478,3.43646457760368,1.73,3.2,1.368,36.6,5,5.2,94.86668,0.74,-1.09931500975924
2,0.4,10,0,34,8.9841412,-0.27358596,4.59955708927513,1.37,2.4,1.712,77.4,4.2,12.4,76.0692,0.31,0.484855975141755
2,0.4,3.6,0,42,6.7760844,0.56904524,3.65998923143824,1.53,4,1.456,55.8,5,6,96.7212,0.63,-1.04770113715765
2,1,6.5,7,61.5,7.4467445,0.720464715,4.16594725355388,1.45,4.5,1.73,67.5,5.5,9.5,149.82894,0.46,-0.0428441878566161
2,1,7.5,0,46.5,7.231649,0.8320351,4.0674727486223,1.4,5.5,1.93,71,5,10.5,108.355,0.0600000000000001,-0.245122594856156
2,1,6,0,36,7.086019,0.5938076,3.82136630870524,1.425,4,1.75,67,4.5,9,83.2885,0.42,-0.26790967985923
2,1.5,10,7,65.5,6.72610265,0.716061695,3.65188548120096,1.675,3.5,1.79,80.5,5.5,13.5,161.54665,0.34,0.539835623844766
2,1,6.5,0,36.5,7.0450525,0.8198661,3.92071264882925,1.4,4.5,1.795,68.5,4.5,9.5,84.82575,0.33,-0.12926591035918
2,1,7,7,62,7.603974,0.96428551,4.3122376773323,1.4,5,2.16,69,5.5,10,151.275,0.4,-0.466831970857101
2,1,5.5,0,44.5,6.780589,0.7116812,3.71435608307566,1.625,3.5,1.59,54,5,8.5,103.807925,0.74,-0.427052873360452
2,1,10,0,40,8.3690575,0.2460351,4.45667664109765,1.4,3,1.805,79.5,4.5,13,92.0595,0.31,0.559040738343384
2,1,6,0,45,6.989022,0.7726796,3.86356742515913,1.5,4,1.645,66,5,9,104.967,0.63,-0.329992316058423
2,1.6,8.6,2.8,54.6,7.3850486,0.955428006,4.20327004112263,1.45,4.2,1.868,76.8,5.2,12.2,131.157576,0.46,0.811117066340586
2,1.6,9,0,48.6,7.2990104,1.00005616,4.16324190582781,1.43,4.6,1.948,78.2,5,12.6,114.568,0.0600000000000001,-0.0760929614579879
2,1.6,8.4,0,44.4,7.2407584,0.90476516,4.06059105626834,1.44,4,1.876,76.6,4.8,12,104.5414,0.42,0.11813550194077
2,1.8,10,2.8,56.2,7.09679186,0.953666798,3.98757299022302,1.54,3.8,1.892,82,5.2,13.8,135.84466,0.34,0.591697392240377
2,1.6,8.6,0,44.6,7.2243718,0.99518856,4.10249245606482,1.43,4.2,1.894,77.2,4.8,12.2,105.1563,0.33,0.0268075669419261
2,1.6,8.8,2.8,54.8,7.4479404,1.052956324,4.2616998723713,1.43,4.4,2.04,77.4,5.2,12.4,131.736,0.4,-0.334274707655794
2,1.6,8.2,0,47.8,7.1185864,0.9519146,4.01471943048565,1.52,3.8,1.812,71.4,5,11.8,112.74917,0.74,0.530346470143769
2,1.6,10,0,46,7.7539738,0.76565616,4.31823462515944,1.43,3.6,1.898,81.6,4.8,13.6,108.0498,0.31,0.467489942137973
2,1.6,8.4,0,48,7.2019596,0.97631396,4.07846917158412,1.47,4,1.834,76.2,5,12,113.2128,0.63,0.082329674541171
2,0,3,14,73,7.549571,0.32885923,4.1044776119403,1.45,5,1.5,52,6,5,180.94788,0,-1.01967259545833
2,0,4.6,2.8,49,7.2054182,0.507371846,3.95034755726525,1.37,6.6,1.82,57.6,5.2,6.6,114.589576,0.4,-0.729462914357072
2,0,2.2,2.8,32.2,6.9724102,0.126207846,3.57491513537,1.41,4.2,1.532,51.2,4.4,4.2,74.483176,0.04,-1.01642450855704
2,0.8,8.6,14,79.4,6.39654404,0.321814398,3.32462988388368,1.81,3.4,1.596,72.8,6,11.4,199.696216,0.12,-0.577602711759909
2,0,3,2.8,33,6.9068638,0.487901446,3.72477364841138,1.37,5,1.604,53.6,4.4,5,76.942776,0.13,-1.02302626245634
2,0,3.8,14,73.8,7.8011382,0.718972502,4.3375067915139,1.37,5.8,2.188,54.4,6,5.8,183.261576,0.86,-1.27577675245536
2,0,1.4,2.8,45.8,6.4837222,0.314805606,3.41609170914932,1.73,3.4,1.276,30.4,5.2,3.4,107.314256,0.28,-0.973677873559581
2,0,8.6,2.8,38.6,9.0252718,-0.430228154,4.57228889854829,1.37,2.6,1.62,71.2,4.4,10.6,88.516776,0.15,-0.554052211452444
2,0,2.2,2.8,46.6,6.817215,0.412403046,3.63829121084975,1.53,4.2,1.364,49.6,5.2,4.2,109.168776,0.17,-1.04228593565765
2,0,4,7,58,7.3344755,0.440429615,4.00745612409171,1.4,6,1.7,55.5,5.5,6,139.47394,0.4,-0.77312752535633
2,0,2.5,7,47.5,7.1888455,0.202202115,3.76498104908153,1.425,4.5,1.52,51.5,5,4.5,114.40744,0.04,-1.01003786075941
2,0.5,6.5,14,77,6.82892915,0.32445621,3.59800095552633,1.675,4,1.56,65,6,9,192.66559,0.12,-0.680700114457949
2,0,3,7,48,7.147879,0.428260615,3.86286150796621,1.4,5,1.565,53,5,5,115.94469,0.13,-0.906375549656303
2,0,3.5,14,73.5,7.7068005,0.572680025,4.24860948224364,1.4,5.5,1.93,53.5,6,5.5,182.39394,0.86,-0.91359146445663
2,0,2,7,56,6.8834155,0.320075715,3.65954978732693,1.625,4,1.36,38.5,5.5,4,134.926865,0.28,-0.971051566858449
2,0,6.5,7,51.5,8.471884,-0.145570385,4.39091721131078,1.4,3.5,1.575,64,5,8.5,123.17844,0.15,-0.823118102859525
2,0,2.5,7,56.5,7.0918485,0.381074115,3.80655947702156,1.5,4.5,1.415,50.5,5.5,4.5,136.08594,0.17,-0.990126338757335
2,0,3.4,11.2,67,7.4635328,0.373487384,4.06539028622534,1.43,5.4,1.58,53.4,5.8,5.4,164.358304,0.4,-1.29903717935937
2,0,2.8,11.2,62.8,7.4052808,0.278196384,3.96515211219859,1.44,4.8,1.508,51.8,5.6,4.8,154.331704,0.04,-1.04432502065808
2,0.2,4.4,14,74.6,7.26131426,0.327098022,3.89385024141273,1.54,4.6,1.524,57.2,6,6.6,185.634964,0.12,-1.06219500865606
2,0,3,11.2,63,7.3888942,0.368619784,4.00606867375447,1.43,5,1.526,52.4,5.6,5,154.946604,0.13,-1.07057012835773
2,0,3.2,14,73.2,7.6124628,0.426387548,4.1615341255317,1.43,5.2,1.672,52.6,6,5.2,181.526304,0.86,-1.11633641065689
2,0,2.6,11.2,66.2,7.2831088,0.325345824,3.92035863968639,1.52,4.6,1.444,46.6,5.8,4.6,162.539474,0.28,-0.890675533554685
2,0,4.4,11.2,64.4,7.9184962,0.139087384,4.2167401020322,1.43,4.4,1.53,56.8,5.6,6.4,157.840104,0.15,-1.06913527215417
2,0,2.8,11.2,66.4,7.366482,0.349745184,3.98261002552307,1.47,4.8,1.466,51.4,5.8,4.8,163.003104,0.17,-0.993243674961349
2,0,5,0,43,7.11938,0.552,3.912728026534,1.35,7,1.9,59,5,7,98,0,-0.559478977759653
2,0,2.6,0,26.2,6.886372,0.170836,3.54087088284612,1.39,4.6,1.612,52.6,4.2,4.6,57.8936,0.36,-1.08503855725482
2,0.8,9,11.2,73.4,6.31050584,0.366442552,3.29296912131185,1.79,3.8,1.676,74.2,5.8,11.8,183.10664,0.28,0.951984958342138
2,0,3.4,0,27,6.8208256,0.5325296,3.68930227919587,1.35,5.4,1.684,55,4.2,5.4,60.3532,0.27,-1.32006981035644
2,0,4.2,11.2,67.8,7.7151,0.763600656,4.29620030704008,1.35,6.2,2.268,55.8,5.8,6.2,166.672,0.46,-0.898258257758215
2,0,1.8,0,39.8,6.397684,0.35943376,3.38355994702709,1.71,3.8,1.356,31.8,5,3.8,90.72468,0.68,-1.04695894655649
2,0,9,0,32.6,8.9392336,-0.3856,4.52874656202281,1.35,3,1.7,72.6,4.2,11,71.9272,0.25,-0.425848361358447
2,0,2.6,0,40.6,6.7311768,0.4570312,3.60364342200796,1.51,4.6,1.444,51,5,4.6,92.5792,0.57,-1.02439553925703
2,0,3.5,0,32.5,6.97375,0.3137725,3.67598456825265,1.375,5.5,1.72,55,4.5,5.5,72.9335,0.36,-0.828095745359832
2,0.5,7.5,7,62,6.61383365,0.436026595,3.51295154388615,1.625,5,1.76,68.5,5.5,10,151.19165,0.28,-0.391304053758148
2,0,4,0,33,6.9327835,0.539831,3.77155133252131,1.35,6,1.765,56.5,4.5,6,74.47075,0.27,-0.715812323555809
2,0,4.5,7,58.5,7.491705,0.68425041,4.14818101065063,1.35,6.5,2.13,57,5.5,6.5,140.92,0.46,-0.559483467556646
2,0,3,0,41,6.66832,0.4316461,3.5730454867091,1.575,5,1.56,42,5,5,93.452925,0.68,-0.866000930959643
2,0,7.5,0,36.5,8.2567885,-0.034,4.28712487495547,1.35,4.5,1.775,67.5,4.5,9.5,81.7045,0.25,-0.413517114654468
2,0,3.5,0,41.5,6.876753,0.4926445,3.71658016687247,1.45,5.5,1.615,54,5,5.5,94.612,0.57,-0.908698585560131
2,0,4.4,0,38.8,7.061128,0.456709,3.81625396494833,1.36,6.4,1.828,57.4,4.8,6.4,87.9734,0.36,-0.682164223059743
2,0.2,6,2.8,50.6,6.91716146,0.505610638,3.74762959962886,1.46,6.2,1.844,62.8,5.2,8.2,119.27666,0.28,-0.499348350061126
2,0,4.6,0,39,7.0447414,0.5471324,3.8556340406305,1.35,6.6,1.846,58,4.8,6.6,88.5883,0.27,-0.670219241855165
2,0,4.8,2.8,49.2,7.26831,0.604900164,4.00526150257126,1.35,6.8,1.992,58.2,5.2,6.8,115.168,0.46,-0.650231119757308
2,0,4.2,0,42.2,6.938956,0.50385844,3.77314256285292,1.44,6.2,1.764,52.2,5,6.2,96.18117,0.68,-0.884090650756633
2,0,6,0,40.4,7.5743434,0.3176,4.05839440157424,1.35,6,1.85,62.4,4.8,8,91.4818,0.25,-0.596463874257978
2,0,4.4,0,42.4,7.0223292,0.5282578,3.83305630419259,1.39,6.4,1.786,57,5,6.4,96.6448,0.57,-0.750802353758417
2,0,2,0,22,6.82812,0.075545,3.45356550580431,1.4,4,1.54,51,4,4,47.867,0,-1.01043745985859
2,0.8,8.4,11.2,69.2,6.25225384,0.271151552,3.21177612664041,1.8,3.2,1.604,72.6,5.6,11.2,173.08004,0.0800000000000001,-0.0880489631553871
2,0,2.8,0,22.8,6.7625736,0.4372386,3.59833710786844,1.36,4.8,1.612,53.4,4,4.8,50.3266,0.0899999999999999,-0.981460193258471
2,0,3.6,11.2,63.6,7.656848,0.668309656,4.19027117263692,1.36,5.6,2.196,54.2,5.6,5.6,156.6454,0.82,-1.05366464795858
2,0,1.2,0,35.6,6.339432,0.26414276,3.30013330237031,1.72,3.2,1.284,30.2,4.8,3.2,80.69808,0.32,-0.98838331355816
2,0,8.4,0,28.4,8.8809816,-0.480891,4.41708365783739,1.36,2.4,1.628,71,4,10.4,61.9006,0.11,-0.338536282454669
2,0,2,0,36.4,6.6729248,0.3617402,3.51479029573137,1.52,4,1.372,49.4,4.8,4,82.5526,0.21,-1.02066703535726
2,0.5,6,7,51.5,6.46820365,0.197799095,3.30039695495626,1.65,3.5,1.58,64.5,5,8.5,126.12515,0.0800000000000001,-0.501668120555195
2,0,2.5,0,22.5,6.7871535,0.3016035,3.54334990898979,1.375,4.5,1.585,52.5,4,4.5,49.40425,0.0899999999999999,-0.959918845458532
2,0,3,7,48,7.346075,0.44602291,3.89719123794506,1.375,5,1.95,53,5,5,115.8535,0.82,-0.926078360257606
2,0,1.5,0,30.5,6.52269,0.1934186,3.35685485465298,1.6,3.5,1.38,38,4.5,3.5,68.386425,0.32,-0.963137407858966
2,0,6,0,26,8.1111585,-0.2722275,4.02772816705803,1.375,3,1.595,63.5,4,8,56.638,0.11,-0.79770607185398
2,0,2,0,31,6.731123,0.254417,3.49170482779487,1.475,4,1.435,50,4.5,4,69.5455,0.21,-1.02435513025827
2,0.2,3.6,2.8,33.8,6.68415346,0.124446638,3.39146305059514,1.5,3.8,1.556,56.4,4.4,5.8,79.17026,0.0800000000000001,-1.12347776625663
2,0,2.2,0,22.2,6.8117334,0.1659684,3.48920298492417,1.39,4.2,1.558,51.6,4,4.2,48.4819,0.0899999999999999,-1.05133644195936
2,0,2.4,2.8,32.4,7.035302,0.223736164,3.62461017900137,1.39,4.4,1.704,51.8,4.4,4.4,75.0616,0.82,-1.05045969115869
2,0,1.8,0,25.4,6.705948,0.12269444,3.41455131740095,1.48,3.8,1.476,45.8,4.2,3.8,56.07477,0.32,-0.959663738757598
2,0,3.6,0,23.6,7.3413354,-0.063564,3.67269344308847,1.39,3.6,1.562,56,4,5.6,51.3754,0.11,-1.105204369559
2,0,2,0,25.6,6.7893212,0.1470938,3.4687709873482,1.43,4,1.498,50.6,4.2,4,56.5384,0.21,-1.01126101236056
2,1,10,14,81,6.1082873,0.32005319,3.15402155887231,1.9,3,1.62,78,6,13,204.3833,0,0.952849191839988
2,0.2,4.4,2.8,34.6,6.61860706,0.486140238,3.53363135125449,1.46,4.6,1.628,58.8,4.4,6.6,81.62986,0.0099999999999997,-0.975967575358453
2,0.2,5.2,14,75.4,7.51288146,0.717211294,4.11492118220656,1.46,5.4,2.212,59.6,6,7.4,187.94866,0.74,-0.935110907058487
2,0.2,2.8,2.8,47.4,6.19546546,0.313044398,3.24078988460386,1.82,3,1.3,35.6,5.2,5,112.00134,0.4,-1.11139155795806
2,0.2,10,2.8,40.2,8.73701506,-0.431989362,4.33765509638257,1.46,2.2,1.644,76.4,4.4,12.2,93.20386,0.0299999999999998,0.434685122244474
2,0.2,3.6,2.8,48.2,6.52895826,0.410641838,3.45158688854438,1.62,3.8,1.388,54.8,5.2,5.8,113.85586,0.29,-1.11659110915841
2,0.5,7,14,77.5,6.98615865,0.568277005,3.72434751070417,1.625,4.5,1.99,66.5,6,9.5,194.11165,0.74,-0.0685220742588797
2,0.5,5.5,7,60,6.16277365,0.315672695,3.20797550297127,1.85,3,1.42,51.5,5.5,8,146.644575,0.4,-0.540205154556105
2,0.5,10,7,55.5,7.75124215,-0.149973405,3.84909501661646,1.625,2.5,1.635,77,5,12.5,134.89615,0.0299999999999998,0.533306252343238
2,0.5,6,7,60.5,6.37120665,0.376671095,3.33684476576227,1.725,3.5,1.475,63.5,5.5,8.5,147.80365,0.29,-0.560590698757522
2,0.8,8.6,11.2,69.4,6.23586724,0.361574952,3.24491857158852,1.79,3.4,1.622,73.2,5.6,11.4,173.69494,0.0099999999999997,1.01135108214024
2,0.8,8.8,14,79.6,6.45943584,0.419342716,3.370845701849,1.79,3.6,1.768,73.4,6,11.6,200.27464,0.74,-0.646735409361071
2,0.8,8.2,11.2,72.6,6.13008184,0.318300992,3.17549338096682,1.88,3,1.54,67.4,5.8,11,181.28781,0.4,0.229827620242787
2,0.8,10,11.2,70.8,6.76546924,0.132042552,3.41556258340991,1.79,2.8,1.626,77.6,5.6,12.8,176.58844,0.0299999999999998,0.505671867446864
2,0.8,8.4,11.2,72.8,6.21345504,0.342700352,3.22591704927085,1.83,3.2,1.562,72.2,5.8,11.2,181.75144,0.29,-0.0856408918579916
2,0,3,0,23,6.746187,0.527662,3.63546849087894,1.35,5,1.63,54,4,5,50.9415,0,-0.99566058995967
2,0,3.8,11.2,63.8,7.6404614,0.758733056,4.23351074668594,1.35,5.8,2.214,54.8,5.6,5.8,157.2603,0.73,-1.30115925916013
2,0,1.4,0,35.8,6.3230454,0.35456616,3.33418750851126,1.71,3.4,1.302,30.8,4.8,3.4,81.31298,0.41,-1.0060386036557
2,0,8.6,0,28.6,8.864595,-0.3904676,4.46266371889668,1.35,2.6,1.646,71.6,4,10.6,62.5155,0.02,-0.386120829453802
2,0,2.2,0,36.6,6.6565382,0.4521636,3.55105955588129,1.51,4.2,1.39,50,4.8,4.2,83.1675,0.3,-1.02115289465561
2,0,3.5,7,48.5,7.3051085,0.67208141,3.99850884399901,1.35,5.5,1.995,54.5,5,5.5,117.39075,0.73,-0.902072613559511
2,0,6.5,0,26.5,8.070192,-0.046169,4.13243941954908,1.35,3.5,1.64,65,4,8.5,58.17525,0.02,-0.694265533557854
2,0,2.5,0,31.5,6.6901565,0.4804755,3.58248076169174,1.45,4.5,1.48,51.5,4.5,4.5,71.08275,0.3,-0.976652077758416
2,0,3.2,2.8,33.2,6.9697556,0.585429764,3.77655188145064,1.35,5.2,1.776,54.2,4.4,5.2,77.5212,0.73,-1.19042294066
2,0,2.6,0,26.2,6.6404016,0.48438804,3.55768746574373,1.44,4.6,1.548,48.2,4.2,4.6,58.53437,0.41,-0.80133402955741
2,0,4.4,0,24.4,7.275789,0.2981296,3.82665077001704,1.35,4.4,1.634,58.4,4,6.4,53.835,0.02,-1.06560119355615
2,0,2.8,0,26.4,6.7237748,0.5087874,3.61417999499203,1.39,4.8,1.57,53,4.2,4.8,58.998,0.3,-0.941766539456665
2,0,4,14,74,7.86403,0.81650082,4.39780265339967,1.35,6,2.36,55,6,6,183.84,0,-0.879511383059224
2,0,1.6,2.8,46,6.546614,0.412333924,3.46357894174271,1.71,3.6,1.448,31,5.2,3.6,107.89268,1.14,-1.00481368325833
2,0,8.8,2.8,38.8,9.0881636,-0.332699836,4.63584847624581,1.35,2.8,1.792,71.8,4.4,10.8,89.0952,0.71,-0.574942526857711
2,0,2.4,2.8,46.8,6.8801068,0.509931364,3.68886724793603,1.51,4.4,1.536,50.2,5.2,4.4,109.7472,1.03,-1.03179676355919
2,0,2.5,7,56.5,7.040645,0.56389651,3.78805767680383,1.575,4.5,1.79,40,5.5,4.5,136.372925,1.14,-0.932389088359713
2,0,7,7,52,8.6291135,0.09825041,4.54510762720494,1.35,4,2.005,65.5,5,9,124.6245,0.71,-0.770378631458669
2,0,3,7,57,7.249078,0.62489491,3.94022972417993,1.45,5,1.845,52,5.5,5,137.532,1.03,-0.918433322057325
2,0,3.4,11.2,67,7.534676,0.715459096,4.14293457840823,1.44,5.4,2.132,49,5.8,5.4,164.85317,1.14,-0.797309738059056
2,0,5.2,11.2,65.2,8.1700634,0.529200656,4.45614291509497,1.35,5.2,2.218,59.2,5.6,7.2,160.1538,0.71,-0.991939977458031
2,0,3.6,11.2,67.2,7.6180492,0.739858456,4.20872024820022,1.39,5.6,2.154,53.8,5.8,5.6,165.3168,1.03,-0.80045129235711
2,0,1,0,39,6.21726,0.3112922,3.26285240464345,1.8,3,1.22,25,5,3,88.90585,0,-0.970131958057181
2,0,8.2,0,31.8,8.7588096,-0.43374156,4.36718481163608,1.44,2.2,1.564,65.8,4.2,10.2,70.10837,0.43,-0.15022670326195
2,0,1.8,0,39.8,6.5507528,0.40888964,3.4750844640147,1.6,3.8,1.308,44.2,5,3.8,90.76037,0.11,-0.97245268095773
2,0,5.5,0,34.5,7.8057285,-0.1543539,3.91493916304404,1.575,2.5,1.435,50.5,4.5,7.5,77.157425,0.43,-0.648078291152132
2,0,1.5,0,39.5,6.425693,0.3722906,3.39392615617079,1.675,3.5,1.275,37,5,3.5,90.064925,0.11,-0.95001308535663
2,0,2.8,0,37.2,6.8526474,0.12503376,3.50952600162439,1.71,2.8,1.306,35.2,4.8,4.8,84.20648,0.43,-1.08006798976109
2,0,1.2,0,39.2,6.3006332,0.33569156,3.31466324712949,1.75,3.2,1.242,29.8,5,3.2,89.36948,0.11,-0.951071880358512
2,0,10,0,30,9.394197,-0.62,4.69734660033168,1.35,2,1.65,76,4,12,65.409,0,0.552737221333729
2,0,3.6,0,38,7.1861402,0.2226312,3.73780293185933,1.51,3.6,1.394,54.4,4.8,5.6,86.061,0.32,-1.04781937065761
2,0,6,0,35,8.0141615,-0.0933555,4.07220823300601,1.45,3,1.49,62.5,4.5,8,78.3165,0.32,-0.749997440964734
2,0,8.4,0,32,8.8421828,-0.4093422,4.43653135151054,1.39,2.4,1.586,70.6,4.2,10.4,70.572,0.32,-0.370638504361494
2,0,2,0,40,6.634126,0.433289,3.53026533996683,1.55,4,1.33,49,5,4,91.224,0,-0.992339168457846
