slab_comp,chemicalComposition,surfaceComposition,Equation,sites,id,pubId,dftCode,dftFunctional,reactants,products,facet,activationEnergy,reactionEnergy
Ag-1.0,Ag12,Ag,0.5H2(g) + * -> H*,"{""H"": ""hollow|A_A_A|FCC""}",UmVhY3Rpb246MzM5MDI0,MamunHighT2019,Quantum ESPRESSO 5.1,BEEF-vdW,"{""star"": 1, ""H2gas"": 0.5}","{""Hstar"": 1}",111,,0.338155323043821
Ag-0.2-Al-0.8,Ag3Al9,Al3Ag,0.5H2(g) + * -> H*,"{""H"": ""bridge|A_A|B""}",UmVhY3Rpb246NDAzNDgy,MamunHighT2019,Quantum ESPRESSO 5.1,BEEF-vdW,"{""star"": 1, ""H2gas"": 0.5}","{""Hstar"": 1}",111,,0.33624168244117
Ag-0.2-Au-0.8,Ag3Au9,Au3Ag,0.5H2(g) + * -> H*,"{""H"": ""hollow|A_A_A|FCC""}",UmVhY3Rpb246MzQyNTE5,MamunHighT2019,Quantum ESPRESSO 5.1,BEEF-vdW,"{""star"": 1, ""H2gas"": 0.5}","{""Hstar"": 1}",111,,0.321487125945197
Ag-0.2-Bi-0.8,Ag3Bi9,Bi3Ag,0.5H2(g) + * -> H*,"{""H"": ""hollow-tilt|A_A_B|FCC""}",UmVhY3Rpb246MzM5OTM5,MamunHighT2019,Quantum ESPRESSO 5.1,BEEF-vdW,"{""star"": 1, ""H2gas"": 0.5}","{""Hstar"": 1}",111,,0.561942696339457
Ag-0.2-Cd-0.8,Ag3Cd9,Cd3Ag,0.5H2(g) + * -> H*,"{""H"": ""bridge|A_B|A""}",UmVhY3Rpb246NDAzMDAw,MamunHighT2019,Quantum ESPRESSO 5.1,BEEF-vdW,"{""star"": 1, ""H2gas"": 0.5}","{""Hstar"": 1}",111,,0.776154927943054
Ag-0.2-Co-0.8,Ag3Co9,Co3Ag,0.5H2(g) + * -> H*,"{""H"": ""hollow|A_A_A|HCP""}",UmVhY3Rpb246MzQ0Mjg5,MamunHighT2019,Quantum ESPRESSO 5.1,BEEF-vdW,"{""star"": 1, ""H2gas"": 0.5}","{""Hstar"": 1}",111,,-0.365845083054381
Ag-0.2-Cr-0.8,Ag3Cr9,Cr3Ag,0.5H2(g) + * -> H*,"{""H"": ""hollow|A_A_A|HCP""}",UmVhY3Rpb246MzQ4NTg2,MamunHighT2019,Quantum ESPRESSO 5.1,BEEF-vdW,"{""star"": 1, ""H2gas"": 0.5}","{""Hstar"": 1}",111,,-0.864638048856222
Ag-0.2-Cu-0.8,Ag3Cu9,Cu3Ag,0.5H2(g) + * -> H*,"{""H"": ""hollow|A_A_A|FCC""}",UmVhY3Rpb246MzQ3NDQ3,MamunHighT2019,Quantum ESPRESSO 5.1,BEEF-vdW,"{""star"": 1, ""H2gas"": 0.5}","{""Hstar"": 1}",111,,-0.0537509186605973
Ag-0.2-Fe-0.8,Ag3Fe9,Fe3Ag,0.5H2(g) + * -> H*,"{""H"": ""hollow|A_A_A|HCP""}",UmVhY3Rpb246NDI4MTIz,MamunHighT2019,Quantum ESPRESSO 5.1,BEEF-vdW,"{""star"": 1, ""H2gas"": 0.5}","{""Hstar"": 1}",111,,0.875046403046355
Ag-0.2-Ga-0.8,Ag3Ga9,Ga3Ag,0.5H2(g) + * -> H*,"{""H"": ""bridge|A_A|B""}",UmVhY3Rpb246NDAzNzc3,MamunHighT2019,Quantum ESPRESSO 5.1,BEEF-vdW,"{""star"": 1, ""H2gas"": 0.5}","{""Hstar"": 1}",111,,0.673650325138652
Ag-0.2-Hf-0.8,Ag3Hf9,Hf3Ag,0.5H2(g) + * -> H*,"{""H"": ""hollow|A_A_A|FCC""}",UmVhY3Rpb246MzQ4Mjc5,MamunHighT2019,Quantum ESPRESSO 5.1,BEEF-vdW,"{""star"": 1, ""H2gas"": 0.5}","{""Hstar"": 1}",111,,-1.06575167255775
Ag-0.2-Hg-0.8,Ag3Hg9,Hg3Ag,0.5H2(g) + * -> H*,"{""H"": ""top|B""}",UmVhY3Rpb246NDAzMTA5,MamunHighT2019,Quantum ESPRESSO 5.1,BEEF-vdW,"{""star"": 1, ""H2gas"": 0.5}","{""Hstar"": 1}",111,,0.916906219140429
Ag-0.2-In-0.8,Ag3In9,In3Ag,0.5H2(g) + * -> H*,"{""H"": ""hollow|A_A_B|FCC""}",UmVhY3Rpb246MzQ1Njcx,MamunHighT2019,Quantum ESPRESSO 5.1,BEEF-vdW,"{""star"": 1, ""H2gas"": 0.5}","{""Hstar"": 1}",111,,0.696442716443045
Ag-0.2-Ir-0.8,Ag3Ir9,Ir3Ag,0.5H2(g) + * -> H*,"{""H"": ""hollow|A_A_A|HCP""}",UmVhY3Rpb246MzQ4NTQy,MamunHighT2019,Quantum ESPRESSO 5.1,BEEF-vdW,"{""star"": 1, ""H2gas"": 0.5}","{""Hstar"": 1}",111,,-0.345902403953886
Ag-0.2-La-0.8,Ag3La9,La3Ag,0.5H2(g) + * -> H*,"{""H"": ""hollow|A_A_A|FCC""}",UmVhY3Rpb246MzQzMjY0,MamunHighT2019,Quantum ESPRESSO 5.1,BEEF-vdW,"{""star"": 1, ""H2gas"": 0.5}","{""Hstar"": 1}",111,,-0.733973337260039
Ag-0.2-Mo-0.8,Ag3Mo9,Mo3Ag,0.5H2(g) + * -> H*,"{""H"": ""hollow|A_A_A|HCP""}",UmVhY3Rpb246MzQwNTgz,MamunHighT2019,Quantum ESPRESSO 5.1,BEEF-vdW,"{""star"": 1, ""H2gas"": 0.5}","{""Hstar"": 1}",111,,-0.959736393057909
Ag-0.2-Nb-0.8,Ag3Nb9,Nb3Ag,0.5H2(g) + * -> H*,"{""H"": ""hollow|A_A_A|FCC""}",UmVhY3Rpb246MzQ2MDg1,MamunHighT2019,Quantum ESPRESSO 5.1,BEEF-vdW,"{""star"": 1, ""H2gas"": 0.5}","{""Hstar"": 1}",111,,-1.03929091466031
Ag-0.2-Ni-0.8,Ag3Ni9,Ni3Ag,0.5H2(g) + * -> H*,"{""H"": ""hollow|A_A_A|HCP""}",UmVhY3Rpb246NDIxOTg4,MamunHighT2019,Quantum ESPRESSO 5.1,BEEF-vdW,"{""star"": 1, ""H2gas"": 0.5}","{""Hstar"": 1}",111,,-0.370298634158615
Ag-0.2-Os-0.8,Ag3Os9,Os3Ag,0.5H2(g) + * -> H*,"{""H"": ""hollow|A_A_A|HCP""}",UmVhY3Rpb246MzQ3MDM3,MamunHighT2019,Quantum ESPRESSO 5.1,BEEF-vdW,"{""star"": 1, ""H2gas"": 0.5}","{""Hstar"": 1}",111,,-0.38174877635808
Ag-0.2-Pb-0.8,Ag3Pb9,Pb3Ag,0.5H2(g) + * -> H*,"{""H"": ""bridge|A_B|A""}",UmVhY3Rpb246NDA0NTAy,MamunHighT2019,Quantum ESPRESSO 5.1,BEEF-vdW,"{""star"": 1, ""H2gas"": 0.5}","{""Hstar"": 1}",111,,0.653393490742957
Ag-0.2-Pd-0.8,Ag3Pd9,Pd3Ag,0.5H2(g) + * -> H*,"{""H"": ""hollow|A_A_A|FCC""}",UmVhY3Rpb246MzQ5MDM3,MamunHighT2019,Quantum ESPRESSO 5.1,BEEF-vdW,"{""star"": 1, ""H2gas"": 0.5}","{""Hstar"": 1}",111,,-0.291064934760442
Ag-0.2-Pt-0.8,Ag3Pt9,Pt3Ag,0.5H2(g) + * -> H*,"{""H"": ""hollow|A_A_A|HCP""}",UmVhY3Rpb246MzQzNTc4,MamunHighT2019,Quantum ESPRESSO 5.1,BEEF-vdW,"{""star"": 1, ""H2gas"": 0.5}","{""Hstar"": 1}",111,,-0.302525825455604
Ag-0.2-Re-0.8,Ag3Re9,Re3Ag,0.5H2(g) + * -> H*,"{""H"": ""hollow|A_A_A|HCP""}",UmVhY3Rpb246MzQyOTMx,MamunHighT2019,Quantum ESPRESSO 5.1,BEEF-vdW,"{""star"": 1, ""H2gas"": 0.5}","{""Hstar"": 1}",111,,-0.669081397761119
Ag-0.2-Rh-0.8,Ag3Rh9,Rh3Ag,0.5H2(g) + * -> H*,"{""H"": ""hollow|A_A_A|FCC""}",UmVhY3Rpb246MzQ0MTI4,MamunHighT2019,Quantum ESPRESSO 5.1,BEEF-vdW,"{""star"": 1, ""H2gas"": 0.5}","{""Hstar"": 1}",111,,-0.450878344657184
Ag-0.2-Ru-0.8,Ag3Ru9,Ru3Ag,0.5H2(g) + * -> H*,"{""H"": ""hollow|A_A_A|HCP""}",UmVhY3Rpb246MzQ4NzI3,MamunHighT2019,Quantum ESPRESSO 5.1,BEEF-vdW,"{""star"": 1, ""H2gas"": 0.5}","{""Hstar"": 1}",111,,-0.43057865235366
Ag-0.2-Sc-0.8,Ag3Sc9,Sc3Ag,0.5H2(g) + * -> H*,"{""H"": ""hollow|A_A_A|HCP""}",UmVhY3Rpb246MzQyNjAz,MamunHighT2019,Quantum ESPRESSO 5.1,BEEF-vdW,"{""star"": 1, ""H2gas"": 0.5}","{""Hstar"": 1}",111,,-1.16991848275845
Ag-0.2-Sn-0.8,Ag3Sn9,Sn3Ag,0.5H2(g) + * -> H*,"{""H"": ""bridge|A_B|A""}",UmVhY3Rpb246NDA0ODE2,MamunHighT2019,Quantum ESPRESSO 5.1,BEEF-vdW,"{""star"": 1, ""H2gas"": 0.5}","{""Hstar"": 1}",111,,0.696058219539765
Ag-0.2-Ta-0.8,Ag3Ta9,Ta3Ag,0.5H2(g) + * -> H*,"{""H"": ""hollow|A_A_A|FCC""}",UmVhY3Rpb246MzQyNDEw,MamunHighT2019,Quantum ESPRESSO 5.1,BEEF-vdW,"{""star"": 1, ""H2gas"": 0.5}","{""Hstar"": 1}",111,,-1.03739632215635
Ag-0.2-Tc-0.8,Ag3Tc9,Tc3Ag,0.5H2(g) + * -> H*,"{""H"": ""hollow|A_A_A|HCP""}",UmVhY3Rpb246MzQ1Mjkx,MamunHighT2019,Quantum ESPRESSO 5.1,BEEF-vdW,"{""star"": 1, ""H2gas"": 0.5}","{""Hstar"": 1}",111,,-0.661377582858194
Ag-0.2-Ti-0.8,Ag3Ti9,Ti3Ag,0.5H2(g) + * -> H*,"{""H"": ""hollow|A_A_A|HCP""}",UmVhY3Rpb246NDA2OTcw,MamunHighT2019,Quantum ESPRESSO 5.1,BEEF-vdW,"{""star"": 1, ""H2gas"": 0.5}","{""Hstar"": 1}",111,,-1.11419337805907
Ag-0.2-Tl-0.8,Ag3Tl9,Tl3Ag,0.5H2(g) + * -> H*,"{""H"": ""hollow-tilt|A_A_B|FCC""}",UmVhY3Rpb246MzQ3MTM5,MamunHighT2019,Quantum ESPRESSO 5.1,BEEF-vdW,"{""star"": 1, ""H2gas"": 0.5}","{""Hstar"": 1}",111,,0.642876971241122
Ag-0.2-V-0.8,Ag3V9,V3Ag,0.5H2(g) + * -> H*,"{""H"": ""hollow|A_A_A|FCC""}",UmVhY3Rpb246NDA4NDU1,MamunHighT2019,Quantum ESPRESSO 5.1,BEEF-vdW,"{""star"": 1, ""H2gas"": 0.5}","{""Hstar"": 1}",111,,-1.02312653635724
Ag-0.2-W-0.8,Ag3W9,W3Ag,0.5H2(g) + * -> H*,"{""H"": ""hollow|A_A_A|HCP""}",UmVhY3Rpb246MzQ1NTU1,MamunHighT2019,Quantum ESPRESSO 5.1,BEEF-vdW,"{""star"": 1, ""H2gas"": 0.5}","{""Hstar"": 1}",111,,-1.04889530875786
Ag-0.2-Y-0.8,Ag3Y9,Y3Ag,0.5H2(g) + * -> H*,"{""H"": ""hollow|A_A_A|FCC""}",UmVhY3Rpb246NDA1NTU2,MamunHighT2019,Quantum ESPRESSO 5.1,BEEF-vdW,"{""star"": 1, ""H2gas"": 0.5}","{""Hstar"": 1}",111,,-1.08344410615879
Ag-0.2-Zn-0.8,Ag3Zn9,Zn3Ag,0.5H2(g) + * -> H*,"{""H"": ""bridge|A_A|B""}",UmVhY3Rpb246MzUzODE0,MamunHighT2019,Quantum ESPRESSO 5.1,BEEF-vdW,"{""star"": 1, ""H2gas"": 0.5}","{""Hstar"": 1}",111,,0.528792428035587
Ag-0.2-Zr-0.8,Ag3Zr9,Zr3Ag,0.5H2(g) + * -> H*,"{""H"": ""hollow|A_A_A|FCC""}",UmVhY3Rpb246MzQ2NDUw,MamunHighT2019,Quantum ESPRESSO 5.1,BEEF-vdW,"{""star"": 1, ""H2gas"": 0.5}","{""Hstar"": 1}",111,,-1.03872287705869
Ag-0.5-Al-0.5,Ag6Al6,AgAl,0.5H2(g) + * -> H*,"{""H"": ""hollow|A_A_B|FCC""}",UmVhY3Rpb246MzUwODY4,MamunHighT2019,Quantum ESPRESSO 5.1,BEEF-vdW,"{""star"": 1, ""H2gas"": 0.5}","{""Hstar"": 1}",101,,0.356509945741919
Ag-0.5-Au-0.5,Ag6Au6,AgAu,0.5H2(g) + * -> H*,"{""H"": ""bridge|A_A|B""}",UmVhY3Rpb246Mzk4ODg1,MamunHighT2019,Quantum ESPRESSO 5.1,BEEF-vdW,"{""star"": 1, ""H2gas"": 0.5}","{""Hstar"": 1}",101,,0.319611853440648
Ag-0.5-Bi-0.5,Ag6Bi6,AgBi,0.5H2(g) + * -> H*,"{""H"": ""top|B""}",UmVhY3Rpb246NDI2MDU5,MamunHighT2019,Quantum ESPRESSO 5.1,BEEF-vdW,"{""star"": 1, ""H2gas"": 0.5}","{""Hstar"": 1}",101,,0.552927837045928
Ag-0.5-Cd-0.5,Ag6Cd6,AgCd,0.5H2(g) + * -> H*,"{""H"": ""hollow|A_A_B|HCP""}",UmVhY3Rpb246MzUxNTA4,MamunHighT2019,Quantum ESPRESSO 5.1,BEEF-vdW,"{""star"": 1, ""H2gas"": 0.5}","{""Hstar"": 1}",101,,0.517986107145617
Ag-0.5-Co-0.5,Ag6Co6,AgCo,0.5H2(g) + * -> H*,"{""H"": ""bridge|B_B|A""}",UmVhY3Rpb246MzUzMDU5,MamunHighT2019,Quantum ESPRESSO 5.1,BEEF-vdW,"{""star"": 1, ""H2gas"": 0.5}","{""Hstar"": 1}",101,,-0.236969792159442
Ag-0.5-Cu-0.5,Ag6Cu6,AgCu,0.5H2(g) + * -> H*,"{""H"": ""hollow|A_B_B|FCC""}",UmVhY3Rpb246MzUwNjUx,MamunHighT2019,Quantum ESPRESSO 5.1,BEEF-vdW,"{""star"": 1, ""H2gas"": 0.5}","{""Hstar"": 1}",101,,0.0519798657487911
Ag-0.5-Fe-0.5,Ag6Fe6,AgFe,0.5H2(g) + * -> H*,"{""H"": ""hollow|A_B_B|HCP""}",UmVhY3Rpb246MzU5NTc3,MamunHighT2019,Quantum ESPRESSO 5.1,BEEF-vdW,"{""star"": 1, ""H2gas"": 0.5}","{""Hstar"": 1}",101,,-0.307076657357328
Ag-0.5-Ga-0.5,Ag6Ga6,AgGa,0.5H2(g) + * -> H*,"{""H"": ""hollow|A_A_B|FCC""}",UmVhY3Rpb246MzgzNDQy,MamunHighT2019,Quantum ESPRESSO 5.1,BEEF-vdW,"{""star"": 1, ""H2gas"": 0.5}","{""Hstar"": 1}",101,,0.576045268245281
Ag-0.5-Hf-0.5,Ag6Hf6,AgHf,0.5H2(g) + * -> H*,"{""H"": ""bridge|B_B|A""}",UmVhY3Rpb246MzU0ODg3,MamunHighT2019,Quantum ESPRESSO 5.1,BEEF-vdW,"{""star"": 1, ""H2gas"": 0.5}","{""Hstar"": 1}",101,,-0.788540189262648
Ag-0.5-Hg-0.5,Ag6Hg6,AgHg,0.5H2(g) + * -> H*,"{""H"": ""hollow|A_B_B|FCC""}",UmVhY3Rpb246MzUxNTk2,MamunHighT2019,Quantum ESPRESSO 5.1,BEEF-vdW,"{""star"": 1, ""H2gas"": 0.5}","{""Hstar"": 1}",101,,0.875933902440949
Ag-0.5-In-0.5,Ag6In6,AgIn,0.5H2(g) + * -> H*,"{""H"": ""bridge|B_B|A""}",UmVhY3Rpb246Mzk5Mzc5,MamunHighT2019,Quantum ESPRESSO 5.1,BEEF-vdW,"{""star"": 1, ""H2gas"": 0.5}","{""Hstar"": 1}",101,,0.658771548639408
Ag-0.5-Ir-0.5,Ag6Ir6,AgIr,0.5H2(g) + * -> H*,"{""H"": ""bridge|B_B|A""}",UmVhY3Rpb246MzU5NTM1,MamunHighT2019,Quantum ESPRESSO 5.1,BEEF-vdW,"{""star"": 1, ""H2gas"": 0.5}","{""Hstar"": 1}",101,,-0.315647971160587
Ag-0.5-La-0.5,Ag6La6,AgLa,0.5H2(g) + * -> H*,"{""H"": ""bridge|A_A|B""}",UmVhY3Rpb246NDA1NzYx,MamunHighT2019,Quantum ESPRESSO 5.1,BEEF-vdW,"{""star"": 1, ""H2gas"": 0.5}","{""Hstar"": 1}",101,,-0.557652413556724
Ag-0.5-Mn-0.5,Ag6Mn6,AgMn,0.5H2(g) + * -> H*,"{""H"": ""bridge|B_B|A""}",UmVhY3Rpb246MzU5ODgz,MamunHighT2019,Quantum ESPRESSO 5.1,BEEF-vdW,"{""star"": 1, ""H2gas"": 0.5}","{""Hstar"": 1}",101,,2.43697779614107
Ag-0.5-Mo-0.5,Ag6Mo6,AgMo,0.5H2(g) + * -> H*,"{""H"": ""bridge|B_B|A""}",UmVhY3Rpb246MzU0MTgy,MamunHighT2019,Quantum ESPRESSO 5.1,BEEF-vdW,"{""star"": 1, ""H2gas"": 0.5}","{""Hstar"": 1}",101,,-0.616801254363026
Ag-0.5-Nb-0.5,Ag6Nb6,AgNb,0.5H2(g) + * -> H*,"{""H"": ""bridge|B_B|A""}",UmVhY3Rpb246MzUxNDQ4,MamunHighT2019,Quantum ESPRESSO 5.1,BEEF-vdW,"{""star"": 1, ""H2gas"": 0.5}","{""Hstar"": 1}",101,,-0.65941591425414
Ag-0.5-Ni-0.5,Ag6Ni6,AgNi,0.5H2(g) + * -> H*,"{""H"": ""bridge|B_B|A""}",UmVhY3Rpb246NDIyMDEw,MamunHighT2019,Quantum ESPRESSO 5.1,BEEF-vdW,"{""star"": 1, ""H2gas"": 0.5}","{""Hstar"": 1}",101,,-0.291363443763629
Ag-0.5-Os-0.5,Ag6Os6,AgOs,0.5H2(g) + * -> H*,"{""H"": ""bridge|A_A|A""}",UmVhY3Rpb246NDEzMDYz,MamunHighT2019,Quantum ESPRESSO 5.1,BEEF-vdW,"{""star"": 1, ""H2gas"": 0.5}","{""Hstar"": 1}",101,,0.218940753745329
Ag-0.5-Pb-0.5,Ag6Pb6,AgPb,0.5H2(g) + * -> H*,"{""H"": ""bridge|B_B|A""}",UmVhY3Rpb246Mzk2NTE3,MamunHighT2019,Quantum ESPRESSO 5.1,BEEF-vdW,"{""star"": 1, ""H2gas"": 0.5}","{""Hstar"": 1}",101,,0.602678138043331
Ag-0.5-Pd-0.5,Ag6Pd6,AgPd,0.5H2(g) + * -> H*,"{""H"": ""hollow|A_B_B|HCP""}",UmVhY3Rpb246MzUxODE1,MamunHighT2019,Quantum ESPRESSO 5.1,BEEF-vdW,"{""star"": 1, ""H2gas"": 0.5}","{""Hstar"": 1}",101,,-0.199235902261506
Ag-0.5-Pt-0.5,Ag6Pt6,AgPt,0.5H2(g) + * -> H*,"{""H"": ""bridge|B_B|A""}",UmVhY3Rpb246MzUwMjM0,MamunHighT2019,Quantum ESPRESSO 5.1,BEEF-vdW,"{""star"": 1, ""H2gas"": 0.5}","{""Hstar"": 1}",101,,-0.340017534158477
Ag-0.5-Re-0.5,Ag6Re6,AgRe,0.5H2(g) + * -> H*,"{""H"": ""bridge|B_B|A""}",UmVhY3Rpb246MzU2ODQ5,MamunHighT2019,Quantum ESPRESSO 5.1,BEEF-vdW,"{""star"": 1, ""H2gas"": 0.5}","{""Hstar"": 1}",101,,-0.613233025657763
Ag-0.5-Rh-0.5,Ag6Rh6,AgRh,0.5H2(g) + * -> H*,"{""H"": ""bridge|B_B|A""}",UmVhY3Rpb246MzU2MzUx,MamunHighT2019,Quantum ESPRESSO 5.1,BEEF-vdW,"{""star"": 1, ""H2gas"": 0.5}","{""Hstar"": 1}",101,,-0.295158751460775
Ag-0.5-Ru-0.5,Ag6Ru6,AgRu,0.5H2(g) + * -> H*,"{""H"": ""bridge|A_A|A""}",UmVhY3Rpb246NDE2NzY4,MamunHighT2019,Quantum ESPRESSO 5.1,BEEF-vdW,"{""star"": 1, ""H2gas"": 0.5}","{""Hstar"": 1}",101,,-0.222048701957618
Ag-0.5-Sc-0.5,Ag6Sc6,AgSc,0.5H2(g) + * -> H*,"{""H"": ""bridge|B_B|A""}",UmVhY3Rpb246MzUzNzIx,MamunHighT2019,Quantum ESPRESSO 5.1,BEEF-vdW,"{""star"": 1, ""H2gas"": 0.5}","{""Hstar"": 1}",101,,-0.776159281757799
Ag-0.5-Sn-0.5,Ag6Sn6,AgSn,0.5H2(g) + * -> H*,"{""H"": ""bridge|B_B|A""}",UmVhY3Rpb246Mzk2NTgz,MamunHighT2019,Quantum ESPRESSO 5.1,BEEF-vdW,"{""star"": 1, ""H2gas"": 0.5}","{""Hstar"": 1}",101,,0.68157087874809
Ag-0.5-Ta-0.5,Ag6Ta6,AgTa,0.5H2(g) + * -> H*,"{""H"": ""bridge|B_B|A""}",UmVhY3Rpb246MzUyMjg2,MamunHighT2019,Quantum ESPRESSO 5.1,BEEF-vdW,"{""star"": 1, ""H2gas"": 0.5}","{""Hstar"": 1}",101,,-0.750986302656173
Ag-0.5-Tc-0.5,Ag6Tc6,AgTc,0.5H2(g) + * -> H*,"{""H"": ""bridge|B_B|A""}",UmVhY3Rpb246MzU3NTU2,MamunHighT2019,Quantum ESPRESSO 5.1,BEEF-vdW,"{""star"": 1, ""H2gas"": 0.5}","{""Hstar"": 1}",101,,-0.484114873156585
Ag-0.5-Ti-0.5,Ag6Ti6,AgTi,0.5H2(g) + * -> H*,"{""H"": ""bridge|B_B|A""}",UmVhY3Rpb246MzU4OTc2,MamunHighT2019,Quantum ESPRESSO 5.1,BEEF-vdW,"{""star"": 1, ""H2gas"": 0.5}","{""Hstar"": 1}",101,,-0.690483015153376
Ag-0.5-Tl-0.5,Ag6Tl6,AgTl,0.5H2(g) + * -> H*,"{""H"": ""bridge|A_A|B""}",UmVhY3Rpb246MzU2Mjgy,MamunHighT2019,Quantum ESPRESSO 5.1,BEEF-vdW,"{""star"": 1, ""H2gas"": 0.5}","{""Hstar"": 1}",101,,0.599313314342936
Ag-0.5-V-0.5,Ag6V6,AgV,0.5H2(g) + * -> H*,"{""H"": ""hollow|A_B_B|FCC""}",UmVhY3Rpb246MzUyMjI1,MamunHighT2019,Quantum ESPRESSO 5.1,BEEF-vdW,"{""star"": 1, ""H2gas"": 0.5}","{""Hstar"": 1}",101,,-0.63029116195591
Ag-0.5-W-0.5,Ag6W6,AgW,0.5H2(g) + * -> H*,"{""H"": ""bridge|B_B|A""}",UmVhY3Rpb246MzUxODM4,MamunHighT2019,Quantum ESPRESSO 5.1,BEEF-vdW,"{""star"": 1, ""H2gas"": 0.5}","{""Hstar"": 1}",101,,-0.722673946263029
Ag-0.5-Y-0.5,Ag6Y6,AgY,0.5H2(g) + * -> H*,"{""H"": ""bridge|B_B|A""}",UmVhY3Rpb246MzUwNDE5,MamunHighT2019,Quantum ESPRESSO 5.1,BEEF-vdW,"{""star"": 1, ""H2gas"": 0.5}","{""Hstar"": 1}",101,,-0.802010776659671
Ag-0.5-Zn-0.5,Ag6Zn6,AgZn,0.5H2(g) + * -> H*,"{""H"": ""hollow|A_A_B|FCC""}",UmVhY3Rpb246MzU2MzIy,MamunHighT2019,Quantum ESPRESSO 5.1,BEEF-vdW,"{""star"": 1, ""H2gas"": 0.5}","{""Hstar"": 1}",101,,0.43932956123993
Ag-0.5-Zr-0.5,Ag6Zr6,AgZr,0.5H2(g) + * -> H*,"{""H"": ""bridge|B_B|A""}",UmVhY3Rpb246NDA2NDMz,MamunHighT2019,Quantum ESPRESSO 5.1,BEEF-vdW,"{""star"": 1, ""H2gas"": 0.5}","{""Hstar"": 1}",101,,-0.723656957458815
Ag-0.8-Al-0.2,Ag9Al3,Ag3Al,0.5H2(g) + * -> H*,"{""H"": ""hollow|A_A_B|HCP""}",UmVhY3Rpb246MzQwNjU4,MamunHighT2019,Quantum ESPRESSO 5.1,BEEF-vdW,"{""star"": 1, ""H2gas"": 0.5}","{""Hstar"": 1}",111,,0.247755024146528
Ag-0.8-Au-0.2,Ag9Au3,Ag3Au,0.5H2(g) + * -> H*,"{""H"": ""hollow|A_A_B|FCC""}",UmVhY3Rpb246MzQ2NzY0,MamunHighT2019,Quantum ESPRESSO 5.1,BEEF-vdW,"{""star"": 1, ""H2gas"": 0.5}","{""Hstar"": 1}",111,,0.340619586045278
Ag-0.8-Bi-0.2,Ag9Bi3,Ag3Bi,0.5H2(g) + * -> H*,"{""H"": ""hollow|A_A_A|FCC""}",UmVhY3Rpb246MzQwMDEw,MamunHighT2019,Quantum ESPRESSO 5.1,BEEF-vdW,"{""star"": 1, ""H2gas"": 0.5}","{""Hstar"": 1}",111,,0.43802531964414
Ag-0.8-Co-0.2,Ag9Co3,Ag3Co,0.5H2(g) + * -> H*,"{""H"": ""hollow|A_A_B|HCP""}",UmVhY3Rpb246MzQ0MDU2,MamunHighT2019,Quantum ESPRESSO 5.1,BEEF-vdW,"{""star"": 1, ""H2gas"": 0.5}","{""Hstar"": 1}",111,,-0.0883542749570268
Ag-0.8-Cr-0.2,Ag9Cr3,Ag3Cr,0.5H2(g) + * -> H*,"{""H"": ""hollow|A_A_B|HCP""}",UmVhY3Rpb246MzQ0MjI4,MamunHighT2019,Quantum ESPRESSO 5.1,BEEF-vdW,"{""star"": 1, ""H2gas"": 0.5}","{""Hstar"": 1}",111,,-0.305989426457899
Ag-0.8-Cu-0.2,Ag9Cu3,Ag3Cu,0.5H2(g) + * -> H*,"{""H"": ""hollow|A_A_B|FCC""}",UmVhY3Rpb246MzQ4MTkw,MamunHighT2019,Quantum ESPRESSO 5.1,BEEF-vdW,"{""star"": 1, ""H2gas"": 0.5}","{""Hstar"": 1}",111,,0.17736107893964
Ag-0.8-Fe-0.2,Ag9Fe3,Ag3Fe,0.5H2(g) + * -> H*,"{""H"": ""hollow|A_A_B|HCP""}",UmVhY3Rpb246NDAxOTk3,MamunHighT2019,Quantum ESPRESSO 5.1,BEEF-vdW,"{""star"": 1, ""H2gas"": 0.5}","{""Hstar"": 1}",111,,-0.0167537769584385
Ag-0.8-Ga-0.2,Ag9Ga3,Ag3Ga,0.5H2(g) + * -> H*,"{""H"": ""hollow|A_A_A|HCP""}",UmVhY3Rpb246MzQyODk0,MamunHighT2019,Quantum ESPRESSO 5.1,BEEF-vdW,"{""star"": 1, ""H2gas"": 0.5}","{""Hstar"": 1}",111,,0.367787839845761
Ag-0.8-Hf-0.2,Ag9Hf3,Ag3Hf,0.5H2(g) + * -> H*,"{""H"": ""hollow|A_A_B|HCP""}",UmVhY3Rpb246NDAxNzc2,MamunHighT2019,Quantum ESPRESSO 5.1,BEEF-vdW,"{""star"": 1, ""H2gas"": 0.5}","{""Hstar"": 1}",111,,-0.297241238759824
Ag-0.8-Hg-0.2,Ag9Hg3,Ag3Hg,0.5H2(g) + * -> H*,"{""H"": ""bridge|A_B|A""}",UmVhY3Rpb246Mzk5MTA3,MamunHighT2019,Quantum ESPRESSO 5.1,BEEF-vdW,"{""star"": 1, ""H2gas"": 0.5}","{""Hstar"": 1}",111,,0.801479882641644
Ag-0.8-Ir-0.2,Ag9Ir3,Ag3Ir,0.5H2(g) + * -> H*,"{""H"": ""top|B""}",UmVhY3Rpb246MzU0NDU0,MamunHighT2019,Quantum ESPRESSO 5.1,BEEF-vdW,"{""star"": 1, ""H2gas"": 0.5}","{""Hstar"": 1}",111,,-0.548683541360305
Ag-0.8-La-0.2,Ag9La3,Ag3La,0.5H2(g) + * -> H*,"{""H"": ""bridge|A_A|B""}",UmVhY3Rpb246NDAxNzQ5,MamunHighT2019,Quantum ESPRESSO 5.1,BEEF-vdW,"{""star"": 1, ""H2gas"": 0.5}","{""Hstar"": 1}",111,,0.0406928558377615
Ag-0.8-Mo-0.2,Ag9Mo3,Ag3Mo,0.5H2(g) + * -> H*,"{""H"": ""hollow|A_A_B|HCP""}",UmVhY3Rpb246MzQ4MDY0,MamunHighT2019,Quantum ESPRESSO 5.1,BEEF-vdW,"{""star"": 1, ""H2gas"": 0.5}","{""Hstar"": 1}",111,,-0.432336915858258
Ag-0.8-Nb-0.2,Ag9Nb3,Ag3Nb,0.5H2(g) + * -> H*,"{""H"": ""hollow|A_A_B|HCP""}",UmVhY3Rpb246MzQ3MzQ3,MamunHighT2019,Quantum ESPRESSO 5.1,BEEF-vdW,"{""star"": 1, ""H2gas"": 0.5}","{""Hstar"": 1}",111,,-0.371155520761903
Ag-0.8-Ni-0.2,Ag9Ni3,Ag3Ni,0.5H2(g) + * -> H*,"{""H"": ""hollow|A_A_B|FCC""}",UmVhY3Rpb246NDAxOTUw,MamunHighT2019,Quantum ESPRESSO 5.1,BEEF-vdW,"{""star"": 1, ""H2gas"": 0.5}","{""Hstar"": 1}",111,,-0.0399177395583763
Ag-0.8-Os-0.2,Ag9Os3,Ag3Os,0.5H2(g) + * -> H*,"{""H"": ""hollow-tilt|A_A_B|HCP""}",UmVhY3Rpb246NDAxODU2,MamunHighT2019,Quantum ESPRESSO 5.1,BEEF-vdW,"{""star"": 1, ""H2gas"": 0.5}","{""Hstar"": 1}",111,,-0.60634038205805
Ag-0.8-Pb-0.2,Ag9Pb3,Ag3Pb,0.5H2(g) + * -> H*,"{""H"": ""hollow|A_A_A|HCP""}",UmVhY3Rpb246Mzk5NDA5,MamunHighT2019,Quantum ESPRESSO 5.1,BEEF-vdW,"{""star"": 1, ""H2gas"": 0.5}","{""Hstar"": 1}",111,,0.346115197048704
Ag-0.8-Pd-0.2,Ag9Pd3,Ag3Pd,0.5H2(g) + * -> H*,"{""H"": ""hollow|A_A_B|HCP""}",UmVhY3Rpb246MzQ2OTY5,MamunHighT2019,Quantum ESPRESSO 5.1,BEEF-vdW,"{""star"": 1, ""H2gas"": 0.5}","{""Hstar"": 1}",111,,0.130617363641278
Ag-0.8-Pt-0.2,Ag9Pt3,Ag3Pt,0.5H2(g) + * -> H*,"{""H"": ""top|B""}",UmVhY3Rpb246MzU0NDY1,MamunHighT2019,Quantum ESPRESSO 5.1,BEEF-vdW,"{""star"": 1, ""H2gas"": 0.5}","{""Hstar"": 1}",111,,-0.227120359652844
Ag-0.8-Re-0.2,Ag9Re3,Ag3Re,0.5H2(g) + * -> H*,"{""H"": ""hollow|A_A_B|HCP""}",UmVhY3Rpb246MzQyNzgw,MamunHighT2019,Quantum ESPRESSO 5.1,BEEF-vdW,"{""star"": 1, ""H2gas"": 0.5}","{""Hstar"": 1}",111,,-0.634788931557495
Ag-0.8-Rh-0.2,Ag9Rh3,Ag3Rh,0.5H2(g) + * -> H*,"{""H"": ""hollow|A_A_B|HCP""}",UmVhY3Rpb246MzQ0MzMx,MamunHighT2019,Quantum ESPRESSO 5.1,BEEF-vdW,"{""star"": 1, ""H2gas"": 0.5}","{""Hstar"": 1}",111,,-0.268836227455694
Ag-0.8-Ru-0.2,Ag9Ru3,Ag3Ru,0.5H2(g) + * -> H*,"{""H"": ""hollow|A_A_B|HCP""}",UmVhY3Rpb246MzQ3Nzg4,MamunHighT2019,Quantum ESPRESSO 5.1,BEEF-vdW,"{""star"": 1, ""H2gas"": 0.5}","{""Hstar"": 1}",111,,-0.394916092954162
Ag-0.8-Sc-0.2,Ag9Sc3,Ag3Sc,0.5H2(g) + * -> H*,"{""H"": ""hollow|A_A_B|HCP""}",UmVhY3Rpb246NDAxNzU3,MamunHighT2019,Quantum ESPRESSO 5.1,BEEF-vdW,"{""star"": 1, ""H2gas"": 0.5}","{""Hstar"": 1}",111,,-0.0923675459625599
Ag-0.8-Sn-0.2,Ag9Sn3,Ag3Sn,0.5H2(g) + * -> H*,"{""H"": ""hollow|A_A_A|HCP""}",UmVhY3Rpb246MzQ0ODYw,MamunHighT2019,Quantum ESPRESSO 5.1,BEEF-vdW,"{""star"": 1, ""H2gas"": 0.5}","{""Hstar"": 1}",111,,0.373443862045889
Ag-0.8-Ta-0.2,Ag9Ta3,Ag3Ta,0.5H2(g) + * -> H*,"{""H"": ""top|B""}",UmVhY3Rpb246MzUzNTQx,MamunHighT2019,Quantum ESPRESSO 5.1,BEEF-vdW,"{""star"": 1, ""H2gas"": 0.5}","{""Hstar"": 1}",111,,-0.479593565657495
Ag-0.8-Tc-0.2,Ag9Tc3,Ag3Tc,0.5H2(g) + * -> H*,"{""H"": ""hollow|A_A_B|HCP""}",UmVhY3Rpb246NDAxODQw,MamunHighT2019,Quantum ESPRESSO 5.1,BEEF-vdW,"{""star"": 1, ""H2gas"": 0.5}","{""Hstar"": 1}",111,,-0.445411849758756
Ag-0.8-Ti-0.2,Ag9Ti3,Ag3Ti,0.5H2(g) + * -> H*,"{""H"": ""hollow|A_A_B|HCP""}",UmVhY3Rpb246MzQzNzcw,MamunHighT2019,Quantum ESPRESSO 5.1,BEEF-vdW,"{""star"": 1, ""H2gas"": 0.5}","{""Hstar"": 1}",111,,-0.220122544159466
Ag-0.8-Tl-0.2,Ag9Tl3,Ag3Tl,0.5H2(g) + * -> H*,"{""H"": ""top|A""}",UmVhY3Rpb246MzgzNDg1,MamunHighT2019,Quantum ESPRESSO 5.1,BEEF-vdW,"{""star"": 1, ""H2gas"": 0.5}","{""Hstar"": 1}",111,,0.793134831445997
Ag-0.8-V-0.2,Ag9V3,Ag3V,0.5H2(g) + * -> H*,"{""H"": ""hollow|A_A_B|HCP""}",UmVhY3Rpb246NDAxODEx,MamunHighT2019,Quantum ESPRESSO 5.1,BEEF-vdW,"{""star"": 1, ""H2gas"": 0.5}","{""Hstar"": 1}",111,,-0.281952114454697
Ag-0.8-W-0.2,Ag9W3,Ag3W,0.5H2(g) + * -> H*,"{""H"": ""hollow|A_A_B|HCP""}",UmVhY3Rpb246NDAxODMw,MamunHighT2019,Quantum ESPRESSO 5.1,BEEF-vdW,"{""star"": 1, ""H2gas"": 0.5}","{""Hstar"": 1}",111,,-0.580297863255481
Ag-0.8-Y-0.2,Ag9Y3,Ag3Y,0.5H2(g) + * -> H*,"{""H"": ""hollow|A_A_B|HCP""}",UmVhY3Rpb246NDAxNzQy,MamunHighT2019,Quantum ESPRESSO 5.1,BEEF-vdW,"{""star"": 1, ""H2gas"": 0.5}","{""Hstar"": 1}",111,,-0.0326275376564524
Ag-0.8-Zn-0.2,Ag9Zn3,Ag3Zn,0.5H2(g) + * -> H*,"{""H"": ""hollow|A_A_A|HCP""}",UmVhY3Rpb246Mzk5MDQz,MamunHighT2019,Quantum ESPRESSO 5.1,BEEF-vdW,"{""star"": 1, ""H2gas"": 0.5}","{""Hstar"": 1}",111,,0.395082354444668
Ag-0.8-Zr-0.2,Ag9Zr3,Ag3Zr,0.5H2(g) + * -> H*,"{""H"": ""hollow|A_A_B|HCP""}",UmVhY3Rpb246NDAxNzY2,MamunHighT2019,Quantum ESPRESSO 5.1,BEEF-vdW,"{""star"": 1, ""H2gas"": 0.5}","{""Hstar"": 1}",111,,-0.248892051858064
Al-1.0,Al12,Al,0.5H2(g) + * -> H*,"{""H"": ""top|A""}",UmVhY3Rpb246MzM5NTg4,MamunHighT2019,Quantum ESPRESSO 5.1,BEEF-vdW,"{""star"": 1, ""H2gas"": 0.5}","{""Hstar"": 1}",111,,0.302502967932043
Al-0.2-Au-0.8,Al3Au9,Au3Al,0.5H2(g) + * -> H*,"{""H"": ""bridge|A_B|A""}",UmVhY3Rpb246NDI2MzQ4,MamunHighT2019,Quantum ESPRESSO 5.1,BEEF-vdW,"{""star"": 1, ""H2gas"": 0.5}","{""Hstar"": 1}",111,,0.312747101542328
Al-0.2-Cd-0.8,Al3Cd9,Cd3Al,0.5H2(g) + * -> H*,"{""H"": ""top|B""}",UmVhY3Rpb246NDAyNTE2,MamunHighT2019,Quantum ESPRESSO 5.1,BEEF-vdW,"{""star"": 1, ""H2gas"": 0.5}","{""Hstar"": 1}",111,,0.320634321141398
Al-0.2-Co-0.8,Al3Co9,Co3Al,0.5H2(g) + * -> H*,"{""H"": ""hollow|A_A_A|HCP""}",UmVhY3Rpb246MzQ3Mzc0,MamunHighT2019,Quantum ESPRESSO 5.1,BEEF-vdW,"{""star"": 1, ""H2gas"": 0.5}","{""Hstar"": 1}",111,,-0.542002330351323
Al-0.2-Cr-0.8,Al3Cr9,Cr3Al,0.5H2(g) + * -> H*,"{""H"": ""hollow|A_A_A|HCP""}",UmVhY3Rpb246MzQ3MTEz,MamunHighT2019,Quantum ESPRESSO 5.1,BEEF-vdW,"{""star"": 1, ""H2gas"": 0.5}","{""Hstar"": 1}",111,,-0.936659915157151
Al-0.2-Cu-0.8,Al3Cu9,Cu3Al,0.5H2(g) + * -> H*,"{""H"": ""hollow|A_A_A|HCP""}",UmVhY3Rpb246MzQ3Njcw,MamunHighT2019,Quantum ESPRESSO 5.1,BEEF-vdW,"{""star"": 1, ""H2gas"": 0.5}","{""Hstar"": 1}",111,,-0.0413019826582683
Al-0.2-Fe-0.8,Al3Fe9,Fe3Al,0.5H2(g) + * -> H*,"{""H"": ""hollow|A_A_A|HCP""}",UmVhY3Rpb246MzQxMzc4,MamunHighT2019,Quantum ESPRESSO 5.1,BEEF-vdW,"{""star"": 1, ""H2gas"": 0.5}","{""Hstar"": 1}",111,,-0.53569146625793
Al-0.2-Ga-0.8,Al3Ga9,Ga3Al,0.5H2(g) + * -> H*,"{""H"": ""top|B""}",UmVhY3Rpb246MzQ5MzEw,MamunHighT2019,Quantum ESPRESSO 5.1,BEEF-vdW,"{""star"": 1, ""H2gas"": 0.5}","{""Hstar"": 1}",111,,0.320884665940895
Al-0.2-Hf-0.8,Al3Hf9,Hf3Al,0.5H2(g) + * -> H*,"{""H"": ""hollow|A_A_A|FCC""}",UmVhY3Rpb246MzQ3Mjg2,MamunHighT2019,Quantum ESPRESSO 5.1,BEEF-vdW,"{""star"": 1, ""H2gas"": 0.5}","{""Hstar"": 1}",111,,-1.03859348695821
Al-0.2-Hg-0.8,Al3Hg9,Hg3Al,0.5H2(g) + * -> H*,"{""H"": ""top|B""}",UmVhY3Rpb246NDAzMTMy,MamunHighT2019,Quantum ESPRESSO 5.1,BEEF-vdW,"{""star"": 1, ""H2gas"": 0.5}","{""Hstar"": 1}",111,,0.234164298540264
Al-0.2-In-0.8,Al3In9,In3Al,0.5H2(g) + * -> H*,"{""H"": ""top|B""}",UmVhY3Rpb246MzQ5NDI5,MamunHighT2019,Quantum ESPRESSO 5.1,BEEF-vdW,"{""star"": 1, ""H2gas"": 0.5}","{""Hstar"": 1}",111,,0.255206181341265
Al-0.2-Ir-0.8,Al3Ir9,Ir3Al,0.5H2(g) + * -> H*,"{""H"": ""hollow|A_A_A|HCP""}",UmVhY3Rpb246MzQ5MDg1,MamunHighT2019,Quantum ESPRESSO 5.1,BEEF-vdW,"{""star"": 1, ""H2gas"": 0.5}","{""Hstar"": 1}",111,,-0.294310164455027
Al-0.2-La-0.8,Al3La9,La3Al,0.5H2(g) + * -> H*,"{""H"": ""hollow|A_A_A|FCC""}",UmVhY3Rpb246MzQ3NTI4,MamunHighT2019,Quantum ESPRESSO 5.1,BEEF-vdW,"{""star"": 1, ""H2gas"": 0.5}","{""Hstar"": 1}",111,,-0.679119677256466
Al-0.2-Mo-0.8,Al3Mo9,Mo3Al,0.5H2(g) + * -> H*,"{""H"": ""hollow|A_A_A|HCP""}",UmVhY3Rpb246MzQzMDk5,MamunHighT2019,Quantum ESPRESSO 5.1,BEEF-vdW,"{""star"": 1, ""H2gas"": 0.5}","{""Hstar"": 1}",111,,-0.896129239058581
Al-0.2-Nb-0.8,Al3Nb9,Nb3Al,0.5H2(g) + * -> H*,"{""H"": ""hollow|A_A_A|HCP""}",UmVhY3Rpb246MzQ4OTU1,MamunHighT2019,Quantum ESPRESSO 5.1,BEEF-vdW,"{""star"": 1, ""H2gas"": 0.5}","{""Hstar"": 1}",111,,-0.992032904257002
Al-0.2-Ni-0.8,Al3Ni9,Ni3Al,0.5H2(g) + * -> H*,"{""H"": ""hollow|A_A_A|HCP""}",UmVhY3Rpb246MzQ4OTM0,MamunHighT2019,Quantum ESPRESSO 5.1,BEEF-vdW,"{""star"": 1, ""H2gas"": 0.5}","{""Hstar"": 1}",111,,-0.587438946756237
Al-0.2-Os-0.8,Al3Os9,Os3Al,0.5H2(g) + * -> H*,"{""H"": ""hollow|A_A_A|FCC""}",UmVhY3Rpb246NDEzMzYz,MamunHighT2019,Quantum ESPRESSO 5.1,BEEF-vdW,"{""star"": 1, ""H2gas"": 0.5}","{""Hstar"": 1}",111,,-0.321423451258823
Al-0.2-Pb-0.8,Al3Pb9,Pb3Al,0.5H2(g) + * -> H*,"{""H"": ""bridge-tilt|A_B|A""}",UmVhY3Rpb246NDA0NTQ1,MamunHighT2019,Quantum ESPRESSO 5.1,BEEF-vdW,"{""star"": 1, ""H2gas"": 0.5}","{""Hstar"": 1}",111,,0.196901029442444
Al-0.2-Pd-0.8,Al3Pd9,Pd3Al,0.5H2(g) + * -> H*,"{""H"": ""hollow|A_A_A|HCP""}",UmVhY3Rpb246MzQ1NzY4,MamunHighT2019,Quantum ESPRESSO 5.1,BEEF-vdW,"{""star"": 1, ""H2gas"": 0.5}","{""Hstar"": 1}",111,,-0.2357480010605
Al-0.2-Pt-0.8,Al3Pt9,Pt3Al,0.5H2(g) + * -> H*,"{""H"": ""bridge|A_A|B""}",UmVhY3Rpb246NDI4OTcx,MamunHighT2019,Quantum ESPRESSO 5.1,BEEF-vdW,"{""star"": 1, ""H2gas"": 0.5}","{""Hstar"": 1}",111,,-0.278978318455273
Al-0.2-Re-0.8,Al3Re9,Re3Al,0.5H2(g) + * -> H*,"{""H"": ""hollow|A_A_A|HCP""}",UmVhY3Rpb246MzQ4MDk0,MamunHighT2019,Quantum ESPRESSO 5.1,BEEF-vdW,"{""star"": 1, ""H2gas"": 0.5}","{""Hstar"": 1}",111,,-0.545231505358032
Al-0.2-Rh-0.8,Al3Rh9,Rh3Al,0.5H2(g) + * -> H*,"{""H"": ""hollow|A_A_A|FCC""}",UmVhY3Rpb246NDIxMzAw,MamunHighT2019,Quantum ESPRESSO 5.1,BEEF-vdW,"{""star"": 1, ""H2gas"": 0.5}","{""Hstar"": 1}",111,,-0.347161338758241
Al-0.2-Ru-0.8,Al3Ru9,Ru3Al,0.5H2(g) + * -> H*,"{""H"": ""hollow|A_A_A|FCC""}",UmVhY3Rpb246NDE3MDc2,MamunHighT2019,Quantum ESPRESSO 5.1,BEEF-vdW,"{""star"": 1, ""H2gas"": 0.5}","{""Hstar"": 1}",111,,-0.444971569558192
Al-0.2-Sc-0.8,Al3Sc9,Sc3Al,0.5H2(g) + * -> H*,"{""H"": ""hollow|A_A_A|FCC""}",UmVhY3Rpb246MzQyODU3,MamunHighT2019,Quantum ESPRESSO 5.1,BEEF-vdW,"{""star"": 1, ""H2gas"": 0.5}","{""Hstar"": 1}",111,,-1.14365881695718
Al-0.2-Sn-0.8,Al3Sn9,Sn3Al,0.5H2(g) + * -> H*,"{""H"": ""bridge-tilt|A_B|A""}",UmVhY3Rpb246MzY4Njcy,MamunHighT2019,Quantum ESPRESSO 5.1,BEEF-vdW,"{""star"": 1, ""H2gas"": 0.5}","{""Hstar"": 1}",111,,0.267895121743123
Al-0.2-Ta-0.8,Al3Ta9,Ta3Al,0.5H2(g) + * -> H*,"{""H"": ""hollow|A_A_A|HCP""}",UmVhY3Rpb246MzQ4NzEx,MamunHighT2019,Quantum ESPRESSO 5.1,BEEF-vdW,"{""star"": 1, ""H2gas"": 0.5}","{""Hstar"": 1}",111,,-1.03173853116002
Al-0.2-Tc-0.8,Al3Tc9,Tc3Al,0.5H2(g) + * -> H*,"{""H"": ""hollow|A_A_A|HCP""}",UmVhY3Rpb246NDExMzky,MamunHighT2019,Quantum ESPRESSO 5.1,BEEF-vdW,"{""star"": 1, ""H2gas"": 0.5}","{""Hstar"": 1}",111,,-0.554823926256148
Al-0.2-Ti-0.8,Al3Ti9,Ti3Al,0.5H2(g) + * -> H*,"{""H"": ""hollow|A_A_A|HCP""}",UmVhY3Rpb246NDA3MDE5,MamunHighT2019,Quantum ESPRESSO 5.1,BEEF-vdW,"{""star"": 1, ""H2gas"": 0.5}","{""Hstar"": 1}",111,,-1.08086092955907
Al-0.2-Tl-0.8,Al3Tl9,Tl3Al,0.5H2(g) + * -> H*,"{""H"": ""top-tilt|B""}",UmVhY3Rpb246NDA0MjYx,MamunHighT2019,Quantum ESPRESSO 5.1,BEEF-vdW,"{""star"": 1, ""H2gas"": 0.5}","{""Hstar"": 1}",111,,0.152126193942451
Al-0.2-V-0.8,Al3V9,V3Al,0.5H2(g) + * -> H*,"{""H"": ""hollow|A_A_A|HCP""}",UmVhY3Rpb246MzQ1MzU2,MamunHighT2019,Quantum ESPRESSO 5.1,BEEF-vdW,"{""star"": 1, ""H2gas"": 0.5}","{""Hstar"": 1}",111,,-1.04398297365967
Al-0.2-W-0.8,Al3W9,W3Al,0.5H2(g) + * -> H*,"{""H"": ""hollow|A_A_A|HCP""}",UmVhY3Rpb246MzQ0MzYx,MamunHighT2019,Quantum ESPRESSO 5.1,BEEF-vdW,"{""star"": 1, ""H2gas"": 0.5}","{""Hstar"": 1}",111,,-0.925317393956874
Al-0.2-Y-0.8,Al3Y9,Y3Al,0.5H2(g) + * -> H*,"{""H"": ""hollow|A_A_A|FCC""}",UmVhY3Rpb246NDA1NTk3,MamunHighT2019,Quantum ESPRESSO 5.1,BEEF-vdW,"{""star"": 1, ""H2gas"": 0.5}","{""Hstar"": 1}",111,,-1.09912915605761
Al-0.2-Zn-0.8,Al3Zn9,Zn3Al,0.5H2(g) + * -> H*,"{""H"": ""hollow|A_A_B|FCC""}",UmVhY3Rpb246NDI5MDMx,MamunHighT2019,Quantum ESPRESSO 5.1,BEEF-vdW,"{""star"": 1, ""H2gas"": 0.5}","{""Hstar"": 1}",111,,0.45813153903967
Al-0.2-Zr-0.8,Al3Zr9,Zr3Al,0.5H2(g) + * -> H*,"{""H"": ""hollow|A_A_A|FCC""}",UmVhY3Rpb246MzQzODY5,MamunHighT2019,Quantum ESPRESSO 5.1,BEEF-vdW,"{""star"": 1, ""H2gas"": 0.5}","{""Hstar"": 1}",111,,-1.04133489785906
Al-0.5-Au-0.5,Al6Au6,AlAu,0.5H2(g) + * -> H*,"{""H"": ""top|A""}",UmVhY3Rpb246MzUzNTY3,MamunHighT2019,Quantum ESPRESSO 5.1,BEEF-vdW,"{""star"": 1, ""H2gas"": 0.5}","{""Hstar"": 1}",101,,0.263577899641888
Al-0.5-Bi-0.5,Al6Bi6,AlBi,0.5H2(g) + * -> H*,"{""H"": ""bridge|A_A|B""}",UmVhY3Rpb246MzQ5OTM5,MamunHighT2019,Quantum ESPRESSO 5.1,BEEF-vdW,"{""star"": 1, ""H2gas"": 0.5}","{""Hstar"": 1}",101,,-0.007878648058039
Al-0.5-Cd-0.5,Al6Cd6,AlCd,0.5H2(g) + * -> H*,"{""H"": ""top|A""}",UmVhY3Rpb246MzU3ODI0,MamunHighT2019,Quantum ESPRESSO 5.1,BEEF-vdW,"{""star"": 1, ""H2gas"": 0.5}","{""Hstar"": 1}",101,,0.311280544042376
Al-0.5-Co-0.5,Al6Co6,AlCo,0.5H2(g) + * -> H*,"{""H"": ""hollow|A_B_B|HCP""}",UmVhY3Rpb246MzU2ODM3,MamunHighT2019,Quantum ESPRESSO 5.1,BEEF-vdW,"{""star"": 1, ""H2gas"": 0.5}","{""Hstar"": 1}",101,,-0.501473151059116
Al-0.5-Cr-0.5,Al6Cr6,AlCr,0.5H2(g) + * -> H*,"{""H"": ""bridge|B_B|A""}",UmVhY3Rpb246MzU5NjQ0,MamunHighT2019,Quantum ESPRESSO 5.1,BEEF-vdW,"{""star"": 1, ""H2gas"": 0.5}","{""Hstar"": 1}",101,,-0.556522868958354
Al-0.5-Cu-0.5,Al6Cu6,AlCu,0.5H2(g) + * -> H*,"{""H"": ""hollow|A_B_B|FCC""}",UmVhY3Rpb246MzU5NDk2,MamunHighT2019,Quantum ESPRESSO 5.1,BEEF-vdW,"{""star"": 1, ""H2gas"": 0.5}","{""Hstar"": 1}",101,,0.331615202944732
Al-0.5-Fe-0.5,Al6Fe6,AlFe,0.5H2(g) + * -> H*,"{""H"": ""hollow|A_A_B|HCP""}",UmVhY3Rpb246NDI4MjQ4,MamunHighT2019,Quantum ESPRESSO 5.1,BEEF-vdW,"{""star"": 1, ""H2gas"": 0.5}","{""Hstar"": 1}",101,,-0.448970962758693
Al-0.5-Ga-0.5,Al6Ga6,AlGa,0.5H2(g) + * -> H*,"{""H"": ""bridge|A_A|B""}",UmVhY3Rpb246MzUxMTEw,MamunHighT2019,Quantum ESPRESSO 5.1,BEEF-vdW,"{""star"": 1, ""H2gas"": 0.5}","{""Hstar"": 1}",101,,0.296815788738087
Al-0.5-Hf-0.5,Al6Hf6,AlHf,0.5H2(g) + * -> H*,"{""H"": ""hollow|A_B_B|FCC""}",UmVhY3Rpb246MzU1Mjk0,MamunHighT2019,Quantum ESPRESSO 5.1,BEEF-vdW,"{""star"": 1, ""H2gas"": 0.5}","{""Hstar"": 1}",101,,-0.716128519959028
Al-0.5-Hg-0.5,Al6Hg6,AlHg,0.5H2(g) + * -> H*,"{""H"": ""top-tilt|A""}",UmVhY3Rpb246MzUxNTY3,MamunHighT2019,Quantum ESPRESSO 5.1,BEEF-vdW,"{""star"": 1, ""H2gas"": 0.5}","{""Hstar"": 1}",101,,0.325671692563475
Al-0.5-In-0.5,Al6In6,AlIn,0.5H2(g) + * -> H*,"{""H"": ""top|A""}",UmVhY3Rpb246MzU1NzQz,MamunHighT2019,Quantum ESPRESSO 5.1,BEEF-vdW,"{""star"": 1, ""H2gas"": 0.5}","{""Hstar"": 1}",101,,0.294016961842345
Al-0.5-Ir-0.5,Al6Ir6,AlIr,0.5H2(g) + * -> H*,"{""H"": ""top-tilt|B""}",UmVhY3Rpb246MzU1NTMx,MamunHighT2019,Quantum ESPRESSO 5.1,BEEF-vdW,"{""star"": 1, ""H2gas"": 0.5}","{""Hstar"": 1}",101,,-0.438079470356541
Al-0.5-La-0.5,Al6La6,AlLa,0.5H2(g) + * -> H*,"{""H"": ""hollow-tilt|A_B_B|HCP""}",UmVhY3Rpb246MzUxNjAz,MamunHighT2019,Quantum ESPRESSO 5.1,BEEF-vdW,"{""star"": 1, ""H2gas"": 0.5}","{""Hstar"": 1}",101,,-0.636933188608026
Al-0.5-Mn-0.5,Al6Mn6,AlMn,0.5H2(g) + * -> H*,"{""H"": ""hollow|A_B_B|HCP""}",UmVhY3Rpb246MzU2NTIw,MamunHighT2019,Quantum ESPRESSO 5.1,BEEF-vdW,"{""star"": 1, ""H2gas"": 0.5}","{""Hstar"": 1}",101,,-0.417507936260307
Al-0.5-Mo-0.5,Al6Mo6,AlMo,0.5H2(g) + * -> H*,"{""H"": ""bridge|B_B|A""}",UmVhY3Rpb246MzU0OTQ4,MamunHighT2019,Quantum ESPRESSO 5.1,BEEF-vdW,"{""star"": 1, ""H2gas"": 0.5}","{""Hstar"": 1}",101,,-0.509015738357419
Al-0.5-Nb-0.5,Al6Nb6,AlNb,0.5H2(g) + * -> H*,"{""H"": ""hollow|A_B_B|FCC""}",UmVhY3Rpb246MzU2ODA4,MamunHighT2019,Quantum ESPRESSO 5.1,BEEF-vdW,"{""star"": 1, ""H2gas"": 0.5}","{""Hstar"": 1}",101,,-0.588206443758253
Al-0.5-Ni-0.5,Al6Ni6,AlNi,0.5H2(g) + * -> H*,"{""H"": ""hollow|A_B_B|HCP""}",UmVhY3Rpb246MzUxNTgx,MamunHighT2019,Quantum ESPRESSO 5.1,BEEF-vdW,"{""star"": 1, ""H2gas"": 0.5}","{""Hstar"": 1}",101,,-0.159156254957423
Al-0.5-Os-0.5,Al6Os6,AlOs,0.5H2(g) + * -> H*,"{""H"": ""top-tilt|B""}",UmVhY3Rpb246MzUzMTQ2,MamunHighT2019,Quantum ESPRESSO 5.1,BEEF-vdW,"{""star"": 1, ""H2gas"": 0.5}","{""Hstar"": 1}",101,,-0.470225366457242
Al-0.5-Pb-0.5,Al6Pb6,AlPb,0.5H2(g) + * -> H*,"{""H"": ""bridge|A_A|B""}",UmVhY3Rpb246NDAyNTkx,MamunHighT2019,Quantum ESPRESSO 5.1,BEEF-vdW,"{""star"": 1, ""H2gas"": 0.5}","{""Hstar"": 1}",101,,0.317256844243303
Al-0.5-Pd-0.5,Al6Pd6,AlPd,0.5H2(g) + * -> H*,"{""H"": ""hollow|A_B_B|FCC""}",UmVhY3Rpb246MzU3NTcw,MamunHighT2019,Quantum ESPRESSO 5.1,BEEF-vdW,"{""star"": 1, ""H2gas"": 0.5}","{""Hstar"": 1}",101,,0.180688078741724
Al-0.5-Pt-0.5,Al6Pt6,AlPt,0.5H2(g) + * -> H*,"{""H"": ""top|B""}",UmVhY3Rpb246MzU3MjI1,MamunHighT2019,Quantum ESPRESSO 5.1,BEEF-vdW,"{""star"": 1, ""H2gas"": 0.5}","{""Hstar"": 1}",101,,0.156623419342424
Al-0.5-Re-0.5,Al6Re6,AlRe,0.5H2(g) + * -> H*,"{""H"": ""bridge|A_A|B""}",UmVhY3Rpb246NDEwNDQ5,MamunHighT2019,Quantum ESPRESSO 5.1,BEEF-vdW,"{""star"": 1, ""H2gas"": 0.5}","{""Hstar"": 1}",101,,-0.303342983356714
Al-0.5-Rh-0.5,Al6Rh6,AlRh,0.5H2(g) + * -> H*,"{""H"": ""hollow|A_B_B|HCP""}",UmVhY3Rpb246MzUyMDMw,MamunHighT2019,Quantum ESPRESSO 5.1,BEEF-vdW,"{""star"": 1, ""H2gas"": 0.5}","{""Hstar"": 1}",101,,-0.205309891257429
Al-0.5-Ru-0.5,Al6Ru6,AlRu,0.5H2(g) + * -> H*,"{""H"": ""hollow|A_B_B|HCP""}",UmVhY3Rpb246MzU5NzQ1,MamunHighT2019,Quantum ESPRESSO 5.1,BEEF-vdW,"{""star"": 1, ""H2gas"": 0.5}","{""Hstar"": 1}",101,,-0.478935050158697
Al-0.5-Sc-0.5,Al6Sc6,AlSc,0.5H2(g) + * -> H*,"{""H"": ""hollow|A_B_B|HCP""}",UmVhY3Rpb246MzU2NTAw,MamunHighT2019,Quantum ESPRESSO 5.1,BEEF-vdW,"{""star"": 1, ""H2gas"": 0.5}","{""Hstar"": 1}",101,,-0.706210514727871
Al-0.5-Sn-0.5,Al6Sn6,AlSn,0.5H2(g) + * -> H*,"{""H"": ""bridge|A_A|B""}",UmVhY3Rpb246MzUwODI1,MamunHighT2019,Quantum ESPRESSO 5.1,BEEF-vdW,"{""star"": 1, ""H2gas"": 0.5}","{""Hstar"": 1}",101,,0.267223136640524
Al-0.5-Ta-0.5,Al6Ta6,AlTa,0.5H2(g) + * -> H*,"{""H"": ""bridge|B_B|A""}",UmVhY3Rpb246MzU3NDM0,MamunHighT2019,Quantum ESPRESSO 5.1,BEEF-vdW,"{""star"": 1, ""H2gas"": 0.5}","{""Hstar"": 1}",101,,-0.654529293858076
Al-0.5-Tc-0.5,Al6Tc6,AlTc,0.5H2(g) + * -> H*,"{""H"": ""hollow|A_A_B|FCC""}",UmVhY3Rpb246NDI4Nzg0,MamunHighT2019,Quantum ESPRESSO 5.1,BEEF-vdW,"{""star"": 1, ""H2gas"": 0.5}","{""Hstar"": 1}",101,,-0.556697157958269
Al-0.5-Ti-0.5,Al6Ti6,AlTi,0.5H2(g) + * -> H*,"{""H"": ""hollow|A_B_B|FCC""}",UmVhY3Rpb246MzU4NzM2,MamunHighT2019,Quantum ESPRESSO 5.1,BEEF-vdW,"{""star"": 1, ""H2gas"": 0.5}","{""Hstar"": 1}",101,,-0.740299303758519
Al-0.5-V-0.5,Al6V6,AlV,0.5H2(g) + * -> H*,"{""H"": ""hollow|A_B_B|FCC""}",UmVhY3Rpb246MzUxNzg0,MamunHighT2019,Quantum ESPRESSO 5.1,BEEF-vdW,"{""star"": 1, ""H2gas"": 0.5}","{""Hstar"": 1}",101,,-0.653509139158786
Al-0.5-W-0.5,Al6W6,AlW,0.5H2(g) + * -> H*,"{""H"": ""bridge|A_A|A""}",UmVhY3Rpb246NDI4Nzg1,MamunHighT2019,Quantum ESPRESSO 5.1,BEEF-vdW,"{""star"": 1, ""H2gas"": 0.5}","{""Hstar"": 1}",101,,-0.787217988158744
Al-0.5-Y-0.5,Al6Y6,AlY,0.5H2(g) + * -> H*,"{""H"": ""hollow|A_A_B|FCC""}",UmVhY3Rpb246NDA1NjEw,MamunHighT2019,Quantum ESPRESSO 5.1,BEEF-vdW,"{""star"": 1, ""H2gas"": 0.5}","{""Hstar"": 1}",101,,-0.768548393737518
Al-0.5-Zn-0.5,Al6Zn6,AlZn,0.5H2(g) + * -> H*,"{""H"": ""hollow|A_A_B|FCC""}",UmVhY3Rpb246MzUwMDg4,MamunHighT2019,Quantum ESPRESSO 5.1,BEEF-vdW,"{""star"": 1, ""H2gas"": 0.5}","{""Hstar"": 1}",101,,0.438077973639366
Al-0.5-Zr-0.5,Al6Zr6,AlZr,0.5H2(g) + * -> H*,"{""H"": ""hollow|A_B_B|HCP""}",UmVhY3Rpb246NDA2NDgz,MamunHighT2019,Quantum ESPRESSO 5.1,BEEF-vdW,"{""star"": 1, ""H2gas"": 0.5}","{""Hstar"": 1}",101,,-0.681583804157498
Al-0.8-Au-0.2,Al9Au3,Al3Au,0.5H2(g) + * -> H*,"{""H"": ""bridge|A_A|B""}",UmVhY3Rpb246NDAzNDYw,MamunHighT2019,Quantum ESPRESSO 5.1,BEEF-vdW,"{""star"": 1, ""H2gas"": 0.5}","{""Hstar"": 1}",111,,0.335290100411868
Al-0.8-Bi-0.2,Al9Bi3,Al3Bi,0.5H2(g) + * -> H*,"{""H"": ""hollow|A_A_A|HCP""}",UmVhY3Rpb246MzQwMTU0,MamunHighT2019,Quantum ESPRESSO 5.1,BEEF-vdW,"{""star"": 1, ""H2gas"": 0.5}","{""Hstar"": 1}",111,,0.31324711074106
Al-0.8-Cd-0.2,Al9Cd3,Al3Cd,0.5H2(g) + * -> H*,"{""H"": ""bridge|A_A|B""}",UmVhY3Rpb246NDAzNTIw,MamunHighT2019,Quantum ESPRESSO 5.1,BEEF-vdW,"{""star"": 1, ""H2gas"": 0.5}","{""Hstar"": 1}",111,,0.301515874971329
Al-0.8-Co-0.2,Al9Co3,Al3Co,0.5H2(g) + * -> H*,"{""H"": ""hollow|A_A_B|FCC""}",UmVhY3Rpb246NDI4Nzc2,MamunHighT2019,Quantum ESPRESSO 5.1,BEEF-vdW,"{""star"": 1, ""H2gas"": 0.5}","{""Hstar"": 1}",111,,0.125612237742672
Al-0.8-Cr-0.2,Al9Cr3,Al3Cr,0.5H2(g) + * -> H*,"{""H"": ""hollow|A_A_B|FCC""}",UmVhY3Rpb246MzQ2MzIx,MamunHighT2019,Quantum ESPRESSO 5.1,BEEF-vdW,"{""star"": 1, ""H2gas"": 0.5}","{""Hstar"": 1}",111,,0.0508349467718574
Al-0.8-Cu-0.2,Al9Cu3,Al3Cu,0.5H2(g) + * -> H*,"{""H"": ""hollow|A_A_B|FCC""}",UmVhY3Rpb246MzQzOTM0,MamunHighT2019,Quantum ESPRESSO 5.1,BEEF-vdW,"{""star"": 1, ""H2gas"": 0.5}","{""Hstar"": 1}",111,,0.345867301341997
Al-0.8-Fe-0.2,Al9Fe3,Al3Fe,0.5H2(g) + * -> H*,"{""H"": ""hollow|A_A_B|FCC""}",UmVhY3Rpb246NDAzMzg4,MamunHighT2019,Quantum ESPRESSO 5.1,BEEF-vdW,"{""star"": 1, ""H2gas"": 0.5}","{""Hstar"": 1}",111,,0.190537647243247
Al-0.8-Ga-0.2,Al9Ga3,Al3Ga,0.5H2(g) + * -> H*,"{""H"": ""top|A""}",UmVhY3Rpb246NDAyNTQy,MamunHighT2019,Quantum ESPRESSO 5.1,BEEF-vdW,"{""star"": 1, ""H2gas"": 0.5}","{""Hstar"": 1}",111,,0.295725700642862
Al-0.8-Hf-0.2,Al9Hf3,Al3Hf,0.5H2(g) + * -> H*,"{""H"": ""hollow|A_A_B|FCC""}",UmVhY3Rpb246MzQyMTEz,MamunHighT2019,Quantum ESPRESSO 5.1,BEEF-vdW,"{""star"": 1, ""H2gas"": 0.5}","{""Hstar"": 1}",111,,-0.179603841158468
Al-0.8-Hg-0.2,Al9Hg3,Al3Hg,0.5H2(g) + * -> H*,"{""H"": ""hollow|A_A_A|FCC""}",UmVhY3Rpb246MzQyMzMx,MamunHighT2019,Quantum ESPRESSO 5.1,BEEF-vdW,"{""star"": 1, ""H2gas"": 0.5}","{""Hstar"": 1}",111,,0.319896212382474
Al-0.8-In-0.2,Al9In3,Al3In,0.5H2(g) + * -> H*,"{""H"": ""bridge|A_A|B""}",UmVhY3Rpb246NDAyNTc1,MamunHighT2019,Quantum ESPRESSO 5.1,BEEF-vdW,"{""star"": 1, ""H2gas"": 0.5}","{""Hstar"": 1}",111,,0.274903685792225
Al-0.8-Ir-0.2,Al9Ir3,Al3Ir,0.5H2(g) + * -> H*,"{""H"": ""top|B""}",UmVhY3Rpb246NDAzMjk5,MamunHighT2019,Quantum ESPRESSO 5.1,BEEF-vdW,"{""star"": 1, ""H2gas"": 0.5}","{""Hstar"": 1}",111,,-0.0184463250070337
Al-0.8-La-0.2,Al9La3,Al3La,0.5H2(g) + * -> H*,"{""H"": ""bridge-tilt|A_B|A""}",UmVhY3Rpb246NDAzMTQx,MamunHighT2019,Quantum ESPRESSO 5.1,BEEF-vdW,"{""star"": 1, ""H2gas"": 0.5}","{""Hstar"": 1}",111,,-0.271641040867479
Al-0.8-Mn-0.2,Al9Mn3,Al3Mn,0.5H2(g) + * -> H*,"{""H"": ""hollow|A_A_B|FCC""}",UmVhY3Rpb246NDAzNDA0,MamunHighT2019,Quantum ESPRESSO 5.1,BEEF-vdW,"{""star"": 1, ""H2gas"": 0.5}","{""Hstar"": 1}",111,,0.151607408871342
Al-0.8-Mo-0.2,Al9Mo3,Al3Mo,0.5H2(g) + * -> H*,"{""H"": ""top|B""}",UmVhY3Rpb246NDAzMjAy,MamunHighT2019,Quantum ESPRESSO 5.1,BEEF-vdW,"{""star"": 1, ""H2gas"": 0.5}","{""Hstar"": 1}",111,,0.147279846431985
Al-0.8-Nb-0.2,Al9Nb3,Al3Nb,0.5H2(g) + * -> H*,"{""H"": ""hollow|A_A_B|FCC""}",UmVhY3Rpb246NDAzMTcw,MamunHighT2019,Quantum ESPRESSO 5.1,BEEF-vdW,"{""star"": 1, ""H2gas"": 0.5}","{""Hstar"": 1}",111,,0.0357829697914269
Al-0.8-Ni-0.2,Al9Ni3,Al3Ni,0.5H2(g) + * -> H*,"{""H"": ""top|B""}",UmVhY3Rpb246NDAzMzU4,MamunHighT2019,Quantum ESPRESSO 5.1,BEEF-vdW,"{""star"": 1, ""H2gas"": 0.5}","{""Hstar"": 1}",111,,0.526165168842482
Al-0.8-Os-0.2,Al9Os3,Al3Os,0.5H2(g) + * -> H*,"{""H"": ""top|B""}",UmVhY3Rpb246MzUxOTMw,MamunHighT2019,Quantum ESPRESSO 5.1,BEEF-vdW,"{""star"": 1, ""H2gas"": 0.5}","{""Hstar"": 1}",111,,-0.230293207016956
Al-0.8-Pb-0.2,Al9Pb3,Al3Pb,0.5H2(g) + * -> H*,"{""H"": ""bridge|A_A|B""}",UmVhY3Rpb246NDAyNTg4,MamunHighT2019,Quantum ESPRESSO 5.1,BEEF-vdW,"{""star"": 1, ""H2gas"": 0.5}","{""Hstar"": 1}",111,,0.193859068822377
Al-0.8-Pd-0.2,Al9Pd3,Al3Pd,0.5H2(g) + * -> H*,"{""H"": ""bridge|A_A|B""}",UmVhY3Rpb246MzYwNDEz,MamunHighT2019,Quantum ESPRESSO 5.1,BEEF-vdW,"{""star"": 1, ""H2gas"": 0.5}","{""Hstar"": 1}",111,,0.395396918061152
Al-0.8-Pt-0.2,Al9Pt3,Al3Pt,0.5H2(g) + * -> H*,"{""H"": ""bridge|A_A|B""}",UmVhY3Rpb246MzY4NTg0,MamunHighT2019,Quantum ESPRESSO 5.1,BEEF-vdW,"{""star"": 1, ""H2gas"": 0.5}","{""Hstar"": 1}",111,,0.450282687480495
Al-0.8-Re-0.2,Al9Re3,Al3Re,0.5H2(g) + * -> H*,"{""H"": ""top|B""}",UmVhY3Rpb246NDAzMjEx,MamunHighT2019,Quantum ESPRESSO 5.1,BEEF-vdW,"{""star"": 1, ""H2gas"": 0.5}","{""Hstar"": 1}",111,,-0.0857998062992635
Al-0.8-Rh-0.2,Al9Rh3,Al3Rh,0.5H2(g) + * -> H*,"{""H"": ""bridge|A_A|B""}",UmVhY3Rpb246NDAzMzI5,MamunHighT2019,Quantum ESPRESSO 5.1,BEEF-vdW,"{""star"": 1, ""H2gas"": 0.5}","{""Hstar"": 1}",111,,0.414399035572416
Al-0.8-Ru-0.2,Al9Ru3,Al3Ru,0.5H2(g) + * -> H*,"{""H"": ""top|B""}",UmVhY3Rpb246NDAzMjY0,MamunHighT2019,Quantum ESPRESSO 5.1,BEEF-vdW,"{""star"": 1, ""H2gas"": 0.5}","{""Hstar"": 1}",111,,0.0368318325827488
Al-0.8-Sc-0.2,Al9Sc3,Al3Sc,0.5H2(g) + * -> H*,"{""H"": ""hollow|A_A_B|FCC""}",UmVhY3Rpb246NDAzMTU2,MamunHighT2019,Quantum ESPRESSO 5.1,BEEF-vdW,"{""star"": 1, ""H2gas"": 0.5}","{""Hstar"": 1}",111,,-0.234961319917574
Al-0.8-Sn-0.2,Al9Sn3,Al3Sn,0.5H2(g) + * -> H*,"{""H"": ""top|A""}",UmVhY3Rpb246MzY4Njkw,MamunHighT2019,Quantum ESPRESSO 5.1,BEEF-vdW,"{""star"": 1, ""H2gas"": 0.5}","{""Hstar"": 1}",111,,0.301582270751197
Al-0.8-Ta-0.2,Al9Ta3,Al3Ta,0.5H2(g) + * -> H*,"{""H"": ""hollow|A_A_B|FCC""}",UmVhY3Rpb246MzQ0MjQ0,MamunHighT2019,Quantum ESPRESSO 5.1,BEEF-vdW,"{""star"": 1, ""H2gas"": 0.5}","{""Hstar"": 1}",111,,-0.0070063871180252
Al-0.8-Tc-0.2,Al9Tc3,Al3Tc,0.5H2(g) + * -> H*,"{""H"": ""hollow|A_A_A|HCP""}",UmVhY3Rpb246NDAzMjE0,MamunHighT2019,Quantum ESPRESSO 5.1,BEEF-vdW,"{""star"": 1, ""H2gas"": 0.5}","{""Hstar"": 1}",111,,0.165557596922582
Al-0.8-Ti-0.2,Al9Ti3,Al3Ti,0.5H2(g) + * -> H*,"{""H"": ""hollow|A_A_B|FCC""}",UmVhY3Rpb246MzQwMjIw,MamunHighT2019,Quantum ESPRESSO 5.1,BEEF-vdW,"{""star"": 1, ""H2gas"": 0.5}","{""Hstar"": 1}",111,,-0.158302225638153
Al-0.8-Tl-0.2,Al9Tl3,Al3Tl,0.5H2(g) + * -> H*,"{""H"": ""bridge|A_A|A""}",UmVhY3Rpb246MzU0NTIy,MamunHighT2019,Quantum ESPRESSO 5.1,BEEF-vdW,"{""star"": 1, ""H2gas"": 0.5}","{""Hstar"": 1}",111,,0.38560054775192
Al-0.8-V-0.2,Al9V3,Al3V,0.5H2(g) + * -> H*,"{""H"": ""hollow|A_A_B|FCC""}",UmVhY3Rpb246NDAzMTgz,MamunHighT2019,Quantum ESPRESSO 5.1,BEEF-vdW,"{""star"": 1, ""H2gas"": 0.5}","{""Hstar"": 1}",111,,-0.0197225389074163
Al-0.8-W-0.2,Al9W3,Al3W,0.5H2(g) + * -> H*,"{""H"": ""top|B""}",UmVhY3Rpb246NDAzMjA5,MamunHighT2019,Quantum ESPRESSO 5.1,BEEF-vdW,"{""star"": 1, ""H2gas"": 0.5}","{""Hstar"": 1}",111,,-0.019473010518567
Al-0.8-Y-0.2,Al9Y3,Al3Y,0.5H2(g) + * -> H*,"{""H"": ""bridge|A_B|A""}",UmVhY3Rpb246NDAzMTM2,MamunHighT2019,Quantum ESPRESSO 5.1,BEEF-vdW,"{""star"": 1, ""H2gas"": 0.5}","{""Hstar"": 1}",111,,-0.288603665167983
Al-0.8-Zn-0.2,Al9Zn3,Al3Zn,0.5H2(g) + * -> H*,"{""H"": ""hollow|A_A_B|FCC""}",UmVhY3Rpb246MzQwNzQ5,MamunHighT2019,Quantum ESPRESSO 5.1,BEEF-vdW,"{""star"": 1, ""H2gas"": 0.5}","{""Hstar"": 1}",111,,0.374138976841124
Al-0.8-Zr-0.2,Al9Zr3,Al3Zr,0.5H2(g) + * -> H*,"{""H"": ""hollow|A_A_B|FCC""}",UmVhY3Rpb246MzQzNzUx,MamunHighT2019,Quantum ESPRESSO 5.1,BEEF-vdW,"{""star"": 1, ""H2gas"": 0.5}","{""Hstar"": 1}",111,,-0.180692976788094
Au-1.0,Au12,Au,0.5H2(g) + * -> H*,"{""H"": ""hollow|A_A_A|FCC""}",UmVhY3Rpb246MzM5MDU5,MamunHighT2019,Quantum ESPRESSO 5.1,BEEF-vdW,"{""star"": 1, ""H2gas"": 0.5}","{""Hstar"": 1}",111,,0.322403197239538
Au-0.2-Bi-0.8,Au3Bi9,Bi3Au,0.5H2(g) + * -> H*,"{""H"": ""hollow-tilt|A_A_B|FCC""}",UmVhY3Rpb246MzQwMTY0,MamunHighT2019,Quantum ESPRESSO 5.1,BEEF-vdW,"{""star"": 1, ""H2gas"": 0.5}","{""Hstar"": 1}",111,,0.327945747842961
Au-0.2-Cd-0.8,Au3Cd9,Cd3Au,0.5H2(g) + * -> H*,"{""H"": ""top|B""}",UmVhY3Rpb246MzU0NzM5,MamunHighT2019,Quantum ESPRESSO 5.1,BEEF-vdW,"{""star"": 1, ""H2gas"": 0.5}","{""Hstar"": 1}",111,,0.680878893244
Au-0.2-Co-0.8,Au3Co9,Co3Au,0.5H2(g) + * -> H*,"{""H"": ""hollow|A_A_A|FCC""}",UmVhY3Rpb246MzQ3MTky,MamunHighT2019,Quantum ESPRESSO 5.1,BEEF-vdW,"{""star"": 1, ""H2gas"": 0.5}","{""Hstar"": 1}",111,,-0.310503250860137
Au-0.2-Cr-0.8,Au3Cr9,Cr3Au,0.5H2(g) + * -> H*,"{""H"": ""hollow|A_A_A|FCC""}",UmVhY3Rpb246NDA5NTI0,MamunHighT2019,Quantum ESPRESSO 5.1,BEEF-vdW,"{""star"": 1, ""H2gas"": 0.5}","{""Hstar"": 1}",111,,-0.869884675756993
Au-0.2-Cu-0.8,Au3Cu9,Cu3Au,0.5H2(g) + * -> H*,"{""H"": ""hollow|A_A_A|FCC""}",UmVhY3Rpb246MzQ4Nzky,MamunHighT2019,Quantum ESPRESSO 5.1,BEEF-vdW,"{""star"": 1, ""H2gas"": 0.5}","{""Hstar"": 1}",111,,-0.0507439246566435
Au-0.2-Fe-0.8,Au3Fe9,Fe3Au,0.5H2(g) + * -> H*,"{""H"": ""hollow|A_A_A|FCC""}",UmVhY3Rpb246NDAwNjgz,MamunHighT2019,Quantum ESPRESSO 5.1,BEEF-vdW,"{""star"": 1, ""H2gas"": 0.5}","{""Hstar"": 1}",111,,1.01806453863631
Au-0.2-Ga-0.8,Au3Ga9,Ga3Au,0.5H2(g) + * -> H*,"{""H"": ""top|B""}",UmVhY3Rpb246NDAzNzY2,MamunHighT2019,Quantum ESPRESSO 5.1,BEEF-vdW,"{""star"": 1, ""H2gas"": 0.5}","{""Hstar"": 1}",111,,0.629353729739734
Au-0.2-Hf-0.8,Au3Hf9,Hf3Au,0.5H2(g) + * -> H*,"{""H"": ""hollow|A_A_A|FCC""}",UmVhY3Rpb246MzQyNTAy,MamunHighT2019,Quantum ESPRESSO 5.1,BEEF-vdW,"{""star"": 1, ""H2gas"": 0.5}","{""Hstar"": 1}",111,,-1.08070840976049
Au-0.2-In-0.8,Au3In9,In3Au,0.5H2(g) + * -> H*,"{""H"": ""top|B""}",UmVhY3Rpb246MzUwMTYw,MamunHighT2019,Quantum ESPRESSO 5.1,BEEF-vdW,"{""star"": 1, ""H2gas"": 0.5}","{""Hstar"": 1}",111,,0.529947959444172
Au-0.2-Ir-0.8,Au3Ir9,Ir3Au,0.5H2(g) + * -> H*,"{""H"": ""top|A""}",UmVhY3Rpb246MzYwNDM1,MamunHighT2019,Quantum ESPRESSO 5.1,BEEF-vdW,"{""star"": 1, ""H2gas"": 0.5}","{""Hstar"": 1}",111,,-0.347708015359757
Au-0.2-La-0.8,Au3La9,La3Au,0.5H2(g) + * -> H*,"{""H"": ""hollow|A_A_A|FCC""}",UmVhY3Rpb246MzQxNDA2,MamunHighT2019,Quantum ESPRESSO 5.1,BEEF-vdW,"{""star"": 1, ""H2gas"": 0.5}","{""Hstar"": 1}",111,,-0.779038926458242
Au-0.2-Mo-0.8,Au3Mo9,Mo3Au,0.5H2(g) + * -> H*,"{""H"": ""hollow|A_A_A|FCC""}",UmVhY3Rpb246MzQ4ODM4,MamunHighT2019,Quantum ESPRESSO 5.1,BEEF-vdW,"{""star"": 1, ""H2gas"": 0.5}","{""Hstar"": 1}",111,,-0.966213246759224
Au-0.2-Nb-0.8,Au3Nb9,Nb3Au,0.5H2(g) + * -> H*,"{""H"": ""hollow|A_A_A|FCC""}",UmVhY3Rpb246MzQyMTgw,MamunHighT2019,Quantum ESPRESSO 5.1,BEEF-vdW,"{""star"": 1, ""H2gas"": 0.5}","{""Hstar"": 1}",111,,-1.04149979875635
Au-0.2-Ni-0.8,Au3Ni9,Ni3Au,0.5H2(g) + * -> H*,"{""H"": ""hollow|A_A_A|FCC""}",UmVhY3Rpb246NDIxOTQ1,MamunHighT2019,Quantum ESPRESSO 5.1,BEEF-vdW,"{""star"": 1, ""H2gas"": 0.5}","{""Hstar"": 1}",111,,-0.374049859455198
Au-0.2-Pb-0.8,Au3Pb9,Pb3Au,0.5H2(g) + * -> H*,"{""H"": ""top|B""}",UmVhY3Rpb246NDA0NDkw,MamunHighT2019,Quantum ESPRESSO 5.1,BEEF-vdW,"{""star"": 1, ""H2gas"": 0.5}","{""Hstar"": 1}",111,,0.356204634042143
Au-0.2-Pd-0.8,Au3Pd9,Pd3Au,0.5H2(g) + * -> H*,"{""H"": ""hollow|A_A_A|FCC""}",UmVhY3Rpb246MzQ1Nzkx,MamunHighT2019,Quantum ESPRESSO 5.1,BEEF-vdW,"{""star"": 1, ""H2gas"": 0.5}","{""Hstar"": 1}",111,,-0.315467831856012
Au-0.2-Pt-0.8,Au3Pt9,Pt3Au,0.5H2(g) + * -> H*,"{""H"": ""hollow|A_A_A|FCC""}",UmVhY3Rpb246MzQyNzA3,MamunHighT2019,Quantum ESPRESSO 5.1,BEEF-vdW,"{""star"": 1, ""H2gas"": 0.5}","{""Hstar"": 1}",111,,-0.284749308658292
Au-0.2-Re-0.8,Au3Re9,Re3Au,0.5H2(g) + * -> H*,"{""H"": ""hollow|A_A_A|HCP""}",UmVhY3Rpb246MzQ2MzY3,MamunHighT2019,Quantum ESPRESSO 5.1,BEEF-vdW,"{""star"": 1, ""H2gas"": 0.5}","{""Hstar"": 1}",111,,-0.66978685295814
Au-0.2-Rh-0.8,Au3Rh9,Rh3Au,0.5H2(g) + * -> H*,"{""H"": ""hollow|A_A_A|FCC""}",UmVhY3Rpb246MzQzNzI5,MamunHighT2019,Quantum ESPRESSO 5.1,BEEF-vdW,"{""star"": 1, ""H2gas"": 0.5}","{""Hstar"": 1}",111,,-0.423668321359372
Au-0.2-Ru-0.8,Au3Ru9,Ru3Au,0.5H2(g) + * -> H*,"{""H"": ""hollow|A_A_A|HCP""}",UmVhY3Rpb246MzQwOTUz,MamunHighT2019,Quantum ESPRESSO 5.1,BEEF-vdW,"{""star"": 1, ""H2gas"": 0.5}","{""Hstar"": 1}",111,,-0.39085084825544
Au-0.2-Sc-0.8,Au3Sc9,Sc3Au,0.5H2(g) + * -> H*,"{""H"": ""hollow|A_A_A|HCP""}",UmVhY3Rpb246MzQyNTg1,MamunHighT2019,Quantum ESPRESSO 5.1,BEEF-vdW,"{""star"": 1, ""H2gas"": 0.5}","{""Hstar"": 1}",111,,-1.17553395985939
Au-0.2-Sn-0.8,Au3Sn9,Sn3Au,0.5H2(g) + * -> H*,"{""H"": ""top-tilt|B""}",UmVhY3Rpb246NDA0Nzgz,MamunHighT2019,Quantum ESPRESSO 5.1,BEEF-vdW,"{""star"": 1, ""H2gas"": 0.5}","{""Hstar"": 1}",111,,0.423054840740434
Au-0.2-Ta-0.8,Au3Ta9,Ta3Au,0.5H2(g) + * -> H*,"{""H"": ""hollow|A_A_A|FCC""}",UmVhY3Rpb246MzQxNDYy,MamunHighT2019,Quantum ESPRESSO 5.1,BEEF-vdW,"{""star"": 1, ""H2gas"": 0.5}","{""Hstar"": 1}",111,,-1.13182159285768
Au-0.2-Tc-0.8,Au3Tc9,Tc3Au,0.5H2(g) + * -> H*,"{""H"": ""hollow|A_A_A|HCP""}",UmVhY3Rpb246MzQwODUy,MamunHighT2019,Quantum ESPRESSO 5.1,BEEF-vdW,"{""star"": 1, ""H2gas"": 0.5}","{""Hstar"": 1}",111,,-0.645626545457134
Au-0.2-Ti-0.8,Au3Ti9,Ti3Au,0.5H2(g) + * -> H*,"{""H"": ""hollow|A_A_A|HCP""}",UmVhY3Rpb246MzQ2MTAz,MamunHighT2019,Quantum ESPRESSO 5.1,BEEF-vdW,"{""star"": 1, ""H2gas"": 0.5}","{""Hstar"": 1}",111,,-1.10199002485658
Au-0.2-Tl-0.8,Au3Tl9,Tl3Au,0.5H2(g) + * -> H*,"{""H"": ""top|B""}",UmVhY3Rpb246MzU1MjY3,MamunHighT2019,Quantum ESPRESSO 5.1,BEEF-vdW,"{""star"": 1, ""H2gas"": 0.5}","{""Hstar"": 1}",111,,0.536975707543235
Au-0.2-V-0.8,Au3V9,V3Au,0.5H2(g) + * -> H*,"{""H"": ""hollow|A_A_A|HCP""}",UmVhY3Rpb246MzQyNTQx,MamunHighT2019,Quantum ESPRESSO 5.1,BEEF-vdW,"{""star"": 1, ""H2gas"": 0.5}","{""Hstar"": 1}",111,,-1.0202604973592
Au-0.2-W-0.8,Au3W9,W3Au,0.5H2(g) + * -> H*,"{""H"": ""hollow|A_A_A|HCP""}",UmVhY3Rpb246MzQwMjQx,MamunHighT2019,Quantum ESPRESSO 5.1,BEEF-vdW,"{""star"": 1, ""H2gas"": 0.5}","{""Hstar"": 1}",111,,-1.03234656956099
Au-0.2-Y-0.8,Au3Y9,Y3Au,0.5H2(g) + * -> H*,"{""H"": ""hollow|A_A_A|FCC""}",UmVhY3Rpb246NDA1NTQ3,MamunHighT2019,Quantum ESPRESSO 5.1,BEEF-vdW,"{""star"": 1, ""H2gas"": 0.5}","{""Hstar"": 1}",111,,-1.08236109305741
Au-0.2-Zn-0.8,Au3Zn9,Zn3Au,0.5H2(g) + * -> H*,"{""H"": ""hollow|A_A_A|HCP""}",UmVhY3Rpb246NDAyODAw,MamunHighT2019,Quantum ESPRESSO 5.1,BEEF-vdW,"{""star"": 1, ""H2gas"": 0.5}","{""Hstar"": 1}",111,,0.451805164339959
Au-0.2-Zr-0.8,Au3Zr9,Zr3Au,0.5H2(g) + * -> H*,"{""H"": ""hollow|A_A_A|FCC""}",UmVhY3Rpb246NDA2NDE1,MamunHighT2019,Quantum ESPRESSO 5.1,BEEF-vdW,"{""star"": 1, ""H2gas"": 0.5}","{""Hstar"": 1}",111,,-1.0465269659571
Au-0.5-Bi-0.5,Au6Bi6,AuBi,0.5H2(g) + * -> H*,"{""H"": ""hollow-tilt|A_B_B|FCC""}",UmVhY3Rpb246MzQ5OTA4,MamunHighT2019,Quantum ESPRESSO 5.1,BEEF-vdW,"{""star"": 1, ""H2gas"": 0.5}","{""Hstar"": 1}",101,,0.492634485342052
Au-0.5-Cd-0.5,Au6Cd6,AuCd,0.5H2(g) + * -> H*,"{""H"": ""bridge|A_A|B""}",UmVhY3Rpb246MzUyMDY0,MamunHighT2019,Quantum ESPRESSO 5.1,BEEF-vdW,"{""star"": 1, ""H2gas"": 0.5}","{""Hstar"": 1}",101,,0.515337214944367
Au-0.5-Co-0.5,Au6Co6,AuCo,0.5H2(g) + * -> H*,"{""H"": ""hollow|A_B_B|HCP""}",UmVhY3Rpb246MzU2MDYy,MamunHighT2019,Quantum ESPRESSO 5.1,BEEF-vdW,"{""star"": 1, ""H2gas"": 0.5}","{""Hstar"": 1}",101,,-0.0711847080592349
Au-0.5-Cu-0.5,Au6Cu6,AuCu,0.5H2(g) + * -> H*,"{""H"": ""hollow|A_B_B|FCC""}",UmVhY3Rpb246MzU5MjUy,MamunHighT2019,Quantum ESPRESSO 5.1,BEEF-vdW,"{""star"": 1, ""H2gas"": 0.5}","{""Hstar"": 1}",101,,0.164787242641097
Au-0.5-Fe-0.5,Au6Fe6,AuFe,0.5H2(g) + * -> H*,"{""H"": ""hollow|A_B_B|HCP""}",UmVhY3Rpb246MzUyMzEz,MamunHighT2019,Quantum ESPRESSO 5.1,BEEF-vdW,"{""star"": 1, ""H2gas"": 0.5}","{""Hstar"": 1}",101,,-0.131935755255626
Au-0.5-Hf-0.5,Au6Hf6,AuHf,0.5H2(g) + * -> H*,"{""H"": ""bridge|B_B|A""}",UmVhY3Rpb246MzU4NTAz,MamunHighT2019,Quantum ESPRESSO 5.1,BEEF-vdW,"{""star"": 1, ""H2gas"": 0.5}","{""Hstar"": 1}",101,,-0.775050689960125
Au-0.5-Hg-0.5,Au6Hg6,AuHg,0.5H2(g) + * -> H*,"{""H"": ""bridge|B_B|A""}",UmVhY3Rpb246NDI4Nzk1,MamunHighT2019,Quantum ESPRESSO 5.1,BEEF-vdW,"{""star"": 1, ""H2gas"": 0.5}","{""Hstar"": 1}",101,,0.518440401142499
Au-0.5-In-0.5,Au6In6,AuIn,0.5H2(g) + * -> H*,"{""H"": ""top|A""}",UmVhY3Rpb246MzU2OTY5,MamunHighT2019,Quantum ESPRESSO 5.1,BEEF-vdW,"{""star"": 1, ""H2gas"": 0.5}","{""Hstar"": 1}",101,,0.510618488941901
Au-0.5-Ir-0.5,Au6Ir6,AuIr,0.5H2(g) + * -> H*,"{""H"": ""bridge|B_B|A""}",UmVhY3Rpb246MzU1NDY0,MamunHighT2019,Quantum ESPRESSO 5.1,BEEF-vdW,"{""star"": 1, ""H2gas"": 0.5}","{""Hstar"": 1}",101,,-0.250406501359038
Au-0.5-La-0.5,Au6La6,AuLa,0.5H2(g) + * -> H*,"{""H"": ""bridge|B_B|A""}",UmVhY3Rpb246MzUyODkz,MamunHighT2019,Quantum ESPRESSO 5.1,BEEF-vdW,"{""star"": 1, ""H2gas"": 0.5}","{""Hstar"": 1}",101,,-0.466116447557369
Au-0.5-Mn-0.5,Au6Mn6,AuMn,0.5H2(g) + * -> H*,"{""H"": ""bridge|B_B|A""}",UmVhY3Rpb246NDI2Njk5,MamunHighT2019,Quantum ESPRESSO 5.1,BEEF-vdW,"{""star"": 1, ""H2gas"": 0.5}","{""Hstar"": 1}",101,,2.73553184804135
Au-0.5-Mo-0.5,Au6Mo6,AuMo,0.5H2(g) + * -> H*,"{""H"": ""bridge|B_B|A""}",UmVhY3Rpb246MzUyODQy,MamunHighT2019,Quantum ESPRESSO 5.1,BEEF-vdW,"{""star"": 1, ""H2gas"": 0.5}","{""Hstar"": 1}",101,,-0.515256941459455
Au-0.5-Nb-0.5,Au6Nb6,AuNb,0.5H2(g) + * -> H*,"{""H"": ""bridge|B_B|A""}",UmVhY3Rpb246MzU2MjIz,MamunHighT2019,Quantum ESPRESSO 5.1,BEEF-vdW,"{""star"": 1, ""H2gas"": 0.5}","{""Hstar"": 1}",101,,-0.622302988059317
Au-0.5-Ni-0.5,Au6Ni6,AuNi,0.5H2(g) + * -> H*,"{""H"": ""bridge|B_B|A""}",UmVhY3Rpb246MzUyNjM0,MamunHighT2019,Quantum ESPRESSO 5.1,BEEF-vdW,"{""star"": 1, ""H2gas"": 0.5}","{""Hstar"": 1}",101,,-0.175962549757031
Au-0.5-Pb-0.5,Au6Pb6,AuPb,0.5H2(g) + * -> H*,"{""H"": ""top|A""}",UmVhY3Rpb246MzU5MTkz,MamunHighT2019,Quantum ESPRESSO 5.1,BEEF-vdW,"{""star"": 1, ""H2gas"": 0.5}","{""Hstar"": 1}",101,,0.502088944643248
Au-0.5-Pd-0.5,Au6Pd6,AuPd,0.5H2(g) + * -> H*,"{""H"": ""hollow|A_B_B|FCC""}",UmVhY3Rpb246MzU1MTQ4,MamunHighT2019,Quantum ESPRESSO 5.1,BEEF-vdW,"{""star"": 1, ""H2gas"": 0.5}","{""Hstar"": 1}",101,,-0.126063266458885
Au-0.5-Pt-0.5,Au6Pt6,AuPt,0.5H2(g) + * -> H*,"{""H"": ""bridge|B_B|A""}",UmVhY3Rpb246MzU1Nzcw,MamunHighT2019,Quantum ESPRESSO 5.1,BEEF-vdW,"{""star"": 1, ""H2gas"": 0.5}","{""Hstar"": 1}",101,,-0.247521278360153
Au-0.5-Re-0.5,Au6Re6,AuRe,0.5H2(g) + * -> H*,"{""H"": ""top-tilt|B""}",UmVhY3Rpb246MzUyNDYw,MamunHighT2019,Quantum ESPRESSO 5.1,BEEF-vdW,"{""star"": 1, ""H2gas"": 0.5}","{""Hstar"": 1}",101,,0.915233807544638
Au-0.5-Rh-0.5,Au6Rh6,AuRh,0.5H2(g) + * -> H*,"{""H"": ""bridge|B_B|A""}",UmVhY3Rpb246MzUyNTYx,MamunHighT2019,Quantum ESPRESSO 5.1,BEEF-vdW,"{""star"": 1, ""H2gas"": 0.5}","{""Hstar"": 1}",101,,-0.242399007459397
Au-0.5-Sc-0.5,Au6Sc6,AuSc,0.5H2(g) + * -> H*,"{""H"": ""bridge|B_B|A""}",UmVhY3Rpb246MzUzOTU0,MamunHighT2019,Quantum ESPRESSO 5.1,BEEF-vdW,"{""star"": 1, ""H2gas"": 0.5}","{""Hstar"": 1}",101,,-0.623357837356679
Au-0.5-Sn-0.5,Au6Sn6,AuSn,0.5H2(g) + * -> H*,"{""H"": ""top-tilt|A""}",UmVhY3Rpb246MzU2NDgz,MamunHighT2019,Quantum ESPRESSO 5.1,BEEF-vdW,"{""star"": 1, ""H2gas"": 0.5}","{""Hstar"": 1}",101,,0.538718868742791
Au-0.5-Ta-0.5,Au6Ta6,AuTa,0.5H2(g) + * -> H*,"{""H"": ""bridge|B_B|A""}",UmVhY3Rpb246MzU3MjA2,MamunHighT2019,Quantum ESPRESSO 5.1,BEEF-vdW,"{""star"": 1, ""H2gas"": 0.5}","{""Hstar"": 1}",101,,-0.716254508660285
Au-0.5-Ti-0.5,Au6Ti6,AuTi,0.5H2(g) + * -> H*,"{""H"": ""bridge|A_A|B""}",UmVhY3Rpb246NDA2OTYz,MamunHighT2019,Quantum ESPRESSO 5.1,BEEF-vdW,"{""star"": 1, ""H2gas"": 0.5}","{""Hstar"": 1}",101,,-0.628107720559427
Au-0.5-Tl-0.5,Au6Tl6,AuTl,0.5H2(g) + * -> H*,"{""H"": ""top-tilt|A""}",UmVhY3Rpb246MzUwOTE5,MamunHighT2019,Quantum ESPRESSO 5.1,BEEF-vdW,"{""star"": 1, ""H2gas"": 0.5}","{""Hstar"": 1}",101,,0.278031770442823
Au-0.5-V-0.5,Au6V6,AuV,0.5H2(g) + * -> H*,"{""H"": ""bridge|B_B|A""}",UmVhY3Rpb246NDA4NDE3,MamunHighT2019,Quantum ESPRESSO 5.1,BEEF-vdW,"{""star"": 1, ""H2gas"": 0.5}","{""Hstar"": 1}",101,,-0.548837421857542
Au-0.5-W-0.5,Au6W6,AuW,0.5H2(g) + * -> H*,"{""H"": ""bridge|B_B|A""}",UmVhY3Rpb246MzU3ODMz,MamunHighT2019,Quantum ESPRESSO 5.1,BEEF-vdW,"{""star"": 1, ""H2gas"": 0.5}","{""Hstar"": 1}",101,,-0.658091536256478
Au-0.5-Y-0.5,Au6Y6,AuY,0.5H2(g) + * -> H*,"{""H"": ""bridge|B_B|A""}",UmVhY3Rpb246MzU0Nzcy,MamunHighT2019,Quantum ESPRESSO 5.1,BEEF-vdW,"{""star"": 1, ""H2gas"": 0.5}","{""Hstar"": 1}",101,,-0.696251964559423
Au-0.5-Zn-0.5,Au6Zn6,AuZn,0.5H2(g) + * -> H*,"{""H"": ""bridge|A_B|A""}",UmVhY3Rpb246NDI2OTIx,MamunHighT2019,Quantum ESPRESSO 5.1,BEEF-vdW,"{""star"": 1, ""H2gas"": 0.5}","{""Hstar"": 1}",101,,0.524432211947925
Au-0.5-Zr-0.5,Au6Zr6,AuZr,0.5H2(g) + * -> H*,"{""H"": ""bridge|B_B|A""}",UmVhY3Rpb246MzU5NDgw,MamunHighT2019,Quantum ESPRESSO 5.1,BEEF-vdW,"{""star"": 1, ""H2gas"": 0.5}","{""Hstar"": 1}",101,,-0.687288942858658
Au-0.8-Bi-0.2,Au9Bi3,Au3Bi,0.5H2(g) + * -> H*,"{""H"": ""hollow|A_A_A|FCC""}",UmVhY3Rpb246MzM5ODQ5,MamunHighT2019,Quantum ESPRESSO 5.1,BEEF-vdW,"{""star"": 1, ""H2gas"": 0.5}","{""Hstar"": 1}",111,,0.325303386443039
Au-0.8-Cd-0.2,Au9Cd3,Au3Cd,0.5H2(g) + * -> H*,"{""H"": ""hollow|A_A_A|FCC""}",UmVhY3Rpb246MzQ4Mzgw,MamunHighT2019,Quantum ESPRESSO 5.1,BEEF-vdW,"{""star"": 1, ""H2gas"": 0.5}","{""Hstar"": 1}",111,,0.396759800242791
Au-0.8-Co-0.2,Au9Co3,Au3Co,0.5H2(g) + * -> H*,"{""H"": ""hollow|A_A_B|HCP""}",UmVhY3Rpb246NDI4Nzkw,MamunHighT2019,Quantum ESPRESSO 5.1,BEEF-vdW,"{""star"": 1, ""H2gas"": 0.5}","{""Hstar"": 1}",111,,0.145108105841274
Au-0.8-Cr-0.2,Au9Cr3,Au3Cr,0.5H2(g) + * -> H*,"{""H"": ""hollow|A_A_B|HCP""}",UmVhY3Rpb246NDAxNTIw,MamunHighT2019,Quantum ESPRESSO 5.1,BEEF-vdW,"{""star"": 1, ""H2gas"": 0.5}","{""Hstar"": 1}",111,,-0.0565151870568741
Au-0.8-Cu-0.2,Au9Cu3,Au3Cu,0.5H2(g) + * -> H*,"{""H"": ""hollow|A_A_B|FCC""}",UmVhY3Rpb246MzQ1MTMx,MamunHighT2019,Quantum ESPRESSO 5.1,BEEF-vdW,"{""star"": 1, ""H2gas"": 0.5}","{""Hstar"": 1}",111,,0.28385745554354
Au-0.8-Fe-0.2,Au9Fe3,Au3Fe,0.5H2(g) + * -> H*,"{""H"": ""hollow|A_A_B|FCC""}",UmVhY3Rpb246NDAxNjYy,MamunHighT2019,Quantum ESPRESSO 5.1,BEEF-vdW,"{""star"": 1, ""H2gas"": 0.5}","{""Hstar"": 1}",111,,0.218682925941749
Au-0.8-Ga-0.2,Au9Ga3,Au3Ga,0.5H2(g) + * -> H*,"{""H"": ""bridge|A_A|B""}",UmVhY3Rpb246NDI2NDMx,MamunHighT2019,Quantum ESPRESSO 5.1,BEEF-vdW,"{""star"": 1, ""H2gas"": 0.5}","{""Hstar"": 1}",111,,0.480836037441833
Au-0.8-Hf-0.2,Au9Hf3,Au3Hf,0.5H2(g) + * -> H*,"{""H"": ""top|B""}",UmVhY3Rpb246MzQ5NDE5,MamunHighT2019,Quantum ESPRESSO 5.1,BEEF-vdW,"{""star"": 1, ""H2gas"": 0.5}","{""Hstar"": 1}",111,,-0.0853173484601655
Au-0.8-Hg-0.2,Au9Hg3,Au3Hg,0.5H2(g) + * -> H*,"{""H"": ""hollow|A_A_A|FCC""}",UmVhY3Rpb246NDI2NDU1,MamunHighT2019,Quantum ESPRESSO 5.1,BEEF-vdW,"{""star"": 1, ""H2gas"": 0.5}","{""Hstar"": 1}",111,,0.379792005745031
Au-0.8-In-0.2,Au9In3,Au3In,0.5H2(g) + * -> H*,"{""H"": ""hollow|A_A_A|FCC""}",UmVhY3Rpb246MzQyMjI5,MamunHighT2019,Quantum ESPRESSO 5.1,BEEF-vdW,"{""star"": 1, ""H2gas"": 0.5}","{""Hstar"": 1}",111,,0.351558426243201
Au-0.8-Ir-0.2,Au9Ir3,Au3Ir,0.5H2(g) + * -> H*,"{""H"": ""top|B""}",UmVhY3Rpb246MzY4NTk3,MamunHighT2019,Quantum ESPRESSO 5.1,BEEF-vdW,"{""star"": 1, ""H2gas"": 0.5}","{""Hstar"": 1}",111,,-0.468514722858316
Au-0.8-La-0.2,Au9La3,Au3La,0.5H2(g) + * -> H*,"{""H"": ""bridge|A_A|B""}",UmVhY3Rpb246NDAxNDM5,MamunHighT2019,Quantum ESPRESSO 5.1,BEEF-vdW,"{""star"": 1, ""H2gas"": 0.5}","{""Hstar"": 1}",111,,0.211232721042535
Au-0.8-Mn-0.2,Au9Mn3,Au3Mn,0.5H2(g) + * -> H*,"{""H"": ""hollow|A_A_B|HCP""}",UmVhY3Rpb246NDAxNjgx,MamunHighT2019,Quantum ESPRESSO 5.1,BEEF-vdW,"{""star"": 1, ""H2gas"": 0.5}","{""Hstar"": 1}",111,,0.332973867342872
Au-0.8-Mo-0.2,Au9Mo3,Au3Mo,0.5H2(g) + * -> H*,"{""H"": ""hollow|A_A_B|HCP""}",UmVhY3Rpb246NDAxNTI3,MamunHighT2019,Quantum ESPRESSO 5.1,BEEF-vdW,"{""star"": 1, ""H2gas"": 0.5}","{""Hstar"": 1}",111,,-0.191962027157359
Au-0.8-Nb-0.2,Au9Nb3,Au3Nb,0.5H2(g) + * -> H*,"{""H"": ""bridge|A_B|A""}",UmVhY3Rpb246NDAxNDg5,MamunHighT2019,Quantum ESPRESSO 5.1,BEEF-vdW,"{""star"": 1, ""H2gas"": 0.5}","{""Hstar"": 1}",111,,-0.0929682372616014
Au-0.8-Ni-0.2,Au9Ni3,Au3Ni,0.5H2(g) + * -> H*,"{""H"": ""hollow|A_A_B|FCC""}",UmVhY3Rpb246NDI4Nzkz,MamunHighT2019,Quantum ESPRESSO 5.1,BEEF-vdW,"{""star"": 1, ""H2gas"": 0.5}","{""Hstar"": 1}",111,,0.112354579542654
Au-0.8-Os-0.2,Au9Os3,Au3Os,0.5H2(g) + * -> H*,"{""H"": ""top|B""}",UmVhY3Rpb246MzYwNTIw,MamunHighT2019,Quantum ESPRESSO 5.1,BEEF-vdW,"{""star"": 1, ""H2gas"": 0.5}","{""Hstar"": 1}",111,,-0.47865871855808
Au-0.8-Pb-0.2,Au9Pb3,Au3Pb,0.5H2(g) + * -> H*,"{""H"": ""bridge|A_A|B""}",UmVhY3Rpb246NDI2NTU4,MamunHighT2019,Quantum ESPRESSO 5.1,BEEF-vdW,"{""star"": 1, ""H2gas"": 0.5}","{""Hstar"": 1}",111,,0.317932502844116
Au-0.8-Pd-0.2,Au9Pd3,Au3Pd,0.5H2(g) + * -> H*,"{""H"": ""hollow|A_A_B|FCC""}",UmVhY3Rpb246MzQxOTE0,MamunHighT2019,Quantum ESPRESSO 5.1,BEEF-vdW,"{""star"": 1, ""H2gas"": 0.5}","{""Hstar"": 1}",111,,0.171528590840381
Au-0.8-Pt-0.2,Au9Pt3,Au3Pt,0.5H2(g) + * -> H*,"{""H"": ""top|B""}",UmVhY3Rpb246MzYwMTI1,MamunHighT2019,Quantum ESPRESSO 5.1,BEEF-vdW,"{""star"": 1, ""H2gas"": 0.5}","{""Hstar"": 1}",111,,-0.230161912058037
Au-0.8-Re-0.2,Au9Re3,Au3Re,0.5H2(g) + * -> H*,"{""H"": ""top|B""}",UmVhY3Rpb246MzUwNDIz,MamunHighT2019,Quantum ESPRESSO 5.1,BEEF-vdW,"{""star"": 1, ""H2gas"": 0.5}","{""Hstar"": 1}",111,,-0.434614236654824
Au-0.8-Rh-0.2,Au9Rh3,Au3Rh,0.5H2(g) + * -> H*,"{""H"": ""hollow|A_A_B|HCP""}",UmVhY3Rpb246MzQxMDkw,MamunHighT2019,Quantum ESPRESSO 5.1,BEEF-vdW,"{""star"": 1, ""H2gas"": 0.5}","{""Hstar"": 1}",111,,-0.0826730822545585
Au-0.8-Ru-0.2,Au9Ru3,Au3Ru,0.5H2(g) + * -> H*,"{""H"": ""hollow|A_A_B|HCP""}",UmVhY3Rpb246MzQ4ODcz,MamunHighT2019,Quantum ESPRESSO 5.1,BEEF-vdW,"{""star"": 1, ""H2gas"": 0.5}","{""Hstar"": 1}",111,,-0.172004381859523
Au-0.8-Sc-0.2,Au9Sc3,Au3Sc,0.5H2(g) + * -> H*,"{""H"": ""hollow|A_A_B|HCP""}",UmVhY3Rpb246MzQyMjg5,MamunHighT2019,Quantum ESPRESSO 5.1,BEEF-vdW,"{""star"": 1, ""H2gas"": 0.5}","{""Hstar"": 1}",111,,0.185684905141017
Au-0.8-Sn-0.2,Au9Sn3,Au3Sn,0.5H2(g) + * -> H*,"{""H"": ""hollow|A_A_A|HCP""}",UmVhY3Rpb246NDI2NjUy,MamunHighT2019,Quantum ESPRESSO 5.1,BEEF-vdW,"{""star"": 1, ""H2gas"": 0.5}","{""Hstar"": 1}",111,,0.367990836742166
Au-0.8-Ta-0.2,Au9Ta3,Au3Ta,0.5H2(g) + * -> H*,"{""H"": ""top|B""}",UmVhY3Rpb246NDAxNDc3,MamunHighT2019,Quantum ESPRESSO 5.1,BEEF-vdW,"{""star"": 1, ""H2gas"": 0.5}","{""Hstar"": 1}",111,,-0.347919447957764
Au-0.8-Tc-0.2,Au9Tc3,Au3Tc,0.5H2(g) + * -> H*,"{""H"": ""hollow|A_A_B|HCP""}",UmVhY3Rpb246MzQ2MTE3,MamunHighT2019,Quantum ESPRESSO 5.1,BEEF-vdW,"{""star"": 1, ""H2gas"": 0.5}","{""Hstar"": 1}",111,,-0.213251533658848
Au-0.8-Ti-0.2,Au9Ti3,Au3Ti,0.5H2(g) + * -> H*,"{""H"": ""hollow|A_A_B|HCP""}",UmVhY3Rpb246NDAxNDY2,MamunHighT2019,Quantum ESPRESSO 5.1,BEEF-vdW,"{""star"": 1, ""H2gas"": 0.5}","{""Hstar"": 1}",111,,0.0824590646416539
Au-0.8-Tl-0.2,Au9Tl3,Au3Tl,0.5H2(g) + * -> H*,"{""H"": ""top|A""}",UmVhY3Rpb246MzUwMjkx,MamunHighT2019,Quantum ESPRESSO 5.1,BEEF-vdW,"{""star"": 1, ""H2gas"": 0.5}","{""Hstar"": 1}",111,,0.477726320544235
Au-0.8-V-0.2,Au9V3,Au3V,0.5H2(g) + * -> H*,"{""H"": ""hollow|A_A_B|HCP""}",UmVhY3Rpb246NDAxNTA1,MamunHighT2019,Quantum ESPRESSO 5.1,BEEF-vdW,"{""star"": 1, ""H2gas"": 0.5}","{""Hstar"": 1}",111,,-0.0111679601604635
Au-0.8-W-0.2,Au9W3,Au3W,0.5H2(g) + * -> H*,"{""H"": ""top|B""}",UmVhY3Rpb246NDAxNTM0,MamunHighT2019,Quantum ESPRESSO 5.1,BEEF-vdW,"{""star"": 1, ""H2gas"": 0.5}","{""Hstar"": 1}",111,,-0.392427067558828
Au-0.8-Y-0.2,Au9Y3,Au3Y,0.5H2(g) + * -> H*,"{""H"": ""hollow|A_A_B|HCP""}",UmVhY3Rpb246MzQ2ODg3,MamunHighT2019,Quantum ESPRESSO 5.1,BEEF-vdW,"{""star"": 1, ""H2gas"": 0.5}","{""Hstar"": 1}",111,,0.214896733942652
Au-0.8-Zn-0.2,Au9Zn3,Au3Zn,0.5H2(g) + * -> H*,"{""H"": ""bridge|A_A|A""}",UmVhY3Rpb246NDI2NjU5,MamunHighT2019,Quantum ESPRESSO 5.1,BEEF-vdW,"{""star"": 1, ""H2gas"": 0.5}","{""Hstar"": 1}",111,,0.456487699339988
Au-0.8-Zr-0.2,Au9Zr3,Au3Zr,0.5H2(g) + * -> H*,"{""H"": ""top|B""}",UmVhY3Rpb246MzY4NTQ4,MamunHighT2019,Quantum ESPRESSO 5.1,BEEF-vdW,"{""star"": 1, ""H2gas"": 0.5}","{""Hstar"": 1}",111,,0.068916911340267
Bi-1.0,Bi12,Bi,0.5H2(g) + * -> H*,"{""H"": ""hollow|A_A_A|HCP""}",UmVhY3Rpb246MzM5NjA5,MamunHighT2019,Quantum ESPRESSO 5.1,BEEF-vdW,"{""star"": 1, ""H2gas"": 0.5}","{""Hstar"": 1}",111,,0.937375438444207
Bi-0.2-Cd-0.8,Bi3Cd9,Cd3Bi,0.5H2(g) + * -> H*,"{""H"": ""bridge|A_A|A""}",UmVhY3Rpb246NDI3NzY2,MamunHighT2019,Quantum ESPRESSO 5.1,BEEF-vdW,"{""star"": 1, ""H2gas"": 0.5}","{""Hstar"": 1}",111,,0.699306034240209
Bi-0.2-Cu-0.8,Bi3Cu9,Cu3Bi,0.5H2(g) + * -> H*,"{""H"": ""hollow|A_A_A|FCC""}",UmVhY3Rpb246MzM5ODY3,MamunHighT2019,Quantum ESPRESSO 5.1,BEEF-vdW,"{""star"": 1, ""H2gas"": 0.5}","{""Hstar"": 1}",111,,0.100254765443452
Bi-0.2-Pd-0.8,Bi3Pd9,Pd3Bi,0.5H2(g) + * -> H*,"{""H"": ""hollow|A_A_A|HCP""}",UmVhY3Rpb246MzQwMDM4,MamunHighT2019,Quantum ESPRESSO 5.1,BEEF-vdW,"{""star"": 1, ""H2gas"": 0.5}","{""Hstar"": 1}",111,,-0.210303724458726
Bi-0.2-Pt-0.8,Bi3Pt9,Pt3Bi,0.5H2(g) + * -> H*,"{""H"": ""hollow|A_A_A|HCP""}",UmVhY3Rpb246MzM5ODgz,MamunHighT2019,Quantum ESPRESSO 5.1,BEEF-vdW,"{""star"": 1, ""H2gas"": 0.5}","{""Hstar"": 1}",111,,-0.280182013956591
Bi-0.2-Rh-0.8,Bi3Rh9,Rh3Bi,0.5H2(g) + * -> H*,"{""H"": ""hollow|A_A_A|HCP""}",UmVhY3Rpb246MzQwMTQz,MamunHighT2019,Quantum ESPRESSO 5.1,BEEF-vdW,"{""star"": 1, ""H2gas"": 0.5}","{""Hstar"": 1}",111,,-0.426395854457013
Bi-0.2-Ru-0.8,Bi3Ru9,Ru3Bi,0.5H2(g) + * -> H*,"{""H"": ""hollow|A_A_A|FCC""}",UmVhY3Rpb246MzM5OTU3,MamunHighT2019,Quantum ESPRESSO 5.1,BEEF-vdW,"{""star"": 1, ""H2gas"": 0.5}","{""Hstar"": 1}",111,,-0.48740731455743
Bi-0.5-Cu-0.5,Bi6Cu6,BiCu,0.5H2(g) + * -> H*,"{""H"": ""hollow-tilt|A_A_B|FCC""}",UmVhY3Rpb246MzQ5NDU0,MamunHighT2019,Quantum ESPRESSO 5.1,BEEF-vdW,"{""star"": 1, ""H2gas"": 0.5}","{""Hstar"": 1}",101,,0.174465515542607
Bi-0.5-Ga-0.5,Bi6Ga6,BiGa,0.5H2(g) + * -> H*,"{""H"": ""hollow|A_A_B|FCC""}",UmVhY3Rpb246NDAzOTM3,MamunHighT2019,Quantum ESPRESSO 5.1,BEEF-vdW,"{""star"": 1, ""H2gas"": 0.5}","{""Hstar"": 1}",101,,0.893935185239599
Bi-0.5-Hf-0.5,Bi6Hf6,BiHf,0.5H2(g) + * -> H*,"{""H"": ""bridge|B_B|A""}",UmVhY3Rpb246NDA2Nzkw,MamunHighT2019,Quantum ESPRESSO 5.1,BEEF-vdW,"{""star"": 1, ""H2gas"": 0.5}","{""Hstar"": 1}",101,,-0.282443824157753
Bi-0.5-Hg-0.5,Bi6Hg6,BiHg,0.5H2(g) + * -> H*,"{""H"": ""top-tilt|A""}",UmVhY3Rpb246MzQ5ODM5,MamunHighT2019,Quantum ESPRESSO 5.1,BEEF-vdW,"{""star"": 1, ""H2gas"": 0.5}","{""Hstar"": 1}",101,,0.463086459939433
Bi-0.5-In-0.5,Bi6In6,BiIn,0.5H2(g) + * -> H*,"{""H"": ""hollow|A_A_B|FCC""}",UmVhY3Rpb246NDA0MTU0,MamunHighT2019,Quantum ESPRESSO 5.1,BEEF-vdW,"{""star"": 1, ""H2gas"": 0.5}","{""Hstar"": 1}",101,,0.823721515441349
Bi-0.5-Ir-0.5,Bi6Ir6,BiIr,0.5H2(g) + * -> H*,"{""H"": ""top-tilt|A""}",UmVhY3Rpb246NDE5NzA5,MamunHighT2019,Quantum ESPRESSO 5.1,BEEF-vdW,"{""star"": 1, ""H2gas"": 0.5}","{""Hstar"": 1}",101,,-0.483790785560785
Bi-0.5-La-0.5,Bi6La6,BiLa,0.5H2(g) + * -> H*,"{""H"": ""bridge|B_B|A""}",UmVhY3Rpb246NDA1ODQ4,MamunHighT2019,Quantum ESPRESSO 5.1,BEEF-vdW,"{""star"": 1, ""H2gas"": 0.5}","{""Hstar"": 1}",101,,-0.337601843558303
Bi-0.5-Mn-0.5,Bi6Mn6,BiMn,0.5H2(g) + * -> H*,"{""H"": ""top|A""}",UmVhY3Rpb246NDI4ODAy,MamunHighT2019,Quantum ESPRESSO 5.1,BEEF-vdW,"{""star"": 1, ""H2gas"": 0.5}","{""Hstar"": 1}",101,,0.456221027744533
Bi-0.5-Mo-0.5,Bi6Mo6,BiMo,0.5H2(g) + * -> H*,"{""H"": ""bridge|B_B|A""}",UmVhY3Rpb246NDA5ODc3,MamunHighT2019,Quantum ESPRESSO 5.1,BEEF-vdW,"{""star"": 1, ""H2gas"": 0.5}","{""Hstar"": 1}",101,,-0.620225126755912
Bi-0.5-Nb-0.5,Bi6Nb6,BiNb,0.5H2(g) + * -> H*,"{""H"": ""bridge|A_A|B""}",UmVhY3Rpb246NDA3OTM4,MamunHighT2019,Quantum ESPRESSO 5.1,BEEF-vdW,"{""star"": 1, ""H2gas"": 0.5}","{""Hstar"": 1}",101,,-0.418387136057362
Bi-0.5-Os-0.5,Bi6Os6,BiOs,0.5H2(g) + * -> H*,"{""H"": ""top|B""}",UmVhY3Rpb246MzQ5Nzk5,MamunHighT2019,Quantum ESPRESSO 5.1,BEEF-vdW,"{""star"": 1, ""H2gas"": 0.5}","{""Hstar"": 1}",101,,-0.478986751760175
Bi-0.5-Pb-0.5,Bi6Pb6,BiPb,0.5H2(g) + * -> H*,"{""H"": ""bridge-tilt|B_B|A""}",UmVhY3Rpb246NDA0MzAw,MamunHighT2019,Quantum ESPRESSO 5.1,BEEF-vdW,"{""star"": 1, ""H2gas"": 0.5}","{""Hstar"": 1}",101,,0.759293666041259
Bi-0.5-Pd-0.5,Bi6Pd6,BiPd,0.5H2(g) + * -> H*,"{""H"": ""bridge|B_B|A""}",UmVhY3Rpb246MzQ5OTcx,MamunHighT2019,Quantum ESPRESSO 5.1,BEEF-vdW,"{""star"": 1, ""H2gas"": 0.5}","{""Hstar"": 1}",101,,0.320578265641444
Bi-0.5-Pt-0.5,Bi6Pt6,BiPt,0.5H2(g) + * -> H*,"{""H"": ""top-tilt|B""}",UmVhY3Rpb246MzQ5NTc4,MamunHighT2019,Quantum ESPRESSO 5.1,BEEF-vdW,"{""star"": 1, ""H2gas"": 0.5}","{""Hstar"": 1}",101,,-0.0095305151580475
Bi-0.5-Re-0.5,Bi6Re6,BiRe,0.5H2(g) + * -> H*,"{""H"": ""bridge|B_B|A""}",UmVhY3Rpb246MzQ5NDc5,MamunHighT2019,Quantum ESPRESSO 5.1,BEEF-vdW,"{""star"": 1, ""H2gas"": 0.5}","{""Hstar"": 1}",101,,-0.804595041855436
Bi-0.5-Rh-0.5,Bi6Rh6,BiRh,0.5H2(g) + * -> H*,"{""H"": ""bridge|B_B|A""}",UmVhY3Rpb246MzQ5Mzk0,MamunHighT2019,Quantum ESPRESSO 5.1,BEEF-vdW,"{""star"": 1, ""H2gas"": 0.5}","{""Hstar"": 1}",101,,0.0104566545424234
Bi-0.5-Ru-0.5,Bi6Ru6,BiRu,0.5H2(g) + * -> H*,"{""H"": ""top|B""}",UmVhY3Rpb246MzYwMDcx,MamunHighT2019,Quantum ESPRESSO 5.1,BEEF-vdW,"{""star"": 1, ""H2gas"": 0.5}","{""Hstar"": 1}",101,,-0.0931523222561452
Bi-0.5-Sc-0.5,Bi6Sc6,BiSc,0.5H2(g) + * -> H*,"{""H"": ""bridge|B_B|A""}",UmVhY3Rpb246NDA2MTk3,MamunHighT2019,Quantum ESPRESSO 5.1,BEEF-vdW,"{""star"": 1, ""H2gas"": 0.5}","{""Hstar"": 1}",101,,-0.308597909758618
Bi-0.5-Sn-0.5,Bi6Sn6,BiSn,0.5H2(g) + * -> H*,"{""H"": ""hollow|A_A_B|FCC""}",UmVhY3Rpb246NDA0OTcw,MamunHighT2019,Quantum ESPRESSO 5.1,BEEF-vdW,"{""star"": 1, ""H2gas"": 0.5}","{""Hstar"": 1}",101,,0.90187614734262
Bi-0.5-Tc-0.5,Bi6Tc6,BiTc,0.5H2(g) + * -> H*,"{""H"": ""bridge|B_B|A""}",UmVhY3Rpb246NDExNTY4,MamunHighT2019,Quantum ESPRESSO 5.1,BEEF-vdW,"{""star"": 1, ""H2gas"": 0.5}","{""Hstar"": 1}",101,,-0.310536584855953
Bi-0.5-Ti-0.5,Bi6Ti6,BiTi,0.5H2(g) + * -> H*,"{""H"": ""bridge|B_B|A""}",UmVhY3Rpb246NDA3MDYz,MamunHighT2019,Quantum ESPRESSO 5.1,BEEF-vdW,"{""star"": 1, ""H2gas"": 0.5}","{""Hstar"": 1}",101,,-0.146476158158265
Bi-0.5-Tl-0.5,Bi6Tl6,BiTl,0.5H2(g) + * -> H*,"{""H"": ""top-tilt|A""}",UmVhY3Rpb246MzQ5ODE4,MamunHighT2019,Quantum ESPRESSO 5.1,BEEF-vdW,"{""star"": 1, ""H2gas"": 0.5}","{""Hstar"": 1}",101,,0.488799857140322
Bi-0.5-V-0.5,Bi6V6,BiV,0.5H2(g) + * -> H*,"{""H"": ""bridge|B_B|A""}",UmVhY3Rpb246NDA4Njkz,MamunHighT2019,Quantum ESPRESSO 5.1,BEEF-vdW,"{""star"": 1, ""H2gas"": 0.5}","{""Hstar"": 1}",101,,-0.471708386957261
Bi-0.5-W-0.5,Bi6W6,BiW,0.5H2(g) + * -> H*,"{""H"": ""bridge|B_B|A""}",UmVhY3Rpb246NDEwMjQ0,MamunHighT2019,Quantum ESPRESSO 5.1,BEEF-vdW,"{""star"": 1, ""H2gas"": 0.5}","{""Hstar"": 1}",101,,-0.880054658357921
Bi-0.5-Y-0.5,Bi6Y6,BiY,0.5H2(g) + * -> H*,"{""H"": ""bridge|B_B|A""}",UmVhY3Rpb246MzUwMDA1,MamunHighT2019,Quantum ESPRESSO 5.1,BEEF-vdW,"{""star"": 1, ""H2gas"": 0.5}","{""Hstar"": 1}",101,,-0.297591585261188
Bi-0.5-Zr-0.5,Bi6Zr6,BiZr,0.5H2(g) + * -> H*,"{""H"": ""bridge|B_B|A""}",UmVhY3Rpb246NDA2NTYx,MamunHighT2019,Quantum ESPRESSO 5.1,BEEF-vdW,"{""star"": 1, ""H2gas"": 0.5}","{""Hstar"": 1}",101,,-0.147395086655678
Bi-0.8-Cd-0.2,Bi9Cd3,Bi3Cd,0.5H2(g) + * -> H*,"{""H"": ""hollow|A_A_A|FCC""}",UmVhY3Rpb246MzQwMTIx,MamunHighT2019,Quantum ESPRESSO 5.1,BEEF-vdW,"{""star"": 1, ""H2gas"": 0.5}","{""Hstar"": 1}",111,,0.976273703542603
Bi-0.8-Cu-0.2,Bi9Cu3,Bi3Cu,0.5H2(g) + * -> H*,"{""H"": ""hollow|A_A_A|FCC""}",UmVhY3Rpb246MzQwMDc1,MamunHighT2019,Quantum ESPRESSO 5.1,BEEF-vdW,"{""star"": 1, ""H2gas"": 0.5}","{""Hstar"": 1}",111,,1.02831982894807
Bi-0.8-Hf-0.2,Bi9Hf3,Bi3Hf,0.5H2(g) + * -> H*,"{""H"": ""top-tilt|B""}",UmVhY3Rpb246NDA0OTgx,MamunHighT2019,Quantum ESPRESSO 5.1,BEEF-vdW,"{""star"": 1, ""H2gas"": 0.5}","{""Hstar"": 1}",111,,-0.251857412359612
Bi-0.8-Nb-0.2,Bi9Nb3,Bi3Nb,0.5H2(g) + * -> H*,"{""H"": ""hollow|A_A_A|HCP""}",UmVhY3Rpb246MzM5ODk2,MamunHighT2019,Quantum ESPRESSO 5.1,BEEF-vdW,"{""star"": 1, ""H2gas"": 0.5}","{""Hstar"": 1}",111,,1.03220411794339
Bi-0.8-Pd-0.2,Bi9Pd3,Bi3Pd,0.5H2(g) + * -> H*,"{""H"": ""top-tilt|B""}",UmVhY3Rpb246MzYwMjc4,MamunHighT2019,Quantum ESPRESSO 5.1,BEEF-vdW,"{""star"": 1, ""H2gas"": 0.5}","{""Hstar"": 1}",111,,0.417493378042337
Bi-0.8-Pt-0.2,Bi9Pt3,Bi3Pt,0.5H2(g) + * -> H*,"{""H"": ""hollow|A_A_A|FCC""}",UmVhY3Rpb246MzM5OTc3,MamunHighT2019,Quantum ESPRESSO 5.1,BEEF-vdW,"{""star"": 1, ""H2gas"": 0.5}","{""Hstar"": 1}",111,,0.992439850543661
Bi-0.8-Re-0.2,Bi9Re3,Bi3Re,0.5H2(g) + * -> H*,"{""H"": ""hollow|A_A_A|HCP""}",UmVhY3Rpb246MzQwMTEx,MamunHighT2019,Quantum ESPRESSO 5.1,BEEF-vdW,"{""star"": 1, ""H2gas"": 0.5}","{""Hstar"": 1}",111,,1.12277734524199
Bi-0.8-Rh-0.2,Bi9Rh3,Bi3Rh,0.5H2(g) + * -> H*,"{""H"": ""top|B""}",UmVhY3Rpb246MzYwMjYw,MamunHighT2019,Quantum ESPRESSO 5.1,BEEF-vdW,"{""star"": 1, ""H2gas"": 0.5}","{""Hstar"": 1}",111,,0.0856407558394778
Bi-0.8-Ru-0.2,Bi9Ru3,Bi3Ru,0.5H2(g) + * -> H*,"{""H"": ""top|B""}",UmVhY3Rpb246MzYwMzUy,MamunHighT2019,Quantum ESPRESSO 5.1,BEEF-vdW,"{""star"": 1, ""H2gas"": 0.5}","{""Hstar"": 1}",111,,-0.299196376660774
Bi-0.8-W-0.2,Bi9W3,Bi3W,0.5H2(g) + * -> H*,"{""H"": ""bridge-tilt|A_B|A""}",UmVhY3Rpb246NDA0OTg3,MamunHighT2019,Quantum ESPRESSO 5.1,BEEF-vdW,"{""star"": 1, ""H2gas"": 0.5}","{""Hstar"": 1}",111,,-0.978666808658971
Cd-1.0,Cd12,Cd,0.5H2(g) + * -> H*,"{""H"": ""hollow|A_A_A|FCC""}",UmVhY3Rpb246NDI3Nzkz,MamunHighT2019,Quantum ESPRESSO 5.1,BEEF-vdW,"{""star"": 1, ""H2gas"": 0.5}","{""Hstar"": 1}",111,,0.825439233941353
Cd-0.2-Co-0.8,Cd3Co9,Co3Cd,0.5H2(g) + * -> H*,"{""H"": ""hollow|A_A_A|HCP""}",UmVhY3Rpb246MzQyMzgz,MamunHighT2019,Quantum ESPRESSO 5.1,BEEF-vdW,"{""star"": 1, ""H2gas"": 0.5}","{""Hstar"": 1}",111,,-0.468678943455387
Cd-0.2-Cr-0.8,Cd3Cr9,Cr3Cd,0.5H2(g) + * -> H*,"{""H"": ""hollow|A_A_A|HCP""}",UmVhY3Rpb246MzQ1Nzc4,MamunHighT2019,Quantum ESPRESSO 5.1,BEEF-vdW,"{""star"": 1, ""H2gas"": 0.5}","{""Hstar"": 1}",111,,-0.823347903157782
Cd-0.2-Cu-0.8,Cd3Cu9,Cu3Cd,0.5H2(g) + * -> H*,"{""H"": ""hollow|A_A_A|HCP""}",UmVhY3Rpb246NDAyNDk0,MamunHighT2019,Quantum ESPRESSO 5.1,BEEF-vdW,"{""star"": 1, ""H2gas"": 0.5}","{""Hstar"": 1}",111,,0.0317273850387494
Cd-0.2-Fe-0.8,Cd3Fe9,Fe3Cd,0.5H2(g) + * -> H*,"{""H"": ""hollow|A_A_A|FCC""}",UmVhY3Rpb246NDI4MTY1,MamunHighT2019,Quantum ESPRESSO 5.1,BEEF-vdW,"{""star"": 1, ""H2gas"": 0.5}","{""Hstar"": 1}",111,,0.798474657444814
Cd-0.2-Ga-0.8,Cd3Ga9,Ga3Cd,0.5H2(g) + * -> H*,"{""H"": ""bridge|A_B|A""}",UmVhY3Rpb246NDAzODI3,MamunHighT2019,Quantum ESPRESSO 5.1,BEEF-vdW,"{""star"": 1, ""H2gas"": 0.5}","{""Hstar"": 1}",111,,0.619644707942854
Cd-0.2-Hf-0.8,Cd3Hf9,Hf3Cd,0.5H2(g) + * -> H*,"{""H"": ""hollow|A_A_A|FCC""}",UmVhY3Rpb246MzQ2NDY0,MamunHighT2019,Quantum ESPRESSO 5.1,BEEF-vdW,"{""star"": 1, ""H2gas"": 0.5}","{""Hstar"": 1}",111,,-1.09357884995822
Cd-0.2-Hg-0.8,Cd3Hg9,Hg3Cd,0.5H2(g) + * -> H*,"{""H"": ""top|B""}",UmVhY3Rpb246NDAzMTI2,MamunHighT2019,Quantum ESPRESSO 5.1,BEEF-vdW,"{""star"": 1, ""H2gas"": 0.5}","{""Hstar"": 1}",111,,0.978912799645542
Cd-0.2-In-0.8,Cd3In9,In3Cd,0.5H2(g) + * -> H*,"{""H"": ""hollow|A_A_B|FCC""}",UmVhY3Rpb246MzQ4ODUx,MamunHighT2019,Quantum ESPRESSO 5.1,BEEF-vdW,"{""star"": 1, ""H2gas"": 0.5}","{""Hstar"": 1}",111,,0.694806631939201
Cd-0.2-Ir-0.8,Cd3Ir9,Ir3Cd,0.5H2(g) + * -> H*,"{""H"": ""hollow|A_A_A|HCP""}",UmVhY3Rpb246NDE5MDA5,MamunHighT2019,Quantum ESPRESSO 5.1,BEEF-vdW,"{""star"": 1, ""H2gas"": 0.5}","{""Hstar"": 1}",111,,-0.430971312557602
Cd-0.2-La-0.8,Cd3La9,La3Cd,0.5H2(g) + * -> H*,"{""H"": ""hollow|A_A_A|FCC""}",UmVhY3Rpb246NDA1Nzg2,MamunHighT2019,Quantum ESPRESSO 5.1,BEEF-vdW,"{""star"": 1, ""H2gas"": 0.5}","{""Hstar"": 1}",111,,-0.715993007160222
Cd-0.2-Mo-0.8,Cd3Mo9,Mo3Cd,0.5H2(g) + * -> H*,"{""H"": ""hollow|A_A_A|HCP""}",UmVhY3Rpb246MzQ0ODE5,MamunHighT2019,Quantum ESPRESSO 5.1,BEEF-vdW,"{""star"": 1, ""H2gas"": 0.5}","{""Hstar"": 1}",111,,-0.925727741555392
Cd-0.2-Nb-0.8,Cd3Nb9,Nb3Cd,0.5H2(g) + * -> H*,"{""H"": ""hollow|A_A_A|FCC""}",UmVhY3Rpb246MzQ1MzE1,MamunHighT2019,Quantum ESPRESSO 5.1,BEEF-vdW,"{""star"": 1, ""H2gas"": 0.5}","{""Hstar"": 1}",111,,-1.06465437355925
Cd-0.2-Ni-0.8,Cd3Ni9,Ni3Cd,0.5H2(g) + * -> H*,"{""H"": ""hollow|A_A_A|HCP""}",UmVhY3Rpb246MzQ2MTY0,MamunHighT2019,Quantum ESPRESSO 5.1,BEEF-vdW,"{""star"": 1, ""H2gas"": 0.5}","{""Hstar"": 1}",111,,-0.495112626164854
Cd-0.2-Os-0.8,Cd3Os9,Os3Cd,0.5H2(g) + * -> H*,"{""H"": ""hollow|A_A_A|HCP""}",UmVhY3Rpb246MzQwMTc4,MamunHighT2019,Quantum ESPRESSO 5.1,BEEF-vdW,"{""star"": 1, ""H2gas"": 0.5}","{""Hstar"": 1}",111,,-0.464302536655822
Cd-0.2-Pb-0.8,Cd3Pb9,Pb3Cd,0.5H2(g) + * -> H*,"{""H"": ""hollow-tilt|A_A_B|FCC""}",UmVhY3Rpb246MzQyNDY1,MamunHighT2019,Quantum ESPRESSO 5.1,BEEF-vdW,"{""star"": 1, ""H2gas"": 0.5}","{""Hstar"": 1}",111,,0.698688199740928
Cd-0.2-Pd-0.8,Cd3Pd9,Pd3Cd,0.5H2(g) + * -> H*,"{""H"": ""hollow|A_A_A|HCP""}",UmVhY3Rpb246NDI4OTUz,MamunHighT2019,Quantum ESPRESSO 5.1,BEEF-vdW,"{""star"": 1, ""H2gas"": 0.5}","{""Hstar"": 1}",111,,-0.280961347957572
Cd-0.2-Pt-0.8,Cd3Pt9,Pt3Cd,0.5H2(g) + * -> H*,"{""H"": ""hollow|A_A_A|HCP""}",UmVhY3Rpb246NDI4OTc4,MamunHighT2019,Quantum ESPRESSO 5.1,BEEF-vdW,"{""star"": 1, ""H2gas"": 0.5}","{""Hstar"": 1}",111,,-0.344119922358885
Cd-0.2-Re-0.8,Cd3Re9,Re3Cd,0.5H2(g) + * -> H*,"{""H"": ""hollow|A_A_A|HCP""}",UmVhY3Rpb246MzQzMzIz,MamunHighT2019,Quantum ESPRESSO 5.1,BEEF-vdW,"{""star"": 1, ""H2gas"": 0.5}","{""Hstar"": 1}",111,,-0.606129629958531
Cd-0.2-Rh-0.8,Cd3Rh9,Rh3Cd,0.5H2(g) + * -> H*,"{""H"": ""hollow|A_A_A|FCC""}",UmVhY3Rpb246MzQwNjA0,MamunHighT2019,Quantum ESPRESSO 5.1,BEEF-vdW,"{""star"": 1, ""H2gas"": 0.5}","{""Hstar"": 1}",111,,-0.427134643558901
Cd-0.2-Ru-0.8,Cd3Ru9,Ru3Cd,0.5H2(g) + * -> H*,"{""H"": ""hollow|A_A_A|HCP""}",UmVhY3Rpb246MzQ0OTE3,MamunHighT2019,Quantum ESPRESSO 5.1,BEEF-vdW,"{""star"": 1, ""H2gas"": 0.5}","{""Hstar"": 1}",111,,-0.482868591759114
Cd-0.2-Sc-0.8,Cd3Sc9,Sc3Cd,0.5H2(g) + * -> H*,"{""H"": ""hollow|A_A_A|HCP""}",UmVhY3Rpb246NDA2MDg1,MamunHighT2019,Quantum ESPRESSO 5.1,BEEF-vdW,"{""star"": 1, ""H2gas"": 0.5}","{""Hstar"": 1}",111,,-1.17536143965751
Cd-0.2-Sn-0.8,Cd3Sn9,Sn3Cd,0.5H2(g) + * -> H*,"{""H"": ""bridge|A_A|A""}",UmVhY3Rpb246NDA0ODU3,MamunHighT2019,Quantum ESPRESSO 5.1,BEEF-vdW,"{""star"": 1, ""H2gas"": 0.5}","{""Hstar"": 1}",111,,0.804148775140703
Cd-0.2-Ta-0.8,Cd3Ta9,Ta3Cd,0.5H2(g) + * -> H*,"{""H"": ""hollow|A_A_A|FCC""}",UmVhY3Rpb246NDA3MjUz,MamunHighT2019,Quantum ESPRESSO 5.1,BEEF-vdW,"{""star"": 1, ""H2gas"": 0.5}","{""Hstar"": 1}",111,,-1.06989106825765
Cd-0.2-Tc-0.8,Cd3Tc9,Tc3Cd,0.5H2(g) + * -> H*,"{""H"": ""hollow|A_A_A|HCP""}",UmVhY3Rpb246MzQxODgy,MamunHighT2019,Quantum ESPRESSO 5.1,BEEF-vdW,"{""star"": 1, ""H2gas"": 0.5}","{""Hstar"": 1}",111,,-0.60438633265855
Cd-0.2-Ti-0.8,Cd3Ti9,Ti3Cd,0.5H2(g) + * -> H*,"{""H"": ""hollow|A_A_A|HCP""}",UmVhY3Rpb246NDA3MDAx,MamunHighT2019,Quantum ESPRESSO 5.1,BEEF-vdW,"{""star"": 1, ""H2gas"": 0.5}","{""Hstar"": 1}",111,,-1.11966259415837
Cd-0.2-Tl-0.8,Cd3Tl9,Tl3Cd,0.5H2(g) + * -> H*,"{""H"": ""bridge|A_B|A""}",UmVhY3Rpb246NDA0MjU0,MamunHighT2019,Quantum ESPRESSO 5.1,BEEF-vdW,"{""star"": 1, ""H2gas"": 0.5}","{""Hstar"": 1}",111,,0.73413755794266
Cd-0.2-V-0.8,Cd3V9,V3Cd,0.5H2(g) + * -> H*,"{""H"": ""hollow|A_A_A|FCC""}",UmVhY3Rpb246MzQxNzYw,MamunHighT2019,Quantum ESPRESSO 5.1,BEEF-vdW,"{""star"": 1, ""H2gas"": 0.5}","{""Hstar"": 1}",111,,-1.04396283715593
Cd-0.2-W-0.8,Cd3W9,W3Cd,0.5H2(g) + * -> H*,"{""H"": ""hollow|A_A_A|HCP""}",UmVhY3Rpb246MzQ3NjE5,MamunHighT2019,Quantum ESPRESSO 5.1,BEEF-vdW,"{""star"": 1, ""H2gas"": 0.5}","{""Hstar"": 1}",111,,-1.03799810185862
Cd-0.2-Y-0.8,Cd3Y9,Y3Cd,0.5H2(g) + * -> H*,"{""H"": ""hollow|A_A_A|FCC""}",UmVhY3Rpb246MzQxMjQ4,MamunHighT2019,Quantum ESPRESSO 5.1,BEEF-vdW,"{""star"": 1, ""H2gas"": 0.5}","{""Hstar"": 1}",111,,-1.10958513025886
Cd-0.2-Zn-0.8,Cd3Zn9,Zn3Cd,0.5H2(g) + * -> H*,"{""H"": ""bridge|A_A|B""}",UmVhY3Rpb246NDAyODE5,MamunHighT2019,Quantum ESPRESSO 5.1,BEEF-vdW,"{""star"": 1, ""H2gas"": 0.5}","{""Hstar"": 1}",111,,0.521545900447592
Cd-0.2-Zr-0.8,Cd3Zr9,Zr3Cd,0.5H2(g) + * -> H*,"{""H"": ""hollow|A_A_A|FCC""}",UmVhY3Rpb246MzQxNDk4,MamunHighT2019,Quantum ESPRESSO 5.1,BEEF-vdW,"{""star"": 1, ""H2gas"": 0.5}","{""Hstar"": 1}",111,,-1.07610655655932
Cd-0.5-Cu-0.5,Cd6Cu6,CdCu,0.5H2(g) + * -> H*,"{""H"": ""bridge|B_B|A""}",UmVhY3Rpb246NDAyNTAz,MamunHighT2019,Quantum ESPRESSO 5.1,BEEF-vdW,"{""star"": 1, ""H2gas"": 0.5}","{""Hstar"": 1}",101,,0.171934720842756
Cd-0.5-Fe-0.5,Cd6Fe6,CdFe,0.5H2(g) + * -> H*,"{""H"": ""bridge|B_B|A""}",UmVhY3Rpb246MzU4NTMz,MamunHighT2019,Quantum ESPRESSO 5.1,BEEF-vdW,"{""star"": 1, ""H2gas"": 0.5}","{""Hstar"": 1}",101,,-0.354356572856858
Cd-0.5-Ga-0.5,Cd6Ga6,CdGa,0.5H2(g) + * -> H*,"{""H"": ""bridge|B_B|A""}",UmVhY3Rpb246MzU2NjYy,MamunHighT2019,Quantum ESPRESSO 5.1,BEEF-vdW,"{""star"": 1, ""H2gas"": 0.5}","{""Hstar"": 1}",101,,0.627759686839482
Cd-0.5-Hf-0.5,Cd6Hf6,CdHf,0.5H2(g) + * -> H*,"{""H"": ""bridge|B_B|A""}",UmVhY3Rpb246MzUzNjU4,MamunHighT2019,Quantum ESPRESSO 5.1,BEEF-vdW,"{""star"": 1, ""H2gas"": 0.5}","{""Hstar"": 1}",101,,-0.849589473257737
Cd-0.5-Hg-0.5,Cd6Hg6,CdHg,0.5H2(g) + * -> H*,"{""H"": ""top|A""}",UmVhY3Rpb246MzUyNzk3,MamunHighT2019,Quantum ESPRESSO 5.1,BEEF-vdW,"{""star"": 1, ""H2gas"": 0.5}","{""Hstar"": 1}",101,,0.883239206542413
Cd-0.5-In-0.5,Cd6In6,CdIn,0.5H2(g) + * -> H*,"{""H"": ""bridge|A_A|B""}",UmVhY3Rpb246MzUxOTYy,MamunHighT2019,Quantum ESPRESSO 5.1,BEEF-vdW,"{""star"": 1, ""H2gas"": 0.5}","{""Hstar"": 1}",101,,0.691230239744101
Cd-0.5-Ir-0.5,Cd6Ir6,CdIr,0.5H2(g) + * -> H*,"{""H"": ""bridge|B_B|A""}",UmVhY3Rpb246MzU3ODQ2,MamunHighT2019,Quantum ESPRESSO 5.1,BEEF-vdW,"{""star"": 1, ""H2gas"": 0.5}","{""Hstar"": 1}",101,,-0.441669059956411
Cd-0.5-La-0.5,Cd6La6,CdLa,0.5H2(g) + * -> H*,"{""H"": ""bridge|B_B|A""}",UmVhY3Rpb246NDA1Nzk5,MamunHighT2019,Quantum ESPRESSO 5.1,BEEF-vdW,"{""star"": 1, ""H2gas"": 0.5}","{""Hstar"": 1}",101,,-0.501943363658
Cd-0.5-Mn-0.5,Cd6Mn6,CdMn,0.5H2(g) + * -> H*,"{""H"": ""bridge|B_B|A""}",UmVhY3Rpb246MzU0OTcz,MamunHighT2019,Quantum ESPRESSO 5.1,BEEF-vdW,"{""star"": 1, ""H2gas"": 0.5}","{""Hstar"": 1}",101,,0.579831324143953
Cd-0.5-Mo-0.5,Cd6Mo6,CdMo,0.5H2(g) + * -> H*,"{""H"": ""bridge|B_B|A""}",UmVhY3Rpb246MzUxMDA3,MamunHighT2019,Quantum ESPRESSO 5.1,BEEF-vdW,"{""star"": 1, ""H2gas"": 0.5}","{""Hstar"": 1}",101,,-0.652046799360477
Cd-0.5-Nb-0.5,Cd6Nb6,CdNb,0.5H2(g) + * -> H*,"{""H"": ""bridge|B_B|A""}",UmVhY3Rpb246MzUyMTYw,MamunHighT2019,Quantum ESPRESSO 5.1,BEEF-vdW,"{""star"": 1, ""H2gas"": 0.5}","{""Hstar"": 1}",101,,-0.732681068659957
Cd-0.5-Ni-0.5,Cd6Ni6,CdNi,0.5H2(g) + * -> H*,"{""H"": ""bridge|B_B|A""}",UmVhY3Rpb246NDIyMTYy,MamunHighT2019,Quantum ESPRESSO 5.1,BEEF-vdW,"{""star"": 1, ""H2gas"": 0.5}","{""Hstar"": 1}",101,,-0.31471666145714
Cd-0.5-Pb-0.5,Cd6Pb6,CdPb,0.5H2(g) + * -> H*,"{""H"": ""bridge|A_A|B""}",UmVhY3Rpb246MzUyMDQ3,MamunHighT2019,Quantum ESPRESSO 5.1,BEEF-vdW,"{""star"": 1, ""H2gas"": 0.5}","{""Hstar"": 1}",101,,0.661356358040422
Cd-0.5-Pd-0.5,Cd6Pd6,CdPd,0.5H2(g) + * -> H*,"{""H"": ""bridge|B_B|A""}",UmVhY3Rpb246MzUwNzMx,MamunHighT2019,Quantum ESPRESSO 5.1,BEEF-vdW,"{""star"": 1, ""H2gas"": 0.5}","{""Hstar"": 1}",101,,-0.0091910530563552
Cd-0.5-Pt-0.5,Cd6Pt6,CdPt,0.5H2(g) + * -> H*,"{""H"": ""bridge|B_B|A""}",UmVhY3Rpb246MzU0MTI4,MamunHighT2019,Quantum ESPRESSO 5.1,BEEF-vdW,"{""star"": 1, ""H2gas"": 0.5}","{""Hstar"": 1}",101,,-0.250679295560047
Cd-0.5-Re-0.5,Cd6Re6,CdRe,0.5H2(g) + * -> H*,"{""H"": ""bridge|B_B|A""}",UmVhY3Rpb246MzU4NzI1,MamunHighT2019,Quantum ESPRESSO 5.1,BEEF-vdW,"{""star"": 1, ""H2gas"": 0.5}","{""Hstar"": 1}",101,,-0.661591328355797
Cd-0.5-Rh-0.5,Cd6Rh6,CdRh,0.5H2(g) + * -> H*,"{""H"": ""bridge|B_B|A""}",UmVhY3Rpb246MzU1NzMy,MamunHighT2019,Quantum ESPRESSO 5.1,BEEF-vdW,"{""star"": 1, ""H2gas"": 0.5}","{""Hstar"": 1}",101,,-0.493221570958639
Cd-0.5-Ru-0.5,Cd6Ru6,CdRu,0.5H2(g) + * -> H*,"{""H"": ""bridge|B_B|A""}",UmVhY3Rpb246NDE2OTk1,MamunHighT2019,Quantum ESPRESSO 5.1,BEEF-vdW,"{""star"": 1, ""H2gas"": 0.5}","{""Hstar"": 1}",101,,-0.27795190505546
Cd-0.5-Sc-0.5,Cd6Sc6,CdSc,0.5H2(g) + * -> H*,"{""H"": ""bridge|A_A|B""}",UmVhY3Rpb246NDA2MDk1,MamunHighT2019,Quantum ESPRESSO 5.1,BEEF-vdW,"{""star"": 1, ""H2gas"": 0.5}","{""Hstar"": 1}",101,,-0.752681163658934
Cd-0.5-Sn-0.5,Cd6Sn6,CdSn,0.5H2(g) + * -> H*,"{""H"": ""top|B""}",UmVhY3Rpb246MzUxNDY3,MamunHighT2019,Quantum ESPRESSO 5.1,BEEF-vdW,"{""star"": 1, ""H2gas"": 0.5}","{""Hstar"": 1}",101,,0.571148307543837
Cd-0.5-Ta-0.5,Cd6Ta6,CdTa,0.5H2(g) + * -> H*,"{""H"": ""bridge|B_B|A""}",UmVhY3Rpb246MzUyMTkz,MamunHighT2019,Quantum ESPRESSO 5.1,BEEF-vdW,"{""star"": 1, ""H2gas"": 0.5}","{""Hstar"": 1}",101,,-0.851386376957606
Cd-0.5-Ti-0.5,Cd6Ti6,CdTi,0.5H2(g) + * -> H*,"{""H"": ""bridge|B_B|A""}",UmVhY3Rpb246MzU1NjMz,MamunHighT2019,Quantum ESPRESSO 5.1,BEEF-vdW,"{""star"": 1, ""H2gas"": 0.5}","{""Hstar"": 1}",101,,-0.774350541057146
Cd-0.5-Tl-0.5,Cd6Tl6,CdTl,0.5H2(g) + * -> H*,"{""H"": ""bridge-tilt|A_B|B""}",UmVhY3Rpb246NDI4ODA1,MamunHighT2019,Quantum ESPRESSO 5.1,BEEF-vdW,"{""star"": 1, ""H2gas"": 0.5}","{""Hstar"": 1}",101,,0.736123716943467
Cd-0.5-V-0.5,Cd6V6,CdV,0.5H2(g) + * -> H*,"{""H"": ""bridge|B_B|B""}",UmVhY3Rpb246NDA4NTc0,MamunHighT2019,Quantum ESPRESSO 5.1,BEEF-vdW,"{""star"": 1, ""H2gas"": 0.5}","{""Hstar"": 1}",101,,-0.674383399857987
Cd-0.5-W-0.5,Cd6W6,CdW,0.5H2(g) + * -> H*,"{""H"": ""bridge|B_B|A""}",UmVhY3Rpb246MzU4MTM2,MamunHighT2019,Quantum ESPRESSO 5.1,BEEF-vdW,"{""star"": 1, ""H2gas"": 0.5}","{""Hstar"": 1}",101,,-0.818570536458509
Cd-0.5-Y-0.5,Cd6Y6,CdY,0.5H2(g) + * -> H*,"{""H"": ""bridge|B_B|A""}",UmVhY3Rpb246MzUxMjk0,MamunHighT2019,Quantum ESPRESSO 5.1,BEEF-vdW,"{""star"": 1, ""H2gas"": 0.5}","{""Hstar"": 1}",101,,-0.731589211859472
Cd-0.5-Zn-0.5,Cd6Zn6,CdZn,0.5H2(g) + * -> H*,"{""H"": ""hollow-tilt|A_A_B|FCC""}",UmVhY3Rpb246NDI3ODA0,MamunHighT2019,Quantum ESPRESSO 5.1,BEEF-vdW,"{""star"": 1, ""H2gas"": 0.5}","{""Hstar"": 1}",101,,0.582495454641531
Cd-0.5-Zr-0.5,Cd6Zr6,CdZr,0.5H2(g) + * -> H*,"{""H"": ""bridge|B_B|A""}",UmVhY3Rpb246MzU3NTIz,MamunHighT2019,Quantum ESPRESSO 5.1,BEEF-vdW,"{""star"": 1, ""H2gas"": 0.5}","{""Hstar"": 1}",101,,-0.789149588158551
Cd-0.8-Co-0.2,Cd9Co3,Cd3Co,0.5H2(g) + * -> H*,"{""H"": ""top|B""}",UmVhY3Rpb246NDI4ODA0,MamunHighT2019,Quantum ESPRESSO 5.1,BEEF-vdW,"{""star"": 1, ""H2gas"": 0.5}","{""Hstar"": 1}",111,,-0.012274511055665
Cd-0.8-Cr-0.2,Cd9Cr3,Cd3Cr,0.5H2(g) + * -> H*,"{""H"": ""hollow-tilt|A_A_B|HCP""}",UmVhY3Rpb246MzQyNDI1,MamunHighT2019,Quantum ESPRESSO 5.1,BEEF-vdW,"{""star"": 1, ""H2gas"": 0.5}","{""Hstar"": 1}",111,,-0.248391090258309
Cd-0.8-Cu-0.2,Cd9Cu3,Cd3Cu,0.5H2(g) + * -> H*,"{""H"": ""hollow-tilt|A_A_B|HCP""}",UmVhY3Rpb246MzQzNjMy,MamunHighT2019,Quantum ESPRESSO 5.1,BEEF-vdW,"{""star"": 1, ""H2gas"": 0.5}","{""Hstar"": 1}",111,,0.491400993342751
Cd-0.8-Fe-0.2,Cd9Fe3,Cd3Fe,0.5H2(g) + * -> H*,"{""H"": ""hollow-tilt|A_A_B|HCP""}",UmVhY3Rpb246NDAyOTU4,MamunHighT2019,Quantum ESPRESSO 5.1,BEEF-vdW,"{""star"": 1, ""H2gas"": 0.5}","{""Hstar"": 1}",111,,0.112839486341755
Cd-0.8-Ga-0.2,Cd9Ga3,Cd3Ga,0.5H2(g) + * -> H*,"{""H"": ""bridge|A_B|A""}",UmVhY3Rpb246NDI3NzY5,MamunHighT2019,Quantum ESPRESSO 5.1,BEEF-vdW,"{""star"": 1, ""H2gas"": 0.5}","{""Hstar"": 1}",111,,0.709046076944134
Cd-0.8-Hf-0.2,Cd9Hf3,Cd3Hf,0.5H2(g) + * -> H*,"{""H"": ""bridge|A_B|A""}",UmVhY3Rpb246NDAyODc2,MamunHighT2019,Quantum ESPRESSO 5.1,BEEF-vdW,"{""star"": 1, ""H2gas"": 0.5}","{""Hstar"": 1}",111,,-0.367638585360481
Cd-0.8-In-0.2,Cd9In3,Cd3In,0.5H2(g) + * -> H*,"{""H"": ""bridge|A_A|B""}",UmVhY3Rpb246NDI3Nzc0,MamunHighT2019,Quantum ESPRESSO 5.1,BEEF-vdW,"{""star"": 1, ""H2gas"": 0.5}","{""Hstar"": 1}",111,,0.755878909441009
Cd-0.8-Ir-0.2,Cd9Ir3,Cd3Ir,0.5H2(g) + * -> H*,"{""H"": ""top|B""}",UmVhY3Rpb246MzQ5Mjg4,MamunHighT2019,Quantum ESPRESSO 5.1,BEEF-vdW,"{""star"": 1, ""H2gas"": 0.5}","{""Hstar"": 1}",111,,-0.529411078859056
Cd-0.8-La-0.2,Cd9La3,Cd3La,0.5H2(g) + * -> H*,"{""H"": ""bridge|A_B|A""}",UmVhY3Rpb246NDAyODQw,MamunHighT2019,Quantum ESPRESSO 5.1,BEEF-vdW,"{""star"": 1, ""H2gas"": 0.5}","{""Hstar"": 1}",111,,-0.0010255970582591
Cd-0.8-Mn-0.2,Cd9Mn3,Cd3Mn,0.5H2(g) + * -> H*,"{""H"": ""hollow-tilt|A_A_B|FCC""}",UmVhY3Rpb246NDAyOTcz,MamunHighT2019,Quantum ESPRESSO 5.1,BEEF-vdW,"{""star"": 1, ""H2gas"": 0.5}","{""Hstar"": 1}",111,,0.202300720441627
Cd-0.8-Mo-0.2,Cd9Mo3,Cd3Mo,0.5H2(g) + * -> H*,"{""H"": ""hollow|A_A_B|HCP""}",UmVhY3Rpb246NDAyOTEx,MamunHighT2019,Quantum ESPRESSO 5.1,BEEF-vdW,"{""star"": 1, ""H2gas"": 0.5}","{""Hstar"": 1}",111,,-0.406623518759233
Cd-0.8-Nb-0.2,Cd9Nb3,Cd3Nb,0.5H2(g) + * -> H*,"{""H"": ""hollow|A_A_B|HCP""}",UmVhY3Rpb246MzQ0MDkx,MamunHighT2019,Quantum ESPRESSO 5.1,BEEF-vdW,"{""star"": 1, ""H2gas"": 0.5}","{""Hstar"": 1}",111,,-0.396295165856799
Cd-0.8-Ni-0.2,Cd9Ni3,Cd3Ni,0.5H2(g) + * -> H*,"{""H"": ""top-tilt|B""}",UmVhY3Rpb246NDAyOTQ4,MamunHighT2019,Quantum ESPRESSO 5.1,BEEF-vdW,"{""star"": 1, ""H2gas"": 0.5}","{""Hstar"": 1}",111,,0.0988853526405649
Cd-0.8-Os-0.2,Cd9Os3,Cd3Os,0.5H2(g) + * -> H*,"{""H"": ""top|B""}",UmVhY3Rpb246MzQ5MzM0,MamunHighT2019,Quantum ESPRESSO 5.1,BEEF-vdW,"{""star"": 1, ""H2gas"": 0.5}","{""Hstar"": 1}",111,,-0.757736902759433
Cd-0.8-Pb-0.2,Cd9Pb3,Cd3Pb,0.5H2(g) + * -> H*,"{""H"": ""bridge|A_A|B""}",UmVhY3Rpb246NDI3Nzc4,MamunHighT2019,Quantum ESPRESSO 5.1,BEEF-vdW,"{""star"": 1, ""H2gas"": 0.5}","{""Hstar"": 1}",111,,0.650127988640662
Cd-0.8-Pd-0.2,Cd9Pd3,Cd3Pd,0.5H2(g) + * -> H*,"{""H"": ""bridge|A_B|A""}",UmVhY3Rpb246NDAyOTg5,MamunHighT2019,Quantum ESPRESSO 5.1,BEEF-vdW,"{""star"": 1, ""H2gas"": 0.5}","{""Hstar"": 1}",111,,0.392413734040957
Cd-0.8-Pt-0.2,Cd9Pt3,Cd3Pt,0.5H2(g) + * -> H*,"{""H"": ""hollow|A_A_A|HCP""}",UmVhY3Rpb246MzQ1MjUx,MamunHighT2019,Quantum ESPRESSO 5.1,BEEF-vdW,"{""star"": 1, ""H2gas"": 0.5}","{""Hstar"": 1}",111,,0.643843111342932
Cd-0.8-Re-0.2,Cd9Re3,Cd3Re,0.5H2(g) + * -> H*,"{""H"": ""top|B""}",UmVhY3Rpb246MzQ5NDAy,MamunHighT2019,Quantum ESPRESSO 5.1,BEEF-vdW,"{""star"": 1, ""H2gas"": 0.5}","{""Hstar"": 1}",111,,-0.776892356457182
Cd-0.8-Rh-0.2,Cd9Rh3,Cd3Rh,0.5H2(g) + * -> H*,"{""H"": ""top|B""}",UmVhY3Rpb246MzUwMzE1,MamunHighT2019,Quantum ESPRESSO 5.1,BEEF-vdW,"{""star"": 1, ""H2gas"": 0.5}","{""Hstar"": 1}",111,,-0.121809446859487
Cd-0.8-Ru-0.2,Cd9Ru3,Cd3Ru,0.5H2(g) + * -> H*,"{""H"": ""top|B""}",UmVhY3Rpb246MzY4NjA1,MamunHighT2019,Quantum ESPRESSO 5.1,BEEF-vdW,"{""star"": 1, ""H2gas"": 0.5}","{""Hstar"": 1}",111,,-0.427034233557578
Cd-0.8-Sc-0.2,Cd9Sc3,Cd3Sc,0.5H2(g) + * -> H*,"{""H"": ""hollow|A_A_B|FCC""}",UmVhY3Rpb246NDAyODUx,MamunHighT2019,Quantum ESPRESSO 5.1,BEEF-vdW,"{""star"": 1, ""H2gas"": 0.5}","{""Hstar"": 1}",111,,-0.0961502003583235
Cd-0.8-Sn-0.2,Cd9Sn3,Cd3Sn,0.5H2(g) + * -> H*,"{""H"": ""bridge|A_A|B""}",UmVhY3Rpb246NDI3Nzgz,MamunHighT2019,Quantum ESPRESSO 5.1,BEEF-vdW,"{""star"": 1, ""H2gas"": 0.5}","{""Hstar"": 1}",111,,0.695624197943317
Cd-0.8-Ta-0.2,Cd9Ta3,Cd3Ta,0.5H2(g) + * -> H*,"{""H"": ""hollow|A_A_B|HCP""}",UmVhY3Rpb246NDAyODk3,MamunHighT2019,Quantum ESPRESSO 5.1,BEEF-vdW,"{""star"": 1, ""H2gas"": 0.5}","{""Hstar"": 1}",111,,-0.481345570557977
Cd-0.8-Tc-0.2,Cd9Tc3,Cd3Tc,0.5H2(g) + * -> H*,"{""H"": ""top|B""}",UmVhY3Rpb246NDAyOTE4,MamunHighT2019,Quantum ESPRESSO 5.1,BEEF-vdW,"{""star"": 1, ""H2gas"": 0.5}","{""Hstar"": 1}",111,,-0.475643425160314
Cd-0.8-Ti-0.2,Cd9Ti3,Cd3Ti,0.5H2(g) + * -> H*,"{""H"": ""hollow|A_A_B|FCC""}",UmVhY3Rpb246NDAyODg2,MamunHighT2019,Quantum ESPRESSO 5.1,BEEF-vdW,"{""star"": 1, ""H2gas"": 0.5}","{""Hstar"": 1}",111,,-0.220478332957072
Cd-0.8-Tl-0.2,Cd9Tl3,Cd3Tl,0.5H2(g) + * -> H*,"{""H"": ""bridge|A_A|B""}",UmVhY3Rpb246NDI3Nzg5,MamunHighT2019,Quantum ESPRESSO 5.1,BEEF-vdW,"{""star"": 1, ""H2gas"": 0.5}","{""Hstar"": 1}",111,,0.707421829444712
Cd-0.8-V-0.2,Cd9V3,Cd3V,0.5H2(g) + * -> H*,"{""H"": ""hollow|A_A_B|HCP""}",UmVhY3Rpb246MzQ1NjI5,MamunHighT2019,Quantum ESPRESSO 5.1,BEEF-vdW,"{""star"": 1, ""H2gas"": 0.5}","{""Hstar"": 1}",111,,-0.244044207755877
Cd-0.8-W-0.2,Cd9W3,Cd3W,0.5H2(g) + * -> H*,"{""H"": ""top|B""}",UmVhY3Rpb246MzU0NDMw,MamunHighT2019,Quantum ESPRESSO 5.1,BEEF-vdW,"{""star"": 1, ""H2gas"": 0.5}","{""Hstar"": 1}",111,,-0.619723076756571
Cd-0.8-Y-0.2,Cd9Y3,Cd3Y,0.5H2(g) + * -> H*,"{""H"": ""bridge|A_B|A""}",UmVhY3Rpb246NDAyODI3,MamunHighT2019,Quantum ESPRESSO 5.1,BEEF-vdW,"{""star"": 1, ""H2gas"": 0.5}","{""Hstar"": 1}",111,,-0.0996884966579898
Cd-0.8-Zn-0.2,Cd9Zn3,Cd3Zn,0.5H2(g) + * -> H*,"{""H"": ""top|B""}",UmVhY3Rpb246NDAzMDE2,MamunHighT2019,Quantum ESPRESSO 5.1,BEEF-vdW,"{""star"": 1, ""H2gas"": 0.5}","{""Hstar"": 1}",111,,0.590804858847179
Cd-0.8-Zr-0.2,Cd9Zr3,Cd3Zr,0.5H2(g) + * -> H*,"{""H"": ""hollow|A_A_B|FCC""}",UmVhY3Rpb246NDAyODY2,MamunHighT2019,Quantum ESPRESSO 5.1,BEEF-vdW,"{""star"": 1, ""H2gas"": 0.5}","{""Hstar"": 1}",111,,-0.317902434256183
Co-1.0,Co12,Co,0.5H2(g) + * -> H*,"{""H"": ""hollow|A_A_A|FCC""}",UmVhY3Rpb246NDA1MTQz,MamunHighT2019,Quantum ESPRESSO 5.1,BEEF-vdW,"{""star"": 1, ""H2gas"": 0.5}","{""Hstar"": 1}",111,,-0.448717896854731
Co-0.2-Cr-0.8,Co3Cr9,Cr3Co,0.5H2(g) + * -> H*,"{""H"": ""hollow|A_A_A|FCC""}",UmVhY3Rpb246NDI4ODE2,MamunHighT2019,Quantum ESPRESSO 5.1,BEEF-vdW,"{""star"": 1, ""H2gas"": 0.5}","{""Hstar"": 1}",111,,-0.842770300455385
Co-0.2-Cu-0.8,Co3Cu9,Cu3Co,0.5H2(g) + * -> H*,"{""H"": ""hollow|A_A_B|HCP""}",UmVhY3Rpb246NDI4ODIz,MamunHighT2019,Quantum ESPRESSO 5.1,BEEF-vdW,"{""star"": 1, ""H2gas"": 0.5}","{""Hstar"": 1}",111,,-0.280065821359102
Co-0.2-Hf-0.8,Co3Hf9,Hf3Co,0.5H2(g) + * -> H*,"{""H"": ""hollow|A_A_A|FCC""}",UmVhY3Rpb246NDI4ODYz,MamunHighT2019,Quantum ESPRESSO 5.1,BEEF-vdW,"{""star"": 1, ""H2gas"": 0.5}","{""Hstar"": 1}",111,,-1.01615171445789
Co-0.2-Hg-0.8,Co3Hg9,Hg3Co,0.5H2(g) + * -> H*,"{""H"": ""top|B""}",UmVhY3Rpb246MzQ5NDQ0,MamunHighT2019,Quantum ESPRESSO 5.1,BEEF-vdW,"{""star"": 1, ""H2gas"": 0.5}","{""Hstar"": 1}",111,,0.1898598117414
Co-0.2-In-0.8,Co3In9,In3Co,0.5H2(g) + * -> H*,"{""H"": ""bridge|A_A|B""}",UmVhY3Rpb246NDI4ODg1,MamunHighT2019,Quantum ESPRESSO 5.1,BEEF-vdW,"{""star"": 1, ""H2gas"": 0.5}","{""Hstar"": 1}",111,,0.862060042244622
Co-0.2-Ir-0.8,Co3Ir9,Ir3Co,0.5H2(g) + * -> H*,"{""H"": ""top|A""}",UmVhY3Rpb246NDI4ODk3,MamunHighT2019,Quantum ESPRESSO 5.1,BEEF-vdW,"{""star"": 1, ""H2gas"": 0.5}","{""Hstar"": 1}",111,,-0.213294663756614
Co-0.2-Mn-0.8,Co3Mn9,Mn3Co,0.5H2(g) + * -> H*,"{""H"": ""hollow|A_A_A|FCC""}",UmVhY3Rpb246NDI4OTAy,MamunHighT2019,Quantum ESPRESSO 5.1,BEEF-vdW,"{""star"": 1, ""H2gas"": 0.5}","{""Hstar"": 1}",111,,-0.675092664553603
Co-0.2-Mo-0.8,Co3Mo9,Mo3Co,0.5H2(g) + * -> H*,"{""H"": ""hollow|A_A_A|FCC""}",UmVhY3Rpb246NDI4OTIy,MamunHighT2019,Quantum ESPRESSO 5.1,BEEF-vdW,"{""star"": 1, ""H2gas"": 0.5}","{""Hstar"": 1}",111,,-0.843634261857886
Co-0.2-Ni-0.8,Co3Ni9,Ni3Co,0.5H2(g) + * -> H*,"{""H"": ""hollow|A_A_B|FCC""}",UmVhY3Rpb246Mzk3MTk3,MamunHighT2019,Quantum ESPRESSO 5.1,BEEF-vdW,"{""star"": 1, ""H2gas"": 0.5}","{""Hstar"": 1}",111,,-0.301219815154553
Co-0.2-Os-0.8,Co3Os9,Os3Co,0.5H2(g) + * -> H*,"{""H"": ""hollow|A_A_B|FCC""}",UmVhY3Rpb246NDEyNDU1,MamunHighT2019,Quantum ESPRESSO 5.1,BEEF-vdW,"{""star"": 1, ""H2gas"": 0.5}","{""Hstar"": 1}",111,,-0.261715552455797
Co-0.2-Pd-0.8,Co3Pd9,Pd3Co,0.5H2(g) + * -> H*,"{""H"": ""hollow|A_A_B|FCC""}",UmVhY3Rpb246MzQ4NDgw,MamunHighT2019,Quantum ESPRESSO 5.1,BEEF-vdW,"{""star"": 1, ""H2gas"": 0.5}","{""Hstar"": 1}",111,,-0.204312321954575
Co-0.2-Re-0.8,Co3Re9,Re3Co,0.5H2(g) + * -> H*,"{""H"": ""hollow|A_A_A|FCC""}",UmVhY3Rpb246MzQ3Njkz,MamunHighT2019,Quantum ESPRESSO 5.1,BEEF-vdW,"{""star"": 1, ""H2gas"": 0.5}","{""Hstar"": 1}",111,,-0.662028070960304
Co-0.2-Tc-0.8,Co3Tc9,Tc3Co,0.5H2(g) + * -> H*,"{""H"": ""hollow|A_A_A|FCC""}",UmVhY3Rpb246NDI5MDEw,MamunHighT2019,Quantum ESPRESSO 5.1,BEEF-vdW,"{""star"": 1, ""H2gas"": 0.5}","{""Hstar"": 1}",111,,-0.748189380660705
Co-0.2-Ti-0.8,Co3Ti9,Ti3Co,0.5H2(g) + * -> H*,"{""H"": ""hollow|A_A_A|HCP""}",UmVhY3Rpb246NDI5MDE0,MamunHighT2019,Quantum ESPRESSO 5.1,BEEF-vdW,"{""star"": 1, ""H2gas"": 0.5}","{""Hstar"": 1}",111,,-1.06233800436073
Co-0.2-V-0.8,Co3V9,V3Co,0.5H2(g) + * -> H*,"{""H"": ""hollow|A_A_A|HCP""}",UmVhY3Rpb246NDI5MDI1,MamunHighT2019,Quantum ESPRESSO 5.1,BEEF-vdW,"{""star"": 1, ""H2gas"": 0.5}","{""Hstar"": 1}",111,,-1.07106047745671
Co-0.2-Zn-0.8,Co3Zn9,Zn3Co,0.5H2(g) + * -> H*,"{""H"": ""hollow-tilt|A_A_B|FCC""}",UmVhY3Rpb246NDI5MDM0,MamunHighT2019,Quantum ESPRESSO 5.1,BEEF-vdW,"{""star"": 1, ""H2gas"": 0.5}","{""Hstar"": 1}",111,,-0.0989090265565835
Co-0.5-Cr-0.5,Co6Cr6,CoCr,0.5H2(g) + * -> H*,"{""H"": ""hollow|A_B_B|FCC""}",UmVhY3Rpb246NDI4ODA4,MamunHighT2019,Quantum ESPRESSO 5.1,BEEF-vdW,"{""star"": 1, ""H2gas"": 0.5}","{""Hstar"": 1}",101,,-0.82184243325807
Co-0.5-Cu-0.5,Co6Cu6,CoCu,0.5H2(g) + * -> H*,"{""H"": ""hollow|A_A_B|HCP""}",UmVhY3Rpb246MzU5MjE4,MamunHighT2019,Quantum ESPRESSO 5.1,BEEF-vdW,"{""star"": 1, ""H2gas"": 0.5}","{""Hstar"": 1}",101,,-0.327433901757985
Co-0.5-Ga-0.5,Co6Ga6,CoGa,0.5H2(g) + * -> H*,"{""H"": ""bridge|A_A|B""}",UmVhY3Rpb246MzU4NTc3,MamunHighT2019,Quantum ESPRESSO 5.1,BEEF-vdW,"{""star"": 1, ""H2gas"": 0.5}","{""Hstar"": 1}",101,,-0.206321202355838
Co-0.5-Hf-0.5,Co6Hf6,CoHf,0.5H2(g) + * -> H*,"{""H"": ""hollow|A_A_B|FCC""}",UmVhY3Rpb246NDA2Njc3,MamunHighT2019,Quantum ESPRESSO 5.1,BEEF-vdW,"{""star"": 1, ""H2gas"": 0.5}","{""Hstar"": 1}",101,,-0.700101831155706
Co-0.5-Hg-0.5,Co6Hg6,CoHg,0.5H2(g) + * -> H*,"{""H"": ""bridge|A_A|B""}",UmVhY3Rpb246NDIzMDA0,MamunHighT2019,Quantum ESPRESSO 5.1,BEEF-vdW,"{""star"": 1, ""H2gas"": 0.5}","{""Hstar"": 1}",101,,-0.221458895254699
Co-0.5-In-0.5,Co6In6,CoIn,0.5H2(g) + * -> H*,"{""H"": ""bridge|A_A|B""}",UmVhY3Rpb246MzUwMzQy,MamunHighT2019,Quantum ESPRESSO 5.1,BEEF-vdW,"{""star"": 1, ""H2gas"": 0.5}","{""Hstar"": 1}",101,,-0.237115237060578
Co-0.5-Ir-0.5,Co6Ir6,CoIr,0.5H2(g) + * -> H*,"{""H"": ""hollow|A_B_B|FCC""}",UmVhY3Rpb246MzU3MDEz,MamunHighT2019,Quantum ESPRESSO 5.1,BEEF-vdW,"{""star"": 1, ""H2gas"": 0.5}","{""Hstar"": 1}",101,,-0.290348187058925
Co-0.5-La-0.5,Co6La6,CoLa,0.5H2(g) + * -> H*,"{""H"": ""hollow-tilt|A_B_B|FCC""}",UmVhY3Rpb246MzU4OTU0,MamunHighT2019,Quantum ESPRESSO 5.1,BEEF-vdW,"{""star"": 1, ""H2gas"": 0.5}","{""Hstar"": 1}",101,,-0.665759976253838
Co-0.5-Mo-0.5,Co6Mo6,CoMo,0.5H2(g) + * -> H*,"{""H"": ""hollow|A_B_B|FCC""}",UmVhY3Rpb246NDI4ODEz,MamunHighT2019,Quantum ESPRESSO 5.1,BEEF-vdW,"{""star"": 1, ""H2gas"": 0.5}","{""Hstar"": 1}",101,,-0.700269317260762
Co-0.5-Ni-0.5,Co6Ni6,CoNi,0.5H2(g) + * -> H*,"{""H"": ""hollow|A_A_B|FCC""}",UmVhY3Rpb246NDI3ODMy,MamunHighT2019,Quantum ESPRESSO 5.1,BEEF-vdW,"{""star"": 1, ""H2gas"": 0.5}","{""Hstar"": 1}",101,,-0.315235990862647
Co-0.5-Os-0.5,Co6Os6,CoOs,0.5H2(g) + * -> H*,"{""H"": ""hollow|A_B_B|FCC""}",UmVhY3Rpb246MzU3OTMx,MamunHighT2019,Quantum ESPRESSO 5.1,BEEF-vdW,"{""star"": 1, ""H2gas"": 0.5}","{""Hstar"": 1}",101,,-0.373049841159599
Co-0.5-Pb-0.5,Co6Pb6,CoPb,0.5H2(g) + * -> H*,"{""H"": ""bridge|A_A|B""}",UmVhY3Rpb246MzU5OTU0,MamunHighT2019,Quantum ESPRESSO 5.1,BEEF-vdW,"{""star"": 1, ""H2gas"": 0.5}","{""Hstar"": 1}",101,,-0.217957062260183
Co-0.5-Pd-0.5,Co6Pd6,CoPd,0.5H2(g) + * -> H*,"{""H"": ""hollow|A_A_B|FCC""}",UmVhY3Rpb246MzUzMjc0,MamunHighT2019,Quantum ESPRESSO 5.1,BEEF-vdW,"{""star"": 1, ""H2gas"": 0.5}","{""Hstar"": 1}",101,,-0.247220592557795
Co-0.5-Pt-0.5,Co6Pt6,CoPt,0.5H2(g) + * -> H*,"{""H"": ""hollow|A_A_B|FCC""}",UmVhY3Rpb246MzU5NjAy,MamunHighT2019,Quantum ESPRESSO 5.1,BEEF-vdW,"{""star"": 1, ""H2gas"": 0.5}","{""Hstar"": 1}",101,,-0.226542253861197
Co-0.5-Re-0.5,Co6Re6,CoRe,0.5H2(g) + * -> H*,"{""H"": ""hollow|A_B_B|FCC""}",UmVhY3Rpb246MzUyNzI1,MamunHighT2019,Quantum ESPRESSO 5.1,BEEF-vdW,"{""star"": 1, ""H2gas"": 0.5}","{""Hstar"": 1}",101,,-0.537876268258486
Co-0.5-Rh-0.5,Co6Rh6,CoRh,0.5H2(g) + * -> H*,"{""H"": ""hollow|A_B_B|FCC""}",UmVhY3Rpb246MzU5ODQ2,MamunHighT2019,Quantum ESPRESSO 5.1,BEEF-vdW,"{""star"": 1, ""H2gas"": 0.5}","{""Hstar"": 1}",101,,-0.327171856158174
Co-0.5-Ru-0.5,Co6Ru6,CoRu,0.5H2(g) + * -> H*,"{""H"": ""hollow|A_B_B|FCC""}",UmVhY3Rpb246MzUwMDM5,MamunHighT2019,Quantum ESPRESSO 5.1,BEEF-vdW,"{""star"": 1, ""H2gas"": 0.5}","{""Hstar"": 1}",101,,-0.410892440660035
Co-0.5-Sc-0.5,Co6Sc6,CoSc,0.5H2(g) + * -> H*,"{""H"": ""hollow-tilt|A_B_B|FCC""}",UmVhY3Rpb246NDA2MDIx,MamunHighT2019,Quantum ESPRESSO 5.1,BEEF-vdW,"{""star"": 1, ""H2gas"": 0.5}","{""Hstar"": 1}",101,,-0.801564782158465
Co-0.5-Sn-0.5,Co6Sn6,CoSn,0.5H2(g) + * -> H*,"{""H"": ""bridge|A_A|B""}",UmVhY3Rpb246NDI3ODUy,MamunHighT2019,Quantum ESPRESSO 5.1,BEEF-vdW,"{""star"": 1, ""H2gas"": 0.5}","{""Hstar"": 1}",101,,0.0906295548420815
Co-0.5-Ti-0.5,Co6Ti6,CoTi,0.5H2(g) + * -> H*,"{""H"": ""hollow|A_B_B|FCC""}",UmVhY3Rpb246MzUzMjUz,MamunHighT2019,Quantum ESPRESSO 5.1,BEEF-vdW,"{""star"": 1, ""H2gas"": 0.5}","{""Hstar"": 1}",101,,-0.670360332856006
Co-0.5-Tl-0.5,Co6Tl6,CoTl,0.5H2(g) + * -> H*,"{""H"": ""bridge|A_A|B""}",UmVhY3Rpb246NDI3ODcx,MamunHighT2019,Quantum ESPRESSO 5.1,BEEF-vdW,"{""star"": 1, ""H2gas"": 0.5}","{""Hstar"": 1}",101,,-0.301537780061125
Co-0.5-V-0.5,Co6V6,CoV,0.5H2(g) + * -> H*,"{""H"": ""hollow|A_B_B|FCC""}",UmVhY3Rpb246MzUxMjM5,MamunHighT2019,Quantum ESPRESSO 5.1,BEEF-vdW,"{""star"": 1, ""H2gas"": 0.5}","{""Hstar"": 1}",101,,-0.755886256562889
Co-0.5-W-0.5,Co6W6,CoW,0.5H2(g) + * -> H*,"{""H"": ""hollow|A_B_B|HCP""}",UmVhY3Rpb246MzU5ODE4,MamunHighT2019,Quantum ESPRESSO 5.1,BEEF-vdW,"{""star"": 1, ""H2gas"": 0.5}","{""Hstar"": 1}",101,,-0.696188153858174
Co-0.5-Y-0.5,Co6Y6,CoY,0.5H2(g) + * -> H*,"{""H"": ""hollow-tilt|A_B_B|FCC""}",UmVhY3Rpb246MzU3MzIz,MamunHighT2019,Quantum ESPRESSO 5.1,BEEF-vdW,"{""star"": 1, ""H2gas"": 0.5}","{""Hstar"": 1}",101,,-0.764267498859198
Co-0.5-Zn-0.5,Co6Zn6,CoZn,0.5H2(g) + * -> H*,"{""H"": ""bridge|A_A|B""}",UmVhY3Rpb246MzU2MDc5,MamunHighT2019,Quantum ESPRESSO 5.1,BEEF-vdW,"{""star"": 1, ""H2gas"": 0.5}","{""Hstar"": 1}",101,,-0.286141579154872
Co-0.5-Zr-0.5,Co6Zr6,CoZr,0.5H2(g) + * -> H*,"{""H"": ""hollow-tilt|A_B_B|FCC""}",UmVhY3Rpb246MzUxMzc1,MamunHighT2019,Quantum ESPRESSO 5.1,BEEF-vdW,"{""star"": 1, ""H2gas"": 0.5}","{""Hstar"": 1}",101,,-0.6983764933602
Co-0.8-Cu-0.2,Co9Cu3,Co3Cu,0.5H2(g) + * -> H*,"{""H"": ""hollow|A_A_A|HCP""}",UmVhY3Rpb246MzQ4MjU2,MamunHighT2019,Quantum ESPRESSO 5.1,BEEF-vdW,"{""star"": 1, ""H2gas"": 0.5}","{""Hstar"": 1}",111,,-0.383211116058163
Co-0.8-Fe-0.2,Co9Fe3,Co3Fe,0.5H2(g) + * -> H*,"{""H"": ""hollow|A_A_B|FCC""}",UmVhY3Rpb246Mzk3Mzg3,MamunHighT2019,Quantum ESPRESSO 5.1,BEEF-vdW,"{""star"": 1, ""H2gas"": 0.5}","{""Hstar"": 1}",111,,0.325377537440573
Co-0.8-Hf-0.2,Co9Hf3,Co3Hf,0.5H2(g) + * -> H*,"{""H"": ""hollow|A_A_A|HCP""}",UmVhY3Rpb246MzQzMDQz,MamunHighT2019,Quantum ESPRESSO 5.1,BEEF-vdW,"{""star"": 1, ""H2gas"": 0.5}","{""Hstar"": 1}",111,,-0.637759190160949
Co-0.8-Hg-0.2,Co9Hg3,Co3Hg,0.5H2(g) + * -> H*,"{""H"": ""hollow|A_A_A|FCC""}",UmVhY3Rpb246NDIyOTk2,MamunHighT2019,Quantum ESPRESSO 5.1,BEEF-vdW,"{""star"": 1, ""H2gas"": 0.5}","{""Hstar"": 1}",111,,-0.306664949056511
Co-0.8-In-0.2,Co9In3,Co3In,0.5H2(g) + * -> H*,"{""H"": ""hollow|A_A_A|HCP""}",UmVhY3Rpb246MzQzNzY1,MamunHighT2019,Quantum ESPRESSO 5.1,BEEF-vdW,"{""star"": 1, ""H2gas"": 0.5}","{""Hstar"": 1}",111,,-0.441014898357906
Co-0.8-Ir-0.2,Co9Ir3,Co3Ir,0.5H2(g) + * -> H*,"{""H"": ""hollow|A_A_A|FCC""}",UmVhY3Rpb246MzQ1NTY5,MamunHighT2019,Quantum ESPRESSO 5.1,BEEF-vdW,"{""star"": 1, ""H2gas"": 0.5}","{""Hstar"": 1}",111,,-0.272314658656768
Co-0.8-La-0.2,Co9La3,Co3La,0.5H2(g) + * -> H*,"{""H"": ""top|A""}",UmVhY3Rpb246MzU2NDI1,MamunHighT2019,Quantum ESPRESSO 5.1,BEEF-vdW,"{""star"": 1, ""H2gas"": 0.5}","{""Hstar"": 1}",111,,-0.381119377058866
Co-0.8-Mo-0.2,Co9Mo3,Co3Mo,0.5H2(g) + * -> H*,"{""H"": ""hollow|A_A_B|HCP""}",UmVhY3Rpb246Mzk5NzYw,MamunHighT2019,Quantum ESPRESSO 5.1,BEEF-vdW,"{""star"": 1, ""H2gas"": 0.5}","{""Hstar"": 1}",111,,-0.524870995453028
Co-0.8-Nb-0.2,Co9Nb3,Co3Nb,0.5H2(g) + * -> H*,"{""H"": ""hollow|A_A_B|HCP""}",UmVhY3Rpb246Mzk5NzE1,MamunHighT2019,Quantum ESPRESSO 5.1,BEEF-vdW,"{""star"": 1, ""H2gas"": 0.5}","{""Hstar"": 1}",111,,-0.568323493759607
Co-0.8-Ni-0.2,Co9Ni3,Co3Ni,0.5H2(g) + * -> H*,"{""H"": ""hollow|A_A_A|FCC""}",UmVhY3Rpb246MzQ1MDM1,MamunHighT2019,Quantum ESPRESSO 5.1,BEEF-vdW,"{""star"": 1, ""H2gas"": 0.5}","{""Hstar"": 1}",111,,-0.342780441961594
Co-0.8-Os-0.2,Co9Os3,Co3Os,0.5H2(g) + * -> H*,"{""H"": ""hollow|A_A_B|HCP""}",UmVhY3Rpb246Mzk5ODk5,MamunHighT2019,Quantum ESPRESSO 5.1,BEEF-vdW,"{""star"": 1, ""H2gas"": 0.5}","{""Hstar"": 1}",111,,-0.430648993758012
Co-0.8-Pb-0.2,Co9Pb3,Co3Pb,0.5H2(g) + * -> H*,"{""H"": ""hollow|A_A_A|HCP""}",UmVhY3Rpb246MzQ3Njg4,MamunHighT2019,Quantum ESPRESSO 5.1,BEEF-vdW,"{""star"": 1, ""H2gas"": 0.5}","{""Hstar"": 1}",111,,-0.341000137158488
Co-0.8-Pd-0.2,Co9Pd3,Co3Pd,0.5H2(g) + * -> H*,"{""H"": ""hollow|A_A_A|FCC""}",UmVhY3Rpb246MzQwODM4,MamunHighT2019,Quantum ESPRESSO 5.1,BEEF-vdW,"{""star"": 1, ""H2gas"": 0.5}","{""Hstar"": 1}",111,,-0.337304423154791
Co-0.8-Pt-0.2,Co9Pt3,Co3Pt,0.5H2(g) + * -> H*,"{""H"": ""hollow|A_A_A|FCC""}",UmVhY3Rpb246MzQ1MjE1,MamunHighT2019,Quantum ESPRESSO 5.1,BEEF-vdW,"{""star"": 1, ""H2gas"": 0.5}","{""Hstar"": 1}",111,,-0.305661937461053
Co-0.8-Re-0.2,Co9Re3,Co3Re,0.5H2(g) + * -> H*,"{""H"": ""hollow|A_A_B|HCP""}",UmVhY3Rpb246Mzk5Nzk4,MamunHighT2019,Quantum ESPRESSO 5.1,BEEF-vdW,"{""star"": 1, ""H2gas"": 0.5}","{""Hstar"": 1}",111,,-0.466742853553086
Co-0.8-Rh-0.2,Co9Rh3,Co3Rh,0.5H2(g) + * -> H*,"{""H"": ""hollow|A_A_A|FCC""}",UmVhY3Rpb246MzQ1OTkx,MamunHighT2019,Quantum ESPRESSO 5.1,BEEF-vdW,"{""star"": 1, ""H2gas"": 0.5}","{""Hstar"": 1}",111,,-0.28555939155828
Co-0.8-Ru-0.2,Co9Ru3,Co3Ru,0.5H2(g) + * -> H*,"{""H"": ""hollow|A_A_B|HCP""}",UmVhY3Rpb246MzQzMDU5,MamunHighT2019,Quantum ESPRESSO 5.1,BEEF-vdW,"{""star"": 1, ""H2gas"": 0.5}","{""Hstar"": 1}",111,,-0.372736366057296
Co-0.8-Sc-0.2,Co9Sc3,Co3Sc,0.5H2(g) + * -> H*,"{""H"": ""hollow|A_A_A|HCP""}",UmVhY3Rpb246MzQyMDg5,MamunHighT2019,Quantum ESPRESSO 5.1,BEEF-vdW,"{""star"": 1, ""H2gas"": 0.5}","{""Hstar"": 1}",111,,-0.637964908258226
Co-0.8-Sn-0.2,Co9Sn3,Co3Sn,0.5H2(g) + * -> H*,"{""H"": ""top|B""}",UmVhY3Rpb246NDI3ODI0,MamunHighT2019,Quantum ESPRESSO 5.1,BEEF-vdW,"{""star"": 1, ""H2gas"": 0.5}","{""Hstar"": 1}",111,,0.821398071341747
Co-0.8-Ta-0.2,Co9Ta3,Co3Ta,0.5H2(g) + * -> H*,"{""H"": ""hollow|A_A_B|FCC""}",UmVhY3Rpb246MzQ3ODAw,MamunHighT2019,Quantum ESPRESSO 5.1,BEEF-vdW,"{""star"": 1, ""H2gas"": 0.5}","{""Hstar"": 1}",111,,-0.585676193258195
Co-0.8-Tc-0.2,Co9Tc3,Co3Tc,0.5H2(g) + * -> H*,"{""H"": ""hollow|A_A_B|HCP""}",UmVhY3Rpb246Mzk5ODA1,MamunHighT2019,Quantum ESPRESSO 5.1,BEEF-vdW,"{""star"": 1, ""H2gas"": 0.5}","{""Hstar"": 1}",111,,-0.440980884158279
Co-0.8-Ti-0.2,Co9Ti3,Co3Ti,0.5H2(g) + * -> H*,"{""H"": ""hollow|A_A_A|HCP""}",UmVhY3Rpb246MzQzNjIz,MamunHighT2019,Quantum ESPRESSO 5.1,BEEF-vdW,"{""star"": 1, ""H2gas"": 0.5}","{""Hstar"": 1}",111,,-0.599791418359899
Co-0.8-Tl-0.2,Co9Tl3,Co3Tl,0.5H2(g) + * -> H*,"{""H"": ""top|B""}",UmVhY3Rpb246MzQ5Mjg2,MamunHighT2019,Quantum ESPRESSO 5.1,BEEF-vdW,"{""star"": 1, ""H2gas"": 0.5}","{""Hstar"": 1}",111,,1.2518493743419
Co-0.8-V-0.2,Co9V3,Co3V,0.5H2(g) + * -> H*,"{""H"": ""hollow|A_A_B|FCC""}",UmVhY3Rpb246Mzk5NzI5,MamunHighT2019,Quantum ESPRESSO 5.1,BEEF-vdW,"{""star"": 1, ""H2gas"": 0.5}","{""Hstar"": 1}",111,,-0.50559499535936
Co-0.8-W-0.2,Co9W3,Co3W,0.5H2(g) + * -> H*,"{""H"": ""hollow|A_A_B|HCP""}",UmVhY3Rpb246Mzk5Nzkx,MamunHighT2019,Quantum ESPRESSO 5.1,BEEF-vdW,"{""star"": 1, ""H2gas"": 0.5}","{""Hstar"": 1}",111,,-0.542554177262872
Co-0.8-Y-0.2,Co9Y3,Co3Y,0.5H2(g) + * -> H*,"{""H"": ""bridge|A_A|A""}",UmVhY3Rpb246Mzk5NDg4,MamunHighT2019,Quantum ESPRESSO 5.1,BEEF-vdW,"{""star"": 1, ""H2gas"": 0.5}","{""Hstar"": 1}",111,,-0.40970847335754
Co-0.8-Zn-0.2,Co9Zn3,Co3Zn,0.5H2(g) + * -> H*,"{""H"": ""hollow|A_A_A|HCP""}",UmVhY3Rpb246MzQ4MjQw,MamunHighT2019,Quantum ESPRESSO 5.1,BEEF-vdW,"{""star"": 1, ""H2gas"": 0.5}","{""Hstar"": 1}",111,,-0.50951738026103
Co-0.8-Zr-0.2,Co9Zr3,Co3Zr,0.5H2(g) + * -> H*,"{""H"": ""hollow|A_A_A|HCP""}",UmVhY3Rpb246MzQ3MDcz,MamunHighT2019,Quantum ESPRESSO 5.1,BEEF-vdW,"{""star"": 1, ""H2gas"": 0.5}","{""Hstar"": 1}",111,,-0.61513986335828
Cr-1.0,Cr12,Cr,0.5H2(g) + * -> H*,"{""H"": ""hollow|A_A_A|FCC""}",UmVhY3Rpb246MzM5NTE3,MamunHighT2019,Quantum ESPRESSO 5.1,BEEF-vdW,"{""star"": 1, ""H2gas"": 0.5}","{""Hstar"": 1}",111,,-0.878578304657793
Cr-0.2-Cu-0.8,Cr3Cu9,Cu3Cr,0.5H2(g) + * -> H*,"{""H"": ""hollow|A_A_B|HCP""}",UmVhY3Rpb246MzQ2NjM5,MamunHighT2019,Quantum ESPRESSO 5.1,BEEF-vdW,"{""star"": 1, ""H2gas"": 0.5}","{""Hstar"": 1}",111,,-0.418015972659276
Cr-0.2-Ga-0.8,Cr3Ga9,Ga3Cr,0.5H2(g) + * -> H*,"{""H"": ""top|A""}",UmVhY3Rpb246Mzc3Mjcx,MamunHighT2019,Quantum ESPRESSO 5.1,BEEF-vdW,"{""star"": 1, ""H2gas"": 0.5}","{""Hstar"": 1}",111,,0.594557716839546
Cr-0.2-Hf-0.8,Cr3Hf9,Hf3Cr,0.5H2(g) + * -> H*,"{""H"": ""hollow|A_A_A|HCP""}",UmVhY3Rpb246NDA1MjI1,MamunHighT2019,Quantum ESPRESSO 5.1,BEEF-vdW,"{""star"": 1, ""H2gas"": 0.5}","{""Hstar"": 1}",111,,-1.06579929245615
Cr-0.2-Hg-0.8,Cr3Hg9,Hg3Cr,0.5H2(g) + * -> H*,"{""H"": ""top|B""}",UmVhY3Rpb246Mzc3Mjk3,MamunHighT2019,Quantum ESPRESSO 5.1,BEEF-vdW,"{""star"": 1, ""H2gas"": 0.5}","{""Hstar"": 1}",111,,-0.180406304857542
Cr-0.2-In-0.8,Cr3In9,In3Cr,0.5H2(g) + * -> H*,"{""H"": ""top|B""}",UmVhY3Rpb246NDA0MDAy,MamunHighT2019,Quantum ESPRESSO 5.1,BEEF-vdW,"{""star"": 1, ""H2gas"": 0.5}","{""Hstar"": 1}",111,,-0.0966771488592428
Cr-0.2-Ir-0.8,Cr3Ir9,Ir3Cr,0.5H2(g) + * -> H*,"{""H"": ""hollow|A_A_B|FCC""}",UmVhY3Rpb246NDE3NjQ4,MamunHighT2019,Quantum ESPRESSO 5.1,BEEF-vdW,"{""star"": 1, ""H2gas"": 0.5}","{""Hstar"": 1}",111,,-0.314969591358903
Cr-0.2-La-0.8,Cr3La9,La3Cr,0.5H2(g) + * -> H*,"{""H"": ""hollow-tilt|A_A_B|HCP""}",UmVhY3Rpb246MzQ0NjU1,MamunHighT2019,Quantum ESPRESSO 5.1,BEEF-vdW,"{""star"": 1, ""H2gas"": 0.5}","{""Hstar"": 1}",111,,-0.711617688756604
Cr-0.2-Mo-0.8,Cr3Mo9,Mo3Cr,0.5H2(g) + * -> H*,"{""H"": ""hollow|A_A_B|FCC""}",UmVhY3Rpb246MzQ0MzA0,MamunHighT2019,Quantum ESPRESSO 5.1,BEEF-vdW,"{""star"": 1, ""H2gas"": 0.5}","{""Hstar"": 1}",111,,-0.812550698056811
Cr-0.2-Nb-0.8,Cr3Nb9,Nb3Cr,0.5H2(g) + * -> H*,"{""H"": ""top|B""}",UmVhY3Rpb246MzU0MDE0,MamunHighT2019,Quantum ESPRESSO 5.1,BEEF-vdW,"{""star"": 1, ""H2gas"": 0.5}","{""Hstar"": 1}",111,,0.191817398740596
Cr-0.2-Ni-0.8,Cr3Ni9,Ni3Cr,0.5H2(g) + * -> H*,"{""H"": ""hollow|A_A_B|FCC""}",UmVhY3Rpb246NDI4OTI5,MamunHighT2019,Quantum ESPRESSO 5.1,BEEF-vdW,"{""star"": 1, ""H2gas"": 0.5}","{""Hstar"": 1}",111,,-0.569514127854717
Cr-0.2-Os-0.8,Cr3Os9,Os3Cr,0.5H2(g) + * -> H*,"{""H"": ""hollow|A_A_B|FCC""}",UmVhY3Rpb246NDExNzMy,MamunHighT2019,Quantum ESPRESSO 5.1,BEEF-vdW,"{""star"": 1, ""H2gas"": 0.5}","{""Hstar"": 1}",111,,-0.449222395857731
Cr-0.2-Pb-0.8,Cr3Pb9,Pb3Cr,0.5H2(g) + * -> H*,"{""H"": ""top|B""}",UmVhY3Rpb246MzU0Njc0,MamunHighT2019,Quantum ESPRESSO 5.1,BEEF-vdW,"{""star"": 1, ""H2gas"": 0.5}","{""Hstar"": 1}",111,,-0.182635869560698
Cr-0.2-Pd-0.8,Cr3Pd9,Pd3Cr,0.5H2(g) + * -> H*,"{""H"": ""hollow|A_A_B|HCP""}",UmVhY3Rpb246NDAxMTgw,MamunHighT2019,Quantum ESPRESSO 5.1,BEEF-vdW,"{""star"": 1, ""H2gas"": 0.5}","{""Hstar"": 1}",111,,-0.225745368460565
Cr-0.2-Pt-0.8,Cr3Pt9,Pt3Cr,0.5H2(g) + * -> H*,"{""H"": ""hollow|A_A_B|FCC""}",UmVhY3Rpb246NDAwODEz,MamunHighT2019,Quantum ESPRESSO 5.1,BEEF-vdW,"{""star"": 1, ""H2gas"": 0.5}","{""Hstar"": 1}",111,,-0.201349818561511
Cr-0.2-Re-0.8,Cr3Re9,Re3Cr,0.5H2(g) + * -> H*,"{""H"": ""hollow|A_A_B|HCP""}",UmVhY3Rpb246MzQ0NTY4,MamunHighT2019,Quantum ESPRESSO 5.1,BEEF-vdW,"{""star"": 1, ""H2gas"": 0.5}","{""Hstar"": 1}",111,,-0.677172430655418
Cr-0.2-Rh-0.8,Cr3Rh9,Rh3Cr,0.5H2(g) + * -> H*,"{""H"": ""hollow|A_A_B|FCC""}",UmVhY3Rpb246MzQ1NzUw,MamunHighT2019,Quantum ESPRESSO 5.1,BEEF-vdW,"{""star"": 1, ""H2gas"": 0.5}","{""Hstar"": 1}",111,,-0.421443654758122
Cr-0.2-Ru-0.8,Cr3Ru9,Ru3Cr,0.5H2(g) + * -> H*,"{""H"": ""hollow|A_A_B|FCC""}",UmVhY3Rpb246MzQ3MDE3,MamunHighT2019,Quantum ESPRESSO 5.1,BEEF-vdW,"{""star"": 1, ""H2gas"": 0.5}","{""Hstar"": 1}",111,,-0.510914140558242
Cr-0.2-Sc-0.8,Cr3Sc9,Sc3Cr,0.5H2(g) + * -> H*,"{""H"": ""hollow|A_A_A|HCP""}",UmVhY3Rpb246NDA1OTMw,MamunHighT2019,Quantum ESPRESSO 5.1,BEEF-vdW,"{""star"": 1, ""H2gas"": 0.5}","{""Hstar"": 1}",111,,-1.07415495605798
Cr-0.2-Sn-0.8,Cr3Sn9,Sn3Cr,0.5H2(g) + * -> H*,"{""H"": ""top|B""}",UmVhY3Rpb246MzY4NTc1,MamunHighT2019,Quantum ESPRESSO 5.1,BEEF-vdW,"{""star"": 1, ""H2gas"": 0.5}","{""Hstar"": 1}",111,,-0.0349400971599323
Cr-0.2-Ta-0.8,Cr3Ta9,Ta3Cr,0.5H2(g) + * -> H*,"{""H"": ""hollow|A_A_A|HCP""}",UmVhY3Rpb246NDA3MDk4,MamunHighT2019,Quantum ESPRESSO 5.1,BEEF-vdW,"{""star"": 1, ""H2gas"": 0.5}","{""Hstar"": 1}",111,,-1.12485915215709
Cr-0.2-Tc-0.8,Cr3Tc9,Tc3Cr,0.5H2(g) + * -> H*,"{""H"": ""hollow|A_A_B|FCC""}",UmVhY3Rpb246NDEwNjc0,MamunHighT2019,Quantum ESPRESSO 5.1,BEEF-vdW,"{""star"": 1, ""H2gas"": 0.5}","{""Hstar"": 1}",111,,-0.623793083456775
Cr-0.2-Ti-0.8,Cr3Ti9,Ti3Cr,0.5H2(g) + * -> H*,"{""H"": ""hollow|A_A_A|HCP""}",UmVhY3Rpb246NDA2ODQ0,MamunHighT2019,Quantum ESPRESSO 5.1,BEEF-vdW,"{""star"": 1, ""H2gas"": 0.5}","{""Hstar"": 1}",111,,-1.07204743435702
Cr-0.2-Tl-0.8,Cr3Tl9,Tl3Cr,0.5H2(g) + * -> H*,"{""H"": ""top|B""}",UmVhY3Rpb246MzYwNDAy,MamunHighT2019,Quantum ESPRESSO 5.1,BEEF-vdW,"{""star"": 1, ""H2gas"": 0.5}","{""Hstar"": 1}",111,,-0.25868692545825
Cr-0.2-V-0.8,Cr3V9,V3Cr,0.5H2(g) + * -> H*,"{""H"": ""hollow|A_A_A|FCC""}",UmVhY3Rpb246MzQ2Njk3,MamunHighT2019,Quantum ESPRESSO 5.1,BEEF-vdW,"{""star"": 1, ""H2gas"": 0.5}","{""Hstar"": 1}",111,,-1.03301515315886
Cr-0.2-W-0.8,Cr3W9,W3Cr,0.5H2(g) + * -> H*,"{""H"": ""hollow|A_A_B|HCP""}",UmVhY3Rpb246NDA5OTA5,MamunHighT2019,Quantum ESPRESSO 5.1,BEEF-vdW,"{""star"": 1, ""H2gas"": 0.5}","{""Hstar"": 1}",111,,-1.21579728405683
Cr-0.2-Y-0.8,Cr3Y9,Y3Cr,0.5H2(g) + * -> H*,"{""H"": ""hollow|A_A_A|HCP""}",UmVhY3Rpb246MzQ3Mzgy,MamunHighT2019,Quantum ESPRESSO 5.1,BEEF-vdW,"{""star"": 1, ""H2gas"": 0.5}","{""Hstar"": 1}",111,,-1.02772308335895
Cr-0.2-Zn-0.8,Cr3Zn9,Zn3Cr,0.5H2(g) + * -> H*,"{""H"": ""hollow|A_A_B|HCP""}",UmVhY3Rpb246MzQzODEy,MamunHighT2019,Quantum ESPRESSO 5.1,BEEF-vdW,"{""star"": 1, ""H2gas"": 0.5}","{""Hstar"": 1}",111,,-0.366918708160455
Cr-0.2-Zr-0.8,Cr3Zr9,Zr3Cr,0.5H2(g) + * -> H*,"{""H"": ""hollow|A_A_A|HCP""}",UmVhY3Rpb246MzQ0NTg2,MamunHighT2019,Quantum ESPRESSO 5.1,BEEF-vdW,"{""star"": 1, ""H2gas"": 0.5}","{""Hstar"": 1}",111,,-1.01056521725965
Cr-0.5-Cu-0.5,Cr6Cu6,CrCu,0.5H2(g) + * -> H*,"{""H"": ""hollow|A_A_B|HCP""}",UmVhY3Rpb246MzU0ODAy,MamunHighT2019,Quantum ESPRESSO 5.1,BEEF-vdW,"{""star"": 1, ""H2gas"": 0.5}","{""Hstar"": 1}",101,,-0.632293103458295
Cr-0.5-Fe-0.5,Cr6Fe6,CrFe,0.5H2(g) + * -> H*,"{""H"": ""hollow|A_A_B|FCC""}",UmVhY3Rpb246MzUxMDUz,MamunHighT2019,Quantum ESPRESSO 5.1,BEEF-vdW,"{""star"": 1, ""H2gas"": 0.5}","{""Hstar"": 1}",101,,-0.663808784053771
Cr-0.5-Ga-0.5,Cr6Ga6,CrGa,0.5H2(g) + * -> H*,"{""H"": ""bridge|A_A|B""}",UmVhY3Rpb246MzU3Njgw,MamunHighT2019,Quantum ESPRESSO 5.1,BEEF-vdW,"{""star"": 1, ""H2gas"": 0.5}","{""Hstar"": 1}",101,,-0.305246827759191
Cr-0.5-Hf-0.5,Cr6Hf6,CrHf,0.5H2(g) + * -> H*,"{""H"": ""hollow|A_B_B|FCC""}",UmVhY3Rpb246MzUyNDEw,MamunHighT2019,Quantum ESPRESSO 5.1,BEEF-vdW,"{""star"": 1, ""H2gas"": 0.5}","{""Hstar"": 1}",101,,-0.985095634055114
Cr-0.5-Ir-0.5,Cr6Ir6,CrIr,0.5H2(g) + * -> H*,"{""H"": ""hollow|A_A_B|FCC""}",UmVhY3Rpb246MzgzMDAz,MamunHighT2019,Quantum ESPRESSO 5.1,BEEF-vdW,"{""star"": 1, ""H2gas"": 0.5}","{""Hstar"": 1}",101,,-0.558840462558663
Cr-0.5-La-0.5,Cr6La6,CrLa,0.5H2(g) + * -> H*,"{""H"": ""top-tilt|A""}",UmVhY3Rpb246MzU3MzY2,MamunHighT2019,Quantum ESPRESSO 5.1,BEEF-vdW,"{""star"": 1, ""H2gas"": 0.5}","{""Hstar"": 1}",101,,-0.759210399158263
Cr-0.5-Mn-0.5,Cr6Mn6,CrMn,0.5H2(g) + * -> H*,"{""H"": ""hollow|A_B_B|HCP""}",UmVhY3Rpb246MzU3MzAz,MamunHighT2019,Quantum ESPRESSO 5.1,BEEF-vdW,"{""star"": 1, ""H2gas"": 0.5}","{""Hstar"": 1}",101,,-2.30830795125709
Cr-0.5-Mo-0.5,Cr6Mo6,CrMo,0.5H2(g) + * -> H*,"{""H"": ""hollow|A_A_B|HCP""}",UmVhY3Rpb246MzUyOTc3,MamunHighT2019,Quantum ESPRESSO 5.1,BEEF-vdW,"{""star"": 1, ""H2gas"": 0.5}","{""Hstar"": 1}",101,,-0.778274014358402
Cr-0.5-Nb-0.5,Cr6Nb6,CrNb,0.5H2(g) + * -> H*,"{""H"": ""hollow|A_B_B|FCC""}",UmVhY3Rpb246MzUyNjk0,MamunHighT2019,Quantum ESPRESSO 5.1,BEEF-vdW,"{""star"": 1, ""H2gas"": 0.5}","{""Hstar"": 1}",101,,-0.877052018159674
Cr-0.5-Os-0.5,Cr6Os6,CrOs,0.5H2(g) + * -> H*,"{""H"": ""hollow|A_A_B|HCP""}",UmVhY3Rpb246MzU4MTEx,MamunHighT2019,Quantum ESPRESSO 5.1,BEEF-vdW,"{""star"": 1, ""H2gas"": 0.5}","{""Hstar"": 1}",101,,-0.613042409956478
Cr-0.5-Pb-0.5,Cr6Pb6,CrPb,0.5H2(g) + * -> H*,"{""H"": ""bridge|A_A|B""}",UmVhY3Rpb246NDA5NTkx,MamunHighT2019,Quantum ESPRESSO 5.1,BEEF-vdW,"{""star"": 1, ""H2gas"": 0.5}","{""Hstar"": 1}",101,,-1.01399330755791
Cr-0.5-Pd-0.5,Cr6Pd6,CrPd,0.5H2(g) + * -> H*,"{""H"": ""hollow|A_A_B|FCC""}",UmVhY3Rpb246MzU4NTE4,MamunHighT2019,Quantum ESPRESSO 5.1,BEEF-vdW,"{""star"": 1, ""H2gas"": 0.5}","{""Hstar"": 1}",101,,-0.599902304757933
Cr-0.5-Pt-0.5,Cr6Pt6,CrPt,0.5H2(g) + * -> H*,"{""H"": ""hollow|A_A_B|HCP""}",UmVhY3Rpb246MzUxNzYz,MamunHighT2019,Quantum ESPRESSO 5.1,BEEF-vdW,"{""star"": 1, ""H2gas"": 0.5}","{""Hstar"": 1}",101,,-0.432063169358088
Cr-0.5-Re-0.5,Cr6Re6,CrRe,0.5H2(g) + * -> H*,"{""H"": ""hollow|A_A_B|HCP""}",UmVhY3Rpb246MzUzMzAx,MamunHighT2019,Quantum ESPRESSO 5.1,BEEF-vdW,"{""star"": 1, ""H2gas"": 0.5}","{""Hstar"": 1}",101,,-0.63400687635928
Cr-0.5-Rh-0.5,Cr6Rh6,CrRh,0.5H2(g) + * -> H*,"{""H"": ""hollow|A_A_B|FCC""}",UmVhY3Rpb246MzUwMTY5,MamunHighT2019,Quantum ESPRESSO 5.1,BEEF-vdW,"{""star"": 1, ""H2gas"": 0.5}","{""Hstar"": 1}",101,,-0.600472791355941
Cr-0.5-Ru-0.5,Cr6Ru6,CrRu,0.5H2(g) + * -> H*,"{""H"": ""hollow|A_A_B|HCP""}",UmVhY3Rpb246MzUzMTE1,MamunHighT2019,Quantum ESPRESSO 5.1,BEEF-vdW,"{""star"": 1, ""H2gas"": 0.5}","{""Hstar"": 1}",101,,-0.61795828245792
Cr-0.5-Sc-0.5,Cr6Sc6,CrSc,0.5H2(g) + * -> H*,"{""H"": ""bridge|A_A|B""}",UmVhY3Rpb246MzU4NDE3,MamunHighT2019,Quantum ESPRESSO 5.1,BEEF-vdW,"{""star"": 1, ""H2gas"": 0.5}","{""Hstar"": 1}",101,,-0.909192880258132
Cr-0.5-Sn-0.5,Cr6Sn6,CrSn,0.5H2(g) + * -> H*,"{""H"": ""bridge|A_A|B""}",UmVhY3Rpb246MzU4NjE1,MamunHighT2019,Quantum ESPRESSO 5.1,BEEF-vdW,"{""star"": 1, ""H2gas"": 0.5}","{""Hstar"": 1}",101,,-0.424300305759033
Cr-0.5-Ta-0.5,Cr6Ta6,CrTa,0.5H2(g) + * -> H*,"{""H"": ""hollow|A_B_B|FCC""}",UmVhY3Rpb246MzU0OTg3,MamunHighT2019,Quantum ESPRESSO 5.1,BEEF-vdW,"{""star"": 1, ""H2gas"": 0.5}","{""Hstar"": 1}",101,,-0.906448748256452
Cr-0.5-Tc-0.5,Cr6Tc6,CrTc,0.5H2(g) + * -> H*,"{""H"": ""hollow|A_A_B|HCP""}",UmVhY3Rpb246MzU1NDA2,MamunHighT2019,Quantum ESPRESSO 5.1,BEEF-vdW,"{""star"": 1, ""H2gas"": 0.5}","{""Hstar"": 1}",101,,-0.576618748061236
Cr-0.5-Ti-0.5,Cr6Ti6,CrTi,0.5H2(g) + * -> H*,"{""H"": ""hollow|A_B_B|FCC""}",UmVhY3Rpb246MzUzMTk4,MamunHighT2019,Quantum ESPRESSO 5.1,BEEF-vdW,"{""star"": 1, ""H2gas"": 0.5}","{""Hstar"": 1}",101,,-0.941223808359581
Cr-0.5-Tl-0.5,Cr6Tl6,CrTl,0.5H2(g) + * -> H*,"{""H"": ""top|A""}",UmVhY3Rpb246MzUyOTE5,MamunHighT2019,Quantum ESPRESSO 5.1,BEEF-vdW,"{""star"": 1, ""H2gas"": 0.5}","{""Hstar"": 1}",101,,-0.144235572856786
Cr-0.5-V-0.5,Cr6V6,CrV,0.5H2(g) + * -> H*,"{""H"": ""hollow|A_A_B|HCP""}",UmVhY3Rpb246MzUyNDQz,MamunHighT2019,Quantum ESPRESSO 5.1,BEEF-vdW,"{""star"": 1, ""H2gas"": 0.5}","{""Hstar"": 1}",101,,-0.878866745358181
Cr-0.5-W-0.5,Cr6W6,CrW,0.5H2(g) + * -> H*,"{""H"": ""hollow|A_B_B|FCC""}",UmVhY3Rpb246MzU1OTkx,MamunHighT2019,Quantum ESPRESSO 5.1,BEEF-vdW,"{""star"": 1, ""H2gas"": 0.5}","{""Hstar"": 1}",101,,-0.73219439305737
Cr-0.5-Zn-0.5,Cr6Zn6,CrZn,0.5H2(g) + * -> H*,"{""H"": ""bridge|A_A|B""}",UmVhY3Rpb246MzUyNzc5,MamunHighT2019,Quantum ESPRESSO 5.1,BEEF-vdW,"{""star"": 1, ""H2gas"": 0.5}","{""Hstar"": 1}",101,,-0.630405585760826
Cr-0.5-Zr-0.5,Cr6Zr6,CrZr,0.5H2(g) + * -> H*,"{""H"": ""hollow|A_B_B|FCC""}",UmVhY3Rpb246MzU1NjUy,MamunHighT2019,Quantum ESPRESSO 5.1,BEEF-vdW,"{""star"": 1, ""H2gas"": 0.5}","{""Hstar"": 1}",101,,-0.959658568556705
Cr-0.8-Cu-0.2,Cr9Cu3,Cr3Cu,0.5H2(g) + * -> H*,"{""H"": ""hollow|A_A_A|HCP""}",UmVhY3Rpb246NDA5NTQw,MamunHighT2019,Quantum ESPRESSO 5.1,BEEF-vdW,"{""star"": 1, ""H2gas"": 0.5}","{""Hstar"": 1}",111,,-0.963151285758585
Cr-0.8-Ga-0.2,Cr9Ga3,Cr3Ga,0.5H2(g) + * -> H*,"{""H"": ""hollow|A_A_A|HCP""}",UmVhY3Rpb246MzQwMzc5,MamunHighT2019,Quantum ESPRESSO 5.1,BEEF-vdW,"{""star"": 1, ""H2gas"": 0.5}","{""Hstar"": 1}",111,,-0.920038793657085
Cr-0.8-Hf-0.2,Cr9Hf3,Cr3Hf,0.5H2(g) + * -> H*,"{""H"": ""top|B""}",UmVhY3Rpb246MzQ5NDI0,MamunHighT2019,Quantum ESPRESSO 5.1,BEEF-vdW,"{""star"": 1, ""H2gas"": 0.5}","{""Hstar"": 1}",111,,0.138015730740364
Cr-0.8-Hg-0.2,Cr9Hg3,Cr3Hg,0.5H2(g) + * -> H*,"{""H"": ""hollow|A_A_A|HCP""}",UmVhY3Rpb246MzQyMDA2,MamunHighT2019,Quantum ESPRESSO 5.1,BEEF-vdW,"{""star"": 1, ""H2gas"": 0.5}","{""Hstar"": 1}",111,,-0.751661689157999
Cr-0.8-In-0.2,Cr9In3,Cr3In,0.5H2(g) + * -> H*,"{""H"": ""hollow|A_A_A|HCP""}",UmVhY3Rpb246MzQyNDM2,MamunHighT2019,Quantum ESPRESSO 5.1,BEEF-vdW,"{""star"": 1, ""H2gas"": 0.5}","{""Hstar"": 1}",111,,-0.761407038159604
Cr-0.8-Ir-0.2,Cr9Ir3,Cr3Ir,0.5H2(g) + * -> H*,"{""H"": ""hollow|A_A_A|HCP""}",UmVhY3Rpb246NDA1Mjk1,MamunHighT2019,Quantum ESPRESSO 5.1,BEEF-vdW,"{""star"": 1, ""H2gas"": 0.5}","{""Hstar"": 1}",111,,-0.82757804875925
Cr-0.8-La-0.2,Cr9La3,Cr3La,0.5H2(g) + * -> H*,"{""H"": ""top-tilt|A""}",UmVhY3Rpb246NDA4NzA2,MamunHighT2019,Quantum ESPRESSO 5.1,BEEF-vdW,"{""star"": 1, ""H2gas"": 0.5}","{""Hstar"": 1}",111,,-0.647101130357413
Cr-0.8-Mo-0.2,Cr9Mo3,Cr3Mo,0.5H2(g) + * -> H*,"{""H"": ""hollow|A_A_B|HCP""}",UmVhY3Rpb246NDI3ODc5,MamunHighT2019,Quantum ESPRESSO 5.1,BEEF-vdW,"{""star"": 1, ""H2gas"": 0.5}","{""Hstar"": 1}",111,,-1.300261283558
Cr-0.8-Nb-0.2,Cr9Nb3,Cr3Nb,0.5H2(g) + * -> H*,"{""H"": ""hollow|A_A_B|HCP""}",UmVhY3Rpb246NDA4NzQ3,MamunHighT2019,Quantum ESPRESSO 5.1,BEEF-vdW,"{""star"": 1, ""H2gas"": 0.5}","{""Hstar"": 1}",111,,-1.05830963115929
Cr-0.8-Os-0.2,Cr9Os3,Cr3Os,0.5H2(g) + * -> H*,"{""H"": ""hollow|A_A_A|HCP""}",UmVhY3Rpb246MzQwOTY3,MamunHighT2019,Quantum ESPRESSO 5.1,BEEF-vdW,"{""star"": 1, ""H2gas"": 0.5}","{""Hstar"": 1}",111,,-0.818521011758065
Cr-0.8-Pb-0.2,Cr9Pb3,Cr3Pb,0.5H2(g) + * -> H*,"{""H"": ""hollow|A_A_A|HCP""}",UmVhY3Rpb246MzQyNDQy,MamunHighT2019,Quantum ESPRESSO 5.1,BEEF-vdW,"{""star"": 1, ""H2gas"": 0.5}","{""Hstar"": 1}",111,,-0.57807346865863
Cr-0.8-Pd-0.2,Cr9Pd3,Cr3Pd,0.5H2(g) + * -> H*,"{""H"": ""hollow|A_A_A|FCC""}",UmVhY3Rpb246MzQwNjg4,MamunHighT2019,Quantum ESPRESSO 5.1,BEEF-vdW,"{""star"": 1, ""H2gas"": 0.5}","{""Hstar"": 1}",111,,-0.90646834046035
Cr-0.8-Pt-0.2,Cr9Pt3,Cr3Pt,0.5H2(g) + * -> H*,"{""H"": ""hollow|A_A_A|HCP""}",UmVhY3Rpb246MzQ1MjQw,MamunHighT2019,Quantum ESPRESSO 5.1,BEEF-vdW,"{""star"": 1, ""H2gas"": 0.5}","{""Hstar"": 1}",111,,-0.877356649557413
Cr-0.8-Re-0.2,Cr9Re3,Cr3Re,0.5H2(g) + * -> H*,"{""H"": ""hollow|A_A_A|HCP""}",UmVhY3Rpb246MzQwNDc1,MamunHighT2019,Quantum ESPRESSO 5.1,BEEF-vdW,"{""star"": 1, ""H2gas"": 0.5}","{""Hstar"": 1}",111,,-0.94118108645759
Cr-0.8-Rh-0.2,Cr9Rh3,Cr3Rh,0.5H2(g) + * -> H*,"{""H"": ""hollow|A_A_A|HCP""}",UmVhY3Rpb246MzQzNDI3,MamunHighT2019,Quantum ESPRESSO 5.1,BEEF-vdW,"{""star"": 1, ""H2gas"": 0.5}","{""Hstar"": 1}",111,,-0.860680289056262
Cr-0.8-Ru-0.2,Cr9Ru3,Cr3Ru,0.5H2(g) + * -> H*,"{""H"": ""hollow|A_A_A|HCP""}",UmVhY3Rpb246NDA1Mjg0,MamunHighT2019,Quantum ESPRESSO 5.1,BEEF-vdW,"{""star"": 1, ""H2gas"": 0.5}","{""Hstar"": 1}",111,,-0.835576290860416
Cr-0.8-Sc-0.2,Cr9Sc3,Cr3Sc,0.5H2(g) + * -> H*,"{""H"": ""hollow|A_A_A|HCP""}",UmVhY3Rpb246MzQ1MzI0,MamunHighT2019,Quantum ESPRESSO 5.1,BEEF-vdW,"{""star"": 1, ""H2gas"": 0.5}","{""Hstar"": 1}",111,,-0.784971416257548
Cr-0.8-Sn-0.2,Cr9Sn3,Cr3Sn,0.5H2(g) + * -> H*,"{""H"": ""hollow|A_A_A|HCP""}",UmVhY3Rpb246MzQ1Njk4,MamunHighT2019,Quantum ESPRESSO 5.1,BEEF-vdW,"{""star"": 1, ""H2gas"": 0.5}","{""Hstar"": 1}",111,,-0.683920037458819
Cr-0.8-Ta-0.2,Cr9Ta3,Cr3Ta,0.5H2(g) + * -> H*,"{""H"": ""hollow|A_A_B|HCP""}",UmVhY3Rpb246NDA4NzQ1,MamunHighT2019,Quantum ESPRESSO 5.1,BEEF-vdW,"{""star"": 1, ""H2gas"": 0.5}","{""Hstar"": 1}",111,,-1.15724559695715
Cr-0.8-Tc-0.2,Cr9Tc3,Cr3Tc,0.5H2(g) + * -> H*,"{""H"": ""hollow|A_A_A|HCP""}",UmVhY3Rpb246NDA1MjU5,MamunHighT2019,Quantum ESPRESSO 5.1,BEEF-vdW,"{""star"": 1, ""H2gas"": 0.5}","{""Hstar"": 1}",111,,-0.942017292359168
Cr-0.8-Ti-0.2,Cr9Ti3,Cr3Ti,0.5H2(g) + * -> H*,"{""H"": ""hollow|A_A_B|HCP""}",UmVhY3Rpb246NDA4NzQz,MamunHighT2019,Quantum ESPRESSO 5.1,BEEF-vdW,"{""star"": 1, ""H2gas"": 0.5}","{""Hstar"": 1}",111,,-0.894541182758047
Cr-0.8-Tl-0.2,Cr9Tl3,Cr3Tl,0.5H2(g) + * -> H*,"{""H"": ""hollow|A_A_A|HCP""}",UmVhY3Rpb246MzQ0MDE0,MamunHighT2019,Quantum ESPRESSO 5.1,BEEF-vdW,"{""star"": 1, ""H2gas"": 0.5}","{""Hstar"": 1}",111,,-0.675076065656839
Cr-0.8-W-0.2,Cr9W3,Cr3W,0.5H2(g) + * -> H*,"{""H"": ""bridge|A_A|A""}",UmVhY3Rpb246NDA1MjQy,MamunHighT2019,Quantum ESPRESSO 5.1,BEEF-vdW,"{""star"": 1, ""H2gas"": 0.5}","{""Hstar"": 1}",111,,-0.638951320858695
Cr-0.8-Zn-0.2,Cr9Zn3,Cr3Zn,0.5H2(g) + * -> H*,"{""H"": ""hollow|A_A_A|HCP""}",UmVhY3Rpb246MzQwNzg4,MamunHighT2019,Quantum ESPRESSO 5.1,BEEF-vdW,"{""star"": 1, ""H2gas"": 0.5}","{""Hstar"": 1}",111,,-0.964920025659893
Cr-0.8-Zr-0.2,Cr9Zr3,Cr3Zr,0.5H2(g) + * -> H*,"{""H"": ""top|B""}",UmVhY3Rpb246MzU1NDA1,MamunHighT2019,Quantum ESPRESSO 5.1,BEEF-vdW,"{""star"": 1, ""H2gas"": 0.5}","{""Hstar"": 1}",111,,0.285929738443002
Cu-1.0,Cu12,Cu,0.5H2(g) + * -> H*,"{""H"": ""hollow|A_A_A|FCC""}",UmVhY3Rpb246MzM5NTU1,MamunHighT2019,Quantum ESPRESSO 5.1,BEEF-vdW,"{""star"": 1, ""H2gas"": 0.5}","{""Hstar"": 1}",111,,-0.0535604389505977
Cu-0.2-Fe-0.8,Cu3Fe9,Fe3Cu,0.5H2(g) + * -> H*,"{""H"": ""hollow|A_A_A|HCP""}",UmVhY3Rpb246NDI4MTg3,MamunHighT2019,Quantum ESPRESSO 5.1,BEEF-vdW,"{""star"": 1, ""H2gas"": 0.5}","{""Hstar"": 1}",111,,0.325421483948077
Cu-0.2-Ga-0.8,Cu3Ga9,Ga3Cu,0.5H2(g) + * -> H*,"{""H"": ""top|A""}",UmVhY3Rpb246NDAzODAw,MamunHighT2019,Quantum ESPRESSO 5.1,BEEF-vdW,"{""star"": 1, ""H2gas"": 0.5}","{""Hstar"": 1}",111,,0.506581952236076
Cu-0.2-Hf-0.8,Cu3Hf9,Hf3Cu,0.5H2(g) + * -> H*,"{""H"": ""hollow|A_A_A|FCC""}",UmVhY3Rpb246NDA2NzI0,MamunHighT2019,Quantum ESPRESSO 5.1,BEEF-vdW,"{""star"": 1, ""H2gas"": 0.5}","{""Hstar"": 1}",111,,-1.03942574715526
Cu-0.2-Hg-0.8,Cu3Hg9,Hg3Cu,0.5H2(g) + * -> H*,"{""H"": ""top|B""}",UmVhY3Rpb246NDAzMTEz,MamunHighT2019,Quantum ESPRESSO 5.1,BEEF-vdW,"{""star"": 1, ""H2gas"": 0.5}","{""Hstar"": 1}",111,,0.504596881842218
Cu-0.2-In-0.8,Cu3In9,In3Cu,0.5H2(g) + * -> H*,"{""H"": ""top-tilt|B""}",UmVhY3Rpb246NDA0MDc4,MamunHighT2019,Quantum ESPRESSO 5.1,BEEF-vdW,"{""star"": 1, ""H2gas"": 0.5}","{""Hstar"": 1}",111,,0.289875933443028
Cu-0.2-Ir-0.8,Cu3Ir9,Ir3Cu,0.5H2(g) + * -> H*,"{""H"": ""bridge|A_A|A""}",UmVhY3Rpb246NDE4OTM0,MamunHighT2019,Quantum ESPRESSO 5.1,BEEF-vdW,"{""star"": 1, ""H2gas"": 0.5}","{""Hstar"": 1}",111,,-0.268184514758985
Cu-0.2-La-0.8,Cu3La9,La3Cu,0.5H2(g) + * -> H*,"{""H"": ""hollow|A_A_A|FCC""}",UmVhY3Rpb246MzQwODAw,MamunHighT2019,Quantum ESPRESSO 5.1,BEEF-vdW,"{""star"": 1, ""H2gas"": 0.5}","{""Hstar"": 1}",111,,-0.6943588686581
Cu-0.2-Mo-0.8,Cu3Mo9,Mo3Cu,0.5H2(g) + * -> H*,"{""H"": ""hollow|A_A_A|FCC""}",UmVhY3Rpb246MzQzNzIz,MamunHighT2019,Quantum ESPRESSO 5.1,BEEF-vdW,"{""star"": 1, ""H2gas"": 0.5}","{""Hstar"": 1}",111,,-0.955178486255107
Cu-0.2-Nb-0.8,Cu3Nb9,Nb3Cu,0.5H2(g) + * -> H*,"{""H"": ""hollow|A_A_A|FCC""}",UmVhY3Rpb246MzQwNDY4,MamunHighT2019,Quantum ESPRESSO 5.1,BEEF-vdW,"{""star"": 1, ""H2gas"": 0.5}","{""Hstar"": 1}",111,,-1.02639720866043
Cu-0.2-Ni-0.8,Cu3Ni9,Ni3Cu,0.5H2(g) + * -> H*,"{""H"": ""hollow|A_A_A|HCP""}",UmVhY3Rpb246NDIyMDMz,MamunHighT2019,Quantum ESPRESSO 5.1,BEEF-vdW,"{""star"": 1, ""H2gas"": 0.5}","{""Hstar"": 1}",111,,-0.382959138659288
Cu-0.2-Os-0.8,Cu3Os9,Os3Cu,0.5H2(g) + * -> H*,"{""H"": ""hollow|A_A_A|FCC""}",UmVhY3Rpb246MzQ2NzEw,MamunHighT2019,Quantum ESPRESSO 5.1,BEEF-vdW,"{""star"": 1, ""H2gas"": 0.5}","{""Hstar"": 1}",111,,-0.248899262863205
Cu-0.2-Pb-0.8,Cu3Pb9,Pb3Cu,0.5H2(g) + * -> H*,"{""H"": ""top|B""}",UmVhY3Rpb246MzU1Mzcz,MamunHighT2019,Quantum ESPRESSO 5.1,BEEF-vdW,"{""star"": 1, ""H2gas"": 0.5}","{""Hstar"": 1}",111,,0.230739745843522
Cu-0.2-Pd-0.8,Cu3Pd9,Pd3Cu,0.5H2(g) + * -> H*,"{""H"": ""hollow|A_A_A|FCC""}",UmVhY3Rpb246MzQ2MTM1,MamunHighT2019,Quantum ESPRESSO 5.1,BEEF-vdW,"{""star"": 1, ""H2gas"": 0.5}","{""Hstar"": 1}",111,,-0.225992447761172
Cu-0.2-Pt-0.8,Cu3Pt9,Pt3Cu,0.5H2(g) + * -> H*,"{""H"": ""bridge|A_A|B""}",UmVhY3Rpb246MzUwMzcx,MamunHighT2019,Quantum ESPRESSO 5.1,BEEF-vdW,"{""star"": 1, ""H2gas"": 0.5}","{""Hstar"": 1}",111,,-0.233358841555827
Cu-0.2-Re-0.8,Cu3Re9,Re3Cu,0.5H2(g) + * -> H*,"{""H"": ""hollow|A_A_A|HCP""}",UmVhY3Rpb246MzQ2NDAw,MamunHighT2019,Quantum ESPRESSO 5.1,BEEF-vdW,"{""star"": 1, ""H2gas"": 0.5}","{""Hstar"": 1}",111,,-0.580868894160602
Cu-0.2-Rh-0.8,Cu3Rh9,Rh3Cu,0.5H2(g) + * -> H*,"{""H"": ""hollow|A_A_A|FCC""}",UmVhY3Rpb246MzQ1MTA1,MamunHighT2019,Quantum ESPRESSO 5.1,BEEF-vdW,"{""star"": 1, ""H2gas"": 0.5}","{""Hstar"": 1}",111,,-0.411978991155564
Cu-0.2-Ru-0.8,Cu3Ru9,Ru3Cu,0.5H2(g) + * -> H*,"{""H"": ""hollow|A_A_A|FCC""}",UmVhY3Rpb246MzQ1ODUw,MamunHighT2019,Quantum ESPRESSO 5.1,BEEF-vdW,"{""star"": 1, ""H2gas"": 0.5}","{""Hstar"": 1}",111,,-0.464535466059687
Cu-0.2-Sc-0.8,Cu3Sc9,Sc3Cu,0.5H2(g) + * -> H*,"{""H"": ""hollow|A_A_A|FCC""}",UmVhY3Rpb246MzQ1Njkx,MamunHighT2019,Quantum ESPRESSO 5.1,BEEF-vdW,"{""star"": 1, ""H2gas"": 0.5}","{""Hstar"": 1}",111,,-1.19973195515828
Cu-0.2-Sn-0.8,Cu3Sn9,Sn3Cu,0.5H2(g) + * -> H*,"{""H"": ""bridge|A_A|A""}",UmVhY3Rpb246NDA0ODM4,MamunHighT2019,Quantum ESPRESSO 5.1,BEEF-vdW,"{""star"": 1, ""H2gas"": 0.5}","{""Hstar"": 1}",111,,0.908101023437695
Cu-0.2-Ta-0.8,Cu3Ta9,Ta3Cu,0.5H2(g) + * -> H*,"{""H"": ""hollow|A_A_A|FCC""}",UmVhY3Rpb246NDA3MjIz,MamunHighT2019,Quantum ESPRESSO 5.1,BEEF-vdW,"{""star"": 1, ""H2gas"": 0.5}","{""Hstar"": 1}",111,,-1.03342427635559
Cu-0.2-Tc-0.8,Cu3Tc9,Tc3Cu,0.5H2(g) + * -> H*,"{""H"": ""hollow|A_A_A|HCP""}",UmVhY3Rpb246NDExMTcw,MamunHighT2019,Quantum ESPRESSO 5.1,BEEF-vdW,"{""star"": 1, ""H2gas"": 0.5}","{""Hstar"": 1}",111,,-0.614653051662543
Cu-0.2-Ti-0.8,Cu3Ti9,Ti3Cu,0.5H2(g) + * -> H*,"{""H"": ""hollow|A_A_A|FCC""}",UmVhY3Rpb246NDA2OTg0,MamunHighT2019,Quantum ESPRESSO 5.1,BEEF-vdW,"{""star"": 1, ""H2gas"": 0.5}","{""Hstar"": 1}",111,,-1.07865503865739
Cu-0.2-Tl-0.8,Cu3Tl9,Tl3Cu,0.5H2(g) + * -> H*,"{""H"": ""top-tilt|B""}",UmVhY3Rpb246MzU0MzQ1,MamunHighT2019,Quantum ESPRESSO 5.1,BEEF-vdW,"{""star"": 1, ""H2gas"": 0.5}","{""Hstar"": 1}",111,,0.281508024746501
Cu-0.2-V-0.8,Cu3V9,V3Cu,0.5H2(g) + * -> H*,"{""H"": ""hollow|A_A_A|FCC""}",UmVhY3Rpb246MzQ1MzM2,MamunHighT2019,Quantum ESPRESSO 5.1,BEEF-vdW,"{""star"": 1, ""H2gas"": 0.5}","{""Hstar"": 1}",111,,-1.03975568515941
Cu-0.2-W-0.8,Cu3W9,W3Cu,0.5H2(g) + * -> H*,"{""H"": ""hollow|A_A_A|HCP""}",UmVhY3Rpb246NDEwMTI0,MamunHighT2019,Quantum ESPRESSO 5.1,BEEF-vdW,"{""star"": 1, ""H2gas"": 0.5}","{""Hstar"": 1}",111,,-0.938827165758056
Cu-0.2-Y-0.8,Cu3Y9,Y3Cu,0.5H2(g) + * -> H*,"{""H"": ""hollow|A_A_A|FCC""}",UmVhY3Rpb246NDA1NTY1,MamunHighT2019,Quantum ESPRESSO 5.1,BEEF-vdW,"{""star"": 1, ""H2gas"": 0.5}","{""Hstar"": 1}",111,,-1.05986734685845
Cu-0.2-Zn-0.8,Cu3Zn9,Zn3Cu,0.5H2(g) + * -> H*,"{""H"": ""hollow|A_A_B|HCP""}",UmVhY3Rpb246MzQ0MTU2,MamunHighT2019,Quantum ESPRESSO 5.1,BEEF-vdW,"{""star"": 1, ""H2gas"": 0.5}","{""Hstar"": 1}",111,,0.408832947033289
Cu-0.2-Zr-0.8,Cu3Zr9,Zr3Cu,0.5H2(g) + * -> H*,"{""H"": ""hollow|A_A_A|FCC""}",UmVhY3Rpb246MzQzNDUy,MamunHighT2019,Quantum ESPRESSO 5.1,BEEF-vdW,"{""star"": 1, ""H2gas"": 0.5}","{""Hstar"": 1}",111,,-1.01281328585807
Cu-0.5-Fe-0.5,Cu6Fe6,CuFe,0.5H2(g) + * -> H*,"{""H"": ""hollow|A_B_B|HCP""}",UmVhY3Rpb246MzUwNTMy,MamunHighT2019,Quantum ESPRESSO 5.1,BEEF-vdW,"{""star"": 1, ""H2gas"": 0.5}","{""Hstar"": 1}",101,,-0.406855631756997
Cu-0.5-Ga-0.5,Cu6Ga6,CuGa,0.5H2(g) + * -> H*,"{""H"": ""bridge|B_B|A""}",UmVhY3Rpb246NDI4ODI1,MamunHighT2019,Quantum ESPRESSO 5.1,BEEF-vdW,"{""star"": 1, ""H2gas"": 0.5}","{""Hstar"": 1}",101,,0.40488185414236
Cu-0.5-Hf-0.5,Cu6Hf6,CuHf,0.5H2(g) + * -> H*,"{""H"": ""bridge|B_B|A""}",UmVhY3Rpb246MzUwMzYw,MamunHighT2019,Quantum ESPRESSO 5.1,BEEF-vdW,"{""star"": 1, ""H2gas"": 0.5}","{""Hstar"": 1}",101,,-0.900437073351867
Cu-0.5-Hg-0.5,Cu6Hg6,CuHg,0.5H2(g) + * -> H*,"{""H"": ""bridge|A_A|B""}",UmVhY3Rpb246NDI4MDYz,MamunHighT2019,Quantum ESPRESSO 5.1,BEEF-vdW,"{""star"": 1, ""H2gas"": 0.5}","{""Hstar"": 1}",101,,0.151851086739981
Cu-0.5-In-0.5,Cu6In6,CuIn,0.5H2(g) + * -> H*,"{""H"": ""top-tilt|A""}",UmVhY3Rpb246MzU3NTEy,MamunHighT2019,Quantum ESPRESSO 5.1,BEEF-vdW,"{""star"": 1, ""H2gas"": 0.5}","{""Hstar"": 1}",101,,0.526437418740017
Cu-0.5-Ir-0.5,Cu6Ir6,CuIr,0.5H2(g) + * -> H*,"{""H"": ""bridge|B_B|A""}",UmVhY3Rpb246MzUxNDI1,MamunHighT2019,Quantum ESPRESSO 5.1,BEEF-vdW,"{""star"": 1, ""H2gas"": 0.5}","{""Hstar"": 1}",101,,-0.381685237755818
Cu-0.5-La-0.5,Cu6La6,CuLa,0.5H2(g) + * -> H*,"{""H"": ""hollow-tilt|A_B_B|FCC""}",UmVhY3Rpb246MzUyODI2,MamunHighT2019,Quantum ESPRESSO 5.1,BEEF-vdW,"{""star"": 1, ""H2gas"": 0.5}","{""Hstar"": 1}",101,,-0.441825797554856
Cu-0.5-Mn-0.5,Cu6Mn6,CuMn,0.5H2(g) + * -> H*,"{""H"": ""hollow|A_B_B|HCP""}",UmVhY3Rpb246MzU1OTA3,MamunHighT2019,Quantum ESPRESSO 5.1,BEEF-vdW,"{""star"": 1, ""H2gas"": 0.5}","{""Hstar"": 1}",101,,1.23193064144382
Cu-0.5-Mo-0.5,Cu6Mo6,CuMo,0.5H2(g) + * -> H*,"{""H"": ""hollow|A_B_B|HCP""}",UmVhY3Rpb246MzU1NTUy,MamunHighT2019,Quantum ESPRESSO 5.1,BEEF-vdW,"{""star"": 1, ""H2gas"": 0.5}","{""Hstar"": 1}",101,,-0.637616738559672
Cu-0.5-Nb-0.5,Cu6Nb6,CuNb,0.5H2(g) + * -> H*,"{""H"": ""hollow|A_B_B|HCP""}",UmVhY3Rpb246MzUxNTUz,MamunHighT2019,Quantum ESPRESSO 5.1,BEEF-vdW,"{""star"": 1, ""H2gas"": 0.5}","{""Hstar"": 1}",101,,-0.693316400559496
Cu-0.5-Ni-0.5,Cu6Ni6,CuNi,0.5H2(g) + * -> H*,"{""H"": ""hollow|A_B_B|HCP""}",UmVhY3Rpb246MzU1NjEw,MamunHighT2019,Quantum ESPRESSO 5.1,BEEF-vdW,"{""star"": 1, ""H2gas"": 0.5}","{""Hstar"": 1}",101,,-0.337988381156691
Cu-0.5-Os-0.5,Cu6Os6,CuOs,0.5H2(g) + * -> H*,"{""H"": ""bridge|B_B|A""}",UmVhY3Rpb246MzU1MTAy,MamunHighT2019,Quantum ESPRESSO 5.1,BEEF-vdW,"{""star"": 1, ""H2gas"": 0.5}","{""Hstar"": 1}",101,,-0.334694171156087
Cu-0.5-Pb-0.5,Cu6Pb6,CuPb,0.5H2(g) + * -> H*,"{""H"": ""top-tilt|A""}",UmVhY3Rpb246MzU3MzQy,MamunHighT2019,Quantum ESPRESSO 5.1,BEEF-vdW,"{""star"": 1, ""H2gas"": 0.5}","{""Hstar"": 1}",101,,0.262299917042611
Cu-0.5-Pd-0.5,Cu6Pd6,CuPd,0.5H2(g) + * -> H*,"{""H"": ""hollow|A_B_B|HCP""}",UmVhY3Rpb246MzYwMDI2,MamunHighT2019,Quantum ESPRESSO 5.1,BEEF-vdW,"{""star"": 1, ""H2gas"": 0.5}","{""Hstar"": 1}",101,,-0.226584839655487
Cu-0.5-Pt-0.5,Cu6Pt6,CuPt,0.5H2(g) + * -> H*,"{""H"": ""bridge|B_B|A""}",UmVhY3Rpb246MzU4Nzky,MamunHighT2019,Quantum ESPRESSO 5.1,BEEF-vdW,"{""star"": 1, ""H2gas"": 0.5}","{""Hstar"": 1}",101,,-0.309796707259892
Cu-0.5-Re-0.5,Cu6Re6,CuRe,0.5H2(g) + * -> H*,"{""H"": ""bridge|A_A|B""}",UmVhY3Rpb246NDEwMzk0,MamunHighT2019,Quantum ESPRESSO 5.1,BEEF-vdW,"{""star"": 1, ""H2gas"": 0.5}","{""Hstar"": 1}",101,,-0.635279144661553
Cu-0.5-Rh-0.5,Cu6Rh6,CuRh,0.5H2(g) + * -> H*,"{""H"": ""hollow|A_B_B|HCP""}",UmVhY3Rpb246MzU0MDg5,MamunHighT2019,Quantum ESPRESSO 5.1,BEEF-vdW,"{""star"": 1, ""H2gas"": 0.5}","{""Hstar"": 1}",101,,-0.321869037658843
Cu-0.5-Ru-0.5,Cu6Ru6,CuRu,0.5H2(g) + * -> H*,"{""H"": ""bridge|B_B|A""}",UmVhY3Rpb246NDE2OTE2,MamunHighT2019,Quantum ESPRESSO 5.1,BEEF-vdW,"{""star"": 1, ""H2gas"": 0.5}","{""Hstar"": 1}",101,,-0.277813262952776
Cu-0.5-Sc-0.5,Cu6Sc6,CuSc,0.5H2(g) + * -> H*,"{""H"": ""bridge|B_B|A""}",UmVhY3Rpb246NDA2MDY1,MamunHighT2019,Quantum ESPRESSO 5.1,BEEF-vdW,"{""star"": 1, ""H2gas"": 0.5}","{""Hstar"": 1}",101,,-0.708506339257809
Cu-0.5-Sn-0.5,Cu6Sn6,CuSn,0.5H2(g) + * -> H*,"{""H"": ""bridge|A_A|B""}",UmVhY3Rpb246MzU4NTQ2,MamunHighT2019,Quantum ESPRESSO 5.1,BEEF-vdW,"{""star"": 1, ""H2gas"": 0.5}","{""Hstar"": 1}",101,,0.338114233841253
Cu-0.5-Ta-0.5,Cu6Ta6,CuTa,0.5H2(g) + * -> H*,"{""H"": ""bridge|B_B|A""}",UmVhY3Rpb246MzUzNTM5,MamunHighT2019,Quantum ESPRESSO 5.1,BEEF-vdW,"{""star"": 1, ""H2gas"": 0.5}","{""Hstar"": 1}",101,,-0.754445141653349
Cu-0.5-Tc-0.5,Cu6Tc6,CuTc,0.5H2(g) + * -> H*,"{""H"": ""bridge|B_B|A""}",UmVhY3Rpb246NDExMjE1,MamunHighT2019,Quantum ESPRESSO 5.1,BEEF-vdW,"{""star"": 1, ""H2gas"": 0.5}","{""Hstar"": 1}",101,,-0.481917417854646
Cu-0.5-Ti-0.5,Cu6Ti6,CuTi,0.5H2(g) + * -> H*,"{""H"": ""hollow|A_B_B|HCP""}",UmVhY3Rpb246MzU4NDkw,MamunHighT2019,Quantum ESPRESSO 5.1,BEEF-vdW,"{""star"": 1, ""H2gas"": 0.5}","{""Hstar"": 1}",101,,-0.758270109857193
Cu-0.5-Tl-0.5,Cu6Tl6,CuTl,0.5H2(g) + * -> H*,"{""H"": ""top-tilt|A""}",UmVhY3Rpb246MzU3MTU2,MamunHighT2019,Quantum ESPRESSO 5.1,BEEF-vdW,"{""star"": 1, ""H2gas"": 0.5}","{""Hstar"": 1}",101,,0.113099355040532
Cu-0.5-V-0.5,Cu6V6,CuV,0.5H2(g) + * -> H*,"{""H"": ""hollow|A_B_B|HCP""}",UmVhY3Rpb246NDA4NTI0,MamunHighT2019,Quantum ESPRESSO 5.1,BEEF-vdW,"{""star"": 1, ""H2gas"": 0.5}","{""Hstar"": 1}",101,,-0.659828030663419
Cu-0.5-W-0.5,Cu6W6,CuW,0.5H2(g) + * -> H*,"{""H"": ""bridge|B_B|A""}",UmVhY3Rpb246MzUxNzIz,MamunHighT2019,Quantum ESPRESSO 5.1,BEEF-vdW,"{""star"": 1, ""H2gas"": 0.5}","{""Hstar"": 1}",101,,-0.746565813357819
Cu-0.5-Y-0.5,Cu6Y6,CuY,0.5H2(g) + * -> H*,"{""H"": ""bridge|B_B|A""}",UmVhY3Rpb246NDA1NTcy,MamunHighT2019,Quantum ESPRESSO 5.1,BEEF-vdW,"{""star"": 1, ""H2gas"": 0.5}","{""Hstar"": 1}",101,,-0.704130748656979
Cu-0.5-Zn-0.5,Cu6Zn6,CuZn,0.5H2(g) + * -> H*,"{""H"": ""hollow|A_A_B|HCP""}",UmVhY3Rpb246MzU3NzEw,MamunHighT2019,Quantum ESPRESSO 5.1,BEEF-vdW,"{""star"": 1, ""H2gas"": 0.5}","{""Hstar"": 1}",101,,0.159172173539474
Cu-0.5-Zr-0.5,Cu6Zr6,CuZr,0.5H2(g) + * -> H*,"{""H"": ""hollow|A_B_B|FCC""}",UmVhY3Rpb246MzUwOTYw,MamunHighT2019,Quantum ESPRESSO 5.1,BEEF-vdW,"{""star"": 1, ""H2gas"": 0.5}","{""Hstar"": 1}",101,,-0.800465306157065
Cu-0.8-Fe-0.2,Cu9Fe3,Cu3Fe,0.5H2(g) + * -> H*,"{""H"": ""hollow|A_A_B|HCP""}",UmVhY3Rpb246NDAyMzQ4,MamunHighT2019,Quantum ESPRESSO 5.1,BEEF-vdW,"{""star"": 1, ""H2gas"": 0.5}","{""Hstar"": 1}",111,,-0.230666683258249
Cu-0.8-Ga-0.2,Cu9Ga3,Cu3Ga,0.5H2(g) + * -> H*,"{""H"": ""hollow|A_A_A|HCP""}",UmVhY3Rpb246MzQ0ODQz,MamunHighT2019,Quantum ESPRESSO 5.1,BEEF-vdW,"{""star"": 1, ""H2gas"": 0.5}","{""Hstar"": 1}",111,,-0.0548152919572829
Cu-0.8-Hf-0.2,Cu9Hf3,Cu3Hf,0.5H2(g) + * -> H*,"{""H"": ""hollow|A_A_B|HCP""}",UmVhY3Rpb246MzQ1NzE2,MamunHighT2019,Quantum ESPRESSO 5.1,BEEF-vdW,"{""star"": 1, ""H2gas"": 0.5}","{""Hstar"": 1}",111,,-0.30782116075622
Cu-0.8-Hg-0.2,Cu9Hg3,Cu3Hg,0.5H2(g) + * -> H*,"{""H"": ""hollow|A_A_A|HCP""}",UmVhY3Rpb246MzQ3MDI1,MamunHighT2019,Quantum ESPRESSO 5.1,BEEF-vdW,"{""star"": 1, ""H2gas"": 0.5}","{""Hstar"": 1}",111,,0.0490189950442357
Cu-0.8-In-0.2,Cu9In3,Cu3In,0.5H2(g) + * -> H*,"{""H"": ""hollow|A_A_A|HCP""}",UmVhY3Rpb246MzQxODI4,MamunHighT2019,Quantum ESPRESSO 5.1,BEEF-vdW,"{""star"": 1, ""H2gas"": 0.5}","{""Hstar"": 1}",111,,-0.01770971286075
Cu-0.8-Ir-0.2,Cu9Ir3,Cu3Ir,0.5H2(g) + * -> H*,"{""H"": ""hollow|A_A_B|HCP""}",UmVhY3Rpb246MzQyNzU4,MamunHighT2019,Quantum ESPRESSO 5.1,BEEF-vdW,"{""star"": 1, ""H2gas"": 0.5}","{""Hstar"": 1}",111,,-0.442308935655973
Cu-0.8-La-0.2,Cu9La3,Cu3La,0.5H2(g) + * -> H*,"{""H"": ""bridge|A_A|B""}",UmVhY3Rpb246MzQ5MTg4,MamunHighT2019,Quantum ESPRESSO 5.1,BEEF-vdW,"{""star"": 1, ""H2gas"": 0.5}","{""Hstar"": 1}",111,,-0.304975938458455
Cu-0.8-Mn-0.2,Cu9Mn3,Cu3Mn,0.5H2(g) + * -> H*,"{""H"": ""hollow|A_A_B|HCP""}",UmVhY3Rpb246NDAyMzY0,MamunHighT2019,Quantum ESPRESSO 5.1,BEEF-vdW,"{""star"": 1, ""H2gas"": 0.5}","{""Hstar"": 1}",111,,-0.164547646460932
Cu-0.8-Mo-0.2,Cu9Mo3,Cu3Mo,0.5H2(g) + * -> H*,"{""H"": ""hollow|A_A_B|HCP""}",UmVhY3Rpb246MzQxNzQz,MamunHighT2019,Quantum ESPRESSO 5.1,BEEF-vdW,"{""star"": 1, ""H2gas"": 0.5}","{""Hstar"": 1}",111,,-0.455027672555815
Cu-0.8-Nb-0.2,Cu9Nb3,Cu3Nb,0.5H2(g) + * -> H*,"{""H"": ""hollow|A_A_B|HCP""}",UmVhY3Rpb246NDAyMTMz,MamunHighT2019,Quantum ESPRESSO 5.1,BEEF-vdW,"{""star"": 1, ""H2gas"": 0.5}","{""Hstar"": 1}",111,,-0.383959429163014
Cu-0.8-Ni-0.2,Cu9Ni3,Cu3Ni,0.5H2(g) + * -> H*,"{""H"": ""hollow|A_A_B|FCC""}",UmVhY3Rpb246NDAyMzE4,MamunHighT2019,Quantum ESPRESSO 5.1,BEEF-vdW,"{""star"": 1, ""H2gas"": 0.5}","{""Hstar"": 1}",111,,-0.190241723560547
Cu-0.8-Os-0.2,Cu9Os3,Cu3Os,0.5H2(g) + * -> H*,"{""H"": ""hollow|A_A_B|HCP""}",UmVhY3Rpb246NDAyMjE4,MamunHighT2019,Quantum ESPRESSO 5.1,BEEF-vdW,"{""star"": 1, ""H2gas"": 0.5}","{""Hstar"": 1}",111,,-0.575468795052956
Cu-0.8-Pb-0.2,Cu9Pb3,Cu3Pb,0.5H2(g) + * -> H*,"{""H"": ""hollow|A_A_A|HCP""}",UmVhY3Rpb246MzQ0NDY3,MamunHighT2019,Quantum ESPRESSO 5.1,BEEF-vdW,"{""star"": 1, ""H2gas"": 0.5}","{""Hstar"": 1}",111,,0.0587923717403385
Cu-0.8-Pd-0.2,Cu9Pd3,Cu3Pd,0.5H2(g) + * -> H*,"{""H"": ""hollow|A_A_B|HCP""}",UmVhY3Rpb246MzQ3NzQz,MamunHighT2019,Quantum ESPRESSO 5.1,BEEF-vdW,"{""star"": 1, ""H2gas"": 0.5}","{""Hstar"": 1}",111,,-0.0551279507553488
Cu-0.8-Pt-0.2,Cu9Pt3,Cu3Pt,0.5H2(g) + * -> H*,"{""H"": ""hollow|A_A_B|HCP""}",UmVhY3Rpb246MzQzMTMy,MamunHighT2019,Quantum ESPRESSO 5.1,BEEF-vdW,"{""star"": 1, ""H2gas"": 0.5}","{""Hstar"": 1}",111,,-0.158058683758071
Cu-0.8-Re-0.2,Cu9Re3,Cu3Re,0.5H2(g) + * -> H*,"{""H"": ""hollow|A_A_B|HCP""}",UmVhY3Rpb246MzQ3OTgz,MamunHighT2019,Quantum ESPRESSO 5.1,BEEF-vdW,"{""star"": 1, ""H2gas"": 0.5}","{""Hstar"": 1}",111,,-0.610745088858465
Cu-0.8-Rh-0.2,Cu9Rh3,Cu3Rh,0.5H2(g) + * -> H*,"{""H"": ""hollow|A_A_B|HCP""}",UmVhY3Rpb246MzQ3NTkz,MamunHighT2019,Quantum ESPRESSO 5.1,BEEF-vdW,"{""star"": 1, ""H2gas"": 0.5}","{""Hstar"": 1}",111,,-0.327817038064467
Cu-0.8-Ru-0.2,Cu9Ru3,Cu3Ru,0.5H2(g) + * -> H*,"{""H"": ""hollow|A_A_B|HCP""}",UmVhY3Rpb246MzQxMDUx,MamunHighT2019,Quantum ESPRESSO 5.1,BEEF-vdW,"{""star"": 1, ""H2gas"": 0.5}","{""Hstar"": 1}",111,,-0.428446368357044
Cu-0.8-Sc-0.2,Cu9Sc3,Cu3Sc,0.5H2(g) + * -> H*,"{""H"": ""hollow|A_A_B|HCP""}",UmVhY3Rpb246NDAyMTA0,MamunHighT2019,Quantum ESPRESSO 5.1,BEEF-vdW,"{""star"": 1, ""H2gas"": 0.5}","{""Hstar"": 1}",111,,-0.261963312156666
Cu-0.8-Sn-0.2,Cu9Sn3,Cu3Sn,0.5H2(g) + * -> H*,"{""H"": ""hollow|A_A_A|HCP""}",UmVhY3Rpb246MzQ5MDIw,MamunHighT2019,Quantum ESPRESSO 5.1,BEEF-vdW,"{""star"": 1, ""H2gas"": 0.5}","{""Hstar"": 1}",111,,0.0268425335389395
Cu-0.8-Ta-0.2,Cu9Ta3,Cu3Ta,0.5H2(g) + * -> H*,"{""H"": ""hollow|A_A_B|HCP""}",UmVhY3Rpb246NDAyMTIz,MamunHighT2019,Quantum ESPRESSO 5.1,BEEF-vdW,"{""star"": 1, ""H2gas"": 0.5}","{""Hstar"": 1}",111,,-0.437508439360471
Cu-0.8-Tc-0.2,Cu9Tc3,Cu3Tc,0.5H2(g) + * -> H*,"{""H"": ""hollow|A_A_B|HCP""}",UmVhY3Rpb246NDAyMTg5,MamunHighT2019,Quantum ESPRESSO 5.1,BEEF-vdW,"{""star"": 1, ""H2gas"": 0.5}","{""Hstar"": 1}",111,,-0.478588377153727
Cu-0.8-Ti-0.2,Cu9Ti3,Cu3Ti,0.5H2(g) + * -> H*,"{""H"": ""hollow|A_A_B|HCP""}",UmVhY3Rpb246MzQyNzk2,MamunHighT2019,Quantum ESPRESSO 5.1,BEEF-vdW,"{""star"": 1, ""H2gas"": 0.5}","{""Hstar"": 1}",111,,-0.327028588158072
Cu-0.8-V-0.2,Cu9V3,Cu3V,0.5H2(g) + * -> H*,"{""H"": ""hollow|A_A_B|HCP""}",UmVhY3Rpb246NDAyMTQx,MamunHighT2019,Quantum ESPRESSO 5.1,BEEF-vdW,"{""star"": 1, ""H2gas"": 0.5}","{""Hstar"": 1}",111,,-0.382002658559003
Cu-0.8-W-0.2,Cu9W3,Cu3W,0.5H2(g) + * -> H*,"{""H"": ""hollow|A_A_B|HCP""}",UmVhY3Rpb246NDAyMTc2,MamunHighT2019,Quantum ESPRESSO 5.1,BEEF-vdW,"{""star"": 1, ""H2gas"": 0.5}","{""Hstar"": 1}",111,,-0.54259948415617
Cu-0.8-Y-0.2,Cu9Y3,Cu3Y,0.5H2(g) + * -> H*,"{""H"": ""bridge|A_A|A""}",UmVhY3Rpb246MzUzOTI2,MamunHighT2019,Quantum ESPRESSO 5.1,BEEF-vdW,"{""star"": 1, ""H2gas"": 0.5}","{""Hstar"": 1}",111,,-0.174181564753752
Cu-0.8-Zn-0.2,Cu9Zn3,Cu3Zn,0.5H2(g) + * -> H*,"{""H"": ""hollow|A_A_A|HCP""}",UmVhY3Rpb246MzQxNzEw,MamunHighT2019,Quantum ESPRESSO 5.1,BEEF-vdW,"{""star"": 1, ""H2gas"": 0.5}","{""Hstar"": 1}",111,,-0.0336309574549603
Cu-0.8-Zr-0.2,Cu9Zr3,Cu3Zr,0.5H2(g) + * -> H*,"{""H"": ""hollow|A_A_B|HCP""}",UmVhY3Rpb246MzQwNzY2,MamunHighT2019,Quantum ESPRESSO 5.1,BEEF-vdW,"{""star"": 1, ""H2gas"": 0.5}","{""Hstar"": 1}",111,,-0.28575300065765
Fe-1.0,Fe12,Fe,0.5H2(g) + * -> H*,"{""H"": ""hollow|A_A_A|HCP""}",UmVhY3Rpb246NDA1MTU0,MamunHighT2019,Quantum ESPRESSO 5.1,BEEF-vdW,"{""star"": 1, ""H2gas"": 0.5}","{""Hstar"": 1}",111,,-0.956848585060442
Fe-0.2-Ga-0.8,Fe3Ga9,Ga3Fe,0.5H2(g) + * -> H*,"{""H"": ""top|B""}",UmVhY3Rpb246MzY4NjEw,MamunHighT2019,Quantum ESPRESSO 5.1,BEEF-vdW,"{""star"": 1, ""H2gas"": 0.5}","{""Hstar"": 1}",111,,0.390078861238209
Fe-0.2-Hg-0.8,Fe3Hg9,Hg3Fe,0.5H2(g) + * -> H*,"{""H"": ""top|B""}",UmVhY3Rpb246NDAzMDk2,MamunHighT2019,Quantum ESPRESSO 5.1,BEEF-vdW,"{""star"": 1, ""H2gas"": 0.5}","{""Hstar"": 1}",111,,0.240736391941965
Fe-0.2-In-0.8,Fe3In9,In3Fe,0.5H2(g) + * -> H*,"{""H"": ""top|B""}",UmVhY3Rpb246NDA0MDQw,MamunHighT2019,Quantum ESPRESSO 5.1,BEEF-vdW,"{""star"": 1, ""H2gas"": 0.5}","{""Hstar"": 1}",111,,0.170432244242903
Fe-0.2-Ir-0.8,Fe3Ir9,Ir3Fe,0.5H2(g) + * -> H*,"{""H"": ""hollow|A_A_B|FCC""}",UmVhY3Rpb246NDE4Mjkx,MamunHighT2019,Quantum ESPRESSO 5.1,BEEF-vdW,"{""star"": 1, ""H2gas"": 0.5}","{""Hstar"": 1}",111,,-0.262359645958867
Fe-0.2-La-0.8,Fe3La9,La3Fe,0.5H2(g) + * -> H*,"{""H"": ""hollow|A_A_A|HCP""}",UmVhY3Rpb246MzQ0ODk0,MamunHighT2019,Quantum ESPRESSO 5.1,BEEF-vdW,"{""star"": 1, ""H2gas"": 0.5}","{""Hstar"": 1}",111,,-0.681626389959064
Fe-0.2-Mo-0.8,Fe3Mo9,Mo3Fe,0.5H2(g) + * -> H*,"{""H"": ""hollow|A_A_A|FCC""}",UmVhY3Rpb246MzQ4NzAw,MamunHighT2019,Quantum ESPRESSO 5.1,BEEF-vdW,"{""star"": 1, ""H2gas"": 0.5}","{""Hstar"": 1}",111,,-0.827388249358563
Fe-0.2-Nb-0.8,Fe3Nb9,Nb3Fe,0.5H2(g) + * -> H*,"{""H"": ""hollow|A_A_A|HCP""}",UmVhY3Rpb246NDA3NDU5,MamunHighT2019,Quantum ESPRESSO 5.1,BEEF-vdW,"{""star"": 1, ""H2gas"": 0.5}","{""Hstar"": 1}",111,,-0.97775073745558
Fe-0.2-Ni-0.8,Fe3Ni9,Ni3Fe,0.5H2(g) + * -> H*,"{""H"": ""hollow|A_A_B|HCP""}",UmVhY3Rpb246NDIxODIx,MamunHighT2019,Quantum ESPRESSO 5.1,BEEF-vdW,"{""star"": 1, ""H2gas"": 0.5}","{""Hstar"": 1}",111,,-0.299559240359457
Fe-0.2-Os-0.8,Fe3Os9,Os3Fe,0.5H2(g) + * -> H*,"{""H"": ""hollow|A_A_B|FCC""}",UmVhY3Rpb246NDEyNjAw,MamunHighT2019,Quantum ESPRESSO 5.1,BEEF-vdW,"{""star"": 1, ""H2gas"": 0.5}","{""Hstar"": 1}",111,,-0.302844470860663
Fe-0.2-Pb-0.8,Fe3Pb9,Pb3Fe,0.5H2(g) + * -> H*,"{""H"": ""bridge|A_A|B""}",UmVhY3Rpb246NDA0NDU2,MamunHighT2019,Quantum ESPRESSO 5.1,BEEF-vdW,"{""star"": 1, ""H2gas"": 0.5}","{""Hstar"": 1}",111,,0.832918010743953
Fe-0.2-Pd-0.8,Fe3Pd9,Pd3Fe,0.5H2(g) + * -> H*,"{""H"": ""bridge|A_A|B""}",UmVhY3Rpb246NDAxMzg2,MamunHighT2019,Quantum ESPRESSO 5.1,BEEF-vdW,"{""star"": 1, ""H2gas"": 0.5}","{""Hstar"": 1}",111,,-0.159397619862801
Fe-0.2-Pt-0.8,Fe3Pt9,Pt3Fe,0.5H2(g) + * -> H*,"{""H"": ""bridge|A_A|B""}",UmVhY3Rpb246NDAwOTgy,MamunHighT2019,Quantum ESPRESSO 5.1,BEEF-vdW,"{""star"": 1, ""H2gas"": 0.5}","{""Hstar"": 1}",111,,-0.243660527258697
Fe-0.2-Re-0.8,Fe3Re9,Re3Fe,0.5H2(g) + * -> H*,"{""H"": ""hollow|A_A_B|HCP""}",UmVhY3Rpb246MzQxODgz,MamunHighT2019,Quantum ESPRESSO 5.1,BEEF-vdW,"{""star"": 1, ""H2gas"": 0.5}","{""Hstar"": 1}",111,,-0.583738470558245
Fe-0.2-Rh-0.8,Fe3Rh9,Rh3Fe,0.5H2(g) + * -> H*,"{""H"": ""hollow|A_A_B|FCC""}",UmVhY3Rpb246NDIwMTY1,MamunHighT2019,Quantum ESPRESSO 5.1,BEEF-vdW,"{""star"": 1, ""H2gas"": 0.5}","{""Hstar"": 1}",111,,-0.323354779257869
Fe-0.2-Ru-0.8,Fe3Ru9,Ru3Fe,0.5H2(g) + * -> H*,"{""H"": ""hollow|A_A_A|FCC""}",UmVhY3Rpb246NDE1ODk4,MamunHighT2019,Quantum ESPRESSO 5.1,BEEF-vdW,"{""star"": 1, ""H2gas"": 0.5}","{""Hstar"": 1}",111,,-0.444969800758344
Fe-0.2-Sc-0.8,Fe3Sc9,Sc3Fe,0.5H2(g) + * -> H*,"{""H"": ""hollow|A_A_A|HCP""}",UmVhY3Rpb246NDA2MDMw,MamunHighT2019,Quantum ESPRESSO 5.1,BEEF-vdW,"{""star"": 1, ""H2gas"": 0.5}","{""Hstar"": 1}",111,,-1.13967656695874
Fe-0.2-Sn-0.8,Fe3Sn9,Sn3Fe,0.5H2(g) + * -> H*,"{""H"": ""bridge|A_A|A""}",UmVhY3Rpb246NDA0NzE3,MamunHighT2019,Quantum ESPRESSO 5.1,BEEF-vdW,"{""star"": 1, ""H2gas"": 0.5}","{""Hstar"": 1}",111,,1.02847221274081
Fe-0.2-Ta-0.8,Fe3Ta9,Ta3Fe,0.5H2(g) + * -> H*,"{""H"": ""hollow|A_A_A|HCP""}",UmVhY3Rpb246NDA3MTc2,MamunHighT2019,Quantum ESPRESSO 5.1,BEEF-vdW,"{""star"": 1, ""H2gas"": 0.5}","{""Hstar"": 1}",111,,-1.00070939015765
Fe-0.2-Tc-0.8,Fe3Tc9,Tc3Fe,0.5H2(g) + * -> H*,"{""H"": ""hollow|A_A_A|FCC""}",UmVhY3Rpb246NDEwOTc1,MamunHighT2019,Quantum ESPRESSO 5.1,BEEF-vdW,"{""star"": 1, ""H2gas"": 0.5}","{""Hstar"": 1}",111,,-0.663466464756283
Fe-0.2-W-0.8,Fe3W9,W3Fe,0.5H2(g) + * -> H*,"{""H"": ""hollow|A_A_A|HCP""}",UmVhY3Rpb246NDEwMDQy,MamunHighT2019,Quantum ESPRESSO 5.1,BEEF-vdW,"{""star"": 1, ""H2gas"": 0.5}","{""Hstar"": 1}",111,,-0.838408315556961
Fe-0.2-Zn-0.8,Fe3Zn9,Zn3Fe,0.5H2(g) + * -> H*,"{""H"": ""hollow|A_A_B|HCP""}",UmVhY3Rpb246NDAyNzY5,MamunHighT2019,Quantum ESPRESSO 5.1,BEEF-vdW,"{""star"": 1, ""H2gas"": 0.5}","{""Hstar"": 1}",111,,-0.0498769700706987
Fe-0.2-Zr-0.8,Fe3Zr9,Zr3Fe,0.5H2(g) + * -> H*,"{""H"": ""hollow|A_A_A|HCP""}",UmVhY3Rpb246NDA2Mzc0,MamunHighT2019,Quantum ESPRESSO 5.1,BEEF-vdW,"{""star"": 1, ""H2gas"": 0.5}","{""Hstar"": 1}",111,,-0.962377121958497
Fe-0.5-Ga-0.5,Fe6Ga6,FeGa,0.5H2(g) + * -> H*,"{""H"": ""bridge|A_A|B""}",UmVhY3Rpb246MzU3Mzgx,MamunHighT2019,Quantum ESPRESSO 5.1,BEEF-vdW,"{""star"": 1, ""H2gas"": 0.5}","{""Hstar"": 1}",101,,-0.0747986519554331
Fe-0.5-Hf-0.5,Fe6Hf6,FeHf,0.5H2(g) + * -> H*,"{""H"": ""hollow|A_B_B|FCC""}",UmVhY3Rpb246MzU3NDY0,MamunHighT2019,Quantum ESPRESSO 5.1,BEEF-vdW,"{""star"": 1, ""H2gas"": 0.5}","{""Hstar"": 1}",101,,-0.850113292354735
Fe-0.5-Hg-0.5,Fe6Hg6,FeHg,0.5H2(g) + * -> H*,"{""H"": ""bridge|A_A|B""}",UmVhY3Rpb246MzU4MjM4,MamunHighT2019,Quantum ESPRESSO 5.1,BEEF-vdW,"{""star"": 1, ""H2gas"": 0.5}","{""Hstar"": 1}",101,,-0.292996807055687
Fe-0.5-In-0.5,Fe6In6,FeIn,0.5H2(g) + * -> H*,"{""H"": ""bridge|A_A|B""}",UmVhY3Rpb246NDI4Mjc4,MamunHighT2019,Quantum ESPRESSO 5.1,BEEF-vdW,"{""star"": 1, ""H2gas"": 0.5}","{""Hstar"": 1}",101,,-0.150768209859024
Fe-0.5-Ir-0.5,Fe6Ir6,FeIr,0.5H2(g) + * -> H*,"{""H"": ""hollow|A_A_B|HCP""}",UmVhY3Rpb246MzU2MTMz,MamunHighT2019,Quantum ESPRESSO 5.1,BEEF-vdW,"{""star"": 1, ""H2gas"": 0.5}","{""Hstar"": 1}",101,,-0.168899971263244
Fe-0.5-La-0.5,Fe6La6,FeLa,0.5H2(g) + * -> H*,"{""H"": ""hollow-tilt|A_B_B|FCC""}",UmVhY3Rpb246MzU1MjU0,MamunHighT2019,Quantum ESPRESSO 5.1,BEEF-vdW,"{""star"": 1, ""H2gas"": 0.5}","{""Hstar"": 1}",101,,-0.584980942358897
Fe-0.5-Nb-0.5,Fe6Nb6,FeNb,0.5H2(g) + * -> H*,"{""H"": ""bridge|A_A|B""}",UmVhY3Rpb246NDI4Mjgz,MamunHighT2019,Quantum ESPRESSO 5.1,BEEF-vdW,"{""star"": 1, ""H2gas"": 0.5}","{""Hstar"": 1}",101,,-0.47461565125829
Fe-0.5-Ni-0.5,Fe6Ni6,FeNi,0.5H2(g) + * -> H*,"{""H"": ""hollow|A_A_B|HCP""}",UmVhY3Rpb246MzU4OTI5,MamunHighT2019,Quantum ESPRESSO 5.1,BEEF-vdW,"{""star"": 1, ""H2gas"": 0.5}","{""Hstar"": 1}",101,,-0.141461236255935
Fe-0.5-Os-0.5,Fe6Os6,FeOs,0.5H2(g) + * -> H*,"{""H"": ""hollow|A_A_B|HCP""}",UmVhY3Rpb246MzU4NDU0,MamunHighT2019,Quantum ESPRESSO 5.1,BEEF-vdW,"{""star"": 1, ""H2gas"": 0.5}","{""Hstar"": 1}",101,,-0.382333957159943
Fe-0.5-Pb-0.5,Fe6Pb6,FePb,0.5H2(g) + * -> H*,"{""H"": ""top|A""}",UmVhY3Rpb246MzUyNzQw,MamunHighT2019,Quantum ESPRESSO 5.1,BEEF-vdW,"{""star"": 1, ""H2gas"": 0.5}","{""Hstar"": 1}",101,,0.157437720038644
Fe-0.5-Pd-0.5,Fe6Pd6,FePd,0.5H2(g) + * -> H*,"{""H"": ""hollow|A_A_B|FCC""}",UmVhY3Rpb246MzU5Njcz,MamunHighT2019,Quantum ESPRESSO 5.1,BEEF-vdW,"{""star"": 1, ""H2gas"": 0.5}","{""Hstar"": 1}",101,,0.0371892540433976
Fe-0.5-Pt-0.5,Fe6Pt6,FePt,0.5H2(g) + * -> H*,"{""H"": ""hollow|A_A_B|FCC""}",UmVhY3Rpb246MzUyMDg4,MamunHighT2019,Quantum ESPRESSO 5.1,BEEF-vdW,"{""star"": 1, ""H2gas"": 0.5}","{""Hstar"": 1}",101,,0.0790905675467286
Fe-0.5-Rh-0.5,Fe6Rh6,FeRh,0.5H2(g) + * -> H*,"{""H"": ""hollow|A_B_B|HCP""}",UmVhY3Rpb246MzUzMzgx,MamunHighT2019,Quantum ESPRESSO 5.1,BEEF-vdW,"{""star"": 1, ""H2gas"": 0.5}","{""Hstar"": 1}",101,,1.25793084664568
Fe-0.5-Ru-0.5,Fe6Ru6,FeRu,0.5H2(g) + * -> H*,"{""H"": ""hollow|A_B_B|FCC""}",UmVhY3Rpb246NDI4Mjk0,MamunHighT2019,Quantum ESPRESSO 5.1,BEEF-vdW,"{""star"": 1, ""H2gas"": 0.5}","{""Hstar"": 1}",101,,-0.3861679051615
Fe-0.5-Sc-0.5,Fe6Sc6,FeSc,0.5H2(g) + * -> H*,"{""H"": ""hollow|A_A_B|FCC""}",UmVhY3Rpb246NDI4ODM3,MamunHighT2019,Quantum ESPRESSO 5.1,BEEF-vdW,"{""star"": 1, ""H2gas"": 0.5}","{""Hstar"": 1}",101,,-0.748153597559366
Fe-0.5-Sn-0.5,Fe6Sn6,FeSn,0.5H2(g) + * -> H*,"{""H"": ""bridge|A_A|B""}",UmVhY3Rpb246MzU4NDAx,MamunHighT2019,Quantum ESPRESSO 5.1,BEEF-vdW,"{""star"": 1, ""H2gas"": 0.5}","{""Hstar"": 1}",101,,0.0202134323417624
Fe-0.5-Ta-0.5,Fe6Ta6,FeTa,0.5H2(g) + * -> H*,"{""H"": ""hollow|A_B_B|FCC""}",UmVhY3Rpb246NDA3MTgy,MamunHighT2019,Quantum ESPRESSO 5.1,BEEF-vdW,"{""star"": 1, ""H2gas"": 0.5}","{""Hstar"": 1}",101,,-0.731427984358533
Fe-0.5-Tc-0.5,Fe6Tc6,FeTc,0.5H2(g) + * -> H*,"{""H"": ""hollow|A_B_B|FCC""}",UmVhY3Rpb246NDExMDE3,MamunHighT2019,Quantum ESPRESSO 5.1,BEEF-vdW,"{""star"": 1, ""H2gas"": 0.5}","{""Hstar"": 1}",101,,-0.542700302364182
Fe-0.5-Ti-0.5,Fe6Ti6,FeTi,0.5H2(g) + * -> H*,"{""H"": ""hollow|A_A_B|FCC""}",UmVhY3Rpb246NDI4ODQy,MamunHighT2019,Quantum ESPRESSO 5.1,BEEF-vdW,"{""star"": 1, ""H2gas"": 0.5}","{""Hstar"": 1}",101,,-0.79726674405444
Fe-0.5-Tl-0.5,Fe6Tl6,FeTl,0.5H2(g) + * -> H*,"{""H"": ""bridge|A_A|B""}",UmVhY3Rpb246MzUyMjcx,MamunHighT2019,Quantum ESPRESSO 5.1,BEEF-vdW,"{""star"": 1, ""H2gas"": 0.5}","{""Hstar"": 1}",101,,-0.360020758459513
Fe-0.5-V-0.5,Fe6V6,FeV,0.5H2(g) + * -> H*,"{""H"": ""hollow|A_B_B|FCC""}",UmVhY3Rpb246NDI4ODQ4,MamunHighT2019,Quantum ESPRESSO 5.1,BEEF-vdW,"{""star"": 1, ""H2gas"": 0.5}","{""Hstar"": 1}",101,,-0.964003546260727
Fe-0.5-W-0.5,Fe6W6,FeW,0.5H2(g) + * -> H*,"{""H"": ""hollow|A_A_B|HCP""}",UmVhY3Rpb246NDI4ODUx,MamunHighT2019,Quantum ESPRESSO 5.1,BEEF-vdW,"{""star"": 1, ""H2gas"": 0.5}","{""Hstar"": 1}",101,,-0.70616888136189
Fe-0.5-Y-0.5,Fe6Y6,FeY,0.5H2(g) + * -> H*,"{""H"": ""hollow-tilt|A_B_B|FCC""}",UmVhY3Rpb246MzU5OTMx,MamunHighT2019,Quantum ESPRESSO 5.1,BEEF-vdW,"{""star"": 1, ""H2gas"": 0.5}","{""Hstar"": 1}",101,,-0.797759406154881
Fe-0.5-Zn-0.5,Fe6Zn6,FeZn,0.5H2(g) + * -> H*,"{""H"": ""hollow|A_A_B|HCP""}",UmVhY3Rpb246MzU3Njkz,MamunHighT2019,Quantum ESPRESSO 5.1,BEEF-vdW,"{""star"": 1, ""H2gas"": 0.5}","{""Hstar"": 1}",101,,-0.38484094195789
Fe-0.5-Zr-0.5,Fe6Zr6,FeZr,0.5H2(g) + * -> H*,"{""H"": ""hollow-tilt|A_B_B|FCC""}",UmVhY3Rpb246MzU5MzUx,MamunHighT2019,Quantum ESPRESSO 5.1,BEEF-vdW,"{""star"": 1, ""H2gas"": 0.5}","{""Hstar"": 1}",101,,-0.778052513759548
Fe-0.8-Ga-0.2,Fe9Ga3,Fe3Ga,0.5H2(g) + * -> H*,"{""H"": ""hollow|A_A_A|HCP""}",UmVhY3Rpb246MzQ1MDMx,MamunHighT2019,Quantum ESPRESSO 5.1,BEEF-vdW,"{""star"": 1, ""H2gas"": 0.5}","{""Hstar"": 1}",111,,-0.40121212685969
Fe-0.8-Hf-0.2,Fe9Hf3,Fe3Hf,0.5H2(g) + * -> H*,"{""H"": ""hollow|A_A_A|HCP""}",UmVhY3Rpb246MzQ3MzQw,MamunHighT2019,Quantum ESPRESSO 5.1,BEEF-vdW,"{""star"": 1, ""H2gas"": 0.5}","{""Hstar"": 1}",111,,-0.65876637856033
Fe-0.8-In-0.2,Fe9In3,Fe3In,0.5H2(g) + * -> H*,"{""H"": ""top|B""}",UmVhY3Rpb246MzU0NzMx,MamunHighT2019,Quantum ESPRESSO 5.1,BEEF-vdW,"{""star"": 1, ""H2gas"": 0.5}","{""Hstar"": 1}",111,,1.77387882114365
Fe-0.8-La-0.2,Fe9La3,Fe3La,0.5H2(g) + * -> H*,"{""H"": ""bridge|A_A|B""}",UmVhY3Rpb246NDAwNTE2,MamunHighT2019,Quantum ESPRESSO 5.1,BEEF-vdW,"{""star"": 1, ""H2gas"": 0.5}","{""Hstar"": 1}",111,,-0.356864510059467
Fe-0.8-Mo-0.2,Fe9Mo3,Fe3Mo,0.5H2(g) + * -> H*,"{""H"": ""hollow|A_A_B|HCP""}",UmVhY3Rpb246NDAwNTk5,MamunHighT2019,Quantum ESPRESSO 5.1,BEEF-vdW,"{""star"": 1, ""H2gas"": 0.5}","{""Hstar"": 1}",111,,-0.593258917556312
Fe-0.8-Nb-0.2,Fe9Nb3,Fe3Nb,0.5H2(g) + * -> H*,"{""H"": ""hollow|A_A_B|HCP""}",UmVhY3Rpb246NDAwNTgx,MamunHighT2019,Quantum ESPRESSO 5.1,BEEF-vdW,"{""star"": 1, ""H2gas"": 0.5}","{""Hstar"": 1}",111,,-0.647012693362711
Fe-0.8-Pb-0.2,Fe9Pb3,Fe3Pb,0.5H2(g) + * -> H*,"{""H"": ""hollow|A_A_A|HCP""}",UmVhY3Rpb246NDI4MjEw,MamunHighT2019,Quantum ESPRESSO 5.1,BEEF-vdW,"{""star"": 1, ""H2gas"": 0.5}","{""Hstar"": 1}",111,,0.350825623639167
Fe-0.8-Sc-0.2,Fe9Sc3,Fe3Sc,0.5H2(g) + * -> H*,"{""H"": ""bridge|A_A|B""}",UmVhY3Rpb246NDAwNTI3,MamunHighT2019,Quantum ESPRESSO 5.1,BEEF-vdW,"{""star"": 1, ""H2gas"": 0.5}","{""Hstar"": 1}",111,,-0.484592841158673
Fe-0.8-Sn-0.2,Fe9Sn3,Fe3Sn,0.5H2(g) + * -> H*,"{""H"": ""hollow|A_A_A|HCP""}",UmVhY3Rpb246MzQwNDMz,MamunHighT2019,Quantum ESPRESSO 5.1,BEEF-vdW,"{""star"": 1, ""H2gas"": 0.5}","{""Hstar"": 1}",111,,0.0060096341412929
Fe-0.8-Ta-0.2,Fe9Ta3,Fe3Ta,0.5H2(g) + * -> H*,"{""H"": ""hollow|A_A_B|HCP""}",UmVhY3Rpb246NDAwNTcw,MamunHighT2019,Quantum ESPRESSO 5.1,BEEF-vdW,"{""star"": 1, ""H2gas"": 0.5}","{""Hstar"": 1}",111,,-0.661787794560013
Fe-0.8-Ti-0.2,Fe9Ti3,Fe3Ti,0.5H2(g) + * -> H*,"{""H"": ""hollow|A_A_A|HCP""}",UmVhY3Rpb246MzQ4OTgy,MamunHighT2019,Quantum ESPRESSO 5.1,BEEF-vdW,"{""star"": 1, ""H2gas"": 0.5}","{""Hstar"": 1}",111,,-0.753943499758833
Fe-0.8-Tl-0.2,Fe9Tl3,Fe3Tl,0.5H2(g) + * -> H*,"{""H"": ""hollow|A_A_A|HCP""}",UmVhY3Rpb246MzQ4NDk4,MamunHighT2019,Quantum ESPRESSO 5.1,BEEF-vdW,"{""star"": 1, ""H2gas"": 0.5}","{""Hstar"": 1}",111,,0.163732937545348
Fe-0.8-V-0.2,Fe9V3,Fe3V,0.5H2(g) + * -> H*,"{""H"": ""hollow|A_A_A|HCP""}",UmVhY3Rpb246MzQzNjI0,MamunHighT2019,Quantum ESPRESSO 5.1,BEEF-vdW,"{""star"": 1, ""H2gas"": 0.5}","{""Hstar"": 1}",111,,-0.676876914955727
Fe-0.8-W-0.2,Fe9W3,Fe3W,0.5H2(g) + * -> H*,"{""H"": ""hollow|A_A_B|HCP""}",UmVhY3Rpb246NDAwNjEw,MamunHighT2019,Quantum ESPRESSO 5.1,BEEF-vdW,"{""star"": 1, ""H2gas"": 0.5}","{""Hstar"": 1}",111,,-0.62274231585522
Fe-0.8-Y-0.2,Fe9Y3,Fe3Y,0.5H2(g) + * -> H*,"{""H"": ""bridge|A_A|B""}",UmVhY3Rpb246NDAwNTA2,MamunHighT2019,Quantum ESPRESSO 5.1,BEEF-vdW,"{""star"": 1, ""H2gas"": 0.5}","{""Hstar"": 1}",111,,-0.31359514436096
Fe-0.8-Zn-0.2,Fe9Zn3,Fe3Zn,0.5H2(g) + * -> H*,"{""H"": ""hollow|A_A_A|HCP""}",UmVhY3Rpb246NDI4MjM2,MamunHighT2019,Quantum ESPRESSO 5.1,BEEF-vdW,"{""star"": 1, ""H2gas"": 0.5}","{""Hstar"": 1}",111,,0.181162509238703
Fe-0.8-Zr-0.2,Fe9Zr3,Fe3Zr,0.5H2(g) + * -> H*,"{""H"": ""hollow|A_A_B|HCP""}",UmVhY3Rpb246NDAwNTM4,MamunHighT2019,Quantum ESPRESSO 5.1,BEEF-vdW,"{""star"": 1, ""H2gas"": 0.5}","{""Hstar"": 1}",111,,-0.50714441155921
Ga-1.0,Ga12,Ga,0.5H2(g) + * -> H*,"{""H"": ""bridge|A_A|A""}",UmVhY3Rpb246MzM5MDkw,MamunHighT2019,Quantum ESPRESSO 5.1,BEEF-vdW,"{""star"": 1, ""H2gas"": 0.5}","{""Hstar"": 1}",111,,0.64881095774129
Ga-0.2-Hf-0.8,Ga3Hf9,Hf3Ga,0.5H2(g) + * -> H*,"{""H"": ""hollow|A_A_A|FCC""}",UmVhY3Rpb246MzQ2NzI0,MamunHighT2019,Quantum ESPRESSO 5.1,BEEF-vdW,"{""star"": 1, ""H2gas"": 0.5}","{""Hstar"": 1}",111,,-1.0425425390558
Ga-0.2-Hg-0.8,Ga3Hg9,Hg3Ga,0.5H2(g) + * -> H*,"{""H"": ""top|B""}",UmVhY3Rpb246MzQ5MjE0,MamunHighT2019,Quantum ESPRESSO 5.1,BEEF-vdW,"{""star"": 1, ""H2gas"": 0.5}","{""Hstar"": 1}",111,,0.738130284343271
Ga-0.2-In-0.8,Ga3In9,In3Ga,0.5H2(g) + * -> H*,"{""H"": ""bridge-tilt|A_B|A""}",UmVhY3Rpb246NDA0MTE0,MamunHighT2019,Quantum ESPRESSO 5.1,BEEF-vdW,"{""star"": 1, ""H2gas"": 0.5}","{""Hstar"": 1}",111,,0.631987519541355
Ga-0.2-Ir-0.8,Ga3Ir9,Ir3Ga,0.5H2(g) + * -> H*,"{""H"": ""hollow|A_A_A|HCP""}",UmVhY3Rpb246NDE5MzEx,MamunHighT2019,Quantum ESPRESSO 5.1,BEEF-vdW,"{""star"": 1, ""H2gas"": 0.5}","{""Hstar"": 1}",111,,-0.272717114959022
Ga-0.2-La-0.8,Ga3La9,La3Ga,0.5H2(g) + * -> H*,"{""H"": ""hollow|A_A_A|FCC""}",UmVhY3Rpb246MzQxMjMz,MamunHighT2019,Quantum ESPRESSO 5.1,BEEF-vdW,"{""star"": 1, ""H2gas"": 0.5}","{""Hstar"": 1}",111,,-0.696354823658993
Ga-0.2-Mo-0.8,Ga3Mo9,Mo3Ga,0.5H2(g) + * -> H*,"{""H"": ""hollow|A_A_A|HCP""}",UmVhY3Rpb246MzQyMDQz,MamunHighT2019,Quantum ESPRESSO 5.1,BEEF-vdW,"{""star"": 1, ""H2gas"": 0.5}","{""Hstar"": 1}",111,,-0.895965698661684
Ga-0.2-Nb-0.8,Ga3Nb9,Nb3Ga,0.5H2(g) + * -> H*,"{""H"": ""hollow|A_A_A|FCC""}",UmVhY3Rpb246MzQxMzg5,MamunHighT2019,Quantum ESPRESSO 5.1,BEEF-vdW,"{""star"": 1, ""H2gas"": 0.5}","{""Hstar"": 1}",111,,-1.01632627545675
Ga-0.2-Ni-0.8,Ga3Ni9,Ni3Ga,0.5H2(g) + * -> H*,"{""H"": ""hollow|A_A_A|HCP""}",UmVhY3Rpb246MzQ2Mjc2,MamunHighT2019,Quantum ESPRESSO 5.1,BEEF-vdW,"{""star"": 1, ""H2gas"": 0.5}","{""Hstar"": 1}",111,,-0.566984149560966
Ga-0.2-Os-0.8,Ga3Os9,Os3Ga,0.5H2(g) + * -> H*,"{""H"": ""top|A""}",UmVhY3Rpb246NDEzNDc0,MamunHighT2019,Quantum ESPRESSO 5.1,BEEF-vdW,"{""star"": 1, ""H2gas"": 0.5}","{""Hstar"": 1}",111,,-0.306558416558772
Ga-0.2-Pb-0.8,Ga3Pb9,Pb3Ga,0.5H2(g) + * -> H*,"{""H"": ""bridge|A_B|A""}",UmVhY3Rpb246NDA0NTUx,MamunHighT2019,Quantum ESPRESSO 5.1,BEEF-vdW,"{""star"": 1, ""H2gas"": 0.5}","{""Hstar"": 1}",111,,0.693650148147782
Ga-0.2-Pd-0.8,Ga3Pd9,Pd3Ga,0.5H2(g) + * -> H*,"{""H"": ""hollow|A_A_A|HCP""}",UmVhY3Rpb246MzQ0NjM1,MamunHighT2019,Quantum ESPRESSO 5.1,BEEF-vdW,"{""star"": 1, ""H2gas"": 0.5}","{""Hstar"": 1}",111,,-0.228677395060885
Ga-0.2-Pt-0.8,Ga3Pt9,Pt3Ga,0.5H2(g) + * -> H*,"{""H"": ""hollow|A_A_A|HCP""}",UmVhY3Rpb246NDI4OTgz,MamunHighT2019,Quantum ESPRESSO 5.1,BEEF-vdW,"{""star"": 1, ""H2gas"": 0.5}","{""Hstar"": 1}",111,,-0.33819219456106
Ga-0.2-Re-0.8,Ga3Re9,Re3Ga,0.5H2(g) + * -> H*,"{""H"": ""hollow|A_A_A|HCP""}",UmVhY3Rpb246NDEwNDU0,MamunHighT2019,Quantum ESPRESSO 5.1,BEEF-vdW,"{""star"": 1, ""H2gas"": 0.5}","{""Hstar"": 1}",111,,-0.527552269158122
Ga-0.2-Rh-0.8,Ga3Rh9,Rh3Ga,0.5H2(g) + * -> H*,"{""H"": ""hollow|A_A_A|FCC""}",UmVhY3Rpb246NDIxNDAy,MamunHighT2019,Quantum ESPRESSO 5.1,BEEF-vdW,"{""star"": 1, ""H2gas"": 0.5}","{""Hstar"": 1}",111,,-0.376719840553932
Ga-0.2-Ru-0.8,Ga3Ru9,Ru3Ga,0.5H2(g) + * -> H*,"{""H"": ""hollow|A_A_A|FCC""}",UmVhY3Rpb246NDE3MTU1,MamunHighT2019,Quantum ESPRESSO 5.1,BEEF-vdW,"{""star"": 1, ""H2gas"": 0.5}","{""Hstar"": 1}",111,,-0.451005285852233
Ga-0.2-Sc-0.8,Ga3Sc9,Sc3Ga,0.5H2(g) + * -> H*,"{""H"": ""hollow|A_A_A|FCC""}",UmVhY3Rpb246NDA2MTIw,MamunHighT2019,Quantum ESPRESSO 5.1,BEEF-vdW,"{""star"": 1, ""H2gas"": 0.5}","{""Hstar"": 1}",111,,-1.16062320995749
Ga-0.2-Sn-0.8,Ga3Sn9,Sn3Ga,0.5H2(g) + * -> H*,"{""H"": ""top|A""}",UmVhY3Rpb246NDA0OTAz,MamunHighT2019,Quantum ESPRESSO 5.1,BEEF-vdW,"{""star"": 1, ""H2gas"": 0.5}","{""Hstar"": 1}",111,,0.58417222004303
Ga-0.2-Ta-0.8,Ga3Ta9,Ta3Ga,0.5H2(g) + * -> H*,"{""H"": ""hollow|A_A_A|HCP""}",UmVhY3Rpb246NDA3Mjgy,MamunHighT2019,Quantum ESPRESSO 5.1,BEEF-vdW,"{""star"": 1, ""H2gas"": 0.5}","{""Hstar"": 1}",111,,-1.02813751265691
Ga-0.2-Tc-0.8,Ga3Tc9,Tc3Ga,0.5H2(g) + * -> H*,"{""H"": ""hollow|A_A_A|HCP""}",UmVhY3Rpb246MzQ3MDQ3,MamunHighT2019,Quantum ESPRESSO 5.1,BEEF-vdW,"{""star"": 1, ""H2gas"": 0.5}","{""Hstar"": 1}",111,,-0.539702696259127
Ga-0.2-Ti-0.8,Ga3Ti9,Ti3Ga,0.5H2(g) + * -> H*,"{""H"": ""hollow|A_A_A|FCC""}",UmVhY3Rpb246MzQ2MzM4,MamunHighT2019,Quantum ESPRESSO 5.1,BEEF-vdW,"{""star"": 1, ""H2gas"": 0.5}","{""Hstar"": 1}",111,,-1.09031239545854
Ga-0.2-Tl-0.8,Ga3Tl9,Tl3Ga,0.5H2(g) + * -> H*,"{""H"": ""hollow-tilt|A_A_B|FCC""}",UmVhY3Rpb246MzQxMjA4,MamunHighT2019,Quantum ESPRESSO 5.1,BEEF-vdW,"{""star"": 1, ""H2gas"": 0.5}","{""Hstar"": 1}",111,,0.498617044148915
Ga-0.2-V-0.8,Ga3V9,V3Ga,0.5H2(g) + * -> H*,"{""H"": ""hollow|A_A_A|HCP""}",UmVhY3Rpb246MzQyMzIx,MamunHighT2019,Quantum ESPRESSO 5.1,BEEF-vdW,"{""star"": 1, ""H2gas"": 0.5}","{""Hstar"": 1}",111,,-1.04595661526307
Ga-0.2-W-0.8,Ga3W9,W3Ga,0.5H2(g) + * -> H*,"{""H"": ""hollow|A_A_A|HCP""}",UmVhY3Rpb246NDEwMTg4,MamunHighT2019,Quantum ESPRESSO 5.1,BEEF-vdW,"{""star"": 1, ""H2gas"": 0.5}","{""Hstar"": 1}",111,,-0.92254373765806
Ga-0.2-Y-0.8,Ga3Y9,Y3Ga,0.5H2(g) + * -> H*,"{""H"": ""hollow|A_A_A|FCC""}",UmVhY3Rpb246MzQxNjg5,MamunHighT2019,Quantum ESPRESSO 5.1,BEEF-vdW,"{""star"": 1, ""H2gas"": 0.5}","{""Hstar"": 1}",111,,-1.10260867565646
Ga-0.2-Zn-0.8,Ga3Zn9,Zn3Ga,0.5H2(g) + * -> H*,"{""H"": ""hollow|A_A_A|FCC""}",UmVhY3Rpb246MzQwOTA3,MamunHighT2019,Quantum ESPRESSO 5.1,BEEF-vdW,"{""star"": 1, ""H2gas"": 0.5}","{""Hstar"": 1}",111,,0.463942121955398
Ga-0.2-Zr-0.8,Ga3Zr9,Zr3Ga,0.5H2(g) + * -> H*,"{""H"": ""hollow|A_A_A|FCC""}",UmVhY3Rpb246MzQwMzE5,MamunHighT2019,Quantum ESPRESSO 5.1,BEEF-vdW,"{""star"": 1, ""H2gas"": 0.5}","{""Hstar"": 1}",111,,-1.06712911275733
Ga-0.5-Hf-0.5,Ga6Hf6,GaHf,0.5H2(g) + * -> H*,"{""H"": ""bridge|B_B|A""}",UmVhY3Rpb246MzU2NzM2,MamunHighT2019,Quantum ESPRESSO 5.1,BEEF-vdW,"{""star"": 1, ""H2gas"": 0.5}","{""Hstar"": 1}",101,,-0.56815396685758
Ga-0.5-Hg-0.5,Ga6Hg6,GaHg,0.5H2(g) + * -> H*,"{""H"": ""bridge|A_A|B""}",UmVhY3Rpb246MzUyNDk5,MamunHighT2019,Quantum ESPRESSO 5.1,BEEF-vdW,"{""star"": 1, ""H2gas"": 0.5}","{""Hstar"": 1}",101,,0.561803918347351
Ga-0.5-In-0.5,Ga6In6,GaIn,0.5H2(g) + * -> H*,"{""H"": ""bridge-tilt|A_A|B""}",UmVhY3Rpb246MzU0ODY3,MamunHighT2019,Quantum ESPRESSO 5.1,BEEF-vdW,"{""star"": 1, ""H2gas"": 0.5}","{""Hstar"": 1}",101,,0.647324263744878
Ga-0.5-Ir-0.5,Ga6Ir6,GaIr,0.5H2(g) + * -> H*,"{""H"": ""top|B""}",UmVhY3Rpb246MzU1Mzgy,MamunHighT2019,Quantum ESPRESSO 5.1,BEEF-vdW,"{""star"": 1, ""H2gas"": 0.5}","{""Hstar"": 1}",101,,-0.381625916953425
Ga-0.5-La-0.5,Ga6La6,GaLa,0.5H2(g) + * -> H*,"{""H"": ""hollow|A_B_B|FCC""}",UmVhY3Rpb246MzU1Njcw,MamunHighT2019,Quantum ESPRESSO 5.1,BEEF-vdW,"{""star"": 1, ""H2gas"": 0.5}","{""Hstar"": 1}",101,,-0.490113214559614
Ga-0.5-Mn-0.5,Ga6Mn6,GaMn,0.5H2(g) + * -> H*,"{""H"": ""bridge|B_B|A""}",UmVhY3Rpb246MzU5OTg5,MamunHighT2019,Quantum ESPRESSO 5.1,BEEF-vdW,"{""star"": 1, ""H2gas"": 0.5}","{""Hstar"": 1}",101,,-0.129702108758437
Ga-0.5-Mo-0.5,Ga6Mo6,GaMo,0.5H2(g) + * -> H*,"{""H"": ""bridge|B_B|A""}",UmVhY3Rpb246MzU2NDQ0,MamunHighT2019,Quantum ESPRESSO 5.1,BEEF-vdW,"{""star"": 1, ""H2gas"": 0.5}","{""Hstar"": 1}",101,,-0.372014856161485
Ga-0.5-Nb-0.5,Ga6Nb6,GaNb,0.5H2(g) + * -> H*,"{""H"": ""bridge|B_B|A""}",UmVhY3Rpb246MzU2Mzcy,MamunHighT2019,Quantum ESPRESSO 5.1,BEEF-vdW,"{""star"": 1, ""H2gas"": 0.5}","{""Hstar"": 1}",101,,-0.478759264659828
Ga-0.5-Ni-0.5,Ga6Ni6,GaNi,0.5H2(g) + * -> H*,"{""H"": ""bridge|B_B|A""}",UmVhY3Rpb246MzUyNDkw,MamunHighT2019,Quantum ESPRESSO 5.1,BEEF-vdW,"{""star"": 1, ""H2gas"": 0.5}","{""Hstar"": 1}",101,,0.084107394236554
Ga-0.5-Os-0.5,Ga6Os6,GaOs,0.5H2(g) + * -> H*,"{""H"": ""top|B""}",UmVhY3Rpb246MzUzNDM4,MamunHighT2019,Quantum ESPRESSO 5.1,BEEF-vdW,"{""star"": 1, ""H2gas"": 0.5}","{""Hstar"": 1}",101,,-0.512944381959613
Ga-0.5-Pb-0.5,Ga6Pb6,GaPb,0.5H2(g) + * -> H*,"{""H"": ""bridge|A_A|B""}",UmVhY3Rpb246MzUxMDcy,MamunHighT2019,Quantum ESPRESSO 5.1,BEEF-vdW,"{""star"": 1, ""H2gas"": 0.5}","{""Hstar"": 1}",101,,0.638584511442815
Ga-0.5-Pd-0.5,Ga6Pd6,GaPd,0.5H2(g) + * -> H*,"{""H"": ""hollow|A_B_B|HCP""}",UmVhY3Rpb246MzU4NTk3,MamunHighT2019,Quantum ESPRESSO 5.1,BEEF-vdW,"{""star"": 1, ""H2gas"": 0.5}","{""Hstar"": 1}",101,,0.41219287253719
Ga-0.5-Pt-0.5,Ga6Pt6,GaPt,0.5H2(g) + * -> H*,"{""H"": ""top|B""}",UmVhY3Rpb246MzU3OTY1,MamunHighT2019,Quantum ESPRESSO 5.1,BEEF-vdW,"{""star"": 1, ""H2gas"": 0.5}","{""Hstar"": 1}",101,,0.14131130154513
Ga-0.5-Re-0.5,Ga6Re6,GaRe,0.5H2(g) + * -> H*,"{""H"": ""bridge|B_B|A""}",UmVhY3Rpb246MzUyMjYy,MamunHighT2019,Quantum ESPRESSO 5.1,BEEF-vdW,"{""star"": 1, ""H2gas"": 0.5}","{""Hstar"": 1}",101,,-0.176322692458569
Ga-0.5-Rh-0.5,Ga6Rh6,GaRh,0.5H2(g) + * -> H*,"{""H"": ""top|B""}",UmVhY3Rpb246MzQ5NzY4,MamunHighT2019,Quantum ESPRESSO 5.1,BEEF-vdW,"{""star"": 1, ""H2gas"": 0.5}","{""Hstar"": 1}",101,,-0.0179595133585906
Ga-0.5-Sc-0.5,Ga6Sc6,GaSc,0.5H2(g) + * -> H*,"{""H"": ""hollow|A_B_B|HCP""}",UmVhY3Rpb246MzU1ODM2,MamunHighT2019,Quantum ESPRESSO 5.1,BEEF-vdW,"{""star"": 1, ""H2gas"": 0.5}","{""Hstar"": 1}",101,,-0.493903488152654
Ga-0.5-Sn-0.5,Ga6Sn6,GaSn,0.5H2(g) + * -> H*,"{""H"": ""top|B""}",UmVhY3Rpb246MzU4NzY4,MamunHighT2019,Quantum ESPRESSO 5.1,BEEF-vdW,"{""star"": 1, ""H2gas"": 0.5}","{""Hstar"": 1}",101,,0.59604359444441
Ga-0.5-Ta-0.5,Ga6Ta6,GaTa,0.5H2(g) + * -> H*,"{""H"": ""bridge|B_B|A""}",UmVhY3Rpb246MzUyMzcy,MamunHighT2019,Quantum ESPRESSO 5.1,BEEF-vdW,"{""star"": 1, ""H2gas"": 0.5}","{""Hstar"": 1}",101,,-0.549333485359028
Ga-0.5-Tc-0.5,Ga6Tc6,GaTc,0.5H2(g) + * -> H*,"{""H"": ""top-tilt|B""}",UmVhY3Rpb246MzU5MTQz,MamunHighT2019,Quantum ESPRESSO 5.1,BEEF-vdW,"{""star"": 1, ""H2gas"": 0.5}","{""Hstar"": 1}",101,,-0.44274336545547
Ga-0.5-Ti-0.5,Ga6Ti6,GaTi,0.5H2(g) + * -> H*,"{""H"": ""bridge|B_B|A""}",UmVhY3Rpb246MzUxMTcy,MamunHighT2019,Quantum ESPRESSO 5.1,BEEF-vdW,"{""star"": 1, ""H2gas"": 0.5}","{""Hstar"": 1}",101,,-0.497695394557894
Ga-0.5-Tl-0.5,Ga6Tl6,GaTl,0.5H2(g) + * -> H*,"{""H"": ""bridge|A_A|B""}",UmVhY3Rpb246MzU2NzE0,MamunHighT2019,Quantum ESPRESSO 5.1,BEEF-vdW,"{""star"": 1, ""H2gas"": 0.5}","{""Hstar"": 1}",101,,0.509740513641219
Ga-0.5-V-0.5,Ga6V6,GaV,0.5H2(g) + * -> H*,"{""H"": ""bridge|B_B|A""}",UmVhY3Rpb246MzUyODU2,MamunHighT2019,Quantum ESPRESSO 5.1,BEEF-vdW,"{""star"": 1, ""H2gas"": 0.5}","{""Hstar"": 1}",101,,-0.472735752758098
Ga-0.5-W-0.5,Ga6W6,GaW,0.5H2(g) + * -> H*,"{""H"": ""bridge|B_B|A""}",UmVhY3Rpb246NDEwMTk4,MamunHighT2019,Quantum ESPRESSO 5.1,BEEF-vdW,"{""star"": 1, ""H2gas"": 0.5}","{""Hstar"": 1}",101,,-0.511982187358598
Ga-0.5-Y-0.5,Ga6Y6,GaY,0.5H2(g) + * -> H*,"{""H"": ""hollow|A_B_B|FCC""}",UmVhY3Rpb246MzU1OTE3,MamunHighT2019,Quantum ESPRESSO 5.1,BEEF-vdW,"{""star"": 1, ""H2gas"": 0.5}","{""Hstar"": 1}",101,,-0.4915380026641
Ga-0.5-Zn-0.5,Ga6Zn6,GaZn,0.5H2(g) + * -> H*,"{""H"": ""bridge|B_B|A""}",UmVhY3Rpb246MzUxMzE0,MamunHighT2019,Quantum ESPRESSO 5.1,BEEF-vdW,"{""star"": 1, ""H2gas"": 0.5}","{""Hstar"": 1}",101,,0.587716910938099
Ga-0.5-Zr-0.5,Ga6Zr6,GaZr,0.5H2(g) + * -> H*,"{""H"": ""bridge|B_B|A""}",UmVhY3Rpb246MzUxMzQ5,MamunHighT2019,Quantum ESPRESSO 5.1,BEEF-vdW,"{""star"": 1, ""H2gas"": 0.5}","{""Hstar"": 1}",101,,-0.504524363458557
Ga-0.8-Hf-0.2,Ga9Hf3,Ga3Hf,0.5H2(g) + * -> H*,"{""H"": ""bridge|A_B|A""}",UmVhY3Rpb246NDAzNTU0,MamunHighT2019,Quantum ESPRESSO 5.1,BEEF-vdW,"{""star"": 1, ""H2gas"": 0.5}","{""Hstar"": 1}",111,,0.178199597744452
Ga-0.8-Hg-0.2,Ga9Hg3,Ga3Hg,0.5H2(g) + * -> H*,"{""H"": ""bridge|A_A|B""}",UmVhY3Rpb246NDAzODI5,MamunHighT2019,Quantum ESPRESSO 5.1,BEEF-vdW,"{""star"": 1, ""H2gas"": 0.5}","{""Hstar"": 1}",111,,0.564465055643296
Ga-0.8-In-0.2,Ga9In3,Ga3In,0.5H2(g) + * -> H*,"{""H"": ""bridge|A_A|B""}",UmVhY3Rpb246MzYwNDY4,MamunHighT2019,Quantum ESPRESSO 5.1,BEEF-vdW,"{""star"": 1, ""H2gas"": 0.5}","{""Hstar"": 1}",111,,0.601283146447742
Ga-0.8-Ir-0.2,Ga9Ir3,Ga3Ir,0.5H2(g) + * -> H*,"{""H"": ""bridge|A_A|B""}",UmVhY3Rpb246NDAzNjYz,MamunHighT2019,Quantum ESPRESSO 5.1,BEEF-vdW,"{""star"": 1, ""H2gas"": 0.5}","{""Hstar"": 1}",111,,0.691111598142953
Ga-0.8-La-0.2,Ga9La3,Ga3La,0.5H2(g) + * -> H*,"{""H"": ""bridge|A_B|A""}",UmVhY3Rpb246NDAzNTM4,MamunHighT2019,Quantum ESPRESSO 5.1,BEEF-vdW,"{""star"": 1, ""H2gas"": 0.5}","{""Hstar"": 1}",111,,0.0479245532415291
Ga-0.8-Mn-0.2,Ga9Mn3,Ga3Mn,0.5H2(g) + * -> H*,"{""H"": ""top|B""}",UmVhY3Rpb246MzUwMDMy,MamunHighT2019,Quantum ESPRESSO 5.1,BEEF-vdW,"{""star"": 1, ""H2gas"": 0.5}","{""Hstar"": 1}",111,,0.407426390543179
Ga-0.8-Mo-0.2,Ga9Mo3,Ga3Mo,0.5H2(g) + * -> H*,"{""H"": ""top|B""}",UmVhY3Rpb246MzUzNTky,MamunHighT2019,Quantum ESPRESSO 5.1,BEEF-vdW,"{""star"": 1, ""H2gas"": 0.5}","{""Hstar"": 1}",111,,0.046970658143465
Ga-0.8-Nb-0.2,Ga9Nb3,Ga3Nb,0.5H2(g) + * -> H*,"{""H"": ""top|B""}",UmVhY3Rpb246MzUwMjY5,MamunHighT2019,Quantum ESPRESSO 5.1,BEEF-vdW,"{""star"": 1, ""H2gas"": 0.5}","{""Hstar"": 1}",111,,0.0223428591425829
Ga-0.8-Ni-0.2,Ga9Ni3,Ga3Ni,0.5H2(g) + * -> H*,"{""H"": ""top|B""}",UmVhY3Rpb246NDAzNzAy,MamunHighT2019,Quantum ESPRESSO 5.1,BEEF-vdW,"{""star"": 1, ""H2gas"": 0.5}","{""Hstar"": 1}",111,,0.473569509545115
Ga-0.8-Os-0.2,Ga9Os3,Ga3Os,0.5H2(g) + * -> H*,"{""H"": ""top|B""}",UmVhY3Rpb246MzQ5Mjk2,MamunHighT2019,Quantum ESPRESSO 5.1,BEEF-vdW,"{""star"": 1, ""H2gas"": 0.5}","{""Hstar"": 1}",111,,-0.314988367156701
Ga-0.8-Pb-0.2,Ga9Pb3,Ga3Pb,0.5H2(g) + * -> H*,"{""H"": ""bridge-tilt|A_A|B""}",UmVhY3Rpb246NDAzODY4,MamunHighT2019,Quantum ESPRESSO 5.1,BEEF-vdW,"{""star"": 1, ""H2gas"": 0.5}","{""Hstar"": 1}",111,,0.556208441442351
Ga-0.8-Pd-0.2,Ga9Pd3,Ga3Pd,0.5H2(g) + * -> H*,"{""H"": ""bridge|A_B|A""}",UmVhY3Rpb246NDAzNzQ4,MamunHighT2019,Quantum ESPRESSO 5.1,BEEF-vdW,"{""star"": 1, ""H2gas"": 0.5}","{""Hstar"": 1}",111,,0.639428608637019
Ga-0.8-Pt-0.2,Ga9Pt3,Ga3Pt,0.5H2(g) + * -> H*,"{""H"": ""top|B""}",UmVhY3Rpb246MzU0NjQ4,MamunHighT2019,Quantum ESPRESSO 5.1,BEEF-vdW,"{""star"": 1, ""H2gas"": 0.5}","{""Hstar"": 1}",111,,0.260341105539766
Ga-0.8-Re-0.2,Ga9Re3,Ga3Re,0.5H2(g) + * -> H*,"{""H"": ""top|B""}",UmVhY3Rpb246NDAzNjIx,MamunHighT2019,Quantum ESPRESSO 5.1,BEEF-vdW,"{""star"": 1, ""H2gas"": 0.5}","{""Hstar"": 1}",111,,-0.248540752857451
Ga-0.8-Rh-0.2,Ga9Rh3,Ga3Rh,0.5H2(g) + * -> H*,"{""H"": ""top|B""}",UmVhY3Rpb246NDAzNjgy,MamunHighT2019,Quantum ESPRESSO 5.1,BEEF-vdW,"{""star"": 1, ""H2gas"": 0.5}","{""Hstar"": 1}",111,,0.269645085842996
Ga-0.8-Ru-0.2,Ga9Ru3,Ga3Ru,0.5H2(g) + * -> H*,"{""H"": ""top|B""}",UmVhY3Rpb246MzU0MDY0,MamunHighT2019,Quantum ESPRESSO 5.1,BEEF-vdW,"{""star"": 1, ""H2gas"": 0.5}","{""Hstar"": 1}",111,,0.0291610795402733
Ga-0.8-Sc-0.2,Ga9Sc3,Ga3Sc,0.5H2(g) + * -> H*,"{""H"": ""bridge|A_B|A""}",UmVhY3Rpb246NDAzNTQx,MamunHighT2019,Quantum ESPRESSO 5.1,BEEF-vdW,"{""star"": 1, ""H2gas"": 0.5}","{""Hstar"": 1}",111,,0.159553405138496
Ga-0.8-Sn-0.2,Ga9Sn3,Ga3Sn,0.5H2(g) + * -> H*,"{""H"": ""top|B""}",UmVhY3Rpb246NDAzODk4,MamunHighT2019,Quantum ESPRESSO 5.1,BEEF-vdW,"{""star"": 1, ""H2gas"": 0.5}","{""Hstar"": 1}",111,,0.549646552245605
Ga-0.8-Ta-0.2,Ga9Ta3,Ga3Ta,0.5H2(g) + * -> H*,"{""H"": ""top|B""}",UmVhY3Rpb246MzQ5MjIx,MamunHighT2019,Quantum ESPRESSO 5.1,BEEF-vdW,"{""star"": 1, ""H2gas"": 0.5}","{""Hstar"": 1}",111,,-0.191154801562305
Ga-0.8-Tc-0.2,Ga9Tc3,Ga3Tc,0.5H2(g) + * -> H*,"{""H"": ""top|B""}",UmVhY3Rpb246MzQ5NTAz,MamunHighT2019,Quantum ESPRESSO 5.1,BEEF-vdW,"{""star"": 1, ""H2gas"": 0.5}","{""Hstar"": 1}",111,,0.0277869046413173
Ga-0.8-Ti-0.2,Ga9Ti3,Ga3Ti,0.5H2(g) + * -> H*,"{""H"": ""bridge|A_B|A""}",UmVhY3Rpb246NDAzNTYz,MamunHighT2019,Quantum ESPRESSO 5.1,BEEF-vdW,"{""star"": 1, ""H2gas"": 0.5}","{""Hstar"": 1}",111,,0.296155368342653
Ga-0.8-Tl-0.2,Ga9Tl3,Ga3Tl,0.5H2(g) + * -> H*,"{""H"": ""hollow-tilt|A_A_A|FCC""}",UmVhY3Rpb246NDAzODYw,MamunHighT2019,Quantum ESPRESSO 5.1,BEEF-vdW,"{""star"": 1, ""H2gas"": 0.5}","{""Hstar"": 1}",111,,0.431326285143797
Ga-0.8-V-0.2,Ga9V3,Ga3V,0.5H2(g) + * -> H*,"{""H"": ""top|B""}",UmVhY3Rpb246MzU1MjQ5,MamunHighT2019,Quantum ESPRESSO 5.1,BEEF-vdW,"{""star"": 1, ""H2gas"": 0.5}","{""Hstar"": 1}",111,,0.10865179034684
Ga-0.8-W-0.2,Ga9W3,Ga3W,0.5H2(g) + * -> H*,"{""H"": ""top|B""}",UmVhY3Rpb246NDAzNjEy,MamunHighT2019,Quantum ESPRESSO 5.1,BEEF-vdW,"{""star"": 1, ""H2gas"": 0.5}","{""Hstar"": 1}",111,,-0.20848545975511
Ga-0.8-Y-0.2,Ga9Y3,Ga3Y,0.5H2(g) + * -> H*,"{""H"": ""bridge|A_B|A""}",UmVhY3Rpb246NDAzNTMy,MamunHighT2019,Quantum ESPRESSO 5.1,BEEF-vdW,"{""star"": 1, ""H2gas"": 0.5}","{""Hstar"": 1}",111,,0.0553859146466778
Ga-0.8-Zn-0.2,Ga9Zn3,Ga3Zn,0.5H2(g) + * -> H*,"{""H"": ""bridge|A_B|A""}",UmVhY3Rpb246NDAzODE3,MamunHighT2019,Quantum ESPRESSO 5.1,BEEF-vdW,"{""star"": 1, ""H2gas"": 0.5}","{""Hstar"": 1}",111,,0.571775393947092
Ga-0.8-Zr-0.2,Ga9Zr3,Ga3Zr,0.5H2(g) + * -> H*,"{""H"": ""bridge|A_B|A""}",UmVhY3Rpb246NDAzNTUx,MamunHighT2019,Quantum ESPRESSO 5.1,BEEF-vdW,"{""star"": 1, ""H2gas"": 0.5}","{""Hstar"": 1}",111,,0.221526787544491
Hf-1.0,Hf12,Hf,0.5H2(g) + * -> H*,"{""H"": ""hollow|A_A_A|FCC""}",UmVhY3Rpb246MzM5MTI2,MamunHighT2019,Quantum ESPRESSO 5.1,BEEF-vdW,"{""star"": 1, ""H2gas"": 0.5}","{""Hstar"": 1}",111,,-0.996874897958122
Hf-0.2-Hg-0.8,Hf3Hg9,Hg3Hf,0.5H2(g) + * -> H*,"{""H"": ""top-tilt|B""}",UmVhY3Rpb246MzU0MTE5,MamunHighT2019,Quantum ESPRESSO 5.1,BEEF-vdW,"{""star"": 1, ""H2gas"": 0.5}","{""Hstar"": 1}",111,,-0.199394544556498
Hf-0.2-In-0.8,Hf3In9,In3Hf,0.5H2(g) + * -> H*,"{""H"": ""top|B""}",UmVhY3Rpb246MzU0MzU3,MamunHighT2019,Quantum ESPRESSO 5.1,BEEF-vdW,"{""star"": 1, ""H2gas"": 0.5}","{""Hstar"": 1}",111,,-0.0743499362569935
Hf-0.2-Ir-0.8,Hf3Ir9,Ir3Hf,0.5H2(g) + * -> H*,"{""H"": ""hollow|A_A_B|FCC""}",UmVhY3Rpb246NDE3NjAz,MamunHighT2019,Quantum ESPRESSO 5.1,BEEF-vdW,"{""star"": 1, ""H2gas"": 0.5}","{""Hstar"": 1}",111,,-0.579740165957418
Hf-0.2-La-0.8,Hf3La9,La3Hf,0.5H2(g) + * -> H*,"{""H"": ""hollow|A_A_B|FCC""}",UmVhY3Rpb246MzQyOTg4,MamunHighT2019,Quantum ESPRESSO 5.1,BEEF-vdW,"{""star"": 1, ""H2gas"": 0.5}","{""Hstar"": 1}",111,,-0.800799598057864
Hf-0.2-Mo-0.8,Hf3Mo9,Mo3Hf,0.5H2(g) + * -> H*,"{""H"": ""top|B""}",UmVhY3Rpb246MzYwNTAy,MamunHighT2019,Quantum ESPRESSO 5.1,BEEF-vdW,"{""star"": 1, ""H2gas"": 0.5}","{""Hstar"": 1}",111,,0.144209041741334
Hf-0.2-Nb-0.8,Hf3Nb9,Nb3Hf,0.5H2(g) + * -> H*,"{""H"": ""hollow|A_A_B|HCP""}",UmVhY3Rpb246NDA3MzM2,MamunHighT2019,Quantum ESPRESSO 5.1,BEEF-vdW,"{""star"": 1, ""H2gas"": 0.5}","{""Hstar"": 1}",111,,-0.973958286856004
Hf-0.2-Ni-0.8,Hf3Ni9,Ni3Hf,0.5H2(g) + * -> H*,"{""H"": ""bridge|A_A|A""}",UmVhY3Rpb246Mzk1OTgy,MamunHighT2019,Quantum ESPRESSO 5.1,BEEF-vdW,"{""star"": 1, ""H2gas"": 0.5}","{""Hstar"": 1}",111,,-0.424361667456623
Hf-0.2-Os-0.8,Hf3Os9,Os3Hf,0.5H2(g) + * -> H*,"{""H"": ""hollow|A_A_B|FCC""}",UmVhY3Rpb246NDExNjcy,MamunHighT2019,Quantum ESPRESSO 5.1,BEEF-vdW,"{""star"": 1, ""H2gas"": 0.5}","{""Hstar"": 1}",111,,-0.634295861257641
Hf-0.2-Pb-0.8,Hf3Pb9,Pb3Hf,0.5H2(g) + * -> H*,"{""H"": ""top|B""}",UmVhY3Rpb246NDA0MzU4,MamunHighT2019,Quantum ESPRESSO 5.1,BEEF-vdW,"{""star"": 1, ""H2gas"": 0.5}","{""Hstar"": 1}",111,,-0.264833841057197
Hf-0.2-Pd-0.8,Hf3Pd9,Pd3Hf,0.5H2(g) + * -> H*,"{""H"": ""hollow|A_A_A|HCP""}",UmVhY3Rpb246MzQwMzUy,MamunHighT2019,Quantum ESPRESSO 5.1,BEEF-vdW,"{""star"": 1, ""H2gas"": 0.5}","{""Hstar"": 1}",111,,-0.321904276456706
Hf-0.2-Pt-0.8,Hf3Pt9,Pt3Hf,0.5H2(g) + * -> H*,"{""H"": ""bridge|A_A|B""}",UmVhY3Rpb246NDAwNzgx,MamunHighT2019,Quantum ESPRESSO 5.1,BEEF-vdW,"{""star"": 1, ""H2gas"": 0.5}","{""Hstar"": 1}",111,,-0.312406142957997
Hf-0.2-Re-0.8,Hf3Re9,Re3Hf,0.5H2(g) + * -> H*,"{""H"": ""hollow|A_A_B|FCC""}",UmVhY3Rpb246MzQ3NzEy,MamunHighT2019,Quantum ESPRESSO 5.1,BEEF-vdW,"{""star"": 1, ""H2gas"": 0.5}","{""Hstar"": 1}",111,,-0.78632354995986
Hf-0.2-Rh-0.8,Hf3Rh9,Rh3Hf,0.5H2(g) + * -> H*,"{""H"": ""hollow|A_A_B|FCC""}",UmVhY3Rpb246NDE5NzMz,MamunHighT2019,Quantum ESPRESSO 5.1,BEEF-vdW,"{""star"": 1, ""H2gas"": 0.5}","{""Hstar"": 1}",111,,-0.612182394160271
Hf-0.2-Ru-0.8,Hf3Ru9,Ru3Hf,0.5H2(g) + * -> H*,"{""H"": ""hollow|A_A_B|FCC""}",UmVhY3Rpb246NDE0MDMz,MamunHighT2019,Quantum ESPRESSO 5.1,BEEF-vdW,"{""star"": 1, ""H2gas"": 0.5}","{""Hstar"": 1}",111,,-0.636716041756671
Hf-0.2-Sc-0.8,Hf3Sc9,Sc3Hf,0.5H2(g) + * -> H*,"{""H"": ""hollow|A_A_B|FCC""}",UmVhY3Rpb246NDA1MzUy,MamunHighT2019,Quantum ESPRESSO 5.1,BEEF-vdW,"{""star"": 1, ""H2gas"": 0.5}","{""Hstar"": 1}",111,,-1.00847361435714
Hf-0.2-Sn-0.8,Hf3Sn9,Sn3Hf,0.5H2(g) + * -> H*,"{""H"": ""top|B""}",UmVhY3Rpb246MzQ5MTE3,MamunHighT2019,Quantum ESPRESSO 5.1,BEEF-vdW,"{""star"": 1, ""H2gas"": 0.5}","{""Hstar"": 1}",111,,-0.101076141158927
Hf-0.2-Tc-0.8,Hf3Tc9,Tc3Hf,0.5H2(g) + * -> H*,"{""H"": ""bridge|A_A|B""}",UmVhY3Rpb246NDEwNjIw,MamunHighT2019,Quantum ESPRESSO 5.1,BEEF-vdW,"{""star"": 1, ""H2gas"": 0.5}","{""Hstar"": 1}",111,,-0.759060464460134
Hf-0.2-Ti-0.8,Hf3Ti9,Ti3Hf,0.5H2(g) + * -> H*,"{""H"": ""hollow|A_A_B|HCP""}",UmVhY3Rpb246NDA2ODE5,MamunHighT2019,Quantum ESPRESSO 5.1,BEEF-vdW,"{""star"": 1, ""H2gas"": 0.5}","{""Hstar"": 1}",111,,-1.01883693375473
Hf-0.2-Tl-0.8,Hf3Tl9,Tl3Hf,0.5H2(g) + * -> H*,"{""H"": ""top|B""}",UmVhY3Rpb246NDA0MTc4,MamunHighT2019,Quantum ESPRESSO 5.1,BEEF-vdW,"{""star"": 1, ""H2gas"": 0.5}","{""Hstar"": 1}",111,,-0.252702461958478
Hf-0.2-V-0.8,Hf3V9,V3Hf,0.5H2(g) + * -> H*,"{""H"": ""hollow|A_A_B|FCC""}",UmVhY3Rpb246MzQ4MDM4,MamunHighT2019,Quantum ESPRESSO 5.1,BEEF-vdW,"{""star"": 1, ""H2gas"": 0.5}","{""Hstar"": 1}",111,,-0.949776482458191
Hf-0.2-W-0.8,Hf3W9,W3Hf,0.5H2(g) + * -> H*,"{""H"": ""hollow|A_A_A|HCP""}",UmVhY3Rpb246MzQyOTQx,MamunHighT2019,Quantum ESPRESSO 5.1,BEEF-vdW,"{""star"": 1, ""H2gas"": 0.5}","{""Hstar"": 1}",111,,-0.835027709256764
Hf-0.2-Y-0.8,Hf3Y9,Y3Hf,0.5H2(g) + * -> H*,"{""H"": ""hollow|A_A_B|FCC""}",UmVhY3Rpb246MzQ1MDE1,MamunHighT2019,Quantum ESPRESSO 5.1,BEEF-vdW,"{""star"": 1, ""H2gas"": 0.5}","{""Hstar"": 1}",111,,-0.977429643057775
Hf-0.2-Zn-0.8,Hf3Zn9,Zn3Hf,0.5H2(g) + * -> H*,"{""H"": ""bridge|A_B|A""}",UmVhY3Rpb246NDAyNjYz,MamunHighT2019,Quantum ESPRESSO 5.1,BEEF-vdW,"{""star"": 1, ""H2gas"": 0.5}","{""Hstar"": 1}",111,,-0.437645992852566
Hf-0.2-Zr-0.8,Hf3Zr9,Zr3Hf,0.5H2(g) + * -> H*,"{""H"": ""hollow|A_A_A|HCP""}",UmVhY3Rpb246MzQyNjY1,MamunHighT2019,Quantum ESPRESSO 5.1,BEEF-vdW,"{""star"": 1, ""H2gas"": 0.5}","{""Hstar"": 1}",111,,-1.00420999865943
Hf-0.5-Hg-0.5,Hf6Hg6,HfHg,0.5H2(g) + * -> H*,"{""H"": ""bridge|A_A|B""}",UmVhY3Rpb246MzUwMDcw,MamunHighT2019,Quantum ESPRESSO 5.1,BEEF-vdW,"{""star"": 1, ""H2gas"": 0.5}","{""Hstar"": 1}",101,,-0.746579419056587
Hf-0.5-In-0.5,Hf6In6,HfIn,0.5H2(g) + * -> H*,"{""H"": ""bridge|A_A|B""}",UmVhY3Rpb246MzU4NjY3,MamunHighT2019,Quantum ESPRESSO 5.1,BEEF-vdW,"{""star"": 1, ""H2gas"": 0.5}","{""Hstar"": 1}",101,,-0.648540476459829
Hf-0.5-Ir-0.5,Hf6Ir6,HfIr,0.5H2(g) + * -> H*,"{""H"": ""hollow|A_A_B|FCC""}",UmVhY3Rpb246MzUzMDQw,MamunHighT2019,Quantum ESPRESSO 5.1,BEEF-vdW,"{""star"": 1, ""H2gas"": 0.5}","{""Hstar"": 1}",101,,-0.470553943959175
Hf-0.5-La-0.5,Hf6La6,HfLa,0.5H2(g) + * -> H*,"{""H"": ""hollow|A_A_B|FCC""}",UmVhY3Rpb246MzUyOTUx,MamunHighT2019,Quantum ESPRESSO 5.1,BEEF-vdW,"{""star"": 1, ""H2gas"": 0.5}","{""Hstar"": 1}",101,,-0.897437562455679
Hf-0.5-Mo-0.5,Hf6Mo6,HfMo,0.5H2(g) + * -> H*,"{""H"": ""hollow|A_A_B|HCP""}",UmVhY3Rpb246NDA2NTg3,MamunHighT2019,Quantum ESPRESSO 5.1,BEEF-vdW,"{""star"": 1, ""H2gas"": 0.5}","{""Hstar"": 1}",101,,-0.8695185465576
Hf-0.5-Nb-0.5,Hf6Nb6,HfNb,0.5H2(g) + * -> H*,"{""H"": ""hollow|A_B_B|HCP""}",UmVhY3Rpb246MzUxNjg5,MamunHighT2019,Quantum ESPRESSO 5.1,BEEF-vdW,"{""star"": 1, ""H2gas"": 0.5}","{""Hstar"": 1}",101,,-0.94049427115803
Hf-0.5-Ni-0.5,Hf6Ni6,HfNi,0.5H2(g) + * -> H*,"{""H"": ""bridge|A_A|B""}",UmVhY3Rpb246MzU2OTM0,MamunHighT2019,Quantum ESPRESSO 5.1,BEEF-vdW,"{""star"": 1, ""H2gas"": 0.5}","{""Hstar"": 1}",101,,-0.764157564756687
Hf-0.5-Os-0.5,Hf6Os6,HfOs,0.5H2(g) + * -> H*,"{""H"": ""hollow|A_A_B|FCC""}",UmVhY3Rpb246MzU3NjY1,MamunHighT2019,Quantum ESPRESSO 5.1,BEEF-vdW,"{""star"": 1, ""H2gas"": 0.5}","{""Hstar"": 1}",101,,-0.960070684958708
Hf-0.5-Pb-0.5,Hf6Pb6,HfPb,0.5H2(g) + * -> H*,"{""H"": ""bridge|A_A|B""}",UmVhY3Rpb246MzU5Mzc2,MamunHighT2019,Quantum ESPRESSO 5.1,BEEF-vdW,"{""star"": 1, ""H2gas"": 0.5}","{""Hstar"": 1}",101,,-0.542505060659977
Hf-0.5-Pd-0.5,Hf6Pd6,HfPd,0.5H2(g) + * -> H*,"{""H"": ""bridge|A_A|B""}",UmVhY3Rpb246MzU2ODYy,MamunHighT2019,Quantum ESPRESSO 5.1,BEEF-vdW,"{""star"": 1, ""H2gas"": 0.5}","{""Hstar"": 1}",101,,-0.828113976956018
Hf-0.5-Pt-0.5,Hf6Pt6,HfPt,0.5H2(g) + * -> H*,"{""H"": ""bridge|A_A|B""}",UmVhY3Rpb246MzUzOTcy,MamunHighT2019,Quantum ESPRESSO 5.1,BEEF-vdW,"{""star"": 1, ""H2gas"": 0.5}","{""Hstar"": 1}",101,,-0.739253298160264
Hf-0.5-Re-0.5,Hf6Re6,HfRe,0.5H2(g) + * -> H*,"{""H"": ""hollow|A_A_B|FCC""}",UmVhY3Rpb246MzUxMDIy,MamunHighT2019,Quantum ESPRESSO 5.1,BEEF-vdW,"{""star"": 1, ""H2gas"": 0.5}","{""Hstar"": 1}",101,,-0.995218132858071
Hf-0.5-Rh-0.5,Hf6Rh6,HfRh,0.5H2(g) + * -> H*,"{""H"": ""hollow|A_A_B|FCC""}",UmVhY3Rpb246MzU2ODg1,MamunHighT2019,Quantum ESPRESSO 5.1,BEEF-vdW,"{""star"": 1, ""H2gas"": 0.5}","{""Hstar"": 1}",101,,-0.492896939055726
Hf-0.5-Ru-0.5,Hf6Ru6,HfRu,0.5H2(g) + * -> H*,"{""H"": ""hollow|A_A_B|FCC""}",UmVhY3Rpb246MzUyMTQ4,MamunHighT2019,Quantum ESPRESSO 5.1,BEEF-vdW,"{""star"": 1, ""H2gas"": 0.5}","{""Hstar"": 1}",101,,-0.805068655957228
Hf-0.5-Sc-0.5,Hf6Sc6,HfSc,0.5H2(g) + * -> H*,"{""H"": ""hollow|A_A_B|FCC""}",UmVhY3Rpb246MzUzOTIw,MamunHighT2019,Quantum ESPRESSO 5.1,BEEF-vdW,"{""star"": 1, ""H2gas"": 0.5}","{""Hstar"": 1}",101,,-0.992279711556847
Hf-0.5-Sn-0.5,Hf6Sn6,HfSn,0.5H2(g) + * -> H*,"{""H"": ""bridge|A_A|B""}",UmVhY3Rpb246MzUwMTk2,MamunHighT2019,Quantum ESPRESSO 5.1,BEEF-vdW,"{""star"": 1, ""H2gas"": 0.5}","{""Hstar"": 1}",101,,-0.369967199559113
Hf-0.5-Ta-0.5,Hf6Ta6,HfTa,0.5H2(g) + * -> H*,"{""H"": ""hollow|A_B_B|HCP""}",UmVhY3Rpb246MzU1ODUw,MamunHighT2019,Quantum ESPRESSO 5.1,BEEF-vdW,"{""star"": 1, ""H2gas"": 0.5}","{""Hstar"": 1}",101,,-0.989298568459134
Hf-0.5-Tc-0.5,Hf6Tc6,HfTc,0.5H2(g) + * -> H*,"{""H"": ""hollow|A_A_B|FCC""}",UmVhY3Rpb246MzU3Mjg3,MamunHighT2019,Quantum ESPRESSO 5.1,BEEF-vdW,"{""star"": 1, ""H2gas"": 0.5}","{""Hstar"": 1}",101,,-0.882561779158067
Hf-0.5-Ti-0.5,Hf6Ti6,HfTi,0.5H2(g) + * -> H*,"{""H"": ""hollow|A_A_B|HCP""}",UmVhY3Rpb246MzU4Mjc0,MamunHighT2019,Quantum ESPRESSO 5.1,BEEF-vdW,"{""star"": 1, ""H2gas"": 0.5}","{""Hstar"": 1}",101,,-1.03415027615753
Hf-0.5-Tl-0.5,Hf6Tl6,HfTl,0.5H2(g) + * -> H*,"{""H"": ""bridge|A_A|B""}",UmVhY3Rpb246MzU4MDYx,MamunHighT2019,Quantum ESPRESSO 5.1,BEEF-vdW,"{""star"": 1, ""H2gas"": 0.5}","{""Hstar"": 1}",101,,-0.594725066860491
Hf-0.5-V-0.5,Hf6V6,HfV,0.5H2(g) + * -> H*,"{""H"": ""hollow|A_A_B|HCP""}",UmVhY3Rpb246MzUxOTk5,MamunHighT2019,Quantum ESPRESSO 5.1,BEEF-vdW,"{""star"": 1, ""H2gas"": 0.5}","{""Hstar"": 1}",101,,-1.01236497825718
Hf-0.5-W-0.5,Hf6W6,HfW,0.5H2(g) + * -> H*,"{""H"": ""hollow|A_B_B|HCP""}",UmVhY3Rpb246MzU4MjUx,MamunHighT2019,Quantum ESPRESSO 5.1,BEEF-vdW,"{""star"": 1, ""H2gas"": 0.5}","{""Hstar"": 1}",101,,-0.888731552257895
Hf-0.5-Y-0.5,Hf6Y6,HfY,0.5H2(g) + * -> H*,"{""H"": ""hollow|A_A_B|FCC""}",UmVhY3Rpb246MzUzMjEx,MamunHighT2019,Quantum ESPRESSO 5.1,BEEF-vdW,"{""star"": 1, ""H2gas"": 0.5}","{""Hstar"": 1}",101,,-0.979383012257102
Hf-0.5-Zn-0.5,Hf6Zn6,HfZn,0.5H2(g) + * -> H*,"{""H"": ""hollow|A_A_B|HCP""}",UmVhY3Rpb246MzU4OTEy,MamunHighT2019,Quantum ESPRESSO 5.1,BEEF-vdW,"{""star"": 1, ""H2gas"": 0.5}","{""Hstar"": 1}",101,,-0.760405659158067
Hf-0.5-Zr-0.5,Hf6Zr6,HfZr,0.5H2(g) + * -> H*,"{""H"": ""hollow|A_B_B|HCP""}",UmVhY3Rpb246MzU2NjA3,MamunHighT2019,Quantum ESPRESSO 5.1,BEEF-vdW,"{""star"": 1, ""H2gas"": 0.5}","{""Hstar"": 1}",101,,-0.999504197959112
Hf-0.8-Hg-0.2,Hf9Hg3,Hf3Hg,0.5H2(g) + * -> H*,"{""H"": ""hollow|A_A_A|FCC""}",UmVhY3Rpb246MzQzMjQy,MamunHighT2019,Quantum ESPRESSO 5.1,BEEF-vdW,"{""star"": 1, ""H2gas"": 0.5}","{""Hstar"": 1}",111,,-1.10373373035597
Hf-0.8-In-0.2,Hf9In3,Hf3In,0.5H2(g) + * -> H*,"{""H"": ""hollow|A_A_A|FCC""}",UmVhY3Rpb246MzQ0NzUz,MamunHighT2019,Quantum ESPRESSO 5.1,BEEF-vdW,"{""star"": 1, ""H2gas"": 0.5}","{""Hstar"": 1}",111,,-1.08093426415778
Hf-0.8-Ir-0.2,Hf9Ir3,Hf3Ir,0.5H2(g) + * -> H*,"{""H"": ""hollow|A_A_A|FCC""}",UmVhY3Rpb246MzQ1MjAw,MamunHighT2019,Quantum ESPRESSO 5.1,BEEF-vdW,"{""star"": 1, ""H2gas"": 0.5}","{""Hstar"": 1}",111,,-1.06213595995629
Hf-0.8-La-0.2,Hf9La3,Hf3La,0.5H2(g) + * -> H*,"{""H"": ""bridge-tilt|A_A|A""}",UmVhY3Rpb246NDA2NTY5,MamunHighT2019,Quantum ESPRESSO 5.1,BEEF-vdW,"{""star"": 1, ""H2gas"": 0.5}","{""Hstar"": 1}",111,,-0.879700638160074
Hf-0.8-Mn-0.2,Hf9Mn3,Hf3Mn,0.5H2(g) + * -> H*,"{""H"": ""hollow|A_A_A|HCP""}",UmVhY3Rpb246NDA2Njgz,MamunHighT2019,Quantum ESPRESSO 5.1,BEEF-vdW,"{""star"": 1, ""H2gas"": 0.5}","{""Hstar"": 1}",111,,-1.02082962345864
Hf-0.8-Mo-0.2,Hf9Mo3,Hf3Mo,0.5H2(g) + * -> H*,"{""H"": ""hollow|A_A_A|HCP""}",UmVhY3Rpb246MzQ4MTYz,MamunHighT2019,Quantum ESPRESSO 5.1,BEEF-vdW,"{""star"": 1, ""H2gas"": 0.5}","{""Hstar"": 1}",111,,-1.10311018145782
Hf-0.8-Nb-0.2,Hf9Nb3,Hf3Nb,0.5H2(g) + * -> H*,"{""H"": ""hollow|A_A_A|HCP""}",UmVhY3Rpb246MzQ1OTM5,MamunHighT2019,Quantum ESPRESSO 5.1,BEEF-vdW,"{""star"": 1, ""H2gas"": 0.5}","{""Hstar"": 1}",111,,-1.05987659875879
Hf-0.8-Ni-0.2,Hf9Ni3,Hf3Ni,0.5H2(g) + * -> H*,"{""H"": ""hollow|A_A_A|FCC""}",UmVhY3Rpb246MzQ2MzI5,MamunHighT2019,Quantum ESPRESSO 5.1,BEEF-vdW,"{""star"": 1, ""H2gas"": 0.5}","{""Hstar"": 1}",111,,-1.01831719635717
Hf-0.8-Os-0.2,Hf9Os3,Hf3Os,0.5H2(g) + * -> H*,"{""H"": ""hollow|A_A_A|FCC""}",UmVhY3Rpb246NDA2NjMx,MamunHighT2019,Quantum ESPRESSO 5.1,BEEF-vdW,"{""star"": 1, ""H2gas"": 0.5}","{""Hstar"": 1}",111,,-1.10646507295584
Hf-0.8-Pb-0.2,Hf9Pb3,Hf3Pb,0.5H2(g) + * -> H*,"{""H"": ""hollow|A_A_A|FCC""}",UmVhY3Rpb246MzQ4MzU1,MamunHighT2019,Quantum ESPRESSO 5.1,BEEF-vdW,"{""star"": 1, ""H2gas"": 0.5}","{""Hstar"": 1}",111,,-1.06066355196069
Hf-0.8-Pd-0.2,Hf9Pd3,Hf3Pd,0.5H2(g) + * -> H*,"{""H"": ""hollow|A_A_A|HCP""}",UmVhY3Rpb246NDA2Njk4,MamunHighT2019,Quantum ESPRESSO 5.1,BEEF-vdW,"{""star"": 1, ""H2gas"": 0.5}","{""Hstar"": 1}",111,,-1.04774181815716
Hf-0.8-Pt-0.2,Hf9Pt3,Hf3Pt,0.5H2(g) + * -> H*,"{""H"": ""hollow|A_A_A|FCC""}",UmVhY3Rpb246MzQ0NzAx,MamunHighT2019,Quantum ESPRESSO 5.1,BEEF-vdW,"{""star"": 1, ""H2gas"": 0.5}","{""Hstar"": 1}",111,,-1.06527996325801
Hf-0.8-Re-0.2,Hf9Re3,Hf3Re,0.5H2(g) + * -> H*,"{""H"": ""hollow|A_A_A|HCP""}",UmVhY3Rpb246NDA2NjEz,MamunHighT2019,Quantum ESPRESSO 5.1,BEEF-vdW,"{""star"": 1, ""H2gas"": 0.5}","{""Hstar"": 1}",111,,-1.10104959945872
Hf-0.8-Rh-0.2,Hf9Rh3,Hf3Rh,0.5H2(g) + * -> H*,"{""H"": ""hollow|A_A_A|FCC""}",UmVhY3Rpb246NDA2NjYx,MamunHighT2019,Quantum ESPRESSO 5.1,BEEF-vdW,"{""star"": 1, ""H2gas"": 0.5}","{""Hstar"": 1}",111,,-1.08483841745598
Hf-0.8-Ru-0.2,Hf9Ru3,Hf3Ru,0.5H2(g) + * -> H*,"{""H"": ""hollow|A_A_A|FCC""}",UmVhY3Rpb246NDA2NjQz,MamunHighT2019,Quantum ESPRESSO 5.1,BEEF-vdW,"{""star"": 1, ""H2gas"": 0.5}","{""Hstar"": 1}",111,,-1.12114575065695
Hf-0.8-Sc-0.2,Hf9Sc3,Hf3Sc,0.5H2(g) + * -> H*,"{""H"": ""hollow|A_A_A|HCP""}",UmVhY3Rpb246MzQwMzg4,MamunHighT2019,Quantum ESPRESSO 5.1,BEEF-vdW,"{""star"": 1, ""H2gas"": 0.5}","{""Hstar"": 1}",111,,-0.997516270256682
Hf-0.8-Sn-0.2,Hf9Sn3,Hf3Sn,0.5H2(g) + * -> H*,"{""H"": ""hollow|A_A_A|FCC""}",UmVhY3Rpb246MzQ2NTU5,MamunHighT2019,Quantum ESPRESSO 5.1,BEEF-vdW,"{""star"": 1, ""H2gas"": 0.5}","{""Hstar"": 1}",111,,-1.03876818405749
Hf-0.8-Ta-0.2,Hf9Ta3,Hf3Ta,0.5H2(g) + * -> H*,"{""H"": ""hollow|A_A_A|HCP""}",UmVhY3Rpb246MzQwNTI5,MamunHighT2019,Quantum ESPRESSO 5.1,BEEF-vdW,"{""star"": 1, ""H2gas"": 0.5}","{""Hstar"": 1}",111,,-1.05559107795759
Hf-0.8-Tc-0.2,Hf9Tc3,Hf3Tc,0.5H2(g) + * -> H*,"{""H"": ""hollow|A_A_B|FCC""}",UmVhY3Rpb246NDI4ODY0,MamunHighT2019,Quantum ESPRESSO 5.1,BEEF-vdW,"{""star"": 1, ""H2gas"": 0.5}","{""Hstar"": 1}",111,,-1.13595187275766
Hf-0.8-Ti-0.2,Hf9Ti3,Hf3Ti,0.5H2(g) + * -> H*,"{""H"": ""hollow|A_A_A|HCP""}",UmVhY3Rpb246MzQyMjQ0,MamunHighT2019,Quantum ESPRESSO 5.1,BEEF-vdW,"{""star"": 1, ""H2gas"": 0.5}","{""Hstar"": 1}",111,,-1.04135204095562
Hf-0.8-Tl-0.2,Hf9Tl3,Hf3Tl,0.5H2(g) + * -> H*,"{""H"": ""hollow|A_A_A|FCC""}",UmVhY3Rpb246MzQxNDUx,MamunHighT2019,Quantum ESPRESSO 5.1,BEEF-vdW,"{""star"": 1, ""H2gas"": 0.5}","{""Hstar"": 1}",111,,-1.0971772834591
Hf-0.8-V-0.2,Hf9V3,Hf3V,0.5H2(g) + * -> H*,"{""H"": ""hollow|A_A_A|HCP""}",UmVhY3Rpb246MzQwMjc2,MamunHighT2019,Quantum ESPRESSO 5.1,BEEF-vdW,"{""star"": 1, ""H2gas"": 0.5}","{""Hstar"": 1}",111,,-1.06175282355886
Hf-0.8-W-0.2,Hf9W3,Hf3W,0.5H2(g) + * -> H*,"{""H"": ""hollow|A_A_A|HCP""}",UmVhY3Rpb246NDA2NjAx,MamunHighT2019,Quantum ESPRESSO 5.1,BEEF-vdW,"{""star"": 1, ""H2gas"": 0.5}","{""Hstar"": 1}",111,,-1.10070510325656
Hf-0.8-Y-0.2,Hf9Y3,Hf3Y,0.5H2(g) + * -> H*,"{""H"": ""hollow|A_A_B|HCP""}",UmVhY3Rpb246MzQ0MDI0,MamunHighT2019,Quantum ESPRESSO 5.1,BEEF-vdW,"{""star"": 1, ""H2gas"": 0.5}","{""Hstar"": 1}",111,,-0.976523231855907
Hf-0.8-Zn-0.2,Hf9Zn3,Hf3Zn,0.5H2(g) + * -> H*,"{""H"": ""hollow|A_A_A|FCC""}",UmVhY3Rpb246MzQ2OTIw,MamunHighT2019,Quantum ESPRESSO 5.1,BEEF-vdW,"{""star"": 1, ""H2gas"": 0.5}","{""Hstar"": 1}",111,,-1.06277188995497
Hf-0.8-Zr-0.2,Hf9Zr3,Hf3Zr,0.5H2(g) + * -> H*,"{""H"": ""hollow|A_A_B|HCP""}",UmVhY3Rpb246MzQ4ODkx,MamunHighT2019,Quantum ESPRESSO 5.1,BEEF-vdW,"{""star"": 1, ""H2gas"": 0.5}","{""Hstar"": 1}",111,,-0.994411995658965
Hg-0.2-In-0.8,Hg3In9,In3Hg,0.5H2(g) + * -> H*,"{""H"": ""hollow|A_A_A|FCC""}",UmVhY3Rpb246NDA0MDk1,MamunHighT2019,Quantum ESPRESSO 5.1,BEEF-vdW,"{""star"": 1, ""H2gas"": 0.5}","{""Hstar"": 1}",111,,0.678944708140108
Hg-0.2-Ir-0.8,Hg3Ir9,Ir3Hg,0.5H2(g) + * -> H*,"{""H"": ""hollow|A_A_A|HCP""}",UmVhY3Rpb246MzQ0NTM3,MamunHighT2019,Quantum ESPRESSO 5.1,BEEF-vdW,"{""star"": 1, ""H2gas"": 0.5}","{""Hstar"": 1}",111,,-0.39809479075754
Hg-0.2-La-0.8,Hg3La9,La3Hg,0.5H2(g) + * -> H*,"{""H"": ""hollow|A_A_A|FCC""}",UmVhY3Rpb246MzQ1ODk1,MamunHighT2019,Quantum ESPRESSO 5.1,BEEF-vdW,"{""star"": 1, ""H2gas"": 0.5}","{""Hstar"": 1}",111,,-0.738556958857743
Hg-0.2-Mo-0.8,Hg3Mo9,Mo3Hg,0.5H2(g) + * -> H*,"{""H"": ""hollow|A_A_A|HCP""}",UmVhY3Rpb246MzQyNDgw,MamunHighT2019,Quantum ESPRESSO 5.1,BEEF-vdW,"{""star"": 1, ""H2gas"": 0.5}","{""Hstar"": 1}",111,,-0.898717858056415
Hg-0.2-Nb-0.8,Hg3Nb9,Nb3Hg,0.5H2(g) + * -> H*,"{""H"": ""hollow|A_A_A|FCC""}",UmVhY3Rpb246MzQ1MDk1,MamunHighT2019,Quantum ESPRESSO 5.1,BEEF-vdW,"{""star"": 1, ""H2gas"": 0.5}","{""Hstar"": 1}",111,,-1.07701487255596
Hg-0.2-Pb-0.8,Hg3Pb9,Pb3Hg,0.5H2(g) + * -> H*,"{""H"": ""bridge|A_A|A""}",UmVhY3Rpb246NDA0NTM0,MamunHighT2019,Quantum ESPRESSO 5.1,BEEF-vdW,"{""star"": 1, ""H2gas"": 0.5}","{""Hstar"": 1}",111,,0.737454081540847
Hg-0.2-Pd-0.8,Hg3Pd9,Pd3Hg,0.5H2(g) + * -> H*,"{""H"": ""hollow|A_A_A|FCC""}",UmVhY3Rpb246NDI4OTU2,MamunHighT2019,Quantum ESPRESSO 5.1,BEEF-vdW,"{""star"": 1, ""H2gas"": 0.5}","{""Hstar"": 1}",111,,-0.282690223360049
Hg-0.2-Pt-0.8,Hg3Pt9,Pt3Hg,0.5H2(g) + * -> H*,"{""H"": ""hollow|A_A_A|HCP""}",UmVhY3Rpb246MzQwNjk1,MamunHighT2019,Quantum ESPRESSO 5.1,BEEF-vdW,"{""star"": 1, ""H2gas"": 0.5}","{""Hstar"": 1}",111,,-0.303049780758528
Hg-0.2-Re-0.8,Hg3Re9,Re3Hg,0.5H2(g) + * -> H*,"{""H"": ""hollow|A_A_A|HCP""}",UmVhY3Rpb246NDEwNDA5,MamunHighT2019,Quantum ESPRESSO 5.1,BEEF-vdW,"{""star"": 1, ""H2gas"": 0.5}","{""Hstar"": 1}",111,,-0.583528806858311
Hg-0.2-Rh-0.8,Hg3Rh9,Rh3Hg,0.5H2(g) + * -> H*,"{""H"": ""hollow|A_A_A|FCC""}",UmVhY3Rpb246MzQ3MDE4,MamunHighT2019,Quantum ESPRESSO 5.1,BEEF-vdW,"{""star"": 1, ""H2gas"": 0.5}","{""Hstar"": 1}",111,,-0.434779545658756
Hg-0.2-Ru-0.8,Hg3Ru9,Ru3Hg,0.5H2(g) + * -> H*,"{""H"": ""hollow|A_A_A|HCP""}",UmVhY3Rpb246MzQwNDI2,MamunHighT2019,Quantum ESPRESSO 5.1,BEEF-vdW,"{""star"": 1, ""H2gas"": 0.5}","{""Hstar"": 1}",111,,-0.432433380256924
Hg-0.2-Sc-0.8,Hg3Sc9,Sc3Hg,0.5H2(g) + * -> H*,"{""H"": ""hollow|A_A_A|HCP""}",UmVhY3Rpb246NDA2MTAw,MamunHighT2019,Quantum ESPRESSO 5.1,BEEF-vdW,"{""star"": 1, ""H2gas"": 0.5}","{""Hstar"": 1}",111,,-1.1866740283576
Hg-0.2-Sn-0.8,Hg3Sn9,Sn3Hg,0.5H2(g) + * -> H*,"{""H"": ""top|A""}",UmVhY3Rpb246MzU0NDc5,MamunHighT2019,Quantum ESPRESSO 5.1,BEEF-vdW,"{""star"": 1, ""H2gas"": 0.5}","{""Hstar"": 1}",111,,0.600117274742871
Hg-0.2-Ta-0.8,Hg3Ta9,Ta3Hg,0.5H2(g) + * -> H*,"{""H"": ""hollow|A_A_A|FCC""}",UmVhY3Rpb246NDA3MjY2,MamunHighT2019,Quantum ESPRESSO 5.1,BEEF-vdW,"{""star"": 1, ""H2gas"": 0.5}","{""Hstar"": 1}",111,,-1.07182484525671
Hg-0.2-Tc-0.8,Hg3Tc9,Tc3Hg,0.5H2(g) + * -> H*,"{""H"": ""hollow|A_A_A|HCP""}",UmVhY3Rpb246NDExMzUx,MamunHighT2019,Quantum ESPRESSO 5.1,BEEF-vdW,"{""star"": 1, ""H2gas"": 0.5}","{""Hstar"": 1}",111,,-0.558581682259472
Hg-0.2-Ti-0.8,Hg3Ti9,Ti3Hg,0.5H2(g) + * -> H*,"{""H"": ""hollow|A_A_A|FCC""}",UmVhY3Rpb246MzQyMDM0,MamunHighT2019,Quantum ESPRESSO 5.1,BEEF-vdW,"{""star"": 1, ""H2gas"": 0.5}","{""Hstar"": 1}",111,,-1.12926603575667
Hg-0.2-Tl-0.8,Hg3Tl9,Tl3Hg,0.5H2(g) + * -> H*,"{""H"": ""hollow|A_A_A|FCC""}",UmVhY3Rpb246MzQxOTQ4,MamunHighT2019,Quantum ESPRESSO 5.1,BEEF-vdW,"{""star"": 1, ""H2gas"": 0.5}","{""Hstar"": 1}",111,,0.702629904740235
Hg-0.2-V-0.8,Hg3V9,V3Hg,0.5H2(g) + * -> H*,"{""H"": ""hollow|A_A_A|FCC""}",UmVhY3Rpb246MzQ3MDA4,MamunHighT2019,Quantum ESPRESSO 5.1,BEEF-vdW,"{""star"": 1, ""H2gas"": 0.5}","{""Hstar"": 1}",111,,-1.04556205025708
Hg-0.2-W-0.8,Hg3W9,W3Hg,0.5H2(g) + * -> H*,"{""H"": ""hollow|A_A_A|HCP""}",UmVhY3Rpb246MzQyNDg5,MamunHighT2019,Quantum ESPRESSO 5.1,BEEF-vdW,"{""star"": 1, ""H2gas"": 0.5}","{""Hstar"": 1}",111,,-1.03203091745942
Hg-0.2-Y-0.8,Hg3Y9,Y3Hg,0.5H2(g) + * -> H*,"{""H"": ""hollow|A_A_A|FCC""}",UmVhY3Rpb246MzQ3Mzg5,MamunHighT2019,Quantum ESPRESSO 5.1,BEEF-vdW,"{""star"": 1, ""H2gas"": 0.5}","{""Hstar"": 1}",111,,-1.11369350505717
Hg-0.2-Zn-0.8,Hg3Zn9,Zn3Hg,0.5H2(g) + * -> H*,"{""H"": ""bridge|A_A|B""}",UmVhY3Rpb246MzUxODYx,MamunHighT2019,Quantum ESPRESSO 5.1,BEEF-vdW,"{""star"": 1, ""H2gas"": 0.5}","{""Hstar"": 1}",111,,0.441774912244938
Hg-0.2-Zr-0.8,Hg3Zr9,Zr3Hg,0.5H2(g) + * -> H*,"{""H"": ""hollow|A_A_A|FCC""}",UmVhY3Rpb246MzQ4MTUw,MamunHighT2019,Quantum ESPRESSO 5.1,BEEF-vdW,"{""star"": 1, ""H2gas"": 0.5}","{""Hstar"": 1}",111,,-1.0851435931572
Hg-0.5-In-0.5,Hg6In6,HgIn,0.5H2(g) + * -> H*,"{""H"": ""bridge|B_B|A""}",UmVhY3Rpb246MzU1MjE0,MamunHighT2019,Quantum ESPRESSO 5.1,BEEF-vdW,"{""star"": 1, ""H2gas"": 0.5}","{""Hstar"": 1}",101,,0.732891412641976
Hg-0.5-La-0.5,Hg6La6,HgLa,0.5H2(g) + * -> H*,"{""H"": ""bridge|B_B|A""}",UmVhY3Rpb246MzUwMzI5,MamunHighT2019,Quantum ESPRESSO 5.1,BEEF-vdW,"{""star"": 1, ""H2gas"": 0.5}","{""Hstar"": 1}",101,,-0.462176919459097
Hg-0.5-Mn-0.5,Hg6Mn6,HgMn,0.5H2(g) + * -> H*,"{""H"": ""bridge|B_B|A""}",UmVhY3Rpb246MzUxMDY2,MamunHighT2019,Quantum ESPRESSO 5.1,BEEF-vdW,"{""star"": 1, ""H2gas"": 0.5}","{""Hstar"": 1}",101,,1.69841376234129
Hg-0.5-Mo-0.5,Hg6Mo6,HgMo,0.5H2(g) + * -> H*,"{""H"": ""top|B""}",UmVhY3Rpb246NDA5ODQz,MamunHighT2019,Quantum ESPRESSO 5.1,BEEF-vdW,"{""star"": 1, ""H2gas"": 0.5}","{""Hstar"": 1}",101,,0.375341719941417
Hg-0.5-Nb-0.5,Hg6Nb6,HgNb,0.5H2(g) + * -> H*,"{""H"": ""bridge|B_B|A""}",UmVhY3Rpb246MzU3NzYw,MamunHighT2019,Quantum ESPRESSO 5.1,BEEF-vdW,"{""star"": 1, ""H2gas"": 0.5}","{""Hstar"": 1}",101,,-0.644497000956989
Hg-0.5-Ni-0.5,Hg6Ni6,HgNi,0.5H2(g) + * -> H*,"{""H"": ""bridge|B_B|A""}",UmVhY3Rpb246NDIyMTc2,MamunHighT2019,Quantum ESPRESSO 5.1,BEEF-vdW,"{""star"": 1, ""H2gas"": 0.5}","{""Hstar"": 1}",101,,-0.146243500864301
Hg-0.5-Pb-0.5,Hg6Pb6,HgPb,0.5H2(g) + * -> H*,"{""H"": ""hollow|A_A_B|FCC""}",UmVhY3Rpb246MzU3OTU0,MamunHighT2019,Quantum ESPRESSO 5.1,BEEF-vdW,"{""star"": 1, ""H2gas"": 0.5}","{""Hstar"": 1}",101,,0.899672705440963
Hg-0.5-Pd-0.5,Hg6Pd6,HgPd,0.5H2(g) + * -> H*,"{""H"": ""bridge|A_A|B""}",UmVhY3Rpb246NDI4ODgy,MamunHighT2019,Quantum ESPRESSO 5.1,BEEF-vdW,"{""star"": 1, ""H2gas"": 0.5}","{""Hstar"": 1}",101,,0.136303454442015
Hg-0.5-Pt-0.5,Hg6Pt6,HgPt,0.5H2(g) + * -> H*,"{""H"": ""top|B""}",UmVhY3Rpb246MzUyMzY1,MamunHighT2019,Quantum ESPRESSO 5.1,BEEF-vdW,"{""star"": 1, ""H2gas"": 0.5}","{""Hstar"": 1}",101,,-0.153773571156279
Hg-0.5-Rh-0.5,Hg6Rh6,HgRh,0.5H2(g) + * -> H*,"{""H"": ""bridge|B_B|A""}",UmVhY3Rpb246MzU1OTI4,MamunHighT2019,Quantum ESPRESSO 5.1,BEEF-vdW,"{""star"": 1, ""H2gas"": 0.5}","{""Hstar"": 1}",101,,-0.29552338406117
Hg-0.5-Sc-0.5,Hg6Sc6,HgSc,0.5H2(g) + * -> H*,"{""H"": ""bridge|A_A|B""}",UmVhY3Rpb246NDA2MTA4,MamunHighT2019,Quantum ESPRESSO 5.1,BEEF-vdW,"{""star"": 1, ""H2gas"": 0.5}","{""Hstar"": 1}",101,,-0.660530220457957
Hg-0.5-Ta-0.5,Hg6Ta6,HgTa,0.5H2(g) + * -> H*,"{""H"": ""bridge|B_B|A""}",UmVhY3Rpb246MzUwNDQ3,MamunHighT2019,Quantum ESPRESSO 5.1,BEEF-vdW,"{""star"": 1, ""H2gas"": 0.5}","{""Hstar"": 1}",101,,-0.75473140545634
Hg-0.5-Ti-0.5,Hg6Ti6,HgTi,0.5H2(g) + * -> H*,"{""H"": ""bridge|B_B|A""}",UmVhY3Rpb246MzU4NzEw,MamunHighT2019,Quantum ESPRESSO 5.1,BEEF-vdW,"{""star"": 1, ""H2gas"": 0.5}","{""Hstar"": 1}",101,,-0.662699239855073
Hg-0.5-Tl-0.5,Hg6Tl6,HgTl,0.5H2(g) + * -> H*,"{""H"": ""bridge|B_B|A""}",UmVhY3Rpb246MzU4ODgx,MamunHighT2019,Quantum ESPRESSO 5.1,BEEF-vdW,"{""star"": 1, ""H2gas"": 0.5}","{""Hstar"": 1}",101,,0.83367897714291
Hg-0.5-Y-0.5,Hg6Y6,HgY,0.5H2(g) + * -> H*,"{""H"": ""bridge|B_B|A""}",UmVhY3Rpb246MzUwNzAx,MamunHighT2019,Quantum ESPRESSO 5.1,BEEF-vdW,"{""star"": 1, ""H2gas"": 0.5}","{""Hstar"": 1}",101,,-0.672301320860214
Hg-0.5-Zr-0.5,Hg6Zr6,HgZr,0.5H2(g) + * -> H*,"{""H"": ""bridge|B_B|A""}",UmVhY3Rpb246MzU0OTE5,MamunHighT2019,Quantum ESPRESSO 5.1,BEEF-vdW,"{""star"": 1, ""H2gas"": 0.5}","{""Hstar"": 1}",101,,-0.68312505695846
Hg-0.8-In-0.2,Hg9In3,Hg3In,0.5H2(g) + * -> H*,"{""H"": ""top|B""}",UmVhY3Rpb246NDI4ODcz,MamunHighT2019,Quantum ESPRESSO 5.1,BEEF-vdW,"{""star"": 1, ""H2gas"": 0.5}","{""Hstar"": 1}",111,,0.891672014441639
Hg-0.8-Ir-0.2,Hg9Ir3,Hg3Ir,0.5H2(g) + * -> H*,"{""H"": ""top|B""}",UmVhY3Rpb246MzUxOTEw,MamunHighT2019,Quantum ESPRESSO 5.1,BEEF-vdW,"{""star"": 1, ""H2gas"": 0.5}","{""Hstar"": 1}",111,,-0.470696531657239
Hg-0.8-La-0.2,Hg9La3,Hg3La,0.5H2(g) + * -> H*,"{""H"": ""bridge|A_B|A""}",UmVhY3Rpb246NDAzMDI5,MamunHighT2019,Quantum ESPRESSO 5.1,BEEF-vdW,"{""star"": 1, ""H2gas"": 0.5}","{""Hstar"": 1}",111,,0.181735853043421
Hg-0.8-Mn-0.2,Hg9Mn3,Hg3Mn,0.5H2(g) + * -> H*,"{""H"": ""top|B""}",UmVhY3Rpb246MzQ5NjAy,MamunHighT2019,Quantum ESPRESSO 5.1,BEEF-vdW,"{""star"": 1, ""H2gas"": 0.5}","{""Hstar"": 1}",111,,0.264728124843742
Hg-0.8-Mo-0.2,Hg9Mo3,Hg3Mo,0.5H2(g) + * -> H*,"{""H"": ""top|B""}",UmVhY3Rpb246MzUzOTYy,MamunHighT2019,Quantum ESPRESSO 5.1,BEEF-vdW,"{""star"": 1, ""H2gas"": 0.5}","{""Hstar"": 1}",111,,-0.375180628557217
Hg-0.8-Nb-0.2,Hg9Nb3,Hg3Nb,0.5H2(g) + * -> H*,"{""H"": ""top|B""}",UmVhY3Rpb246MzU1MDc1,MamunHighT2019,Quantum ESPRESSO 5.1,BEEF-vdW,"{""star"": 1, ""H2gas"": 0.5}","{""Hstar"": 1}",111,,-0.192827621361147
Hg-0.8-Ni-0.2,Hg9Ni3,Hg3Ni,0.5H2(g) + * -> H*,"{""H"": ""top|B""}",UmVhY3Rpb246MzU0Mzc0,MamunHighT2019,Quantum ESPRESSO 5.1,BEEF-vdW,"{""star"": 1, ""H2gas"": 0.5}","{""Hstar"": 1}",111,,0.289998520643195
Hg-0.8-Os-0.2,Hg9Os3,Hg3Os,0.5H2(g) + * -> H*,"{""H"": ""top|B""}",UmVhY3Rpb246NDAzMDgw,MamunHighT2019,Quantum ESPRESSO 5.1,BEEF-vdW,"{""star"": 1, ""H2gas"": 0.5}","{""Hstar"": 1}",111,,-0.787379895856219
Hg-0.8-Pb-0.2,Hg9Pb3,Hg3Pb,0.5H2(g) + * -> H*,"{""H"": ""top|B""}",UmVhY3Rpb246NDI4ODc1,MamunHighT2019,Quantum ESPRESSO 5.1,BEEF-vdW,"{""star"": 1, ""H2gas"": 0.5}","{""Hstar"": 1}",111,,0.689127616145044
Hg-0.8-Pd-0.2,Hg9Pd3,Hg3Pd,0.5H2(g) + * -> H*,"{""H"": ""top|B""}",UmVhY3Rpb246MzU1MTAz,MamunHighT2019,Quantum ESPRESSO 5.1,BEEF-vdW,"{""star"": 1, ""H2gas"": 0.5}","{""Hstar"": 1}",111,,0.596545780540538
Hg-0.8-Pt-0.2,Hg9Pt3,Hg3Pt,0.5H2(g) + * -> H*,"{""H"": ""top|B""}",UmVhY3Rpb246MzUwMjU2,MamunHighT2019,Quantum ESPRESSO 5.1,BEEF-vdW,"{""star"": 1, ""H2gas"": 0.5}","{""Hstar"": 1}",111,,0.0090330909415854
Hg-0.8-Re-0.2,Hg9Re3,Hg3Re,0.5H2(g) + * -> H*,"{""H"": ""top|B""}",UmVhY3Rpb246NDAzMDY5,MamunHighT2019,Quantum ESPRESSO 5.1,BEEF-vdW,"{""star"": 1, ""H2gas"": 0.5}","{""Hstar"": 1}",111,,-0.828708817857631
Hg-0.8-Rh-0.2,Hg9Rh3,Hg3Rh,0.5H2(g) + * -> H*,"{""H"": ""top|B""}",UmVhY3Rpb246MzYwNTI3,MamunHighT2019,Quantum ESPRESSO 5.1,BEEF-vdW,"{""star"": 1, ""H2gas"": 0.5}","{""Hstar"": 1}",111,,0.0434598453403225
Hg-0.8-Ru-0.2,Hg9Ru3,Hg3Ru,0.5H2(g) + * -> H*,"{""H"": ""top|B""}",UmVhY3Rpb246NDAzMDg1,MamunHighT2019,Quantum ESPRESSO 5.1,BEEF-vdW,"{""star"": 1, ""H2gas"": 0.5}","{""Hstar"": 1}",111,,-0.370562856761325
Hg-0.8-Sc-0.2,Hg9Sc3,Hg3Sc,0.5H2(g) + * -> H*,"{""H"": ""hollow|A_A_B|HCP""}",UmVhY3Rpb246NDAzMDM1,MamunHighT2019,Quantum ESPRESSO 5.1,BEEF-vdW,"{""star"": 1, ""H2gas"": 0.5}","{""Hstar"": 1}",111,,0.102447050639086
Hg-0.8-Sn-0.2,Hg9Sn3,Hg3Sn,0.5H2(g) + * -> H*,"{""H"": ""hollow-tilt|A_A_B|HCP""}",UmVhY3Rpb246NDI4ODc3,MamunHighT2019,Quantum ESPRESSO 5.1,BEEF-vdW,"{""star"": 1, ""H2gas"": 0.5}","{""Hstar"": 1}",111,,0.981279509743246
Hg-0.8-Ta-0.2,Hg9Ta3,Hg3Ta,0.5H2(g) + * -> H*,"{""H"": ""top|B""}",UmVhY3Rpb246MzU0NTg0,MamunHighT2019,Quantum ESPRESSO 5.1,BEEF-vdW,"{""star"": 1, ""H2gas"": 0.5}","{""Hstar"": 1}",111,,-0.420713709357159
Hg-0.8-Tc-0.2,Hg9Tc3,Hg3Tc,0.5H2(g) + * -> H*,"{""H"": ""top|B""}",UmVhY3Rpb246NDAzMDc1,MamunHighT2019,Quantum ESPRESSO 5.1,BEEF-vdW,"{""star"": 1, ""H2gas"": 0.5}","{""Hstar"": 1}",111,,-0.484530663058621
Hg-0.8-Ti-0.2,Hg9Ti3,Hg3Ti,0.5H2(g) + * -> H*,"{""H"": ""hollow-tilt|A_A_B|HCP""}",UmVhY3Rpb246MzQ2Njg3,MamunHighT2019,Quantum ESPRESSO 5.1,BEEF-vdW,"{""star"": 1, ""H2gas"": 0.5}","{""Hstar"": 1}",111,,0.0201403697401759
Hg-0.8-Tl-0.2,Hg9Tl3,Hg3Tl,0.5H2(g) + * -> H*,"{""H"": ""bridge|A_B|A""}",UmVhY3Rpb246NDI4ODgw,MamunHighT2019,Quantum ESPRESSO 5.1,BEEF-vdW,"{""star"": 1, ""H2gas"": 0.5}","{""Hstar"": 1}",111,,1.1242690733425
Hg-0.8-V-0.2,Hg9V3,Hg3V,0.5H2(g) + * -> H*,"{""H"": ""top|B""}",UmVhY3Rpb246NDAzMDYy,MamunHighT2019,Quantum ESPRESSO 5.1,BEEF-vdW,"{""star"": 1, ""H2gas"": 0.5}","{""Hstar"": 1}",111,,-0.122201971159456
Hg-0.8-W-0.2,Hg9W3,Hg3W,0.5H2(g) + * -> H*,"{""H"": ""top|B""}",UmVhY3Rpb246MzQ5Nzky,MamunHighT2019,Quantum ESPRESSO 5.1,BEEF-vdW,"{""star"": 1, ""H2gas"": 0.5}","{""Hstar"": 1}",111,,-0.645658790955139
Hg-0.8-Y-0.2,Hg9Y3,Hg3Y,0.5H2(g) + * -> H*,"{""H"": ""bridge|A_B|A""}",UmVhY3Rpb246NDAzMDI3,MamunHighT2019,Quantum ESPRESSO 5.1,BEEF-vdW,"{""star"": 1, ""H2gas"": 0.5}","{""Hstar"": 1}",111,,0.0936524674407622
Hg-0.8-Zn-0.2,Hg9Zn3,Hg3Zn,0.5H2(g) + * -> H*,"{""H"": ""top|B""}",UmVhY3Rpb246NDAzMTE5,MamunHighT2019,Quantum ESPRESSO 5.1,BEEF-vdW,"{""star"": 1, ""H2gas"": 0.5}","{""Hstar"": 1}",111,,0.77146899154198
Hg-0.8-Zr-0.2,Hg9Zr3,Hg3Zr,0.5H2(g) + * -> H*,"{""H"": ""hollow|A_A_B|HCP""}",UmVhY3Rpb246MzQ1OTc1,MamunHighT2019,Quantum ESPRESSO 5.1,BEEF-vdW,"{""star"": 1, ""H2gas"": 0.5}","{""Hstar"": 1}",111,,-0.0647505763581364
In-1.0,In12,In,0.5H2(g) + * -> H*,"{""H"": ""hollow|A_A_A|FCC""}",UmVhY3Rpb246MzM5NzYy,MamunHighT2019,Quantum ESPRESSO 5.1,BEEF-vdW,"{""star"": 1, ""H2gas"": 0.5}","{""Hstar"": 1}",111,,0.862897880841985
In-0.2-Ir-0.8,In3Ir9,Ir3In,0.5H2(g) + * -> H*,"{""H"": ""hollow|A_A_A|HCP""}",UmVhY3Rpb246MzQ1OTI4,MamunHighT2019,Quantum ESPRESSO 5.1,BEEF-vdW,"{""star"": 1, ""H2gas"": 0.5}","{""Hstar"": 1}",111,,-0.411056797357531
In-0.2-La-0.8,In3La9,La3In,0.5H2(g) + * -> H*,"{""H"": ""hollow|A_A_A|FCC""}",UmVhY3Rpb246MzQwNjE1,MamunHighT2019,Quantum ESPRESSO 5.1,BEEF-vdW,"{""star"": 1, ""H2gas"": 0.5}","{""Hstar"": 1}",111,,-0.733582581858144
In-0.2-Mo-0.8,In3Mo9,Mo3In,0.5H2(g) + * -> H*,"{""H"": ""hollow|A_A_A|HCP""}",UmVhY3Rpb246MzQ3MDIx,MamunHighT2019,Quantum ESPRESSO 5.1,BEEF-vdW,"{""star"": 1, ""H2gas"": 0.5}","{""Hstar"": 1}",111,,-0.861809969656832
In-0.2-Nb-0.8,In3Nb9,Nb3In,0.5H2(g) + * -> H*,"{""H"": ""hollow|A_A_A|FCC""}",UmVhY3Rpb246NDA3Nzcy,MamunHighT2019,Quantum ESPRESSO 5.1,BEEF-vdW,"{""star"": 1, ""H2gas"": 0.5}","{""Hstar"": 1}",111,,-1.01417780066092
In-0.2-Ni-0.8,In3Ni9,Ni3In,0.5H2(g) + * -> H*,"{""H"": ""hollow|A_A_A|HCP""}",UmVhY3Rpb246MzQ0NDI2,MamunHighT2019,Quantum ESPRESSO 5.1,BEEF-vdW,"{""star"": 1, ""H2gas"": 0.5}","{""Hstar"": 1}",111,,-0.547188275856541
In-0.2-Os-0.8,In3Os9,Os3In,0.5H2(g) + * -> H*,"{""H"": ""hollow|A_A_A|HCP""}",UmVhY3Rpb246MzQwNjMw,MamunHighT2019,Quantum ESPRESSO 5.1,BEEF-vdW,"{""star"": 1, ""H2gas"": 0.5}","{""Hstar"": 1}",111,,-0.487429083658725
In-0.2-Pb-0.8,In3Pb9,Pb3In,0.5H2(g) + * -> H*,"{""H"": ""bridge|A_A|A""}",UmVhY3Rpb246NDA0NTU1,MamunHighT2019,Quantum ESPRESSO 5.1,BEEF-vdW,"{""star"": 1, ""H2gas"": 0.5}","{""Hstar"": 1}",111,,0.7328836574425
In-0.2-Pd-0.8,In3Pd9,Pd3In,0.5H2(g) + * -> H*,"{""H"": ""hollow|A_A_A|HCP""}",UmVhY3Rpb246MzQ2NjM0,MamunHighT2019,Quantum ESPRESSO 5.1,BEEF-vdW,"{""star"": 1, ""H2gas"": 0.5}","{""Hstar"": 1}",111,,-0.262519920956919
In-0.2-Pt-0.8,In3Pt9,Pt3In,0.5H2(g) + * -> H*,"{""H"": ""hollow|A_A_A|HCP""}",UmVhY3Rpb246MzQ4MTMw,MamunHighT2019,Quantum ESPRESSO 5.1,BEEF-vdW,"{""star"": 1, ""H2gas"": 0.5}","{""Hstar"": 1}",111,,-0.355718638659681
In-0.2-Re-0.8,In3Re9,Re3In,0.5H2(g) + * -> H*,"{""H"": ""hollow|A_A_A|HCP""}",UmVhY3Rpb246NDEwNDYx,MamunHighT2019,Quantum ESPRESSO 5.1,BEEF-vdW,"{""star"": 1, ""H2gas"": 0.5}","{""Hstar"": 1}",111,,-0.574648507858882
In-0.2-Rh-0.8,In3Rh9,Rh3In,0.5H2(g) + * -> H*,"{""H"": ""hollow|A_A_A|FCC""}",UmVhY3Rpb246NDIxNDgx,MamunHighT2019,Quantum ESPRESSO 5.1,BEEF-vdW,"{""star"": 1, ""H2gas"": 0.5}","{""Hstar"": 1}",111,,-0.413415616155334
In-0.2-Ru-0.8,In3Ru9,Ru3In,0.5H2(g) + * -> H*,"{""H"": ""hollow|A_A_A|HCP""}",UmVhY3Rpb246NDE3MjQy,MamunHighT2019,Quantum ESPRESSO 5.1,BEEF-vdW,"{""star"": 1, ""H2gas"": 0.5}","{""Hstar"": 1}",111,,-0.47331426676007
In-0.2-Sc-0.8,In3Sc9,Sc3In,0.5H2(g) + * -> H*,"{""H"": ""hollow|A_A_A|FCC""}",UmVhY3Rpb246MzQzMzEx,MamunHighT2019,Quantum ESPRESSO 5.1,BEEF-vdW,"{""star"": 1, ""H2gas"": 0.5}","{""Hstar"": 1}",111,,-1.16499322215802
In-0.2-Sn-0.8,In3Sn9,Sn3In,0.5H2(g) + * -> H*,"{""H"": ""top|A""}",UmVhY3Rpb246NDA0OTIz,MamunHighT2019,Quantum ESPRESSO 5.1,BEEF-vdW,"{""star"": 1, ""H2gas"": 0.5}","{""Hstar"": 1}",111,,0.584905975142675
In-0.2-Ta-0.8,In3Ta9,Ta3In,0.5H2(g) + * -> H*,"{""H"": ""hollow|A_A_A|HCP""}",UmVhY3Rpb246NDA3Mjky,MamunHighT2019,Quantum ESPRESSO 5.1,BEEF-vdW,"{""star"": 1, ""H2gas"": 0.5}","{""Hstar"": 1}",111,,-1.0621582732592
In-0.2-Tc-0.8,In3Tc9,Tc3In,0.5H2(g) + * -> H*,"{""H"": ""hollow|A_A_A|HCP""}",UmVhY3Rpb246MzQ3MzY3,MamunHighT2019,Quantum ESPRESSO 5.1,BEEF-vdW,"{""star"": 1, ""H2gas"": 0.5}","{""Hstar"": 1}",111,,-0.571497293555666
In-0.2-Ti-0.8,In3Ti9,Ti3In,0.5H2(g) + * -> H*,"{""H"": ""hollow|A_A_A|FCC""}",UmVhY3Rpb246MzQ1Mzgx,MamunHighT2019,Quantum ESPRESSO 5.1,BEEF-vdW,"{""star"": 1, ""H2gas"": 0.5}","{""Hstar"": 1}",111,,-1.10788659565785
In-0.2-Tl-0.8,In3Tl9,Tl3In,0.5H2(g) + * -> H*,"{""H"": ""bridge|A_B|A""}",UmVhY3Rpb246NDA0Mjcy,MamunHighT2019,Quantum ESPRESSO 5.1,BEEF-vdW,"{""star"": 1, ""H2gas"": 0.5}","{""Hstar"": 1}",111,,0.697426543943067
In-0.2-V-0.8,In3V9,V3In,0.5H2(g) + * -> H*,"{""H"": ""hollow|A_A_A|HCP""}",UmVhY3Rpb246NDA4NjMw,MamunHighT2019,Quantum ESPRESSO 5.1,BEEF-vdW,"{""star"": 1, ""H2gas"": 0.5}","{""Hstar"": 1}",111,,-0.972493225958687
In-0.2-W-0.8,In3W9,W3In,0.5H2(g) + * -> H*,"{""H"": ""hollow|A_A_A|HCP""}",UmVhY3Rpb246MzQzOTY0,MamunHighT2019,Quantum ESPRESSO 5.1,BEEF-vdW,"{""star"": 1, ""H2gas"": 0.5}","{""Hstar"": 1}",111,,-0.965545751455437
In-0.2-Y-0.8,In3Y9,Y3In,0.5H2(g) + * -> H*,"{""H"": ""hollow|A_A_A|FCC""}",UmVhY3Rpb246MzQ2NjU4,MamunHighT2019,Quantum ESPRESSO 5.1,BEEF-vdW,"{""star"": 1, ""H2gas"": 0.5}","{""Hstar"": 1}",111,,-1.12100833315978
In-0.2-Zn-0.8,In3Zn9,Zn3In,0.5H2(g) + * -> H*,"{""H"": ""bridge|A_A|B""}",UmVhY3Rpb246NDI5MDQw,MamunHighT2019,Quantum ESPRESSO 5.1,BEEF-vdW,"{""star"": 1, ""H2gas"": 0.5}","{""Hstar"": 1}",111,,0.480388954442816
In-0.2-Zr-0.8,In3Zr9,Zr3In,0.5H2(g) + * -> H*,"{""H"": ""hollow|A_A_A|FCC""}",UmVhY3Rpb246MzQ1MDM0,MamunHighT2019,Quantum ESPRESSO 5.1,BEEF-vdW,"{""star"": 1, ""H2gas"": 0.5}","{""Hstar"": 1}",111,,-1.09170589045877
In-0.5-Ir-0.5,In6Ir6,InIr,0.5H2(g) + * -> H*,"{""H"": ""top|B""}",UmVhY3Rpb246MzU4ODU2,MamunHighT2019,Quantum ESPRESSO 5.1,BEEF-vdW,"{""star"": 1, ""H2gas"": 0.5}","{""Hstar"": 1}",101,,-0.423579476259846
In-0.5-La-0.5,In6La6,InLa,0.5H2(g) + * -> H*,"{""H"": ""hollow|A_B_B|HCP""}",UmVhY3Rpb246MzUzODQ3,MamunHighT2019,Quantum ESPRESSO 5.1,BEEF-vdW,"{""star"": 1, ""H2gas"": 0.5}","{""Hstar"": 1}",101,,-0.340624620060197
In-0.5-Mn-0.5,In6Mn6,InMn,0.5H2(g) + * -> H*,"{""H"": ""bridge|B_B|A""}",UmVhY3Rpb246MzUxMTM4,MamunHighT2019,Quantum ESPRESSO 5.1,BEEF-vdW,"{""star"": 1, ""H2gas"": 0.5}","{""Hstar"": 1}",101,,0.346797658640782
In-0.5-Mo-0.5,In6Mo6,InMo,0.5H2(g) + * -> H*,"{""H"": ""bridge|B_B|A""}",UmVhY3Rpb246MzUzNTIx,MamunHighT2019,Quantum ESPRESSO 5.1,BEEF-vdW,"{""star"": 1, ""H2gas"": 0.5}","{""Hstar"": 1}",101,,-0.379310228158801
In-0.5-Nb-0.5,In6Nb6,InNb,0.5H2(g) + * -> H*,"{""H"": ""bridge|B_B|A""}",UmVhY3Rpb246MzUwOTAy,MamunHighT2019,Quantum ESPRESSO 5.1,BEEF-vdW,"{""star"": 1, ""H2gas"": 0.5}","{""Hstar"": 1}",101,,-0.586845602460898
In-0.5-Ni-0.5,In6Ni6,InNi,0.5H2(g) + * -> H*,"{""H"": ""bridge|B_B|A""}",UmVhY3Rpb246NDIyNTM0,MamunHighT2019,Quantum ESPRESSO 5.1,BEEF-vdW,"{""star"": 1, ""H2gas"": 0.5}","{""Hstar"": 1}",101,,-0.0499871760611939
In-0.5-Os-0.5,In6Os6,InOs,0.5H2(g) + * -> H*,"{""H"": ""top|B""}",UmVhY3Rpb246MzUyMzUz,MamunHighT2019,Quantum ESPRESSO 5.1,BEEF-vdW,"{""star"": 1, ""H2gas"": 0.5}","{""Hstar"": 1}",101,,-0.641193947160872
In-0.5-Pb-0.5,In6Pb6,InPb,0.5H2(g) + * -> H*,"{""H"": ""top|B""}",UmVhY3Rpb246MzU1NTc1,MamunHighT2019,Quantum ESPRESSO 5.1,BEEF-vdW,"{""star"": 1, ""H2gas"": 0.5}","{""Hstar"": 1}",101,,0.769738211541181
In-0.5-Pd-0.5,In6Pd6,InPd,0.5H2(g) + * -> H*,"{""H"": ""bridge|B_B|A""}",UmVhY3Rpb246MzU5Mjcw,MamunHighT2019,Quantum ESPRESSO 5.1,BEEF-vdW,"{""star"": 1, ""H2gas"": 0.5}","{""Hstar"": 1}",101,,0.314541148142808
In-0.5-Pt-0.5,In6Pt6,InPt,0.5H2(g) + * -> H*,"{""H"": ""top|B""}",UmVhY3Rpb246MzU1NzU0,MamunHighT2019,Quantum ESPRESSO 5.1,BEEF-vdW,"{""star"": 1, ""H2gas"": 0.5}","{""Hstar"": 1}",101,,0.0569184598398635
In-0.5-Rh-0.5,In6Rh6,InRh,0.5H2(g) + * -> H*,"{""H"": ""bridge|B_B|A""}",UmVhY3Rpb246MzU5Njk2,MamunHighT2019,Quantum ESPRESSO 5.1,BEEF-vdW,"{""star"": 1, ""H2gas"": 0.5}","{""Hstar"": 1}",101,,-0.143658011255837
In-0.5-Ru-0.5,In6Ru6,InRu,0.5H2(g) + * -> H*,"{""H"": ""bridge|B_B|A""}",UmVhY3Rpb246NDE3Mjgw,MamunHighT2019,Quantum ESPRESSO 5.1,BEEF-vdW,"{""star"": 1, ""H2gas"": 0.5}","{""Hstar"": 1}",101,,-0.364692544956569
In-0.5-Sc-0.5,In6Sc6,InSc,0.5H2(g) + * -> H*,"{""H"": ""bridge|B_B|A""}",UmVhY3Rpb246NDA2MTM1,MamunHighT2019,Quantum ESPRESSO 5.1,BEEF-vdW,"{""star"": 1, ""H2gas"": 0.5}","{""Hstar"": 1}",101,,-0.558337324057874
In-0.5-Sn-0.5,In6Sn6,InSn,0.5H2(g) + * -> H*,"{""H"": ""top|B""}",UmVhY3Rpb246MzU4Mzgz,MamunHighT2019,Quantum ESPRESSO 5.1,BEEF-vdW,"{""star"": 1, ""H2gas"": 0.5}","{""Hstar"": 1}",101,,0.575411106842722
In-0.5-Ta-0.5,In6Ta6,InTa,0.5H2(g) + * -> H*,"{""H"": ""bridge|B_B|A""}",UmVhY3Rpb246NDA3MzAy,MamunHighT2019,Quantum ESPRESSO 5.1,BEEF-vdW,"{""star"": 1, ""H2gas"": 0.5}","{""Hstar"": 1}",101,,-0.671305112055933
In-0.5-Tc-0.5,In6Tc6,InTc,0.5H2(g) + * -> H*,"{""H"": ""bridge|B_B|A""}",UmVhY3Rpb246NDExNDc0,MamunHighT2019,Quantum ESPRESSO 5.1,BEEF-vdW,"{""star"": 1, ""H2gas"": 0.5}","{""Hstar"": 1}",101,,-0.484924275758175
In-0.5-Ti-0.5,In6Ti6,InTi,0.5H2(g) + * -> H*,"{""H"": ""bridge|B_B|A""}",UmVhY3Rpb246NDA3MDM1,MamunHighT2019,Quantum ESPRESSO 5.1,BEEF-vdW,"{""star"": 1, ""H2gas"": 0.5}","{""Hstar"": 1}",101,,-0.59685735095897
In-0.5-Tl-0.5,In6Tl6,InTl,0.5H2(g) + * -> H*,"{""H"": ""bridge|A_A|B""}",UmVhY3Rpb246MzU3MTg2,MamunHighT2019,Quantum ESPRESSO 5.1,BEEF-vdW,"{""star"": 1, ""H2gas"": 0.5}","{""Hstar"": 1}",101,,0.621375760144503
In-0.5-V-0.5,In6V6,InV,0.5H2(g) + * -> H*,"{""H"": ""bridge|B_B|A""}",UmVhY3Rpb246MzU5MTAy,MamunHighT2019,Quantum ESPRESSO 5.1,BEEF-vdW,"{""star"": 1, ""H2gas"": 0.5}","{""Hstar"": 1}",101,,-0.532889918161317
In-0.5-W-0.5,In6W6,InW,0.5H2(g) + * -> H*,"{""H"": ""bridge|B_B|A""}",UmVhY3Rpb246MzU2MDk2,MamunHighT2019,Quantum ESPRESSO 5.1,BEEF-vdW,"{""star"": 1, ""H2gas"": 0.5}","{""Hstar"": 1}",101,,-0.553657102055666
In-0.5-Y-0.5,In6Y6,InY,0.5H2(g) + * -> H*,"{""H"": ""bridge|B_B|A""}",UmVhY3Rpb246MzUxMTQz,MamunHighT2019,Quantum ESPRESSO 5.1,BEEF-vdW,"{""star"": 1, ""H2gas"": 0.5}","{""Hstar"": 1}",101,,-0.524067579356569
In-0.5-Zn-0.5,In6Zn6,InZn,0.5H2(g) + * -> H*,"{""H"": ""bridge|A_B|A""}",UmVhY3Rpb246NDI4ODkz,MamunHighT2019,Quantum ESPRESSO 5.1,BEEF-vdW,"{""star"": 1, ""H2gas"": 0.5}","{""Hstar"": 1}",101,,0.521237187241269
In-0.5-Zr-0.5,In6Zr6,InZr,0.5H2(g) + * -> H*,"{""H"": ""bridge|B_B|A""}",UmVhY3Rpb246NDA2NTE3,MamunHighT2019,Quantum ESPRESSO 5.1,BEEF-vdW,"{""star"": 1, ""H2gas"": 0.5}","{""Hstar"": 1}",101,,-0.597338992359227
In-0.8-Ir-0.2,In9Ir3,In3Ir,0.5H2(g) + * -> H*,"{""H"": ""top|B""}",UmVhY3Rpb246MzU0MTMw,MamunHighT2019,Quantum ESPRESSO 5.1,BEEF-vdW,"{""star"": 1, ""H2gas"": 0.5}","{""Hstar"": 1}",111,,-0.19088608906074
In-0.8-La-0.2,In9La3,In3La,0.5H2(g) + * -> H*,"{""H"": ""bridge|A_B|A""}",UmVhY3Rpb246NDAzOTU2,MamunHighT2019,Quantum ESPRESSO 5.1,BEEF-vdW,"{""star"": 1, ""H2gas"": 0.5}","{""Hstar"": 1}",111,,0.128452289945045
In-0.8-Mn-0.2,In9Mn3,In3Mn,0.5H2(g) + * -> H*,"{""H"": ""top|B""}",UmVhY3Rpb246MzU0NjU0,MamunHighT2019,Quantum ESPRESSO 5.1,BEEF-vdW,"{""star"": 1, ""H2gas"": 0.5}","{""Hstar"": 1}",111,,0.322866062841996
In-0.8-Mo-0.2,In9Mo3,In3Mo,0.5H2(g) + * -> H*,"{""H"": ""top|B""}",UmVhY3Rpb246MzU1NDY2,MamunHighT2019,Quantum ESPRESSO 5.1,BEEF-vdW,"{""star"": 1, ""H2gas"": 0.5}","{""Hstar"": 1}",111,,-0.196135981356719
In-0.8-Nb-0.2,In9Nb3,In3Nb,0.5H2(g) + * -> H*,"{""H"": ""top|B""}",UmVhY3Rpb246MzYwNTk2,MamunHighT2019,Quantum ESPRESSO 5.1,BEEF-vdW,"{""star"": 1, ""H2gas"": 0.5}","{""Hstar"": 1}",111,,-0.177501897759583
In-0.8-Ni-0.2,In9Ni3,In3Ni,0.5H2(g) + * -> H*,"{""H"": ""top|B""}",UmVhY3Rpb246MzU0ODU5,MamunHighT2019,Quantum ESPRESSO 5.1,BEEF-vdW,"{""star"": 1, ""H2gas"": 0.5}","{""Hstar"": 1}",111,,0.205453431340203
In-0.8-Os-0.2,In9Os3,In3Os,0.5H2(g) + * -> H*,"{""H"": ""top|B""}",UmVhY3Rpb246MzU0NTk5,MamunHighT2019,Quantum ESPRESSO 5.1,BEEF-vdW,"{""star"": 1, ""H2gas"": 0.5}","{""Hstar"": 1}",111,,-0.425189845859649
In-0.8-Pb-0.2,In9Pb3,In3Pb,0.5H2(g) + * -> H*,"{""H"": ""top|B""}",UmVhY3Rpb246NDA0MTM0,MamunHighT2019,Quantum ESPRESSO 5.1,BEEF-vdW,"{""star"": 1, ""H2gas"": 0.5}","{""Hstar"": 1}",111,,0.759329040841323
In-0.8-Pd-0.2,In9Pd3,In3Pd,0.5H2(g) + * -> H*,"{""H"": ""top-tilt|B""}",UmVhY3Rpb246NDA0MDU4,MamunHighT2019,Quantum ESPRESSO 5.1,BEEF-vdW,"{""star"": 1, ""H2gas"": 0.5}","{""Hstar"": 1}",111,,0.530727429443715
In-0.8-Pt-0.2,In9Pt3,In3Pt,0.5H2(g) + * -> H*,"{""H"": ""top|B""}",UmVhY3Rpb246MzQ5NDQx,MamunHighT2019,Quantum ESPRESSO 5.1,BEEF-vdW,"{""star"": 1, ""H2gas"": 0.5}","{""Hstar"": 1}",111,,0.01643295474517
In-0.8-Re-0.2,In9Re3,In3Re,0.5H2(g) + * -> H*,"{""H"": ""top|B""}",UmVhY3Rpb246MzY4MzU3,MamunHighT2019,Quantum ESPRESSO 5.1,BEEF-vdW,"{""star"": 1, ""H2gas"": 0.5}","{""Hstar"": 1}",111,,-0.483326967560942
In-0.8-Rh-0.2,In9Rh3,In3Rh,0.5H2(g) + * -> H*,"{""H"": ""top|B""}",UmVhY3Rpb246MzYwMjk3,MamunHighT2019,Quantum ESPRESSO 5.1,BEEF-vdW,"{""star"": 1, ""H2gas"": 0.5}","{""Hstar"": 1}",111,,0.184129230344325
In-0.8-Ru-0.2,In9Ru3,In3Ru,0.5H2(g) + * -> H*,"{""H"": ""top|B""}",UmVhY3Rpb246NDA0MDI0,MamunHighT2019,Quantum ESPRESSO 5.1,BEEF-vdW,"{""star"": 1, ""H2gas"": 0.5}","{""Hstar"": 1}",111,,-0.0759111894576279
In-0.8-Sc-0.2,In9Sc3,In3Sc,0.5H2(g) + * -> H*,"{""H"": ""bridge|A_B|A""}",UmVhY3Rpb246NDAzOTY4,MamunHighT2019,Quantum ESPRESSO 5.1,BEEF-vdW,"{""star"": 1, ""H2gas"": 0.5}","{""Hstar"": 1}",111,,0.250460107840837
In-0.8-Sn-0.2,In9Sn3,In3Sn,0.5H2(g) + * -> H*,"{""H"": ""top|B""}",UmVhY3Rpb246NDA0MTQ2,MamunHighT2019,Quantum ESPRESSO 5.1,BEEF-vdW,"{""star"": 1, ""H2gas"": 0.5}","{""Hstar"": 1}",111,,0.524444320942195
In-0.8-Ta-0.2,In9Ta3,In3Ta,0.5H2(g) + * -> H*,"{""H"": ""top|B""}",UmVhY3Rpb246MzU1MDM5,MamunHighT2019,Quantum ESPRESSO 5.1,BEEF-vdW,"{""star"": 1, ""H2gas"": 0.5}","{""Hstar"": 1}",111,,-0.410617469557991
In-0.8-Tc-0.2,In9Tc3,In3Tc,0.5H2(g) + * -> H*,"{""H"": ""top|B""}",UmVhY3Rpb246MzU0MzI3,MamunHighT2019,Quantum ESPRESSO 5.1,BEEF-vdW,"{""star"": 1, ""H2gas"": 0.5}","{""Hstar"": 1}",111,,-0.172468063857167
In-0.8-Ti-0.2,In9Ti3,In3Ti,0.5H2(g) + * -> H*,"{""H"": ""top|B""}",UmVhY3Rpb246MzQ5NjA1,MamunHighT2019,Quantum ESPRESSO 5.1,BEEF-vdW,"{""star"": 1, ""H2gas"": 0.5}","{""Hstar"": 1}",111,,0.102663109043561
In-0.8-Tl-0.2,In9Tl3,In3Tl,0.5H2(g) + * -> H*,"{""H"": ""bridge|A_A|B""}",UmVhY3Rpb246MzY4NzQ2,MamunHighT2019,Quantum ESPRESSO 5.1,BEEF-vdW,"{""star"": 1, ""H2gas"": 0.5}","{""Hstar"": 1}",111,,0.677423591741018
In-0.8-V-0.2,In9V3,In3V,0.5H2(g) + * -> H*,"{""H"": ""top|B""}",UmVhY3Rpb246MzUxOTAy,MamunHighT2019,Quantum ESPRESSO 5.1,BEEF-vdW,"{""star"": 1, ""H2gas"": 0.5}","{""Hstar"": 1}",111,,-0.0649473146577009
In-0.8-W-0.2,In9W3,In3W,0.5H2(g) + * -> H*,"{""H"": ""top|B""}",UmVhY3Rpb246MzQ5ODAw,MamunHighT2019,Quantum ESPRESSO 5.1,BEEF-vdW,"{""star"": 1, ""H2gas"": 0.5}","{""Hstar"": 1}",111,,-0.482021909559052
In-0.8-Y-0.2,In9Y3,In3Y,0.5H2(g) + * -> H*,"{""H"": ""bridge|A_B|A""}",UmVhY3Rpb246NDAzOTQ4,MamunHighT2019,Quantum ESPRESSO 5.1,BEEF-vdW,"{""star"": 1, ""H2gas"": 0.5}","{""Hstar"": 1}",111,,0.181627687842621
In-0.8-Zn-0.2,In9Zn3,In3Zn,0.5H2(g) + * -> H*,"{""H"": ""bridge|A_B|A""}",UmVhY3Rpb246NDA0MDg2,MamunHighT2019,Quantum ESPRESSO 5.1,BEEF-vdW,"{""star"": 1, ""H2gas"": 0.5}","{""Hstar"": 1}",111,,0.515584022244212
In-0.8-Zr-0.2,In9Zr3,In3Zr,0.5H2(g) + * -> H*,"{""H"": ""top|B""}",UmVhY3Rpb246MzYwNDk3,MamunHighT2019,Quantum ESPRESSO 5.1,BEEF-vdW,"{""star"": 1, ""H2gas"": 0.5}","{""Hstar"": 1}",111,,0.115304293439323
Ir-1.0,Ir12,Ir,0.5H2(g) + * -> H*,"{""H"": ""top|A""}",UmVhY3Rpb246MzM5ODM1,MamunHighT2019,Quantum ESPRESSO 5.1,BEEF-vdW,"{""star"": 1, ""H2gas"": 0.5}","{""Hstar"": 1}",111,,-0.32411982735627
Ir-0.2-La-0.8,Ir3La9,La3Ir,0.5H2(g) + * -> H*,"{""H"": ""hollow|A_A_A|HCP""}",UmVhY3Rpb246MzQ1NTk1,MamunHighT2019,Quantum ESPRESSO 5.1,BEEF-vdW,"{""star"": 1, ""H2gas"": 0.5}","{""Hstar"": 1}",111,,-0.659003797859413
Ir-0.2-Mo-0.8,Ir3Mo9,Mo3Ir,0.5H2(g) + * -> H*,"{""H"": ""hollow|A_A_A|FCC""}",UmVhY3Rpb246MzQ2Mzk1,MamunHighT2019,Quantum ESPRESSO 5.1,BEEF-vdW,"{""star"": 1, ""H2gas"": 0.5}","{""Hstar"": 1}",111,,-0.802259080656739
Ir-0.2-Nb-0.8,Ir3Nb9,Nb3Ir,0.5H2(g) + * -> H*,"{""H"": ""hollow|A_A_A|FCC""}",UmVhY3Rpb246NDA3NDI1,MamunHighT2019,Quantum ESPRESSO 5.1,BEEF-vdW,"{""star"": 1, ""H2gas"": 0.5}","{""Hstar"": 1}",111,,-1.09720354245925
Ir-0.2-Ni-0.8,Ir3Ni9,Ni3Ir,0.5H2(g) + * -> H*,"{""H"": ""hollow|A_A_B|FCC""}",UmVhY3Rpb246Mzk3MDAx,MamunHighT2019,Quantum ESPRESSO 5.1,BEEF-vdW,"{""star"": 1, ""H2gas"": 0.5}","{""Hstar"": 1}",111,,-0.334398519465111
Ir-0.2-Os-0.8,Ir3Os9,Os3Ir,0.5H2(g) + * -> H*,"{""H"": ""hollow|A_A_A|FCC""}",UmVhY3Rpb246MzQ1OTU2,MamunHighT2019,Quantum ESPRESSO 5.1,BEEF-vdW,"{""star"": 1, ""H2gas"": 0.5}","{""Hstar"": 1}",111,,-0.264479957058001
Ir-0.2-Pb-0.8,Ir3Pb9,Pb3Ir,0.5H2(g) + * -> H*,"{""H"": ""top|B""}",UmVhY3Rpb246MzU0ODU0,MamunHighT2019,Quantum ESPRESSO 5.1,BEEF-vdW,"{""star"": 1, ""H2gas"": 0.5}","{""Hstar"": 1}",111,,-0.37695004885515
Ir-0.2-Pd-0.8,Ir3Pd9,Pd3Ir,0.5H2(g) + * -> H*,"{""H"": ""top|B""}",UmVhY3Rpb246MzUzOTkx,MamunHighT2019,Quantum ESPRESSO 5.1,BEEF-vdW,"{""star"": 1, ""H2gas"": 0.5}","{""Hstar"": 1}",111,,-0.427294374358979
Ir-0.2-Pt-0.8,Ir3Pt9,Pt3Ir,0.5H2(g) + * -> H*,"{""H"": ""top|B""}",UmVhY3Rpb246MzUxODkw,MamunHighT2019,Quantum ESPRESSO 5.1,BEEF-vdW,"{""star"": 1, ""H2gas"": 0.5}","{""Hstar"": 1}",111,,-0.413313029260252
Ir-0.2-Re-0.8,Ir3Re9,Re3Ir,0.5H2(g) + * -> H*,"{""H"": ""hollow|A_A_A|HCP""}",UmVhY3Rpb246NDEwMzA3,MamunHighT2019,Quantum ESPRESSO 5.1,BEEF-vdW,"{""star"": 1, ""H2gas"": 0.5}","{""Hstar"": 1}",111,,-0.627686896458698
Ir-0.2-Rh-0.8,Ir3Rh9,Rh3Ir,0.5H2(g) + * -> H*,"{""H"": ""hollow|A_A_A|FCC""}",UmVhY3Rpb246NDE5ODU5,MamunHighT2019,Quantum ESPRESSO 5.1,BEEF-vdW,"{""star"": 1, ""H2gas"": 0.5}","{""Hstar"": 1}",111,,-0.239029285755322
Ir-0.2-Ru-0.8,Ir3Ru9,Ru3Ir,0.5H2(g) + * -> H*,"{""H"": ""hollow|A_A_A|FCC""}",UmVhY3Rpb246MzQ0NTE0,MamunHighT2019,Quantum ESPRESSO 5.1,BEEF-vdW,"{""star"": 1, ""H2gas"": 0.5}","{""Hstar"": 1}",111,,-0.395664405957149
Ir-0.2-Sc-0.8,Ir3Sc9,Sc3Ir,0.5H2(g) + * -> H*,"{""H"": ""hollow|A_A_A|HCP""}",UmVhY3Rpb246NDA2MDAx,MamunHighT2019,Quantum ESPRESSO 5.1,BEEF-vdW,"{""star"": 1, ""H2gas"": 0.5}","{""Hstar"": 1}",111,,-1.15643973175881
Ir-0.2-Sn-0.8,Ir3Sn9,Sn3Ir,0.5H2(g) + * -> H*,"{""H"": ""top|B""}",UmVhY3Rpb246NDA0Njc4,MamunHighT2019,Quantum ESPRESSO 5.1,BEEF-vdW,"{""star"": 1, ""H2gas"": 0.5}","{""Hstar"": 1}",111,,-0.167566069157118
Ir-0.2-Ta-0.8,Ir3Ta9,Ta3Ir,0.5H2(g) + * -> H*,"{""H"": ""hollow|A_A_A|FCC""}",UmVhY3Rpb246NDA3MTQ3,MamunHighT2019,Quantum ESPRESSO 5.1,BEEF-vdW,"{""star"": 1, ""H2gas"": 0.5}","{""Hstar"": 1}",111,,-1.11518346435966
Ir-0.2-Tc-0.8,Ir3Tc9,Tc3Ir,0.5H2(g) + * -> H*,"{""H"": ""hollow|A_A_A|FCC""}",UmVhY3Rpb246MzQ4NTU1,MamunHighT2019,Quantum ESPRESSO 5.1,BEEF-vdW,"{""star"": 1, ""H2gas"": 0.5}","{""Hstar"": 1}",111,,-0.650840246659726
Ir-0.2-Ti-0.8,Ir3Ti9,Ti3Ir,0.5H2(g) + * -> H*,"{""H"": ""hollow|A_A_A|FCC""}",UmVhY3Rpb246MzQ0OTQ0,MamunHighT2019,Quantum ESPRESSO 5.1,BEEF-vdW,"{""star"": 1, ""H2gas"": 0.5}","{""Hstar"": 1}",111,,-1.05809779055832
Ir-0.2-Tl-0.8,Ir3Tl9,Tl3Ir,0.5H2(g) + * -> H*,"{""H"": ""hollow|A_A_A|HCP""}",UmVhY3Rpb246MzQ0NTU0,MamunHighT2019,Quantum ESPRESSO 5.1,BEEF-vdW,"{""star"": 1, ""H2gas"": 0.5}","{""Hstar"": 1}",111,,1.05186230194252
Ir-0.2-V-0.8,Ir3V9,V3Ir,0.5H2(g) + * -> H*,"{""H"": ""hollow|A_A_A|HCP""}",UmVhY3Rpb246NDA4MjA0,MamunHighT2019,Quantum ESPRESSO 5.1,BEEF-vdW,"{""star"": 1, ""H2gas"": 0.5}","{""Hstar"": 1}",111,,-1.03342482065906
Ir-0.2-W-0.8,Ir3W9,W3Ir,0.5H2(g) + * -> H*,"{""H"": ""hollow|A_A_A|HCP""}",UmVhY3Rpb246NDEwMDA0,MamunHighT2019,Quantum ESPRESSO 5.1,BEEF-vdW,"{""star"": 1, ""H2gas"": 0.5}","{""Hstar"": 1}",111,,-0.856663616660597
Ir-0.2-Y-0.8,Ir3Y9,Y3Ir,0.5H2(g) + * -> H*,"{""H"": ""top|B""}",UmVhY3Rpb246MzQ5NzIz,MamunHighT2019,Quantum ESPRESSO 5.1,BEEF-vdW,"{""star"": 1, ""H2gas"": 0.5}","{""Hstar"": 1}",111,,-0.086833974956761
Ir-0.2-Zn-0.8,Ir3Zn9,Zn3Ir,0.5H2(g) + * -> H*,"{""H"": ""top|B""}",UmVhY3Rpb246MzQ5MTI1,MamunHighT2019,Quantum ESPRESSO 5.1,BEEF-vdW,"{""star"": 1, ""H2gas"": 0.5}","{""Hstar"": 1}",111,,-0.393888454956112
Ir-0.2-Zr-0.8,Ir3Zr9,Zr3Ir,0.5H2(g) + * -> H*,"{""H"": ""hollow|A_A_A|FCC""}",UmVhY3Rpb246NDA2MzM3,MamunHighT2019,Quantum ESPRESSO 5.1,BEEF-vdW,"{""star"": 1, ""H2gas"": 0.5}","{""Hstar"": 1}",111,,-1.08923863435754
Ir-0.5-La-0.5,Ir6La6,IrLa,0.5H2(g) + * -> H*,"{""H"": ""hollow-tilt|A_B_B|FCC""}",UmVhY3Rpb246MzU3NjUw,MamunHighT2019,Quantum ESPRESSO 5.1,BEEF-vdW,"{""star"": 1, ""H2gas"": 0.5}","{""Hstar"": 1}",101,,-0.848195706158521
Ir-0.5-Mn-0.5,Ir6Mn6,IrMn,0.5H2(g) + * -> H*,"{""H"": ""hollow|A_B_B|FCC""}",UmVhY3Rpb246MzUzNzAw,MamunHighT2019,Quantum ESPRESSO 5.1,BEEF-vdW,"{""star"": 1, ""H2gas"": 0.5}","{""Hstar"": 1}",101,,0.187797733045073
Ir-0.5-Mo-0.5,Ir6Mo6,IrMo,0.5H2(g) + * -> H*,"{""H"": ""hollow|A_B_B|FCC""}",UmVhY3Rpb246MzU3NDk0,MamunHighT2019,Quantum ESPRESSO 5.1,BEEF-vdW,"{""star"": 1, ""H2gas"": 0.5}","{""Hstar"": 1}",101,,-0.605153013456373
Ir-0.5-Nb-0.5,Ir6Nb6,IrNb,0.5H2(g) + * -> H*,"{""H"": ""hollow|A_B_B|FCC""}",UmVhY3Rpb246MzU1NzAx,MamunHighT2019,Quantum ESPRESSO 5.1,BEEF-vdW,"{""star"": 1, ""H2gas"": 0.5}","{""Hstar"": 1}",101,,-0.735502208956831
Ir-0.5-Ni-0.5,Ir6Ni6,IrNi,0.5H2(g) + * -> H*,"{""H"": ""hollow|A_A_B|FCC""}",UmVhY3Rpb246MzU1ODA3,MamunHighT2019,Quantum ESPRESSO 5.1,BEEF-vdW,"{""star"": 1, ""H2gas"": 0.5}","{""Hstar"": 1}",101,,-0.296902184861182
Ir-0.5-Os-0.5,Ir6Os6,IrOs,0.5H2(g) + * -> H*,"{""H"": ""hollow|A_B_B|FCC""}",UmVhY3Rpb246MzUxMzkx,MamunHighT2019,Quantum ESPRESSO 5.1,BEEF-vdW,"{""star"": 1, ""H2gas"": 0.5}","{""Hstar"": 1}",101,,-0.203481286257528
Ir-0.5-Pb-0.5,Ir6Pb6,IrPb,0.5H2(g) + * -> H*,"{""H"": ""top|A""}",UmVhY3Rpb246MzU3MTk2,MamunHighT2019,Quantum ESPRESSO 5.1,BEEF-vdW,"{""star"": 1, ""H2gas"": 0.5}","{""Hstar"": 1}",101,,-0.386561381756991
Ir-0.5-Pd-0.5,Ir6Pd6,IrPd,0.5H2(g) + * -> H*,"{""H"": ""top|A""}",UmVhY3Rpb246MzU5MTY2,MamunHighT2019,Quantum ESPRESSO 5.1,BEEF-vdW,"{""star"": 1, ""H2gas"": 0.5}","{""Hstar"": 1}",101,,-0.361580106756236
Ir-0.5-Pt-0.5,Ir6Pt6,IrPt,0.5H2(g) + * -> H*,"{""H"": ""top|A""}",UmVhY3Rpb246MzU1MzM2,MamunHighT2019,Quantum ESPRESSO 5.1,BEEF-vdW,"{""star"": 1, ""H2gas"": 0.5}","{""Hstar"": 1}",101,,-0.387020029555941
Ir-0.5-Re-0.5,Ir6Re6,IrRe,0.5H2(g) + * -> H*,"{""H"": ""hollow|A_B_B|FCC""}",UmVhY3Rpb246MzUyODc1,MamunHighT2019,Quantum ESPRESSO 5.1,BEEF-vdW,"{""star"": 1, ""H2gas"": 0.5}","{""Hstar"": 1}",101,,-0.387656231759109
Ir-0.5-Rh-0.5,Ir6Rh6,IrRh,0.5H2(g) + * -> H*,"{""H"": ""hollow|A_A_B|FCC""}",UmVhY3Rpb246MzUxNjU4,MamunHighT2019,Quantum ESPRESSO 5.1,BEEF-vdW,"{""star"": 1, ""H2gas"": 0.5}","{""Hstar"": 1}",101,,-0.246115130058541
Ir-0.5-Ru-0.5,Ir6Ru6,IrRu,0.5H2(g) + * -> H*,"{""H"": ""hollow|A_B_B|FCC""}",UmVhY3Rpb246MzUwOTM1,MamunHighT2019,Quantum ESPRESSO 5.1,BEEF-vdW,"{""star"": 1, ""H2gas"": 0.5}","{""Hstar"": 1}",101,,-0.29163242825868
Ir-0.5-Sc-0.5,Ir6Sc6,IrSc,0.5H2(g) + * -> H*,"{""H"": ""hollow-tilt|A_B_B|FCC""}",UmVhY3Rpb246MzU1NTA3,MamunHighT2019,Quantum ESPRESSO 5.1,BEEF-vdW,"{""star"": 1, ""H2gas"": 0.5}","{""Hstar"": 1}",101,,-0.775222257757349
Ir-0.5-Sn-0.5,Ir6Sn6,IrSn,0.5H2(g) + * -> H*,"{""H"": ""top|A""}",UmVhY3Rpb246MzU3NDA5,MamunHighT2019,Quantum ESPRESSO 5.1,BEEF-vdW,"{""star"": 1, ""H2gas"": 0.5}","{""Hstar"": 1}",101,,-0.17633997165737
Ir-0.5-Ta-0.5,Ir6Ta6,IrTa,0.5H2(g) + * -> H*,"{""H"": ""hollow|A_B_B|FCC""}",UmVhY3Rpb246MzU5NTE0,MamunHighT2019,Quantum ESPRESSO 5.1,BEEF-vdW,"{""star"": 1, ""H2gas"": 0.5}","{""Hstar"": 1}",101,,-0.65169862975651
Ir-0.5-Tc-0.5,Ir6Tc6,IrTc,0.5H2(g) + * -> H*,"{""H"": ""hollow|A_B_B|FCC""}",UmVhY3Rpb246MzU3MDk2,MamunHighT2019,Quantum ESPRESSO 5.1,BEEF-vdW,"{""star"": 1, ""H2gas"": 0.5}","{""Hstar"": 1}",101,,-0.456469739859102
Ir-0.5-Ti-0.5,Ir6Ti6,IrTi,0.5H2(g) + * -> H*,"{""H"": ""hollow|A_B_B|FCC""}",UmVhY3Rpb246MzUyMTE0,MamunHighT2019,Quantum ESPRESSO 5.1,BEEF-vdW,"{""star"": 1, ""H2gas"": 0.5}","{""Hstar"": 1}",101,,-0.521716787959093
Ir-0.5-Tl-0.5,Ir6Tl6,IrTl,0.5H2(g) + * -> H*,"{""H"": ""top|A""}",UmVhY3Rpb246MzU1NTY1,MamunHighT2019,Quantum ESPRESSO 5.1,BEEF-vdW,"{""star"": 1, ""H2gas"": 0.5}","{""Hstar"": 1}",101,,-0.295485696259647
Ir-0.5-V-0.5,Ir6V6,IrV,0.5H2(g) + * -> H*,"{""H"": ""hollow|A_B_B|FCC""}",UmVhY3Rpb246MzUzMzI4,MamunHighT2019,Quantum ESPRESSO 5.1,BEEF-vdW,"{""star"": 1, ""H2gas"": 0.5}","{""Hstar"": 1}",101,,-0.684479775659355
Ir-0.5-W-0.5,Ir6W6,IrW,0.5H2(g) + * -> H*,"{""H"": ""hollow|A_B_B|HCP""}",UmVhY3Rpb246MzU3MDU1,MamunHighT2019,Quantum ESPRESSO 5.1,BEEF-vdW,"{""star"": 1, ""H2gas"": 0.5}","{""Hstar"": 1}",101,,-0.559357887060259
Ir-0.5-Y-0.5,Ir6Y6,IrY,0.5H2(g) + * -> H*,"{""H"": ""hollow-tilt|A_B_B|FCC""}",UmVhY3Rpb246NDA1NTA1,MamunHighT2019,Quantum ESPRESSO 5.1,BEEF-vdW,"{""star"": 1, ""H2gas"": 0.5}","{""Hstar"": 1}",101,,-0.762607876556075
Ir-0.5-Zn-0.5,Ir6Zn6,IrZn,0.5H2(g) + * -> H*,"{""H"": ""top|A""}",UmVhY3Rpb246MzUwODg5,MamunHighT2019,Quantum ESPRESSO 5.1,BEEF-vdW,"{""star"": 1, ""H2gas"": 0.5}","{""Hstar"": 1}",101,,-0.459237137553799
Ir-0.5-Zr-0.5,Ir6Zr6,IrZr,0.5H2(g) + * -> H*,"{""H"": ""hollow|A_B_B|FCC""}",UmVhY3Rpb246MzUxNDk4,MamunHighT2019,Quantum ESPRESSO 5.1,BEEF-vdW,"{""star"": 1, ""H2gas"": 0.5}","{""Hstar"": 1}",101,,-0.503276449358026
Ir-0.8-La-0.2,Ir9La3,Ir3La,0.5H2(g) + * -> H*,"{""H"": ""bridge|A_A|B""}",UmVhY3Rpb246MzQ5NDky,MamunHighT2019,Quantum ESPRESSO 5.1,BEEF-vdW,"{""star"": 1, ""H2gas"": 0.5}","{""Hstar"": 1}",111,,-0.587452960658055
Ir-0.8-Mn-0.2,Ir9Mn3,Ir3Mn,0.5H2(g) + * -> H*,"{""H"": ""hollow|A_A_B|FCC""}",UmVhY3Rpb246MzQ3ODQy,MamunHighT2019,Quantum ESPRESSO 5.1,BEEF-vdW,"{""star"": 1, ""H2gas"": 0.5}","{""Hstar"": 1}",111,,-0.301848262056382
Ir-0.8-Mo-0.2,Ir9Mo3,Ir3Mo,0.5H2(g) + * -> H*,"{""H"": ""hollow|A_A_B|FCC""}",UmVhY3Rpb246MzQ0MTk1,MamunHighT2019,Quantum ESPRESSO 5.1,BEEF-vdW,"{""star"": 1, ""H2gas"": 0.5}","{""Hstar"": 1}",111,,-0.328603446955611
Ir-0.8-Nb-0.2,Ir9Nb3,Ir3Nb,0.5H2(g) + * -> H*,"{""H"": ""hollow|A_A_B|FCC""}",UmVhY3Rpb246MzQ1NDI1,MamunHighT2019,Quantum ESPRESSO 5.1,BEEF-vdW,"{""star"": 1, ""H2gas"": 0.5}","{""Hstar"": 1}",111,,-0.470152303957519
Ir-0.8-Ni-0.2,Ir9Ni3,Ir3Ni,0.5H2(g) + * -> H*,"{""H"": ""top|A""}",UmVhY3Rpb246MzUzNTgw,MamunHighT2019,Quantum ESPRESSO 5.1,BEEF-vdW,"{""star"": 1, ""H2gas"": 0.5}","{""Hstar"": 1}",111,,-0.261986033662623
Ir-0.8-Os-0.2,Ir9Os3,Ir3Os,0.5H2(g) + * -> H*,"{""H"": ""top|B""}",UmVhY3Rpb246MzU0NTEw,MamunHighT2019,Quantum ESPRESSO 5.1,BEEF-vdW,"{""star"": 1, ""H2gas"": 0.5}","{""Hstar"": 1}",111,,-0.304391029759216
Ir-0.8-Pb-0.2,Ir9Pb3,Ir3Pb,0.5H2(g) + * -> H*,"{""H"": ""hollow|A_A_A|HCP""}",UmVhY3Rpb246NDE5NTIx,MamunHighT2019,Quantum ESPRESSO 5.1,BEEF-vdW,"{""star"": 1, ""H2gas"": 0.5}","{""Hstar"": 1}",111,,-0.403519788257626
Ir-0.8-Pd-0.2,Ir9Pd3,Ir3Pd,0.5H2(g) + * -> H*,"{""H"": ""top|A""}",UmVhY3Rpb246NDE4NTYy,MamunHighT2019,Quantum ESPRESSO 5.1,BEEF-vdW,"{""star"": 1, ""H2gas"": 0.5}","{""Hstar"": 1}",111,,-0.337950149259058
Ir-0.8-Pt-0.2,Ir9Pt3,Ir3Pt,0.5H2(g) + * -> H*,"{""H"": ""top|A""}",UmVhY3Rpb246NDE4Mzcz,MamunHighT2019,Quantum ESPRESSO 5.1,BEEF-vdW,"{""star"": 1, ""H2gas"": 0.5}","{""Hstar"": 1}",111,,-0.356284771557483
Ir-0.8-Re-0.2,Ir9Re3,Ir3Re,0.5H2(g) + * -> H*,"{""H"": ""top|B""}",UmVhY3Rpb246MzYwNDYz,MamunHighT2019,Quantum ESPRESSO 5.1,BEEF-vdW,"{""star"": 1, ""H2gas"": 0.5}","{""Hstar"": 1}",111,,-0.213908416458224
Ir-0.8-Rh-0.2,Ir9Rh3,Ir3Rh,0.5H2(g) + * -> H*,"{""H"": ""top|A""}",UmVhY3Rpb246MzUwNjQ3,MamunHighT2019,Quantum ESPRESSO 5.1,BEEF-vdW,"{""star"": 1, ""H2gas"": 0.5}","{""Hstar"": 1}",111,,-0.317454398856142
Ir-0.8-Ru-0.2,Ir9Ru3,Ir3Ru,0.5H2(g) + * -> H*,"{""H"": ""top|A""}",UmVhY3Rpb246MzU0Nzc4,MamunHighT2019,Quantum ESPRESSO 5.1,BEEF-vdW,"{""star"": 1, ""H2gas"": 0.5}","{""Hstar"": 1}",111,,-0.253091176559764
Ir-0.8-Sc-0.2,Ir9Sc3,Ir3Sc,0.5H2(g) + * -> H*,"{""H"": ""bridge|A_A|B""}",UmVhY3Rpb246MzkzOTU1,MamunHighT2019,Quantum ESPRESSO 5.1,BEEF-vdW,"{""star"": 1, ""H2gas"": 0.5}","{""Hstar"": 1}",111,,-0.548623948458925
Ir-0.8-Sn-0.2,Ir9Sn3,Ir3Sn,0.5H2(g) + * -> H*,"{""H"": ""hollow|A_A_A|HCP""}",UmVhY3Rpb246MzQ2MDE4,MamunHighT2019,Quantum ESPRESSO 5.1,BEEF-vdW,"{""star"": 1, ""H2gas"": 0.5}","{""Hstar"": 1}",111,,-0.389756950556119
Ir-0.8-Ta-0.2,Ir9Ta3,Ir3Ta,0.5H2(g) + * -> H*,"{""H"": ""hollow|A_A_B|FCC""}",UmVhY3Rpb246MzQxMDMw,MamunHighT2019,Quantum ESPRESSO 5.1,BEEF-vdW,"{""star"": 1, ""H2gas"": 0.5}","{""Hstar"": 1}",111,,-0.46617808125572
Ir-0.8-Tc-0.2,Ir9Tc3,Ir3Tc,0.5H2(g) + * -> H*,"{""H"": ""hollow|A_A_B|FCC""}",UmVhY3Rpb246MzQxNTg2,MamunHighT2019,Quantum ESPRESSO 5.1,BEEF-vdW,"{""star"": 1, ""H2gas"": 0.5}","{""Hstar"": 1}",111,,-0.236753869859029
Ir-0.8-Ti-0.2,Ir9Ti3,Ir3Ti,0.5H2(g) + * -> H*,"{""H"": ""hollow|A_A_B|FCC""}",UmVhY3Rpb246MzQ3ODE3,MamunHighT2019,Quantum ESPRESSO 5.1,BEEF-vdW,"{""star"": 1, ""H2gas"": 0.5}","{""Hstar"": 1}",111,,-0.530088097958441
Ir-0.8-Tl-0.2,Ir9Tl3,Ir3Tl,0.5H2(g) + * -> H*,"{""H"": ""hollow|A_A_A|HCP""}",UmVhY3Rpb246MzQ1NDYz,MamunHighT2019,Quantum ESPRESSO 5.1,BEEF-vdW,"{""star"": 1, ""H2gas"": 0.5}","{""Hstar"": 1}",111,,-0.410495562557998
Ir-0.8-V-0.2,Ir9V3,Ir3V,0.5H2(g) + * -> H*,"{""H"": ""hollow|A_A_B|FCC""}",UmVhY3Rpb246MzQ2MTcx,MamunHighT2019,Quantum ESPRESSO 5.1,BEEF-vdW,"{""star"": 1, ""H2gas"": 0.5}","{""Hstar"": 1}",111,,-0.417117316758748
Ir-0.8-W-0.2,Ir9W3,Ir3W,0.5H2(g) + * -> H*,"{""H"": ""hollow|A_A_B|FCC""}",UmVhY3Rpb246MzQ2ODQ1,MamunHighT2019,Quantum ESPRESSO 5.1,BEEF-vdW,"{""star"": 1, ""H2gas"": 0.5}","{""Hstar"": 1}",111,,-0.295728421860048
Ir-0.8-Y-0.2,Ir9Y3,Ir3Y,0.5H2(g) + * -> H*,"{""H"": ""bridge|A_A|B""}",UmVhY3Rpb246MzkzOTQ1,MamunHighT2019,Quantum ESPRESSO 5.1,BEEF-vdW,"{""star"": 1, ""H2gas"": 0.5}","{""Hstar"": 1}",111,,-0.600703543956996
Ir-0.8-Zn-0.2,Ir9Zn3,Ir3Zn,0.5H2(g) + * -> H*,"{""H"": ""hollow|A_A_A|FCC""}",UmVhY3Rpb246MzQyMjcy,MamunHighT2019,Quantum ESPRESSO 5.1,BEEF-vdW,"{""star"": 1, ""H2gas"": 0.5}","{""Hstar"": 1}",111,,-0.307491086662566
Ir-0.8-Zr-0.2,Ir9Zr3,Ir3Zr,0.5H2(g) + * -> H*,"{""H"": ""hollow|A_A_B|FCC""}",UmVhY3Rpb246NDE3NTk5,MamunHighT2019,Quantum ESPRESSO 5.1,BEEF-vdW,"{""star"": 1, ""H2gas"": 0.5}","{""Hstar"": 1}",111,,-0.590840641757467
La-1.0,La12,La,0.5H2(g) + * -> H*,"{""H"": ""hollow|A_A_A|HCP""}",UmVhY3Rpb246MzM5MTY1,MamunHighT2019,Quantum ESPRESSO 5.1,BEEF-vdW,"{""star"": 1, ""H2gas"": 0.5}","{""Hstar"": 1}",111,,-0.687573846057575
La-0.2-Mo-0.8,La3Mo9,Mo3La,0.5H2(g) + * -> H*,"{""H"": ""hollow|A_A_A|HCP""}",UmVhY3Rpb246MzQyODE3,MamunHighT2019,Quantum ESPRESSO 5.1,BEEF-vdW,"{""star"": 1, ""H2gas"": 0.5}","{""Hstar"": 1}",111,,-0.586050894059525
La-0.2-Nb-0.8,La3Nb9,Nb3La,0.5H2(g) + * -> H*,"{""H"": ""bridge|A_A|B""}",UmVhY3Rpb246NDA3MzI0,MamunHighT2019,Quantum ESPRESSO 5.1,BEEF-vdW,"{""star"": 1, ""H2gas"": 0.5}","{""Hstar"": 1}",111,,-0.726952800257067
La-0.2-Ni-0.8,La3Ni9,Ni3La,0.5H2(g) + * -> H*,"{""H"": ""top|B""}",UmVhY3Rpb246MzUwNzc3,MamunHighT2019,Quantum ESPRESSO 5.1,BEEF-vdW,"{""star"": 1, ""H2gas"": 0.5}","{""Hstar"": 1}",111,,1.15353736564524
La-0.2-Os-0.8,La3Os9,Os3La,0.5H2(g) + * -> H*,"{""H"": ""top-tilt|A""}",UmVhY3Rpb246MzYwNTQ4,MamunHighT2019,Quantum ESPRESSO 5.1,BEEF-vdW,"{""star"": 1, ""H2gas"": 0.5}","{""Hstar"": 1}",111,,-0.726602861860528
La-0.2-Pb-0.8,La3Pb9,Pb3La,0.5H2(g) + * -> H*,"{""H"": ""bridge|A_B|A""}",UmVhY3Rpb246NDA0MzE5,MamunHighT2019,Quantum ESPRESSO 5.1,BEEF-vdW,"{""star"": 1, ""H2gas"": 0.5}","{""Hstar"": 1}",111,,0.467162453141128
La-0.2-Pd-0.8,La3Pd9,Pd3La,0.5H2(g) + * -> H*,"{""H"": ""hollow|A_A_A|HCP""}",UmVhY3Rpb246MzQ1NjE3,MamunHighT2019,Quantum ESPRESSO 5.1,BEEF-vdW,"{""star"": 1, ""H2gas"": 0.5}","{""Hstar"": 1}",111,,-0.458477531857142
La-0.2-Pt-0.8,La3Pt9,Pt3La,0.5H2(g) + * -> H*,"{""H"": ""bridge|A_A|B""}",UmVhY3Rpb246MzU0NjU2,MamunHighT2019,Quantum ESPRESSO 5.1,BEEF-vdW,"{""star"": 1, ""H2gas"": 0.5}","{""Hstar"": 1}",111,,-0.447723592859774
La-0.2-Re-0.8,La3Re9,Re3La,0.5H2(g) + * -> H*,"{""H"": ""top-tilt|A""}",UmVhY3Rpb246NDEwMjUw,MamunHighT2019,Quantum ESPRESSO 5.1,BEEF-vdW,"{""star"": 1, ""H2gas"": 0.5}","{""Hstar"": 1}",111,,-0.879342808558221
La-0.2-Rh-0.8,La3Rh9,Rh3La,0.5H2(g) + * -> H*,"{""H"": ""hollow|A_A_A|HCP""}",UmVhY3Rpb246MzQ3MzU2,MamunHighT2019,Quantum ESPRESSO 5.1,BEEF-vdW,"{""star"": 1, ""H2gas"": 0.5}","{""Hstar"": 1}",111,,-0.759913269156613
La-0.2-Ru-0.8,La3Ru9,Ru3La,0.5H2(g) + * -> H*,"{""H"": ""bridge|A_A|B""}",UmVhY3Rpb246NDEzOTE0,MamunHighT2019,Quantum ESPRESSO 5.1,BEEF-vdW,"{""star"": 1, ""H2gas"": 0.5}","{""Hstar"": 1}",111,,-0.63230630096129
La-0.2-Sc-0.8,La3Sc9,Sc3La,0.5H2(g) + * -> H*,"{""H"": ""hollow|A_A_A|FCC""}",UmVhY3Rpb246MzQ2OTQ1,MamunHighT2019,Quantum ESPRESSO 5.1,BEEF-vdW,"{""star"": 1, ""H2gas"": 0.5}","{""Hstar"": 1}",111,,-0.905740980158015
La-0.2-Sn-0.8,La3Sn9,Sn3La,0.5H2(g) + * -> H*,"{""H"": ""bridge|A_B|A""}",UmVhY3Rpb246NDA0NTc4,MamunHighT2019,Quantum ESPRESSO 5.1,BEEF-vdW,"{""star"": 1, ""H2gas"": 0.5}","{""Hstar"": 1}",111,,0.441680896944519
La-0.2-Ta-0.8,La3Ta9,Ta3La,0.5H2(g) + * -> H*,"{""H"": ""bridge|A_A|B""}",UmVhY3Rpb246MzUzNjQ3,MamunHighT2019,Quantum ESPRESSO 5.1,BEEF-vdW,"{""star"": 1, ""H2gas"": 0.5}","{""Hstar"": 1}",111,,-0.712743423758155
La-0.2-Tc-0.8,La3Tc9,Tc3La,0.5H2(g) + * -> H*,"{""H"": ""top-tilt|A""}",UmVhY3Rpb246MzkxNzYx,MamunHighT2019,Quantum ESPRESSO 5.1,BEEF-vdW,"{""star"": 1, ""H2gas"": 0.5}","{""Hstar"": 1}",111,,-0.799103784559492
La-0.2-Ti-0.8,La3Ti9,Ti3La,0.5H2(g) + * -> H*,"{""H"": ""hollow|A_A_A|FCC""}",UmVhY3Rpb246MzQ2MDMy,MamunHighT2019,Quantum ESPRESSO 5.1,BEEF-vdW,"{""star"": 1, ""H2gas"": 0.5}","{""Hstar"": 1}",111,,-0.953413283855269
La-0.2-Tl-0.8,La3Tl9,Tl3La,0.5H2(g) + * -> H*,"{""H"": ""hollow|A_A_B|HCP""}",UmVhY3Rpb246MzQ4MjI1,MamunHighT2019,Quantum ESPRESSO 5.1,BEEF-vdW,"{""star"": 1, ""H2gas"": 0.5}","{""Hstar"": 1}",111,,0.245363007540647
La-0.2-V-0.8,La3V9,V3La,0.5H2(g) + * -> H*,"{""H"": ""hollow|A_A_A|HCP""}",UmVhY3Rpb246MzQxNTMy,MamunHighT2019,Quantum ESPRESSO 5.1,BEEF-vdW,"{""star"": 1, ""H2gas"": 0.5}","{""Hstar"": 1}",111,,-0.644646255356719
La-0.2-W-0.8,La3W9,W3La,0.5H2(g) + * -> H*,"{""H"": ""bridge|A_A|B""}",UmVhY3Rpb246Mzg5MTEz,MamunHighT2019,Quantum ESPRESSO 5.1,BEEF-vdW,"{""star"": 1, ""H2gas"": 0.5}","{""Hstar"": 1}",111,,-0.671883490055706
La-0.2-Y-0.8,La3Y9,Y3La,0.5H2(g) + * -> H*,"{""H"": ""hollow|A_A_A|FCC""}",UmVhY3Rpb246MzQ4MjEw,MamunHighT2019,Quantum ESPRESSO 5.1,BEEF-vdW,"{""star"": 1, ""H2gas"": 0.5}","{""Hstar"": 1}",111,,-0.922380333257905
La-0.2-Zn-0.8,La3Zn9,Zn3La,0.5H2(g) + * -> H*,"{""H"": ""bridge|A_B|A""}",UmVhY3Rpb246NDAyNjQz,MamunHighT2019,Quantum ESPRESSO 5.1,BEEF-vdW,"{""star"": 1, ""H2gas"": 0.5}","{""Hstar"": 1}",111,,-0.0141369941620439
La-0.2-Zr-0.8,La3Zr9,Zr3La,0.5H2(g) + * -> H*,"{""H"": ""hollow|A_A_A|FCC""}",UmVhY3Rpb246MzQ1MDY3,MamunHighT2019,Quantum ESPRESSO 5.1,BEEF-vdW,"{""star"": 1, ""H2gas"": 0.5}","{""Hstar"": 1}",111,,-0.934639197660516
La-0.5-Mn-0.5,La6Mn6,LaMn,0.5H2(g) + * -> H*,"{""H"": ""hollow-tilt|A_A_B|FCC""}",UmVhY3Rpb246MzU3MzUw,MamunHighT2019,Quantum ESPRESSO 5.1,BEEF-vdW,"{""star"": 1, ""H2gas"": 0.5}","{""Hstar"": 1}",101,,-0.388703733958181
La-0.5-Mo-0.5,La6Mo6,LaMo,0.5H2(g) + * -> H*,"{""H"": ""bridge|A_A|B""}",UmVhY3Rpb246NDA1Njc5,MamunHighT2019,Quantum ESPRESSO 5.1,BEEF-vdW,"{""star"": 1, ""H2gas"": 0.5}","{""Hstar"": 1}",101,,-0.872222405657311
La-0.5-Nb-0.5,La6Nb6,LaNb,0.5H2(g) + * -> H*,"{""H"": ""bridge|B_B|B""}",UmVhY3Rpb246MzUwODQ0,MamunHighT2019,Quantum ESPRESSO 5.1,BEEF-vdW,"{""star"": 1, ""H2gas"": 0.5}","{""Hstar"": 1}",101,,-0.844618361558759
La-0.5-Ni-0.5,La6Ni6,LaNi,0.5H2(g) + * -> H*,"{""H"": ""hollow-tilt|A_A_B|FCC""}",UmVhY3Rpb246MzU5OTA2,MamunHighT2019,Quantum ESPRESSO 5.1,BEEF-vdW,"{""star"": 1, ""H2gas"": 0.5}","{""Hstar"": 1}",101,,-0.432811890560487
La-0.5-Os-0.5,La6Os6,LaOs,0.5H2(g) + * -> H*,"{""H"": ""hollow-tilt|A_A_B|FCC""}",UmVhY3Rpb246MzU5MTg1,MamunHighT2019,Quantum ESPRESSO 5.1,BEEF-vdW,"{""star"": 1, ""H2gas"": 0.5}","{""Hstar"": 1}",101,,-0.94854611975731
La-0.5-Pb-0.5,La6Pb6,LaPb,0.5H2(g) + * -> H*,"{""H"": ""bridge|A_A|B""}",UmVhY3Rpb246MzU3MTI1,MamunHighT2019,Quantum ESPRESSO 5.1,BEEF-vdW,"{""star"": 1, ""H2gas"": 0.5}","{""Hstar"": 1}",101,,-0.451336992557998
La-0.5-Pd-0.5,La6Pd6,LaPd,0.5H2(g) + * -> H*,"{""H"": ""hollow|A_A_B|FCC""}",UmVhY3Rpb246MzUyOTA0,MamunHighT2019,Quantum ESPRESSO 5.1,BEEF-vdW,"{""star"": 1, ""H2gas"": 0.5}","{""Hstar"": 1}",101,,-0.30752482875593
La-0.5-Pt-0.5,La6Pt6,LaPt,0.5H2(g) + * -> H*,"{""H"": ""hollow-tilt|A_A_B|FCC""}",UmVhY3Rpb246NDA1NzQx,MamunHighT2019,Quantum ESPRESSO 5.1,BEEF-vdW,"{""star"": 1, ""H2gas"": 0.5}","{""Hstar"": 1}",101,,-0.207741636658255
La-0.5-Re-0.5,La6Re6,LaRe,0.5H2(g) + * -> H*,"{""H"": ""top-tilt|B""}",UmVhY3Rpb246MzU4NzUz,MamunHighT2019,Quantum ESPRESSO 5.1,BEEF-vdW,"{""star"": 1, ""H2gas"": 0.5}","{""Hstar"": 1}",101,,-0.850289350054453
La-0.5-Rh-0.5,La6Rh6,LaRh,0.5H2(g) + * -> H*,"{""H"": ""hollow-tilt|A_A_B|FCC""}",UmVhY3Rpb246MzU5NDMy,MamunHighT2019,Quantum ESPRESSO 5.1,BEEF-vdW,"{""star"": 1, ""H2gas"": 0.5}","{""Hstar"": 1}",101,,-0.746217371560277
La-0.5-Ru-0.5,La6Ru6,LaRu,0.5H2(g) + * -> H*,"{""H"": ""hollow-tilt|A_A_B|FCC""}",UmVhY3Rpb246MzU4ODk1,MamunHighT2019,Quantum ESPRESSO 5.1,BEEF-vdW,"{""star"": 1, ""H2gas"": 0.5}","{""Hstar"": 1}",101,,-0.811296389357239
La-0.5-Sc-0.5,La6Sc6,LaSc,0.5H2(g) + * -> H*,"{""H"": ""hollow|A_A_B|HCP""}",UmVhY3Rpb246MzU5NzY1,MamunHighT2019,Quantum ESPRESSO 5.1,BEEF-vdW,"{""star"": 1, ""H2gas"": 0.5}","{""Hstar"": 1}",101,,-0.840083584459507
La-0.5-Sn-0.5,La6Sn6,LaSn,0.5H2(g) + * -> H*,"{""H"": ""bridge|A_A|B""}",UmVhY3Rpb246MzU5Mjc4,MamunHighT2019,Quantum ESPRESSO 5.1,BEEF-vdW,"{""star"": 1, ""H2gas"": 0.5}","{""Hstar"": 1}",101,,-0.392792516456183
La-0.5-Ta-0.5,La6Ta6,LaTa,0.5H2(g) + * -> H*,"{""H"": ""bridge|B_B|B""}",UmVhY3Rpb246MzUyNjcz,MamunHighT2019,Quantum ESPRESSO 5.1,BEEF-vdW,"{""star"": 1, ""H2gas"": 0.5}","{""Hstar"": 1}",101,,-0.886516817757155
La-0.5-Tc-0.5,La6Tc6,LaTc,0.5H2(g) + * -> H*,"{""H"": ""hollow-tilt|A_A_B|FCC""}",UmVhY3Rpb246MzU0Mjgy,MamunHighT2019,Quantum ESPRESSO 5.1,BEEF-vdW,"{""star"": 1, ""H2gas"": 0.5}","{""Hstar"": 1}",101,,-0.735187645356717
La-0.5-Ti-0.5,La6Ti6,LaTi,0.5H2(g) + * -> H*,"{""H"": ""hollow-tilt|A_A_B|HCP""}",UmVhY3Rpb246NDA1NjQ2,MamunHighT2019,Quantum ESPRESSO 5.1,BEEF-vdW,"{""star"": 1, ""H2gas"": 0.5}","{""Hstar"": 1}",101,,-0.897293614259041
La-0.5-Tl-0.5,La6Tl6,LaTl,0.5H2(g) + * -> H*,"{""H"": ""bridge|A_A|B""}",UmVhY3Rpb246MzU4NDc0,MamunHighT2019,Quantum ESPRESSO 5.1,BEEF-vdW,"{""star"": 1, ""H2gas"": 0.5}","{""Hstar"": 1}",101,,-0.413238470059667
La-0.5-V-0.5,La6V6,LaV,0.5H2(g) + * -> H*,"{""H"": ""bridge|A_A|B""}",UmVhY3Rpb246MzU2MTAz,MamunHighT2019,Quantum ESPRESSO 5.1,BEEF-vdW,"{""star"": 1, ""H2gas"": 0.5}","{""Hstar"": 1}",101,,0.0690565057421111
La-0.5-W-0.5,La6W6,LaW,0.5H2(g) + * -> H*,"{""H"": ""bridge-tilt|B_B|A""}",UmVhY3Rpb246MzUyOTY5,MamunHighT2019,Quantum ESPRESSO 5.1,BEEF-vdW,"{""star"": 1, ""H2gas"": 0.5}","{""Hstar"": 1}",101,,-0.856283337557187
La-0.5-Y-0.5,La6Y6,LaY,0.5H2(g) + * -> H*,"{""H"": ""hollow|A_B_B|FCC""}",UmVhY3Rpb246MzU1MDQy,MamunHighT2019,Quantum ESPRESSO 5.1,BEEF-vdW,"{""star"": 1, ""H2gas"": 0.5}","{""Hstar"": 1}",101,,-0.84677704065777
La-0.5-Zn-0.5,La6Zn6,LaZn,0.5H2(g) + * -> H*,"{""H"": ""hollow|A_A_B|FCC""}",UmVhY3Rpb246NDA1Nzcz,MamunHighT2019,Quantum ESPRESSO 5.1,BEEF-vdW,"{""star"": 1, ""H2gas"": 0.5}","{""Hstar"": 1}",101,,-0.445903967657586
La-0.5-Zr-0.5,La6Zr6,LaZr,0.5H2(g) + * -> H*,"{""H"": ""hollow|A_B_B|FCC""}",UmVhY3Rpb246MzU1MTkz,MamunHighT2019,Quantum ESPRESSO 5.1,BEEF-vdW,"{""star"": 1, ""H2gas"": 0.5}","{""Hstar"": 1}",101,,-0.879774517160485
La-0.8-Mn-0.2,La9Mn3,La3Mn,0.5H2(g) + * -> H*,"{""H"": ""hollow|A_A_A|HCP""}",UmVhY3Rpb246MzQzNDgw,MamunHighT2019,Quantum ESPRESSO 5.1,BEEF-vdW,"{""star"": 1, ""H2gas"": 0.5}","{""Hstar"": 1}",111,,-0.696909119457786
La-0.8-Mo-0.2,La9Mo3,La3Mo,0.5H2(g) + * -> H*,"{""H"": ""hollow|A_A_A|HCP""}",UmVhY3Rpb246MzQ0MjYw,MamunHighT2019,Quantum ESPRESSO 5.1,BEEF-vdW,"{""star"": 1, ""H2gas"": 0.5}","{""Hstar"": 1}",111,,-0.692362097258382
La-0.8-Nb-0.2,La9Nb3,La3Nb,0.5H2(g) + * -> H*,"{""H"": ""hollow-tilt|A_A_B|HCP""}",UmVhY3Rpb246MzQ0NDk1,MamunHighT2019,Quantum ESPRESSO 5.1,BEEF-vdW,"{""star"": 1, ""H2gas"": 0.5}","{""Hstar"": 1}",111,,-0.784909782457333
La-0.8-Ni-0.2,La9Ni3,La3Ni,0.5H2(g) + * -> H*,"{""H"": ""top|B""}",UmVhY3Rpb246NDA1NzA4,MamunHighT2019,Quantum ESPRESSO 5.1,BEEF-vdW,"{""star"": 1, ""H2gas"": 0.5}","{""Hstar"": 1}",111,,-0.0649088105592171
La-0.8-Os-0.2,La9Os3,La3Os,0.5H2(g) + * -> H*,"{""H"": ""hollow|A_A_A|HCP""}",UmVhY3Rpb246MzQxOTc0,MamunHighT2019,Quantum ESPRESSO 5.1,BEEF-vdW,"{""star"": 1, ""H2gas"": 0.5}","{""Hstar"": 1}",111,,-0.658162013659393
La-0.8-Pb-0.2,La9Pb3,La3Pb,0.5H2(g) + * -> H*,"{""H"": ""hollow|A_A_A|FCC""}",UmVhY3Rpb246MzQ1MzY2,MamunHighT2019,Quantum ESPRESSO 5.1,BEEF-vdW,"{""star"": 1, ""H2gas"": 0.5}","{""Hstar"": 1}",111,,-0.787753099960327
La-0.8-Pd-0.2,La9Pd3,La3Pd,0.5H2(g) + * -> H*,"{""H"": ""hollow|A_A_A|FCC""}",UmVhY3Rpb246MzQwNDQ4,MamunHighT2019,Quantum ESPRESSO 5.1,BEEF-vdW,"{""star"": 1, ""H2gas"": 0.5}","{""Hstar"": 1}",111,,-0.698304655360488
La-0.8-Pt-0.2,La9Pt3,La3Pt,0.5H2(g) + * -> H*,"{""H"": ""top|B""}",UmVhY3Rpb246MzY4NjQw,MamunHighT2019,Quantum ESPRESSO 5.1,BEEF-vdW,"{""star"": 1, ""H2gas"": 0.5}","{""Hstar"": 1}",111,,-0.006656856959097
La-0.8-Re-0.2,La9Re3,La3Re,0.5H2(g) + * -> H*,"{""H"": ""hollow|A_A_A|HCP""}",UmVhY3Rpb246MzQxMzk1,MamunHighT2019,Quantum ESPRESSO 5.1,BEEF-vdW,"{""star"": 1, ""H2gas"": 0.5}","{""Hstar"": 1}",111,,-0.659674422359757
La-0.8-Rh-0.2,La9Rh3,La3Rh,0.5H2(g) + * -> H*,"{""H"": ""hollow|A_A_A|HCP""}",UmVhY3Rpb246MzQyMTY5,MamunHighT2019,Quantum ESPRESSO 5.1,BEEF-vdW,"{""star"": 1, ""H2gas"": 0.5}","{""Hstar"": 1}",111,,-0.680234527658257
La-0.8-Ru-0.2,La9Ru3,La3Ru,0.5H2(g) + * -> H*,"{""H"": ""hollow|A_A_A|HCP""}",UmVhY3Rpb246MzQwOTQy,MamunHighT2019,Quantum ESPRESSO 5.1,BEEF-vdW,"{""star"": 1, ""H2gas"": 0.5}","{""Hstar"": 1}",111,,-0.683685067257983
La-0.8-Sc-0.2,La9Sc3,La3Sc,0.5H2(g) + * -> H*,"{""H"": ""hollow|A_A_B|FCC""}",UmVhY3Rpb246MzQxNTUz,MamunHighT2019,Quantum ESPRESSO 5.1,BEEF-vdW,"{""star"": 1, ""H2gas"": 0.5}","{""Hstar"": 1}",111,,-0.767240206455398
La-0.8-Sn-0.2,La9Sn3,La3Sn,0.5H2(g) + * -> H*,"{""H"": ""hollow|A_A_A|FCC""}",UmVhY3Rpb246MzQ0ODMx,MamunHighT2019,Quantum ESPRESSO 5.1,BEEF-vdW,"{""star"": 1, ""H2gas"": 0.5}","{""Hstar"": 1}",111,,-0.763605037757742
La-0.8-Ta-0.2,La9Ta3,La3Ta,0.5H2(g) + * -> H*,"{""H"": ""hollow-tilt|A_A_B|HCP""}",UmVhY3Rpb246MzQ3MjA5,MamunHighT2019,Quantum ESPRESSO 5.1,BEEF-vdW,"{""star"": 1, ""H2gas"": 0.5}","{""Hstar"": 1}",111,,-0.812367429359227
La-0.8-Tc-0.2,La9Tc3,La3Tc,0.5H2(g) + * -> H*,"{""H"": ""hollow|A_A_A|HCP""}",UmVhY3Rpb246MzQ4NDAy,MamunHighT2019,Quantum ESPRESSO 5.1,BEEF-vdW,"{""star"": 1, ""H2gas"": 0.5}","{""Hstar"": 1}",111,,-0.674320949757174
La-0.8-Ti-0.2,La9Ti3,La3Ti,0.5H2(g) + * -> H*,"{""H"": ""hollow-tilt|A_A_B|HCP""}",UmVhY3Rpb246MzQ1OTEw,MamunHighT2019,Quantum ESPRESSO 5.1,BEEF-vdW,"{""star"": 1, ""H2gas"": 0.5}","{""Hstar"": 1}",111,,-0.76098947945772
La-0.8-Tl-0.2,La9Tl3,La3Tl,0.5H2(g) + * -> H*,"{""H"": ""hollow|A_A_A|FCC""}",UmVhY3Rpb246NDA1ODM0,MamunHighT2019,Quantum ESPRESSO 5.1,BEEF-vdW,"{""star"": 1, ""H2gas"": 0.5}","{""Hstar"": 1}",111,,-0.753616827160812
La-0.8-V-0.2,La9V3,La3V,0.5H2(g) + * -> H*,"{""H"": ""hollow-tilt|A_A_B|HCP""}",UmVhY3Rpb246MzQzMzgy,MamunHighT2019,Quantum ESPRESSO 5.1,BEEF-vdW,"{""star"": 1, ""H2gas"": 0.5}","{""Hstar"": 1}",111,,-0.750446836957934
La-0.8-W-0.2,La9W3,La3W,0.5H2(g) + * -> H*,"{""H"": ""hollow-tilt|A_A_B|HCP""}",UmVhY3Rpb246MzQzNTA2,MamunHighT2019,Quantum ESPRESSO 5.1,BEEF-vdW,"{""star"": 1, ""H2gas"": 0.5}","{""Hstar"": 1}",111,,-0.79251209895935
La-0.8-Y-0.2,La9Y3,La3Y,0.5H2(g) + * -> H*,"{""H"": ""hollow|A_A_B|FCC""}",UmVhY3Rpb246MzQ1NDcx,MamunHighT2019,Quantum ESPRESSO 5.1,BEEF-vdW,"{""star"": 1, ""H2gas"": 0.5}","{""Hstar"": 1}",111,,-0.774886877358739
La-0.8-Zn-0.2,La9Zn3,La3Zn,0.5H2(g) + * -> H*,"{""H"": ""hollow|A_A_A|FCC""}",UmVhY3Rpb246MzQ0NDE0,MamunHighT2019,Quantum ESPRESSO 5.1,BEEF-vdW,"{""star"": 1, ""H2gas"": 0.5}","{""Hstar"": 1}",111,,-0.690991323756833
La-0.8-Zr-0.2,La9Zr3,La3Zr,0.5H2(g) + * -> H*,"{""H"": ""hollow|A_A_B|HCP""}",UmVhY3Rpb246MzQyOTEy,MamunHighT2019,Quantum ESPRESSO 5.1,BEEF-vdW,"{""star"": 1, ""H2gas"": 0.5}","{""Hstar"": 1}",111,,-0.777539307159685
Mn-0.2-Mo-0.8,Mn3Mo9,Mo3Mn,0.5H2(g) + * -> H*,"{""H"": ""hollow|A_A_A|FCC""}",UmVhY3Rpb246MzQ4NDIx,MamunHighT2019,Quantum ESPRESSO 5.1,BEEF-vdW,"{""star"": 1, ""H2gas"": 0.5}","{""Hstar"": 1}",111,,-0.809083423558121
Mn-0.2-Nb-0.8,Mn3Nb9,Nb3Mn,0.5H2(g) + * -> H*,"{""H"": ""hollow|A_A_A|FCC""}",UmVhY3Rpb246MzQ3NjYy,MamunHighT2019,Quantum ESPRESSO 5.1,BEEF-vdW,"{""star"": 1, ""H2gas"": 0.5}","{""Hstar"": 1}",111,,-0.927782201058079
Mn-0.2-Ni-0.8,Mn3Ni9,Ni3Mn,0.5H2(g) + * -> H*,"{""H"": ""hollow|A_A_B|FCC""}",UmVhY3Rpb246NDIxODQ5,MamunHighT2019,Quantum ESPRESSO 5.1,BEEF-vdW,"{""star"": 1, ""H2gas"": 0.5}","{""Hstar"": 1}",111,,-0.414381348155956
Mn-0.2-Os-0.8,Mn3Os9,Os3Mn,0.5H2(g) + * -> H*,"{""H"": ""hollow|A_A_B|HCP""}",UmVhY3Rpb246NDEyNzA3,MamunHighT2019,Quantum ESPRESSO 5.1,BEEF-vdW,"{""star"": 1, ""H2gas"": 0.5}","{""Hstar"": 1}",111,,-0.360291239651787
Mn-0.2-Pb-0.8,Mn3Pb9,Pb3Mn,0.5H2(g) + * -> H*,"{""H"": ""top|B""}",UmVhY3Rpb246NDA0NDY0,MamunHighT2019,Quantum ESPRESSO 5.1,BEEF-vdW,"{""star"": 1, ""H2gas"": 0.5}","{""Hstar"": 1}",111,,0.0973611069430547
Mn-0.2-Pd-0.8,Mn3Pd9,Pd3Mn,0.5H2(g) + * -> H*,"{""H"": ""hollow|A_A_A|HCP""}",UmVhY3Rpb246MzQ0NDI3,MamunHighT2019,Quantum ESPRESSO 5.1,BEEF-vdW,"{""star"": 1, ""H2gas"": 0.5}","{""Hstar"": 1}",111,,-0.32352144905505
Mn-0.2-Pt-0.8,Mn3Pt9,Pt3Mn,0.5H2(g) + * -> H*,"{""H"": ""bridge|A_A|B""}",UmVhY3Rpb246NDAxMDAy,MamunHighT2019,Quantum ESPRESSO 5.1,BEEF-vdW,"{""star"": 1, ""H2gas"": 0.5}","{""Hstar"": 1}",111,,-0.301576828561309
Mn-0.2-Rh-0.8,Mn3Rh9,Rh3Mn,0.5H2(g) + * -> H*,"{""H"": ""hollow|A_A_B|FCC""}",UmVhY3Rpb246NDIwMjE0,MamunHighT2019,Quantum ESPRESSO 5.1,BEEF-vdW,"{""star"": 1, ""H2gas"": 0.5}","{""Hstar"": 1}",111,,-0.317466643958113
Mn-0.2-Ru-0.8,Mn3Ru9,Ru3Mn,0.5H2(g) + * -> H*,"{""H"": ""hollow|A_A_B|FCC""}",UmVhY3Rpb246NDE2MTUz,MamunHighT2019,Quantum ESPRESSO 5.1,BEEF-vdW,"{""star"": 1, ""H2gas"": 0.5}","{""Hstar"": 1}",111,,-0.396129856656415
Mn-0.2-Sn-0.8,Mn3Sn9,Sn3Mn,0.5H2(g) + * -> H*,"{""H"": ""top|B""}",UmVhY3Rpb246MzQ5MjU2,MamunHighT2019,Quantum ESPRESSO 5.1,BEEF-vdW,"{""star"": 1, ""H2gas"": 0.5}","{""Hstar"": 1}",111,,0.205376695143997
Mn-0.2-Ta-0.8,Mn3Ta9,Ta3Mn,0.5H2(g) + * -> H*,"{""H"": ""hollow|A_A_A|HCP""}",UmVhY3Rpb246NDA3MTg3,MamunHighT2019,Quantum ESPRESSO 5.1,BEEF-vdW,"{""star"": 1, ""H2gas"": 0.5}","{""Hstar"": 1}",111,,-0.956171157659782
Mn-0.2-Tc-0.8,Mn3Tc9,Tc3Mn,0.5H2(g) + * -> H*,"{""H"": ""hollow|A_A_A|HCP""}",UmVhY3Rpb246NDExMDI4,MamunHighT2019,Quantum ESPRESSO 5.1,BEEF-vdW,"{""star"": 1, ""H2gas"": 0.5}","{""Hstar"": 1}",111,,-0.581817755056335
Mn-0.2-Ti-0.8,Mn3Ti9,Ti3Mn,0.5H2(g) + * -> H*,"{""H"": ""hollow|A_A_A|HCP""}",UmVhY3Rpb246NDA2OTM4,MamunHighT2019,Quantum ESPRESSO 5.1,BEEF-vdW,"{""star"": 1, ""H2gas"": 0.5}","{""Hstar"": 1}",111,,-1.00724855785572
Mn-0.2-Tl-0.8,Mn3Tl9,Tl3Mn,0.5H2(g) + * -> H*,"{""H"": ""top|B""}",UmVhY3Rpb246NDA0MjMw,MamunHighT2019,Quantum ESPRESSO 5.1,BEEF-vdW,"{""star"": 1, ""H2gas"": 0.5}","{""Hstar"": 1}",111,,0.145612877041486
Mn-0.2-W-0.8,Mn3W9,W3Mn,0.5H2(g) + * -> H*,"{""H"": ""hollow|A_A_A|HCP""}",UmVhY3Rpb246NDEwMDU0,MamunHighT2019,Quantum ESPRESSO 5.1,BEEF-vdW,"{""star"": 1, ""H2gas"": 0.5}","{""Hstar"": 1}",111,,-0.856705930457764
Mn-0.2-Y-0.8,Mn3Y9,Y3Mn,0.5H2(g) + * -> H*,"{""H"": ""hollow|A_A_A|HCP""}",UmVhY3Rpb246MzQxODQx,MamunHighT2019,Quantum ESPRESSO 5.1,BEEF-vdW,"{""star"": 1, ""H2gas"": 0.5}","{""Hstar"": 1}",111,,-1.06870002605771
Mn-0.2-Zn-0.8,Mn3Zn9,Zn3Mn,0.5H2(g) + * -> H*,"{""H"": ""hollow|A_A_B|FCC""}",UmVhY3Rpb246NDAyNzgx,MamunHighT2019,Quantum ESPRESSO 5.1,BEEF-vdW,"{""star"": 1, ""H2gas"": 0.5}","{""Hstar"": 1}",111,,0.0107204689420826
Mn-0.2-Zr-0.8,Mn3Zr9,Zr3Mn,0.5H2(g) + * -> H*,"{""H"": ""hollow|A_A_A|HCP""}",UmVhY3Rpb246NDA2Mzg1,MamunHighT2019,Quantum ESPRESSO 5.1,BEEF-vdW,"{""star"": 1, ""H2gas"": 0.5}","{""Hstar"": 1}",111,,-0.977154399856744
Mn-0.5-Mo-0.5,Mn6Mo6,MnMo,0.5H2(g) + * -> H*,"{""H"": ""hollow|A_A_B|HCP""}",UmVhY3Rpb246NDA5Nzcx,MamunHighT2019,Quantum ESPRESSO 5.1,BEEF-vdW,"{""star"": 1, ""H2gas"": 0.5}","{""Hstar"": 1}",101,,-0.650834260056371
Mn-0.5-Nb-0.5,Mn6Nb6,MnNb,0.5H2(g) + * -> H*,"{""H"": ""hollow|A_B_B|FCC""}",UmVhY3Rpb246MzUxNTcx,MamunHighT2019,Quantum ESPRESSO 5.1,BEEF-vdW,"{""star"": 1, ""H2gas"": 0.5}","{""Hstar"": 1}",101,,-0.762061471958958
Mn-0.5-Pb-0.5,Mn6Pb6,MnPb,0.5H2(g) + * -> H*,"{""H"": ""top|B""}",UmVhY3Rpb246MzU4MDg2,MamunHighT2019,Quantum ESPRESSO 5.1,BEEF-vdW,"{""star"": 1, ""H2gas"": 0.5}","{""Hstar"": 1}",101,,2.73938851744336
Mn-0.5-Re-0.5,Mn6Re6,MnRe,0.5H2(g) + * -> H*,"{""H"": ""hollow|A_A_B|FCC""}",UmVhY3Rpb246MzUyODA4,MamunHighT2019,Quantum ESPRESSO 5.1,BEEF-vdW,"{""star"": 1, ""H2gas"": 0.5}","{""Hstar"": 1}",101,,-0.60359856305783
Mn-0.5-Rh-0.5,Mn6Rh6,MnRh,0.5H2(g) + * -> H*,"{""H"": ""hollow|A_A_B|FCC""}",UmVhY3Rpb246MzU4ODM1,MamunHighT2019,Quantum ESPRESSO 5.1,BEEF-vdW,"{""star"": 1, ""H2gas"": 0.5}","{""Hstar"": 1}",101,,1.35097432324349
Mn-0.5-Ru-0.5,Mn6Ru6,MnRu,0.5H2(g) + * -> H*,"{""H"": ""hollow|A_A_B|FCC""}",UmVhY3Rpb246MzUwNzYy,MamunHighT2019,Quantum ESPRESSO 5.1,BEEF-vdW,"{""star"": 1, ""H2gas"": 0.5}","{""Hstar"": 1}",101,,-0.21372269876062
Mn-0.5-Sc-0.5,Mn6Sc6,MnSc,0.5H2(g) + * -> H*,"{""H"": ""hollow|A_B_B|FCC""}",UmVhY3Rpb246NDI4OTA4,MamunHighT2019,Quantum ESPRESSO 5.1,BEEF-vdW,"{""star"": 1, ""H2gas"": 0.5}","{""Hstar"": 1}",101,,-0.75271150435853
Mn-0.5-Sn-0.5,Mn6Sn6,MnSn,0.5H2(g) + * -> H*,"{""H"": ""bridge|A_A|B""}",UmVhY3Rpb246MzUzMjM3,MamunHighT2019,Quantum ESPRESSO 5.1,BEEF-vdW,"{""star"": 1, ""H2gas"": 0.5}","{""Hstar"": 1}",101,,0.787444522939978
Mn-0.5-Ta-0.5,Mn6Ta6,MnTa,0.5H2(g) + * -> H*,"{""H"": ""hollow|A_B_B|FCC""}",UmVhY3Rpb246MzUwODEw,MamunHighT2019,Quantum ESPRESSO 5.1,BEEF-vdW,"{""star"": 1, ""H2gas"": 0.5}","{""Hstar"": 1}",101,,-0.838457568256644
Mn-0.5-Ti-0.5,Mn6Ti6,MnTi,0.5H2(g) + * -> H*,"{""H"": ""hollow|A_B_B|FCC""}",UmVhY3Rpb246NDI4OTEx,MamunHighT2019,Quantum ESPRESSO 5.1,BEEF-vdW,"{""star"": 1, ""H2gas"": 0.5}","{""Hstar"": 1}",101,,-0.817584259856602
Mn-0.5-Tl-0.5,Mn6Tl6,MnTl,0.5H2(g) + * -> H*,"{""H"": ""top|A""}",UmVhY3Rpb246MzU5MzEw,MamunHighT2019,Quantum ESPRESSO 5.1,BEEF-vdW,"{""star"": 1, ""H2gas"": 0.5}","{""Hstar"": 1}",101,,1.57420413534149
Mn-0.5-V-0.5,Mn6V6,MnV,0.5H2(g) + * -> H*,"{""H"": ""hollow|A_B_B|FCC""}",UmVhY3Rpb246NDI4OTE3,MamunHighT2019,Quantum ESPRESSO 5.1,BEEF-vdW,"{""star"": 1, ""H2gas"": 0.5}","{""Hstar"": 1}",101,,-1.38525876215769
Mn-0.5-W-0.5,Mn6W6,MnW,0.5H2(g) + * -> H*,"{""H"": ""hollow|A_B_B|FCC""}",UmVhY3Rpb246NDI4OTIw,MamunHighT2019,Quantum ESPRESSO 5.1,BEEF-vdW,"{""star"": 1, ""H2gas"": 0.5}","{""Hstar"": 1}",101,,-0.661887660257861
Mn-0.5-Y-0.5,Mn6Y6,MnY,0.5H2(g) + * -> H*,"{""H"": ""hollow|A_B_B|FCC""}",UmVhY3Rpb246MzU5NTU1,MamunHighT2019,Quantum ESPRESSO 5.1,BEEF-vdW,"{""star"": 1, ""H2gas"": 0.5}","{""Hstar"": 1}",101,,-0.530493547658779
Mn-0.5-Zn-0.5,Mn6Zn6,MnZn,0.5H2(g) + * -> H*,"{""H"": ""hollow|A_A_B|HCP""}",UmVhY3Rpb246MzUwMTE2,MamunHighT2019,Quantum ESPRESSO 5.1,BEEF-vdW,"{""star"": 1, ""H2gas"": 0.5}","{""Hstar"": 1}",101,,-0.188327130562328
Mn-0.5-Zr-0.5,Mn6Zr6,MnZr,0.5H2(g) + * -> H*,"{""H"": ""hollow|A_B_B|FCC""}",UmVhY3Rpb246MzU4ODY5,MamunHighT2019,Quantum ESPRESSO 5.1,BEEF-vdW,"{""star"": 1, ""H2gas"": 0.5}","{""Hstar"": 1}",101,,-0.755374274361174
Mn-0.8-Mo-0.2,Mn9Mo3,Mn3Mo,0.5H2(g) + * -> H*,"{""H"": ""hollow|A_A_A|HCP""}",UmVhY3Rpb246NDAwNzEy,MamunHighT2019,Quantum ESPRESSO 5.1,BEEF-vdW,"{""star"": 1, ""H2gas"": 0.5}","{""Hstar"": 1}",111,,-0.53788973785683
Mn-0.8-Ni-0.2,Mn9Ni3,Mn3Ni,0.5H2(g) + * -> H*,"{""H"": ""hollow|A_A_A|FCC""}",UmVhY3Rpb246NDI4OTA1,MamunHighT2019,Quantum ESPRESSO 5.1,BEEF-vdW,"{""star"": 1, ""H2gas"": 0.5}","{""Hstar"": 1}",111,,-0.645824780461197
Mn-0.8-Os-0.2,Mn9Os3,Mn3Os,0.5H2(g) + * -> H*,"{""H"": ""hollow|A_A_A|FCC""}",UmVhY3Rpb246NDAwNzM3,MamunHighT2019,Quantum ESPRESSO 5.1,BEEF-vdW,"{""star"": 1, ""H2gas"": 0.5}","{""Hstar"": 1}",111,,-0.613926099561439
Mn-0.8-Re-0.2,Mn9Re3,Mn3Re,0.5H2(g) + * -> H*,"{""H"": ""hollow|A_A_A|FCC""}",UmVhY3Rpb246NDAwNzE5,MamunHighT2019,Quantum ESPRESSO 5.1,BEEF-vdW,"{""star"": 1, ""H2gas"": 0.5}","{""Hstar"": 1}",111,,-0.652061085361282
Mn-0.8-Tc-0.2,Mn9Tc3,Mn3Tc,0.5H2(g) + * -> H*,"{""H"": ""hollow|A_A_B|HCP""}",UmVhY3Rpb246NDAwNzI5,MamunHighT2019,Quantum ESPRESSO 5.1,BEEF-vdW,"{""star"": 1, ""H2gas"": 0.5}","{""Hstar"": 1}",111,,-0.597754102053813
Mn-0.8-V-0.2,Mn9V3,Mn3V,0.5H2(g) + * -> H*,"{""H"": ""hollow|A_A_A|HCP""}",UmVhY3Rpb246NDAwNzEw,MamunHighT2019,Quantum ESPRESSO 5.1,BEEF-vdW,"{""star"": 1, ""H2gas"": 0.5}","{""Hstar"": 1}",111,,-0.457629080857231
Mn-0.8-W-0.2,Mn9W3,Mn3W,0.5H2(g) + * -> H*,"{""H"": ""hollow|A_A_A|HCP""}",UmVhY3Rpb246NDAwNzE1,MamunHighT2019,Quantum ESPRESSO 5.1,BEEF-vdW,"{""star"": 1, ""H2gas"": 0.5}","{""Hstar"": 1}",111,,-0.594640575457532
Mo-1.0,Mo12,Mo,0.5H2(g) + * -> H*,"{""H"": ""hollow|A_A_A|HCP""}",UmVhY3Rpb246MzM5NzEy,MamunHighT2019,Quantum ESPRESSO 5.1,BEEF-vdW,"{""star"": 1, ""H2gas"": 0.5}","{""Hstar"": 1}",111,,-0.989086999957152
Mo-0.2-Nb-0.8,Mo3Nb9,Nb3Mo,0.5H2(g) + * -> H*,"{""H"": ""hollow|A_A_A|HCP""}",UmVhY3Rpb246NDA3Mzcx,MamunHighT2019,Quantum ESPRESSO 5.1,BEEF-vdW,"{""star"": 1, ""H2gas"": 0.5}","{""Hstar"": 1}",111,,-1.29874316045877
Mo-0.2-Ni-0.8,Mo3Ni9,Ni3Mo,0.5H2(g) + * -> H*,"{""H"": ""hollow|A_A_B|HCP""}",UmVhY3Rpb246Mzk2NzI5,MamunHighT2019,Quantum ESPRESSO 5.1,BEEF-vdW,"{""star"": 1, ""H2gas"": 0.5}","{""Hstar"": 1}",111,,-0.43470716346107
Mo-0.2-Os-0.8,Mo3Os9,Os3Mo,0.5H2(g) + * -> H*,"{""H"": ""hollow|A_A_B|FCC""}",UmVhY3Rpb246MzQwNTEw,MamunHighT2019,Quantum ESPRESSO 5.1,BEEF-vdW,"{""star"": 1, ""H2gas"": 0.5}","{""Hstar"": 1}",111,,-0.494040225358702
Mo-0.2-Pb-0.8,Mo3Pb9,Pb3Mo,0.5H2(g) + * -> H*,"{""H"": ""hollow|A_A_A|HCP""}",UmVhY3Rpb246NDA0NDA2,MamunHighT2019,Quantum ESPRESSO 5.1,BEEF-vdW,"{""star"": 1, ""H2gas"": 0.5}","{""Hstar"": 1}",111,,0.917633987643995
Mo-0.2-Pd-0.8,Mo3Pd9,Pd3Mo,0.5H2(g) + * -> H*,"{""H"": ""hollow|A_A_B|HCP""}",UmVhY3Rpb246MzQyODc2,MamunHighT2019,Quantum ESPRESSO 5.1,BEEF-vdW,"{""star"": 1, ""H2gas"": 0.5}","{""Hstar"": 1}",111,,-0.275613630760716
Mo-0.2-Pt-0.8,Mo3Pt9,Pt3Mo,0.5H2(g) + * -> H*,"{""H"": ""hollow|A_A_B|FCC""}",UmVhY3Rpb246MzQ3MjQz,MamunHighT2019,Quantum ESPRESSO 5.1,BEEF-vdW,"{""star"": 1, ""H2gas"": 0.5}","{""Hstar"": 1}",111,,-0.119483689856651
Mo-0.2-Re-0.8,Mo3Re9,Re3Mo,0.5H2(g) + * -> H*,"{""H"": ""hollow|A_A_B|FCC""}",UmVhY3Rpb246MzQ3MzI2,MamunHighT2019,Quantum ESPRESSO 5.1,BEEF-vdW,"{""star"": 1, ""H2gas"": 0.5}","{""Hstar"": 1}",111,,-0.67472381425884
Mo-0.2-Rh-0.8,Mo3Rh9,Rh3Mo,0.5H2(g) + * -> H*,"{""H"": ""hollow|A_A_B|FCC""}",UmVhY3Rpb246MzQyNjg1,MamunHighT2019,Quantum ESPRESSO 5.1,BEEF-vdW,"{""star"": 1, ""H2gas"": 0.5}","{""Hstar"": 1}",111,,-0.460483827056095
Mo-0.2-Ru-0.8,Mo3Ru9,Ru3Mo,0.5H2(g) + * -> H*,"{""H"": ""hollow|A_A_B|FCC""}",UmVhY3Rpb246NDE0MTQ0,MamunHighT2019,Quantum ESPRESSO 5.1,BEEF-vdW,"{""star"": 1, ""H2gas"": 0.5}","{""Hstar"": 1}",111,,-0.563432791756867
Mo-0.2-Sc-0.8,Mo3Sc9,Sc3Mo,0.5H2(g) + * -> H*,"{""H"": ""hollow|A_A_A|HCP""}",UmVhY3Rpb246MzQzNDEw,MamunHighT2019,Quantum ESPRESSO 5.1,BEEF-vdW,"{""star"": 1, ""H2gas"": 0.5}","{""Hstar"": 1}",111,,-1.03823674566135
Mo-0.2-Sn-0.8,Mo3Sn9,Sn3Mo,0.5H2(g) + * -> H*,"{""H"": ""top|A""}",UmVhY3Rpb246MzYwMjk0,MamunHighT2019,Quantum ESPRESSO 5.1,BEEF-vdW,"{""star"": 1, ""H2gas"": 0.5}","{""Hstar"": 1}",111,,0.826320202541893
Mo-0.2-Ta-0.8,Mo3Ta9,Ta3Mo,0.5H2(g) + * -> H*,"{""H"": ""hollow|A_A_A|HCP""}",UmVhY3Rpb246NDA3MTA5,MamunHighT2019,Quantum ESPRESSO 5.1,BEEF-vdW,"{""star"": 1, ""H2gas"": 0.5}","{""Hstar"": 1}",111,,-1.2211973831572
Mo-0.2-Tc-0.8,Mo3Tc9,Tc3Mo,0.5H2(g) + * -> H*,"{""H"": ""hollow|A_A_B|FCC""}",UmVhY3Rpb246MzQ0Njcw,MamunHighT2019,Quantum ESPRESSO 5.1,BEEF-vdW,"{""star"": 1, ""H2gas"": 0.5}","{""Hstar"": 1}",111,,-0.630986548857408
Mo-0.2-Ti-0.8,Mo3Ti9,Ti3Mo,0.5H2(g) + * -> H*,"{""H"": ""hollow|A_A_A|HCP""}",UmVhY3Rpb246MzQ0ODAz,MamunHighT2019,Quantum ESPRESSO 5.1,BEEF-vdW,"{""star"": 1, ""H2gas"": 0.5}","{""Hstar"": 1}",111,,-1.0696486148581
Mo-0.2-Tl-0.8,Mo3Tl9,Tl3Mo,0.5H2(g) + * -> H*,"{""H"": ""hollow|A_A_A|HCP""}",UmVhY3Rpb246NDA0MjA2,MamunHighT2019,Quantum ESPRESSO 5.1,BEEF-vdW,"{""star"": 1, ""H2gas"": 0.5}","{""Hstar"": 1}",111,,0.958448206242821
Mo-0.2-V-0.8,Mo3V9,V3Mo,0.5H2(g) + * -> H*,"{""H"": ""hollow|A_A_A|HCP""}",UmVhY3Rpb246NDA4MDM3,MamunHighT2019,Quantum ESPRESSO 5.1,BEEF-vdW,"{""star"": 1, ""H2gas"": 0.5}","{""Hstar"": 1}",111,,-1.26352986095569
Mo-0.2-W-0.8,Mo3W9,W3Mo,0.5H2(g) + * -> H*,"{""H"": ""hollow|A_A_B|FCC""}",UmVhY3Rpb246MzQzMzM2,MamunHighT2019,Quantum ESPRESSO 5.1,BEEF-vdW,"{""star"": 1, ""H2gas"": 0.5}","{""Hstar"": 1}",111,,-0.865776845256704
Mo-0.2-Y-0.8,Mo3Y9,Y3Mo,0.5H2(g) + * -> H*,"{""H"": ""hollow|A_A_A|HCP""}",UmVhY3Rpb246MzQ3ODA5,MamunHighT2019,Quantum ESPRESSO 5.1,BEEF-vdW,"{""star"": 1, ""H2gas"": 0.5}","{""Hstar"": 1}",111,,-1.02056526485737
Mo-0.2-Zn-0.8,Mo3Zn9,Zn3Mo,0.5H2(g) + * -> H*,"{""H"": ""hollow|A_A_B|HCP""}",UmVhY3Rpb246NDAyNzE0,MamunHighT2019,Quantum ESPRESSO 5.1,BEEF-vdW,"{""star"": 1, ""H2gas"": 0.5}","{""Hstar"": 1}",111,,-0.466684077057806
Mo-0.2-Zr-0.8,Mo3Zr9,Zr3Mo,0.5H2(g) + * -> H*,"{""H"": ""hollow|A_A_A|HCP""}",UmVhY3Rpb246NDA2MjYw,MamunHighT2019,Quantum ESPRESSO 5.1,BEEF-vdW,"{""star"": 1, ""H2gas"": 0.5}","{""Hstar"": 1}",111,,-1.04322105485969
Mo-0.5-Nb-0.5,Mo6Nb6,MoNb,0.5H2(g) + * -> H*,"{""H"": ""hollow|A_A_B|HCP""}",UmVhY3Rpb246MzUzODcz,MamunHighT2019,Quantum ESPRESSO 5.1,BEEF-vdW,"{""star"": 1, ""H2gas"": 0.5}","{""Hstar"": 1}",101,,-0.851336307957325
Mo-0.5-Ni-0.5,Mo6Ni6,MoNi,0.5H2(g) + * -> H*,"{""H"": ""hollow|A_A_B|HCP""}",UmVhY3Rpb246MzU3ODkz,MamunHighT2019,Quantum ESPRESSO 5.1,BEEF-vdW,"{""star"": 1, ""H2gas"": 0.5}","{""Hstar"": 1}",101,,-0.606613720460672
Mo-0.5-Os-0.5,Mo6Os6,MoOs,0.5H2(g) + * -> H*,"{""H"": ""hollow|A_A_B|FCC""}",UmVhY3Rpb246MzUyNzU5,MamunHighT2019,Quantum ESPRESSO 5.1,BEEF-vdW,"{""star"": 1, ""H2gas"": 0.5}","{""Hstar"": 1}",101,,-0.644105837257456
Mo-0.5-Pd-0.5,Mo6Pd6,MoPd,0.5H2(g) + * -> H*,"{""H"": ""hollow|A_A_B|FCC""}",UmVhY3Rpb246MzUyNDI0,MamunHighT2019,Quantum ESPRESSO 5.1,BEEF-vdW,"{""star"": 1, ""H2gas"": 0.5}","{""Hstar"": 1}",101,,-0.604244425258884
Mo-0.5-Pt-0.5,Mo6Pt6,MoPt,0.5H2(g) + * -> H*,"{""H"": ""hollow|A_A_B|HCP""}",UmVhY3Rpb246MzUxMjIy,MamunHighT2019,Quantum ESPRESSO 5.1,BEEF-vdW,"{""star"": 1, ""H2gas"": 0.5}","{""Hstar"": 1}",101,,-0.470261149456718
Mo-0.5-Re-0.5,Mo6Re6,MoRe,0.5H2(g) + * -> H*,"{""H"": ""hollow|A_A_B|FCC""}",UmVhY3Rpb246MzU0MjIw,MamunHighT2019,Quantum ESPRESSO 5.1,BEEF-vdW,"{""star"": 1, ""H2gas"": 0.5}","{""Hstar"": 1}",101,,-0.767018297558906
Mo-0.5-Rh-0.5,Mo6Rh6,MoRh,0.5H2(g) + * -> H*,"{""H"": ""hollow|A_A_B|FCC""}",UmVhY3Rpb246MzU3NTM5,MamunHighT2019,Quantum ESPRESSO 5.1,BEEF-vdW,"{""star"": 1, ""H2gas"": 0.5}","{""Hstar"": 1}",101,,-0.638534034357662
Mo-0.5-Ru-0.5,Mo6Ru6,MoRu,0.5H2(g) + * -> H*,"{""H"": ""hollow|A_A_B|FCC""}",UmVhY3Rpb246MzUxMzMy,MamunHighT2019,Quantum ESPRESSO 5.1,BEEF-vdW,"{""star"": 1, ""H2gas"": 0.5}","{""Hstar"": 1}",101,,-0.66564609665781
Mo-0.5-Sc-0.5,Mo6Sc6,MoSc,0.5H2(g) + * -> H*,"{""H"": ""hollow|A_A_B|HCP""}",UmVhY3Rpb246MzUyNjEz,MamunHighT2019,Quantum ESPRESSO 5.1,BEEF-vdW,"{""star"": 1, ""H2gas"": 0.5}","{""Hstar"": 1}",101,,-0.880356840755638
Mo-0.5-Sn-0.5,Mo6Sn6,MoSn,0.5H2(g) + * -> H*,"{""H"": ""bridge|A_A|B""}",UmVhY3Rpb246MzU2NTYx,MamunHighT2019,Quantum ESPRESSO 5.1,BEEF-vdW,"{""star"": 1, ""H2gas"": 0.5}","{""Hstar"": 1}",101,,-0.30261303795757
Mo-0.5-Ta-0.5,Mo6Ta6,MoTa,0.5H2(g) + * -> H*,"{""H"": ""hollow|A_B_B|HCP""}",UmVhY3Rpb246MzUyMjc1,MamunHighT2019,Quantum ESPRESSO 5.1,BEEF-vdW,"{""star"": 1, ""H2gas"": 0.5}","{""Hstar"": 1}",101,,-0.809214310257602
Mo-0.5-Tc-0.5,Mo6Tc6,MoTc,0.5H2(g) + * -> H*,"{""H"": ""hollow|A_A_B|FCC""}",UmVhY3Rpb246MzUwNTY4,MamunHighT2019,Quantum ESPRESSO 5.1,BEEF-vdW,"{""star"": 1, ""H2gas"": 0.5}","{""Hstar"": 1}",101,,-0.715377349758427
Mo-0.5-Ti-0.5,Mo6Ti6,MoTi,0.5H2(g) + * -> H*,"{""H"": ""hollow|A_A_B|HCP""}",UmVhY3Rpb246MzU2NDYw,MamunHighT2019,Quantum ESPRESSO 5.1,BEEF-vdW,"{""star"": 1, ""H2gas"": 0.5}","{""Hstar"": 1}",101,,-0.862350523754657
Mo-0.5-V-0.5,Mo6V6,MoV,0.5H2(g) + * -> H*,"{""H"": ""hollow|A_B_B|HCP""}",UmVhY3Rpb246MzU4MzU5,MamunHighT2019,Quantum ESPRESSO 5.1,BEEF-vdW,"{""star"": 1, ""H2gas"": 0.5}","{""Hstar"": 1}",101,,-0.865465410958649
Mo-0.5-W-0.5,Mo6W6,MoW,0.5H2(g) + * -> H*,"{""H"": ""hollow|A_B_B|HCP""}",UmVhY3Rpb246MzU3MjY2,MamunHighT2019,Quantum ESPRESSO 5.1,BEEF-vdW,"{""star"": 1, ""H2gas"": 0.5}","{""Hstar"": 1}",101,,-0.766593255756533
Mo-0.5-Y-0.5,Mo6Y6,MoY,0.5H2(g) + * -> H*,"{""H"": ""bridge|A_A|A""}",UmVhY3Rpb246MzUzNjMw,MamunHighT2019,Quantum ESPRESSO 5.1,BEEF-vdW,"{""star"": 1, ""H2gas"": 0.5}","{""Hstar"": 1}",101,,-0.834921448858012
Mo-0.5-Zn-0.5,Mo6Zn6,MoZn,0.5H2(g) + * -> H*,"{""H"": ""bridge|A_A|B""}",UmVhY3Rpb246MzU4ODE5,MamunHighT2019,Quantum ESPRESSO 5.1,BEEF-vdW,"{""star"": 1, ""H2gas"": 0.5}","{""Hstar"": 1}",101,,-0.621623111654998
Mo-0.5-Zr-0.5,Mo6Zr6,MoZr,0.5H2(g) + * -> H*,"{""H"": ""hollow|A_B_B|FCC""}",UmVhY3Rpb246MzU3ODc4,MamunHighT2019,Quantum ESPRESSO 5.1,BEEF-vdW,"{""star"": 1, ""H2gas"": 0.5}","{""Hstar"": 1}",101,,-0.871687429959792
Mo-0.8-Nb-0.2,Mo9Nb3,Mo3Nb,0.5H2(g) + * -> H*,"{""H"": ""hollow|A_A_A|HCP""}",UmVhY3Rpb246MzQ1ODQx,MamunHighT2019,Quantum ESPRESSO 5.1,BEEF-vdW,"{""star"": 1, ""H2gas"": 0.5}","{""Hstar"": 1}",111,,-0.822042300859692
Mo-0.8-Ni-0.2,Mo9Ni3,Mo3Ni,0.5H2(g) + * -> H*,"{""H"": ""hollow|A_A_A|FCC""}",UmVhY3Rpb246MzQyMDE0,MamunHighT2019,Quantum ESPRESSO 5.1,BEEF-vdW,"{""star"": 1, ""H2gas"": 0.5}","{""Hstar"": 1}",111,,-0.902124587259976
Mo-0.8-Os-0.2,Mo9Os3,Mo3Os,0.5H2(g) + * -> H*,"{""H"": ""hollow|A_A_A|FCC""}",UmVhY3Rpb246MzQ1NjYx,MamunHighT2019,Quantum ESPRESSO 5.1,BEEF-vdW,"{""star"": 1, ""H2gas"": 0.5}","{""Hstar"": 1}",111,,-0.801136338958685
Mo-0.8-Pb-0.2,Mo9Pb3,Mo3Pb,0.5H2(g) + * -> H*,"{""H"": ""hollow|A_A_A|HCP""}",UmVhY3Rpb246MzQxNDcy,MamunHighT2019,Quantum ESPRESSO 5.1,BEEF-vdW,"{""star"": 1, ""H2gas"": 0.5}","{""Hstar"": 1}",111,,-0.717312487157841
Mo-0.8-Pd-0.2,Mo9Pd3,Mo3Pd,0.5H2(g) + * -> H*,"{""H"": ""hollow|A_A_A|FCC""}",UmVhY3Rpb246MzQ2NTk0,MamunHighT2019,Quantum ESPRESSO 5.1,BEEF-vdW,"{""star"": 1, ""H2gas"": 0.5}","{""Hstar"": 1}",111,,-0.93370802415572
Mo-0.8-Pt-0.2,Mo9Pt3,Mo3Pt,0.5H2(g) + * -> H*,"{""H"": ""hollow|A_A_A|FCC""}",UmVhY3Rpb246MzQ3MDUw,MamunHighT2019,Quantum ESPRESSO 5.1,BEEF-vdW,"{""star"": 1, ""H2gas"": 0.5}","{""Hstar"": 1}",111,,-0.88045452955609
Mo-0.8-Re-0.2,Mo9Re3,Mo3Re,0.5H2(g) + * -> H*,"{""H"": ""hollow|A_A_A|FCC""}",UmVhY3Rpb246NDA5NjQ1,MamunHighT2019,Quantum ESPRESSO 5.1,BEEF-vdW,"{""star"": 1, ""H2gas"": 0.5}","{""Hstar"": 1}",111,,-0.833887688359909
Mo-0.8-Rh-0.2,Mo9Rh3,Mo3Rh,0.5H2(g) + * -> H*,"{""H"": ""hollow|A_A_A|FCC""}",UmVhY3Rpb246MzQ4Mjky,MamunHighT2019,Quantum ESPRESSO 5.1,BEEF-vdW,"{""star"": 1, ""H2gas"": 0.5}","{""Hstar"": 1}",111,,-0.825481411658046
Mo-0.8-Ru-0.2,Mo9Ru3,Mo3Ru,0.5H2(g) + * -> H*,"{""H"": ""hollow|A_A_A|FCC""}",UmVhY3Rpb246MzQ2ODY0,MamunHighT2019,Quantum ESPRESSO 5.1,BEEF-vdW,"{""star"": 1, ""H2gas"": 0.5}","{""Hstar"": 1}",111,,-0.793096191357989
Mo-0.8-Sc-0.2,Mo9Sc3,Mo3Sc,0.5H2(g) + * -> H*,"{""H"": ""bridge|A_A|A""}",UmVhY3Rpb246NDA5NjA4,MamunHighT2019,Quantum ESPRESSO 5.1,BEEF-vdW,"{""star"": 1, ""H2gas"": 0.5}","{""Hstar"": 1}",111,,-1.0760185276549
Mo-0.8-Sn-0.2,Mo9Sn3,Mo3Sn,0.5H2(g) + * -> H*,"{""H"": ""hollow|A_A_A|HCP""}",UmVhY3Rpb246MzQzODU4,MamunHighT2019,Quantum ESPRESSO 5.1,BEEF-vdW,"{""star"": 1, ""H2gas"": 0.5}","{""Hstar"": 1}",111,,-0.779448593856586
Mo-0.8-Ta-0.2,Mo9Ta3,Mo3Ta,0.5H2(g) + * -> H*,"{""H"": ""hollow|A_A_B|FCC""}",UmVhY3Rpb246MzQ4MDI3,MamunHighT2019,Quantum ESPRESSO 5.1,BEEF-vdW,"{""star"": 1, ""H2gas"": 0.5}","{""Hstar"": 1}",111,,-0.858863657055707
Mo-0.8-Tc-0.2,Mo9Tc3,Mo3Tc,0.5H2(g) + * -> H*,"{""H"": ""hollow|A_A_A|FCC""}",UmVhY3Rpb246MzQwOTY0,MamunHighT2019,Quantum ESPRESSO 5.1,BEEF-vdW,"{""star"": 1, ""H2gas"": 0.5}","{""Hstar"": 1}",111,,-0.80439394975744
Mo-0.8-Ti-0.2,Mo9Ti3,Mo3Ti,0.5H2(g) + * -> H*,"{""H"": ""hollow|A_A_B|HCP""}",UmVhY3Rpb246NDA5NjE3,MamunHighT2019,Quantum ESPRESSO 5.1,BEEF-vdW,"{""star"": 1, ""H2gas"": 0.5}","{""Hstar"": 1}",111,,-1.1454253800575
Mo-0.8-Tl-0.2,Mo9Tl3,Mo3Tl,0.5H2(g) + * -> H*,"{""H"": ""hollow|A_A_A|HCP""}",UmVhY3Rpb246MzQ1NzM4,MamunHighT2019,Quantum ESPRESSO 5.1,BEEF-vdW,"{""star"": 1, ""H2gas"": 0.5}","{""Hstar"": 1}",111,,-0.809946568656386
Mo-0.8-V-0.2,Mo9V3,Mo3V,0.5H2(g) + * -> H*,"{""H"": ""top|B""}",UmVhY3Rpb246Mzg4MTM4,MamunHighT2019,Quantum ESPRESSO 5.1,BEEF-vdW,"{""star"": 1, ""H2gas"": 0.5}","{""Hstar"": 1}",111,,0.200890082241159
Mo-0.8-W-0.2,Mo9W3,Mo3W,0.5H2(g) + * -> H*,"{""H"": ""hollow|A_A_A|HCP""}",UmVhY3Rpb246NDA5NjM1,MamunHighT2019,Quantum ESPRESSO 5.1,BEEF-vdW,"{""star"": 1, ""H2gas"": 0.5}","{""Hstar"": 1}",111,,-1.11347608595949
Mo-0.8-Zn-0.2,Mo9Zn3,Mo3Zn,0.5H2(g) + * -> H*,"{""H"": ""hollow|A_A_A|HCP""}",UmVhY3Rpb246NDA5ODMx,MamunHighT2019,Quantum ESPRESSO 5.1,BEEF-vdW,"{""star"": 1, ""H2gas"": 0.5}","{""Hstar"": 1}",111,,-0.945029592562577
Mo-0.8-Zr-0.2,Mo9Zr3,Mo3Zr,0.5H2(g) + * -> H*,"{""H"": ""hollow|A_A_A|FCC""}",UmVhY3Rpb246MzQ1OTIz,MamunHighT2019,Quantum ESPRESSO 5.1,BEEF-vdW,"{""star"": 1, ""H2gas"": 0.5}","{""Hstar"": 1}",111,,-0.523143072557076
Nb-1.0,Nb12,Nb,0.5H2(g) + * -> H*,"{""H"": ""hollow|A_A_A|HCP""}",UmVhY3Rpb246MzM5MTkz,MamunHighT2019,Quantum ESPRESSO 5.1,BEEF-vdW,"{""star"": 1, ""H2gas"": 0.5}","{""Hstar"": 1}",111,,-0.943553102856612
Nb-0.2-Ni-0.8,Nb3Ni9,Ni3Nb,0.5H2(g) + * -> H*,"{""H"": ""hollow|A_A_A|FCC""}",UmVhY3Rpb246MzQzMTA2,MamunHighT2019,Quantum ESPRESSO 5.1,BEEF-vdW,"{""star"": 1, ""H2gas"": 0.5}","{""Hstar"": 1}",111,,-0.369979988957283
Nb-0.2-Os-0.8,Nb3Os9,Os3Nb,0.5H2(g) + * -> H*,"{""H"": ""hollow|A_A_B|FCC""}",UmVhY3Rpb246MzQ0OTAw,MamunHighT2019,Quantum ESPRESSO 5.1,BEEF-vdW,"{""star"": 1, ""H2gas"": 0.5}","{""Hstar"": 1}",111,,-0.575377092659409
Nb-0.2-Pb-0.8,Nb3Pb9,Pb3Nb,0.5H2(g) + * -> H*,"{""H"": ""top|B""}",UmVhY3Rpb246MzUzODk3,MamunHighT2019,Quantum ESPRESSO 5.1,BEEF-vdW,"{""star"": 1, ""H2gas"": 0.5}","{""Hstar"": 1}",111,,-0.199778633256727
Nb-0.2-Pd-0.8,Nb3Pd9,Pd3Nb,0.5H2(g) + * -> H*,"{""H"": ""hollow|A_A_B|HCP""}",UmVhY3Rpb246MzQ3ODg0,MamunHighT2019,Quantum ESPRESSO 5.1,BEEF-vdW,"{""star"": 1, ""H2gas"": 0.5}","{""Hstar"": 1}",111,,-0.213357113755563
Nb-0.2-Pt-0.8,Nb3Pt9,Pt3Nb,0.5H2(g) + * -> H*,"{""H"": ""hollow|A_A_B|FCC""}",UmVhY3Rpb246NDAwNzk2,MamunHighT2019,Quantum ESPRESSO 5.1,BEEF-vdW,"{""star"": 1, ""H2gas"": 0.5}","{""Hstar"": 1}",111,,-0.132321068459504
Nb-0.2-Re-0.8,Nb3Re9,Re3Nb,0.5H2(g) + * -> H*,"{""H"": ""hollow|A_A_B|FCC""}",UmVhY3Rpb246MzQ1MTU2,MamunHighT2019,Quantum ESPRESSO 5.1,BEEF-vdW,"{""star"": 1, ""H2gas"": 0.5}","{""Hstar"": 1}",111,,-0.775463758759514
Nb-0.2-Rh-0.8,Nb3Rh9,Rh3Nb,0.5H2(g) + * -> H*,"{""H"": ""hollow|A_A_B|FCC""}",UmVhY3Rpb246MzQ1NDQ2,MamunHighT2019,Quantum ESPRESSO 5.1,BEEF-vdW,"{""star"": 1, ""H2gas"": 0.5}","{""Hstar"": 1}",111,,-0.575034637457947
Nb-0.2-Ru-0.8,Nb3Ru9,Ru3Nb,0.5H2(g) + * -> H*,"{""H"": ""hollow|A_A_B|FCC""}",UmVhY3Rpb246MzQzODQ0,MamunHighT2019,Quantum ESPRESSO 5.1,BEEF-vdW,"{""star"": 1, ""H2gas"": 0.5}","{""Hstar"": 1}",111,,-0.615712390855123
Nb-0.2-Sc-0.8,Nb3Sc9,Sc3Nb,0.5H2(g) + * -> H*,"{""H"": ""hollow|A_A_A|HCP""}",UmVhY3Rpb246NDA1OTAz,MamunHighT2019,Quantum ESPRESSO 5.1,BEEF-vdW,"{""star"": 1, ""H2gas"": 0.5}","{""Hstar"": 1}",111,,-0.975764714558835
Nb-0.2-Sn-0.8,Nb3Sn9,Sn3Nb,0.5H2(g) + * -> H*,"{""H"": ""top|B""}",UmVhY3Rpb246NDA0NjIy,MamunHighT2019,Quantum ESPRESSO 5.1,BEEF-vdW,"{""star"": 1, ""H2gas"": 0.5}","{""Hstar"": 1}",111,,-0.0226080340571286
Nb-0.2-Ta-0.8,Nb3Ta9,Ta3Nb,0.5H2(g) + * -> H*,"{""H"": ""hollow|A_A_B|HCP""}",UmVhY3Rpb246NDA3MDg4,MamunHighT2019,Quantum ESPRESSO 5.1,BEEF-vdW,"{""star"": 1, ""H2gas"": 0.5}","{""Hstar"": 1}",111,,-1.08505882975712
Nb-0.2-Tc-0.8,Nb3Tc9,Tc3Nb,0.5H2(g) + * -> H*,"{""H"": ""hollow|A_A_A|HCP""}",UmVhY3Rpb246MzQwODE1,MamunHighT2019,Quantum ESPRESSO 5.1,BEEF-vdW,"{""star"": 1, ""H2gas"": 0.5}","{""Hstar"": 1}",111,,-0.717889096459629
Nb-0.2-Ti-0.8,Nb3Ti9,Ti3Nb,0.5H2(g) + * -> H*,"{""H"": ""hollow|A_A_A|HCP""}",UmVhY3Rpb246MzQzMjA0,MamunHighT2019,Quantum ESPRESSO 5.1,BEEF-vdW,"{""star"": 1, ""H2gas"": 0.5}","{""Hstar"": 1}",111,,-0.988968902557616
Nb-0.2-Tl-0.8,Nb3Tl9,Tl3Nb,0.5H2(g) + * -> H*,"{""H"": ""top|B""}",UmVhY3Rpb246NDA0MTk2,MamunHighT2019,Quantum ESPRESSO 5.1,BEEF-vdW,"{""star"": 1, ""H2gas"": 0.5}","{""Hstar"": 1}",111,,-0.33995970995872
Nb-0.2-V-0.8,Nb3V9,V3Nb,0.5H2(g) + * -> H*,"{""H"": ""hollow|A_A_B|HCP""}",UmVhY3Rpb246NDA4MDE4,MamunHighT2019,Quantum ESPRESSO 5.1,BEEF-vdW,"{""star"": 1, ""H2gas"": 0.5}","{""Hstar"": 1}",111,,-1.09227202336021
Nb-0.2-W-0.8,Nb3W9,W3Nb,0.5H2(g) + * -> H*,"{""H"": ""hollow|A_A_B|HCP""}",UmVhY3Rpb246NDA5OTAy,MamunHighT2019,Quantum ESPRESSO 5.1,BEEF-vdW,"{""star"": 1, ""H2gas"": 0.5}","{""Hstar"": 1}",111,,-1.26129199676049
Nb-0.2-Y-0.8,Nb3Y9,Y3Nb,0.5H2(g) + * -> H*,"{""H"": ""hollow|A_A_A|HCP""}",UmVhY3Rpb246MzQxNTcx,MamunHighT2019,Quantum ESPRESSO 5.1,BEEF-vdW,"{""star"": 1, ""H2gas"": 0.5}","{""Hstar"": 1}",111,,-0.98291205665825
Nb-0.2-Zn-0.8,Nb3Zn9,Zn3Nb,0.5H2(g) + * -> H*,"{""H"": ""hollow|A_A_B|HCP""}",UmVhY3Rpb246MzQzMjkx,MamunHighT2019,Quantum ESPRESSO 5.1,BEEF-vdW,"{""star"": 1, ""H2gas"": 0.5}","{""Hstar"": 1}",111,,-0.482128169961442
Nb-0.2-Zr-0.8,Nb3Zr9,Zr3Nb,0.5H2(g) + * -> H*,"{""H"": ""hollow|A_A_A|HCP""}",UmVhY3Rpb246NDA2MjI0,MamunHighT2019,Quantum ESPRESSO 5.1,BEEF-vdW,"{""star"": 1, ""H2gas"": 0.5}","{""Hstar"": 1}",111,,-1.04635390145538
Nb-0.5-Ni-0.5,Nb6Ni6,NbNi,0.5H2(g) + * -> H*,"{""H"": ""hollow|A_A_B|HCP""}",UmVhY3Rpb246NDA3NDU0,MamunHighT2019,Quantum ESPRESSO 5.1,BEEF-vdW,"{""star"": 1, ""H2gas"": 0.5}","{""Hstar"": 1}",101,,-0.715174080657533
Nb-0.5-Os-0.5,Nb6Os6,NbOs,0.5H2(g) + * -> H*,"{""H"": ""hollow|A_A_B|FCC""}",UmVhY3Rpb246MzU5MDA1,MamunHighT2019,Quantum ESPRESSO 5.1,BEEF-vdW,"{""star"": 1, ""H2gas"": 0.5}","{""Hstar"": 1}",101,,-0.65995823715545
Nb-0.5-Pb-0.5,Nb6Pb6,NbPb,0.5H2(g) + * -> H*,"{""H"": ""bridge|A_A|B""}",UmVhY3Rpb246MzU5OTE4,MamunHighT2019,Quantum ESPRESSO 5.1,BEEF-vdW,"{""star"": 1, ""H2gas"": 0.5}","{""Hstar"": 1}",101,,-0.133654426258516
Nb-0.5-Pd-0.5,Nb6Pd6,NbPd,0.5H2(g) + * -> H*,"{""H"": ""hollow|A_A_B|HCP""}",UmVhY3Rpb246MzU3MDc0,MamunHighT2019,Quantum ESPRESSO 5.1,BEEF-vdW,"{""star"": 1, ""H2gas"": 0.5}","{""Hstar"": 1}",101,,-0.637409932059171
Nb-0.5-Pt-0.5,Nb6Pt6,NbPt,0.5H2(g) + * -> H*,"{""H"": ""hollow|A_A_B|HCP""}",UmVhY3Rpb246MzU4MzM3,MamunHighT2019,Quantum ESPRESSO 5.1,BEEF-vdW,"{""star"": 1, ""H2gas"": 0.5}","{""Hstar"": 1}",101,,-0.590736422155686
Nb-0.5-Re-0.5,Nb6Re6,NbRe,0.5H2(g) + * -> H*,"{""H"": ""hollow|A_A_B|FCC""}",UmVhY3Rpb246MzYwMDA3,MamunHighT2019,Quantum ESPRESSO 5.1,BEEF-vdW,"{""star"": 1, ""H2gas"": 0.5}","{""Hstar"": 1}",101,,-0.883223832158336
Nb-0.5-Rh-0.5,Nb6Rh6,NbRh,0.5H2(g) + * -> H*,"{""H"": ""hollow|A_A_B|FCC""}",UmVhY3Rpb246MzUwNDg4,MamunHighT2019,Quantum ESPRESSO 5.1,BEEF-vdW,"{""star"": 1, ""H2gas"": 0.5}","{""Hstar"": 1}",101,,-0.729951086558657
Nb-0.5-Ru-0.5,Nb6Ru6,NbRu,0.5H2(g) + * -> H*,"{""H"": ""hollow|A_A_B|FCC""}",UmVhY3Rpb246MzU2ODc0,MamunHighT2019,Quantum ESPRESSO 5.1,BEEF-vdW,"{""star"": 1, ""H2gas"": 0.5}","{""Hstar"": 1}",101,,-0.628619702655641
Nb-0.5-Sc-0.5,Nb6Sc6,NbSc,0.5H2(g) + * -> H*,"{""H"": ""hollow|A_A_B|HCP""}",UmVhY3Rpb246MzU4MDkx,MamunHighT2019,Quantum ESPRESSO 5.1,BEEF-vdW,"{""star"": 1, ""H2gas"": 0.5}","{""Hstar"": 1}",101,,-0.942171444857166
Nb-0.5-Sn-0.5,Nb6Sn6,NbSn,0.5H2(g) + * -> H*,"{""H"": ""top-tilt|A""}",UmVhY3Rpb246MzU1NDk3,MamunHighT2019,Quantum ESPRESSO 5.1,BEEF-vdW,"{""star"": 1, ""H2gas"": 0.5}","{""Hstar"": 1}",101,,-0.10791436195629
Nb-0.5-Ta-0.5,Nb6Ta6,NbTa,0.5H2(g) + * -> H*,"{""H"": ""hollow|A_B_B|HCP""}",UmVhY3Rpb246Mzg0NjM2,MamunHighT2019,Quantum ESPRESSO 5.1,BEEF-vdW,"{""star"": 1, ""H2gas"": 0.5}","{""Hstar"": 1}",101,,-0.972541526155482
Nb-0.5-Tc-0.5,Nb6Tc6,NbTc,0.5H2(g) + * -> H*,"{""H"": ""hollow|A_A_B|FCC""}",UmVhY3Rpb246MzUwNjA5,MamunHighT2019,Quantum ESPRESSO 5.1,BEEF-vdW,"{""star"": 1, ""H2gas"": 0.5}","{""Hstar"": 1}",101,,-0.800164212155295
Nb-0.5-Ti-0.5,Nb6Ti6,NbTi,0.5H2(g) + * -> H*,"{""H"": ""hollow|A_A_B|HCP""}",UmVhY3Rpb246MzU1NzE4,MamunHighT2019,Quantum ESPRESSO 5.1,BEEF-vdW,"{""star"": 1, ""H2gas"": 0.5}","{""Hstar"": 1}",101,,-0.959663194457761
Nb-0.5-Tl-0.5,Nb6Tl6,NbTl,0.5H2(g) + * -> H*,"{""H"": ""bridge|A_A|B""}",UmVhY3Rpb246NDA3ODI4,MamunHighT2019,Quantum ESPRESSO 5.1,BEEF-vdW,"{""star"": 1, ""H2gas"": 0.5}","{""Hstar"": 1}",101,,-0.581690541856887
Nb-0.5-V-0.5,Nb6V6,NbV,0.5H2(g) + * -> H*,"{""H"": ""hollow|A_B_B|HCP""}",UmVhY3Rpb246MzU0MjY0,MamunHighT2019,Quantum ESPRESSO 5.1,BEEF-vdW,"{""star"": 1, ""H2gas"": 0.5}","{""Hstar"": 1}",101,,-0.918787342156946
Nb-0.5-W-0.5,Nb6W6,NbW,0.5H2(g) + * -> H*,"{""H"": ""hollow|A_A_B|HCP""}",UmVhY3Rpb246NDA3Mzg5,MamunHighT2019,Quantum ESPRESSO 5.1,BEEF-vdW,"{""star"": 1, ""H2gas"": 0.5}","{""Hstar"": 1}",101,,-1.35000042786029
Nb-0.5-Y-0.5,Nb6Y6,NbY,0.5H2(g) + * -> H*,"{""H"": ""hollow|A_A_B|HCP""}",UmVhY3Rpb246MzU4NDI3,MamunHighT2019,Quantum ESPRESSO 5.1,BEEF-vdW,"{""star"": 1, ""H2gas"": 0.5}","{""Hstar"": 1}",101,,-0.917184183456783
Nb-0.5-Zn-0.5,Nb6Zn6,NbZn,0.5H2(g) + * -> H*,"{""H"": ""hollow|A_A_B|HCP""}",UmVhY3Rpb246MzUyOTMz,MamunHighT2019,Quantum ESPRESSO 5.1,BEEF-vdW,"{""star"": 1, ""H2gas"": 0.5}","{""Hstar"": 1}",101,,-0.752721572563104
Nb-0.5-Zr-0.5,Nb6Zr6,NbZr,0.5H2(g) + * -> H*,"{""H"": ""hollow|A_A_B|HCP""}",UmVhY3Rpb246MzU1OTQy,MamunHighT2019,Quantum ESPRESSO 5.1,BEEF-vdW,"{""star"": 1, ""H2gas"": 0.5}","{""Hstar"": 1}",101,,-0.937619388455431
Nb-0.8-Ni-0.2,Nb9Ni3,Nb3Ni,0.5H2(g) + * -> H*,"{""H"": ""hollow|A_A_A|FCC""}",UmVhY3Rpb246MzQ4NjU1,MamunHighT2019,Quantum ESPRESSO 5.1,BEEF-vdW,"{""star"": 1, ""H2gas"": 0.5}","{""Hstar"": 1}",111,,-0.994777308459533
Nb-0.8-Os-0.2,Nb9Os3,Nb3Os,0.5H2(g) + * -> H*,"{""H"": ""hollow|A_A_A|FCC""}",UmVhY3Rpb246MzQxODkw,MamunHighT2019,Quantum ESPRESSO 5.1,BEEF-vdW,"{""star"": 1, ""H2gas"": 0.5}","{""Hstar"": 1}",111,,-0.971253747457894
Nb-0.8-Pb-0.2,Nb9Pb3,Nb3Pb,0.5H2(g) + * -> H*,"{""H"": ""hollow|A_A_A|HCP""}",UmVhY3Rpb246NDA3ODQ1,MamunHighT2019,Quantum ESPRESSO 5.1,BEEF-vdW,"{""star"": 1, ""H2gas"": 0.5}","{""Hstar"": 1}",111,,-1.01787378695641
Nb-0.8-Pd-0.2,Nb9Pd3,Nb3Pd,0.5H2(g) + * -> H*,"{""H"": ""hollow|A_A_A|FCC""}",UmVhY3Rpb246MzQ3NTQz,MamunHighT2019,Quantum ESPRESSO 5.1,BEEF-vdW,"{""star"": 1, ""H2gas"": 0.5}","{""Hstar"": 1}",111,,-1.00930886775583
Nb-0.8-Pt-0.2,Nb9Pt3,Nb3Pt,0.5H2(g) + * -> H*,"{""H"": ""hollow|A_A_A|FCC""}",UmVhY3Rpb246MzQ0MjEx,MamunHighT2019,Quantum ESPRESSO 5.1,BEEF-vdW,"{""star"": 1, ""H2gas"": 0.5}","{""Hstar"": 1}",111,,-1.00288779745731
Nb-0.8-Re-0.2,Nb9Re3,Nb3Re,0.5H2(g) + * -> H*,"{""H"": ""hollow|A_A_A|HCP""}",UmVhY3Rpb246NDA3NDA5,MamunHighT2019,Quantum ESPRESSO 5.1,BEEF-vdW,"{""star"": 1, ""H2gas"": 0.5}","{""Hstar"": 1}",111,,-1.26272345155937
Nb-0.8-Rh-0.2,Nb9Rh3,Nb3Rh,0.5H2(g) + * -> H*,"{""H"": ""hollow|A_A_A|FCC""}",UmVhY3Rpb246NDA3NDM3,MamunHighT2019,Quantum ESPRESSO 5.1,BEEF-vdW,"{""star"": 1, ""H2gas"": 0.5}","{""Hstar"": 1}",111,,-1.06936806545761
Nb-0.8-Ru-0.2,Nb9Ru3,Nb3Ru,0.5H2(g) + * -> H*,"{""H"": ""top|B""}",UmVhY3Rpb246MzUwNDQw,MamunHighT2019,Quantum ESPRESSO 5.1,BEEF-vdW,"{""star"": 1, ""H2gas"": 0.5}","{""Hstar"": 1}",111,,-0.0209866437571407
Nb-0.8-Sc-0.2,Nb9Sc3,Nb3Sc,0.5H2(g) + * -> H*,"{""H"": ""hollow|A_A_B|HCP""}",UmVhY3Rpb246MzQ2MjM1,MamunHighT2019,Quantum ESPRESSO 5.1,BEEF-vdW,"{""star"": 1, ""H2gas"": 0.5}","{""Hstar"": 1}",111,,-0.933695098758989
Nb-0.8-Sn-0.2,Nb9Sn3,Nb3Sn,0.5H2(g) + * -> H*,"{""H"": ""hollow|A_A_A|HCP""}",UmVhY3Rpb246NDA3ODg2,MamunHighT2019,Quantum ESPRESSO 5.1,BEEF-vdW,"{""star"": 1, ""H2gas"": 0.5}","{""Hstar"": 1}",111,,-1.03635956846026
Nb-0.8-Ta-0.2,Nb9Ta3,Nb3Ta,0.5H2(g) + * -> H*,"{""H"": ""hollow|A_A_A|HCP""}",UmVhY3Rpb246NDA3MzQ5,MamunHighT2019,Quantum ESPRESSO 5.1,BEEF-vdW,"{""star"": 1, ""H2gas"": 0.5}","{""Hstar"": 1}",111,,-1.13937043895837
Nb-0.8-Tc-0.2,Nb9Tc3,Nb3Tc,0.5H2(g) + * -> H*,"{""H"": ""hollow|A_A_A|FCC""}",UmVhY3Rpb246MzQzNjgz,MamunHighT2019,Quantum ESPRESSO 5.1,BEEF-vdW,"{""star"": 1, ""H2gas"": 0.5}","{""Hstar"": 1}",111,,-0.984793043556209
Nb-0.8-Ti-0.2,Nb9Ti3,Nb3Ti,0.5H2(g) + * -> H*,"{""H"": ""hollow|A_A_B|HCP""}",UmVhY3Rpb246NDA3MzQy,MamunHighT2019,Quantum ESPRESSO 5.1,BEEF-vdW,"{""star"": 1, ""H2gas"": 0.5}","{""Hstar"": 1}",111,,-1.05136310905706
Nb-0.8-Tl-0.2,Nb9Tl3,Nb3Tl,0.5H2(g) + * -> H*,"{""H"": ""hollow|A_A_A|FCC""}",UmVhY3Rpb246MzQxNzM0,MamunHighT2019,Quantum ESPRESSO 5.1,BEEF-vdW,"{""star"": 1, ""H2gas"": 0.5}","{""Hstar"": 1}",111,,-1.02602400455996
Nb-0.8-V-0.2,Nb9V3,Nb3V,0.5H2(g) + * -> H*,"{""H"": ""hollow|A_A_B|HCP""}",UmVhY3Rpb246NDA3MzU1,MamunHighT2019,Quantum ESPRESSO 5.1,BEEF-vdW,"{""star"": 1, ""H2gas"": 0.5}","{""Hstar"": 1}",111,,-1.1575975762598
Nb-0.8-W-0.2,Nb9W3,Nb3W,0.5H2(g) + * -> H*,"{""H"": ""hollow|A_A_B|HCP""}",UmVhY3Rpb246MzQzNTU0,MamunHighT2019,Quantum ESPRESSO 5.1,BEEF-vdW,"{""star"": 1, ""H2gas"": 0.5}","{""Hstar"": 1}",111,,-1.23058966435835
Nb-0.8-Y-0.2,Nb9Y3,Nb3Y,0.5H2(g) + * -> H*,"{""H"": ""bridge|A_A|B""}",UmVhY3Rpb246MzUzOTQz,MamunHighT2019,Quantum ESPRESSO 5.1,BEEF-vdW,"{""star"": 1, ""H2gas"": 0.5}","{""Hstar"": 1}",111,,-0.854021119160251
Nb-0.8-Zn-0.2,Nb9Zn3,Nb3Zn,0.5H2(g) + * -> H*,"{""H"": ""hollow|A_A_A|FCC""}",UmVhY3Rpb246MzQyMDg4,MamunHighT2019,Quantum ESPRESSO 5.1,BEEF-vdW,"{""star"": 1, ""H2gas"": 0.5}","{""Hstar"": 1}",111,,-1.05380356206203
Nb-0.8-Zr-0.2,Nb9Zr3,Nb3Zr,0.5H2(g) + * -> H*,"{""H"": ""hollow|A_A_B|HCP""}",UmVhY3Rpb246NDA3MzMy,MamunHighT2019,Quantum ESPRESSO 5.1,BEEF-vdW,"{""star"": 1, ""H2gas"": 0.5}","{""Hstar"": 1}",111,,-0.988418824354966
Ni-0.2-Os-0.8,Ni3Os9,Os3Ni,0.5H2(g) + * -> H*,"{""H"": ""bridge|A_A|A""}",UmVhY3Rpb246NDEyMzE1,MamunHighT2019,Quantum ESPRESSO 5.1,BEEF-vdW,"{""star"": 1, ""H2gas"": 0.5}","{""Hstar"": 1}",111,,-0.173544818359886
Ni-0.2-Pb-0.8,Ni3Pb9,Pb3Ni,0.5H2(g) + * -> H*,"{""H"": ""top|B""}",UmVhY3Rpb246MzU0ODEx,MamunHighT2019,Quantum ESPRESSO 5.1,BEEF-vdW,"{""star"": 1, ""H2gas"": 0.5}","{""Hstar"": 1}",111,,0.0345926077434626
Ni-0.2-Pd-0.8,Ni3Pd9,Pd3Ni,0.5H2(g) + * -> H*,"{""H"": ""hollow|A_A_B|FCC""}",UmVhY3Rpb246NDAxMzM0,MamunHighT2019,Quantum ESPRESSO 5.1,BEEF-vdW,"{""star"": 1, ""H2gas"": 0.5}","{""Hstar"": 1}",111,,-0.252837702558253
Ni-0.2-Pt-0.8,Ni3Pt9,Pt3Ni,0.5H2(g) + * -> H*,"{""H"": ""top|A""}",UmVhY3Rpb246MzY4NjI3,MamunHighT2019,Quantum ESPRESSO 5.1,BEEF-vdW,"{""star"": 1, ""H2gas"": 0.5}","{""Hstar"": 1}",111,,-0.248065233957249
Ni-0.2-Re-0.8,Ni3Re9,Re3Ni,0.5H2(g) + * -> H*,"{""H"": ""hollow|A_A_A|HCP""}",UmVhY3Rpb246NDEwMzMz,MamunHighT2019,Quantum ESPRESSO 5.1,BEEF-vdW,"{""star"": 1, ""H2gas"": 0.5}","{""Hstar"": 1}",111,,-0.599354539654968
Ni-0.2-Rh-0.8,Ni3Rh9,Rh3Ni,0.5H2(g) + * -> H*,"{""H"": ""hollow|A_A_A|FCC""}",UmVhY3Rpb246NDE5ODc4,MamunHighT2019,Quantum ESPRESSO 5.1,BEEF-vdW,"{""star"": 1, ""H2gas"": 0.5}","{""Hstar"": 1}",111,,-0.346079414061904
Ni-0.2-Sn-0.8,Ni3Sn9,Sn3Ni,0.5H2(g) + * -> H*,"{""H"": ""top|B""}",UmVhY3Rpb246NDA0NzA1,MamunHighT2019,Quantum ESPRESSO 5.1,BEEF-vdW,"{""star"": 1, ""H2gas"": 0.5}","{""Hstar"": 1}",111,,0.184661212945713
Ni-0.2-Ta-0.8,Ni3Ta9,Ta3Ni,0.5H2(g) + * -> H*,"{""H"": ""hollow|A_A_A|FCC""}",UmVhY3Rpb246MzQzNTQ3,MamunHighT2019,Quantum ESPRESSO 5.1,BEEF-vdW,"{""star"": 1, ""H2gas"": 0.5}","{""Hstar"": 1}",111,,-1.00058666685706
Ni-0.2-Ti-0.8,Ni3Ti9,Ti3Ni,0.5H2(g) + * -> H*,"{""H"": ""hollow|A_A_A|FCC""}",UmVhY3Rpb246NDA2OTIx,MamunHighT2019,Quantum ESPRESSO 5.1,BEEF-vdW,"{""star"": 1, ""H2gas"": 0.5}","{""Hstar"": 1}",111,,-1.04974307935751
Ni-0.2-Tl-0.8,Ni3Tl9,Tl3Ni,0.5H2(g) + * -> H*,"{""H"": ""hollow-tilt|A_A_A|FCC""}",UmVhY3Rpb246NDA0MjI0,MamunHighT2019,Quantum ESPRESSO 5.1,BEEF-vdW,"{""star"": 1, ""H2gas"": 0.5}","{""Hstar"": 1}",111,,0.874896196241963
Ni-0.2-V-0.8,Ni3V9,V3Ni,0.5H2(g) + * -> H*,"{""H"": ""hollow|A_A_A|FCC""}",UmVhY3Rpb246NDA4MjU0,MamunHighT2019,Quantum ESPRESSO 5.1,BEEF-vdW,"{""star"": 1, ""H2gas"": 0.5}","{""Hstar"": 1}",111,,-1.01229518105808
Ni-0.2-W-0.8,Ni3W9,W3Ni,0.5H2(g) + * -> H*,"{""H"": ""hollow|A_A_A|FCC""}",UmVhY3Rpb246MzQzNDAx,MamunHighT2019,Quantum ESPRESSO 5.1,BEEF-vdW,"{""star"": 1, ""H2gas"": 0.5}","{""Hstar"": 1}",111,,-0.892759109256957
Ni-0.2-Zn-0.8,Ni3Zn9,Zn3Ni,0.5H2(g) + * -> H*,"{""H"": ""hollow|A_A_B|HCP""}",UmVhY3Rpb246NDAyNzYy,MamunHighT2019,Quantum ESPRESSO 5.1,BEEF-vdW,"{""star"": 1, ""H2gas"": 0.5}","{""Hstar"": 1}",111,,0.104309669849528
Ni-0.2-Zr-0.8,Ni3Zr9,Zr3Ni,0.5H2(g) + * -> H*,"{""H"": ""hollow|A_A_A|HCP""}",UmVhY3Rpb246NDA2MzYw,MamunHighT2019,Quantum ESPRESSO 5.1,BEEF-vdW,"{""star"": 1, ""H2gas"": 0.5}","{""Hstar"": 1}",111,,-0.937175434758473
Ni-0.5-Os-0.5,Ni6Os6,NiOs,0.5H2(g) + * -> H*,"{""H"": ""hollow|A_B_B|FCC""}",UmVhY3Rpb246MzU3NjAy,MamunHighT2019,Quantum ESPRESSO 5.1,BEEF-vdW,"{""star"": 1, ""H2gas"": 0.5}","{""Hstar"": 1}",101,,-0.347001199762389
Ni-0.5-Pb-0.5,Ni6Pb6,NiPb,0.5H2(g) + * -> H*,"{""H"": ""bridge|A_A|B""}",UmVhY3Rpb246NDIyNTQ4,MamunHighT2019,Quantum ESPRESSO 5.1,BEEF-vdW,"{""star"": 1, ""H2gas"": 0.5}","{""Hstar"": 1}",101,,-0.136054878456861
Ni-0.5-Pd-0.5,Ni6Pd6,NiPd,0.5H2(g) + * -> H*,"{""H"": ""hollow|A_A_B|FCC""}",UmVhY3Rpb246NDIxOTI1,MamunHighT2019,Quantum ESPRESSO 5.1,BEEF-vdW,"{""star"": 1, ""H2gas"": 0.5}","{""Hstar"": 1}",101,,-0.294702008358371
Ni-0.5-Pt-0.5,Ni6Pt6,NiPt,0.5H2(g) + * -> H*,"{""H"": ""hollow|A_A_B|FCC""}",UmVhY3Rpb246MzU2NzY1,MamunHighT2019,Quantum ESPRESSO 5.1,BEEF-vdW,"{""star"": 1, ""H2gas"": 0.5}","{""Hstar"": 1}",101,,-0.284464541552524
Ni-0.5-Re-0.5,Ni6Re6,NiRe,0.5H2(g) + * -> H*,"{""H"": ""bridge|B_B|A""}",UmVhY3Rpb246NDEwMzQ0,MamunHighT2019,Quantum ESPRESSO 5.1,BEEF-vdW,"{""star"": 1, ""H2gas"": 0.5}","{""Hstar"": 1}",101,,-0.527306142254901
Ni-0.5-Rh-0.5,Ni6Rh6,NiRh,0.5H2(g) + * -> H*,"{""H"": ""hollow|A_B_B|HCP""}",UmVhY3Rpb246MzU2Nzg5,MamunHighT2019,Quantum ESPRESSO 5.1,BEEF-vdW,"{""star"": 1, ""H2gas"": 0.5}","{""Hstar"": 1}",101,,-0.291948216355166
Ni-0.5-Ru-0.5,Ni6Ru6,NiRu,0.5H2(g) + * -> H*,"{""H"": ""hollow|A_B_B|FCC""}",UmVhY3Rpb246MzU2MDM1,MamunHighT2019,Quantum ESPRESSO 5.1,BEEF-vdW,"{""star"": 1, ""H2gas"": 0.5}","{""Hstar"": 1}",101,,-0.393148985654051
Ni-0.5-Sn-0.5,Ni6Sn6,NiSn,0.5H2(g) + * -> H*,"{""H"": ""bridge|A_A|B""}",UmVhY3Rpb246MzU1NTE3,MamunHighT2019,Quantum ESPRESSO 5.1,BEEF-vdW,"{""star"": 1, ""H2gas"": 0.5}","{""Hstar"": 1}",101,,0.185951440741547
Ni-0.5-Ta-0.5,Ni6Ta6,NiTa,0.5H2(g) + * -> H*,"{""H"": ""hollow|A_B_B|HCP""}",UmVhY3Rpb246MzU2NDE1,MamunHighT2019,Quantum ESPRESSO 5.1,BEEF-vdW,"{""star"": 1, ""H2gas"": 0.5}","{""Hstar"": 1}",101,,-0.753370292061817
Ni-0.5-Ti-0.5,Ni6Ti6,NiTi,0.5H2(g) + * -> H*,"{""H"": ""hollow|A_B_B|FCC""}",UmVhY3Rpb246NDI4OTM2,MamunHighT2019,Quantum ESPRESSO 5.1,BEEF-vdW,"{""star"": 1, ""H2gas"": 0.5}","{""Hstar"": 1}",101,,-0.601837170163861
Ni-0.5-Tl-0.5,Ni6Tl6,NiTl,0.5H2(g) + * -> H*,"{""H"": ""bridge|A_A|B""}",UmVhY3Rpb246MzU5OTgw,MamunHighT2019,Quantum ESPRESSO 5.1,BEEF-vdW,"{""star"": 1, ""H2gas"": 0.5}","{""Hstar"": 1}",101,,-0.17920968426094
Ni-0.5-V-0.5,Ni6V6,NiV,0.5H2(g) + * -> H*,"{""H"": ""hollow|A_B_B|HCP""}",UmVhY3Rpb246NDI4OTQx,MamunHighT2019,Quantum ESPRESSO 5.1,BEEF-vdW,"{""star"": 1, ""H2gas"": 0.5}","{""Hstar"": 1}",101,,-0.730785931859799
Ni-0.5-W-0.5,Ni6W6,NiW,0.5H2(g) + * -> H*,"{""H"": ""hollow|A_B_B|HCP""}",UmVhY3Rpb246MzU0NzU2,MamunHighT2019,Quantum ESPRESSO 5.1,BEEF-vdW,"{""star"": 1, ""H2gas"": 0.5}","{""Hstar"": 1}",101,,-0.64317153436329
Ni-0.5-Y-0.5,Ni6Y6,NiY,0.5H2(g) + * -> H*,"{""H"": ""hollow-tilt|A_B_B|FCC""}",UmVhY3Rpb246MzU5OTcx,MamunHighT2019,Quantum ESPRESSO 5.1,BEEF-vdW,"{""star"": 1, ""H2gas"": 0.5}","{""Hstar"": 1}",101,,-0.589655313858174
Ni-0.5-Zn-0.5,Ni6Zn6,NiZn,0.5H2(g) + * -> H*,"{""H"": ""bridge|A_A|B""}",UmVhY3Rpb246MzU2MjQ2,MamunHighT2019,Quantum ESPRESSO 5.1,BEEF-vdW,"{""star"": 1, ""H2gas"": 0.5}","{""Hstar"": 1}",101,,-0.347882712571817
Ni-0.5-Zr-0.5,Ni6Zr6,NiZr,0.5H2(g) + * -> H*,"{""H"": ""bridge|B_B|A""}",UmVhY3Rpb246NDA2MzY3,MamunHighT2019,Quantum ESPRESSO 5.1,BEEF-vdW,"{""star"": 1, ""H2gas"": 0.5}","{""Hstar"": 1}",101,,-0.712609815854165
Ni-0.8-Os-0.2,Ni9Os3,Ni3Os,0.5H2(g) + * -> H*,"{""H"": ""hollow|A_A_B|HCP""}",UmVhY3Rpb246Mzk2ODYx,MamunHighT2019,Quantum ESPRESSO 5.1,BEEF-vdW,"{""star"": 1, ""H2gas"": 0.5}","{""Hstar"": 1}",111,,-0.444719456157117
Ni-0.8-Pb-0.2,Ni9Pb3,Ni3Pb,0.5H2(g) + * -> H*,"{""H"": ""hollow|A_A_A|HCP""}",UmVhY3Rpb246MzQyNDk2,MamunHighT2019,Quantum ESPRESSO 5.1,BEEF-vdW,"{""star"": 1, ""H2gas"": 0.5}","{""Hstar"": 1}",111,,-0.466358764961996
Ni-0.8-Pd-0.2,Ni9Pd3,Ni3Pd,0.5H2(g) + * -> H*,"{""H"": ""hollow|A_A_A|FCC""}",UmVhY3Rpb246NDIxODk4,MamunHighT2019,Quantum ESPRESSO 5.1,BEEF-vdW,"{""star"": 1, ""H2gas"": 0.5}","{""Hstar"": 1}",111,,-0.376253981557028
Ni-0.8-Pt-0.2,Ni9Pt3,Ni3Pt,0.5H2(g) + * -> H*,"{""H"": ""hollow|A_A_A|FCC""}",UmVhY3Rpb246MzQzMDc1,MamunHighT2019,Quantum ESPRESSO 5.1,BEEF-vdW,"{""star"": 1, ""H2gas"": 0.5}","{""Hstar"": 1}",111,,-0.338703224354475
Ni-0.8-Re-0.2,Ni9Re3,Ni3Re,0.5H2(g) + * -> H*,"{""H"": ""hollow|A_A_B|HCP""}",UmVhY3Rpb246Mzk2NzUz,MamunHighT2019,Quantum ESPRESSO 5.1,BEEF-vdW,"{""star"": 1, ""H2gas"": 0.5}","{""Hstar"": 1}",111,,-0.47449456046067
Ni-0.8-Rh-0.2,Ni9Rh3,Ni3Rh,0.5H2(g) + * -> H*,"{""H"": ""hollow|A_A_A|FCC""}",UmVhY3Rpb246MzQ4ODY0,MamunHighT2019,Quantum ESPRESSO 5.1,BEEF-vdW,"{""star"": 1, ""H2gas"": 0.5}","{""Hstar"": 1}",111,,-0.323434508557483
Ni-0.8-Ru-0.2,Ni9Ru3,Ni3Ru,0.5H2(g) + * -> H*,"{""H"": ""hollow|A_A_B|FCC""}",UmVhY3Rpb246Mzk2OTMz,MamunHighT2019,Quantum ESPRESSO 5.1,BEEF-vdW,"{""star"": 1, ""H2gas"": 0.5}","{""Hstar"": 1}",111,,-0.347928019457839
Ni-0.8-Sc-0.2,Ni9Sc3,Ni3Sc,0.5H2(g) + * -> H*,"{""H"": ""hollow|A_A_A|HCP""}",UmVhY3Rpb246MzQxNjAw,MamunHighT2019,Quantum ESPRESSO 5.1,BEEF-vdW,"{""star"": 1, ""H2gas"": 0.5}","{""Hstar"": 1}",111,,-0.641493952657555
Ni-0.8-Sn-0.2,Ni9Sn3,Ni3Sn,0.5H2(g) + * -> H*,"{""H"": ""hollow|A_A_A|HCP""}",UmVhY3Rpb246MzQ1NjEy,MamunHighT2019,Quantum ESPRESSO 5.1,BEEF-vdW,"{""star"": 1, ""H2gas"": 0.5}","{""Hstar"": 1}",111,,-0.517989508559339
Ni-0.8-Ta-0.2,Ni9Ta3,Ni3Ta,0.5H2(g) + * -> H*,"{""H"": ""hollow|A_A_B|HCP""}",UmVhY3Rpb246Mzk2MDI0,MamunHighT2019,Quantum ESPRESSO 5.1,BEEF-vdW,"{""star"": 1, ""H2gas"": 0.5}","{""Hstar"": 1}",111,,-0.486184162858052
Ni-0.8-Tc-0.2,Ni9Tc3,Ni3Tc,0.5H2(g) + * -> H*,"{""H"": ""hollow|A_A_B|HCP""}",UmVhY3Rpb246Mzk2Nzg1,MamunHighT2019,Quantum ESPRESSO 5.1,BEEF-vdW,"{""star"": 1, ""H2gas"": 0.5}","{""Hstar"": 1}",111,,-0.409347786356165
Ni-0.8-Ti-0.2,Ni9Ti3,Ni3Ti,0.5H2(g) + * -> H*,"{""H"": ""hollow|A_A_B|FCC""}",UmVhY3Rpb246Mzk2MDAz,MamunHighT2019,Quantum ESPRESSO 5.1,BEEF-vdW,"{""star"": 1, ""H2gas"": 0.5}","{""Hstar"": 1}",111,,-0.487347857661888
Ni-0.8-Tl-0.2,Ni9Tl3,Ni3Tl,0.5H2(g) + * -> H*,"{""H"": ""hollow|A_A_A|HCP""}",UmVhY3Rpb246MzQ0ODc3,MamunHighT2019,Quantum ESPRESSO 5.1,BEEF-vdW,"{""star"": 1, ""H2gas"": 0.5}","{""Hstar"": 1}",111,,-0.472769222759752
Ni-0.8-V-0.2,Ni9V3,Ni3V,0.5H2(g) + * -> H*,"{""H"": ""hollow|A_A_B|HCP""}",UmVhY3Rpb246Mzk2NzIy,MamunHighT2019,Quantum ESPRESSO 5.1,BEEF-vdW,"{""star"": 1, ""H2gas"": 0.5}","{""Hstar"": 1}",111,,-0.381480472059565
Ni-0.8-Y-0.2,Ni9Y3,Ni3Y,0.5H2(g) + * -> H*,"{""H"": ""bridge|A_A|A""}",UmVhY3Rpb246Mzk2NjY0,MamunHighT2019,Quantum ESPRESSO 5.1,BEEF-vdW,"{""star"": 1, ""H2gas"": 0.5}","{""Hstar"": 1}",111,,-0.408303413459151
Ni-0.8-Zn-0.2,Ni9Zn3,Ni3Zn,0.5H2(g) + * -> H*,"{""H"": ""hollow|A_A_A|HCP""}",UmVhY3Rpb246MzQ0NDY5,MamunHighT2019,Quantum ESPRESSO 5.1,BEEF-vdW,"{""star"": 1, ""H2gas"": 0.5}","{""Hstar"": 1}",111,,-0.504895526660192
Ni-0.8-Zr-0.2,Ni9Zr3,Ni3Zr,0.5H2(g) + * -> H*,"{""H"": ""bridge|A_A|B""}",UmVhY3Rpb246Mzk2Njg2,MamunHighT2019,Quantum ESPRESSO 5.1,BEEF-vdW,"{""star"": 1, ""H2gas"": 0.5}","{""Hstar"": 1}",111,,-0.47593921285349
Os-1.0,Os12,Os,0.5H2(g) + * -> H*,"{""H"": ""hollow|A_A_A|FCC""}",UmVhY3Rpb246MzM5NjQ2,MamunHighT2019,Quantum ESPRESSO 5.1,BEEF-vdW,"{""star"": 1, ""H2gas"": 0.5}","{""Hstar"": 1}",111,,-0.258513452957203
Os-0.2-Pb-0.8,Os3Pb9,Pb3Os,0.5H2(g) + * -> H*,"{""H"": ""top|B""}",UmVhY3Rpb246MzQ5ODQy,MamunHighT2019,Quantum ESPRESSO 5.1,BEEF-vdW,"{""star"": 1, ""H2gas"": 0.5}","{""Hstar"": 1}",111,,-0.538433965458324
Os-0.2-Pd-0.8,Os3Pd9,Pd3Os,0.5H2(g) + * -> H*,"{""H"": ""top|B""}",UmVhY3Rpb246NDAxMjM4,MamunHighT2019,Quantum ESPRESSO 5.1,BEEF-vdW,"{""star"": 1, ""H2gas"": 0.5}","{""Hstar"": 1}",111,,-0.427506351060373
Os-0.2-Pt-0.8,Os3Pt9,Pt3Os,0.5H2(g) + * -> H*,"{""H"": ""bridge|A_B|A""}",UmVhY3Rpb246NDAwODQy,MamunHighT2019,Quantum ESPRESSO 5.1,BEEF-vdW,"{""star"": 1, ""H2gas"": 0.5}","{""Hstar"": 1}",111,,-0.216455674161779
Os-0.2-Re-0.8,Os3Re9,Re3Os,0.5H2(g) + * -> H*,"{""H"": ""hollow|A_A_A|HCP""}",UmVhY3Rpb246NDEwMjgy,MamunHighT2019,Quantum ESPRESSO 5.1,BEEF-vdW,"{""star"": 1, ""H2gas"": 0.5}","{""Hstar"": 1}",111,,-0.52127024915805
Os-0.2-Rh-0.8,Os3Rh9,Rh3Os,0.5H2(g) + * -> H*,"{""H"": ""top|B""}",UmVhY3Rpb246MzY4NzY5,MamunHighT2019,Quantum ESPRESSO 5.1,BEEF-vdW,"{""star"": 1, ""H2gas"": 0.5}","{""Hstar"": 1}",111,,-0.316212335258541
Os-0.2-Ru-0.8,Os3Ru9,Ru3Os,0.5H2(g) + * -> H*,"{""H"": ""hollow|A_A_B|FCC""}",UmVhY3Rpb246MzQ5MDU5,MamunHighT2019,Quantum ESPRESSO 5.1,BEEF-vdW,"{""star"": 1, ""H2gas"": 0.5}","{""Hstar"": 1}",111,,-0.400415785657032
Os-0.2-Sc-0.8,Os3Sc9,Sc3Os,0.5H2(g) + * -> H*,"{""H"": ""hollow|A_A_A|HCP""}",UmVhY3Rpb246NDA1OTgy,MamunHighT2019,Quantum ESPRESSO 5.1,BEEF-vdW,"{""star"": 1, ""H2gas"": 0.5}","{""Hstar"": 1}",111,,-1.12840996555948
Os-0.2-Sn-0.8,Os3Sn9,Sn3Os,0.5H2(g) + * -> H*,"{""H"": ""top|B""}",UmVhY3Rpb246MzQ5OTYw,MamunHighT2019,Quantum ESPRESSO 5.1,BEEF-vdW,"{""star"": 1, ""H2gas"": 0.5}","{""Hstar"": 1}",111,,-0.34695738935531
Os-0.2-Ta-0.8,Os3Ta9,Ta3Os,0.5H2(g) + * -> H*,"{""H"": ""hollow|A_A_B|HCP""}",UmVhY3Rpb246MzQ5MDA5,MamunHighT2019,Quantum ESPRESSO 5.1,BEEF-vdW,"{""star"": 1, ""H2gas"": 0.5}","{""Hstar"": 1}",111,,-1.04215300805933
Os-0.2-Tc-0.8,Os3Tc9,Tc3Os,0.5H2(g) + * -> H*,"{""H"": ""hollow|A_A_A|FCC""}",UmVhY3Rpb246NDEwNzQ1,MamunHighT2019,Quantum ESPRESSO 5.1,BEEF-vdW,"{""star"": 1, ""H2gas"": 0.5}","{""Hstar"": 1}",111,,-0.568389209357491
Os-0.2-Ti-0.8,Os3Ti9,Ti3Os,0.5H2(g) + * -> H*,"{""H"": ""hollow|A_A_A|HCP""}",UmVhY3Rpb246NDA2ODg3,MamunHighT2019,Quantum ESPRESSO 5.1,BEEF-vdW,"{""star"": 1, ""H2gas"": 0.5}","{""Hstar"": 1}",111,,-1.08609014116061
Os-0.2-Tl-0.8,Os3Tl9,Tl3Os,0.5H2(g) + * -> H*,"{""H"": ""hollow|A_A_A|HCP""}",UmVhY3Rpb246NDA0MjE4,MamunHighT2019,Quantum ESPRESSO 5.1,BEEF-vdW,"{""star"": 1, ""H2gas"": 0.5}","{""Hstar"": 1}",111,,1.01918932124411
Os-0.2-V-0.8,Os3V9,V3Os,0.5H2(g) + * -> H*,"{""H"": ""hollow|A_A_A|HCP""}",UmVhY3Rpb246NDA4MTM3,MamunHighT2019,Quantum ESPRESSO 5.1,BEEF-vdW,"{""star"": 1, ""H2gas"": 0.5}","{""Hstar"": 1}",111,,-1.1901901473602
Os-0.2-W-0.8,Os3W9,W3Os,0.5H2(g) + * -> H*,"{""H"": ""hollow|A_A_A|FCC""}",UmVhY3Rpb246NDA5OTUy,MamunHighT2019,Quantum ESPRESSO 5.1,BEEF-vdW,"{""star"": 1, ""H2gas"": 0.5}","{""Hstar"": 1}",111,,-0.861731056657817
Os-0.2-Y-0.8,Os3Y9,Y3Os,0.5H2(g) + * -> H*,"{""H"": ""hollow|A_A_A|FCC""}",UmVhY3Rpb246NDA1NDc0,MamunHighT2019,Quantum ESPRESSO 5.1,BEEF-vdW,"{""star"": 1, ""H2gas"": 0.5}","{""Hstar"": 1}",111,,-1.02678170555643
Os-0.2-Zn-0.8,Os3Zn9,Zn3Os,0.5H2(g) + * -> H*,"{""H"": ""top|B""}",UmVhY3Rpb246NDAyNzM0,MamunHighT2019,Quantum ESPRESSO 5.1,BEEF-vdW,"{""star"": 1, ""H2gas"": 0.5}","{""Hstar"": 1}",111,,-0.615102855851518
Os-0.2-Zr-0.8,Os3Zr9,Zr3Os,0.5H2(g) + * -> H*,"{""H"": ""hollow|A_A_A|FCC""}",UmVhY3Rpb246MzQ0MDAz,MamunHighT2019,Quantum ESPRESSO 5.1,BEEF-vdW,"{""star"": 1, ""H2gas"": 0.5}","{""Hstar"": 1}",111,,-0.996136517059284
Os-0.5-Pb-0.5,Os6Pb6,OsPb,0.5H2(g) + * -> H*,"{""H"": ""top|A""}",UmVhY3Rpb246NDEzNjEx,MamunHighT2019,Quantum ESPRESSO 5.1,BEEF-vdW,"{""star"": 1, ""H2gas"": 0.5}","{""Hstar"": 1}",101,,-0.550632964960613
Os-0.5-Pd-0.5,Os6Pd6,OsPd,0.5H2(g) + * -> H*,"{""H"": ""hollow|A_A_B|FCC""}",UmVhY3Rpb246MzU2NTQy,MamunHighT2019,Quantum ESPRESSO 5.1,BEEF-vdW,"{""star"": 1, ""H2gas"": 0.5}","{""Hstar"": 1}",101,,-0.365895288056862
Os-0.5-Pt-0.5,Os6Pt6,OsPt,0.5H2(g) + * -> H*,"{""H"": ""top|A""}",UmVhY3Rpb246MzUzNzc3,MamunHighT2019,Quantum ESPRESSO 5.1,BEEF-vdW,"{""star"": 1, ""H2gas"": 0.5}","{""Hstar"": 1}",101,,-0.308441036059747
Os-0.5-Re-0.5,Os6Re6,OsRe,0.5H2(g) + * -> H*,"{""H"": ""hollow|A_B_B|FCC""}",UmVhY3Rpb246MzU3NjIy,MamunHighT2019,Quantum ESPRESSO 5.1,BEEF-vdW,"{""star"": 1, ""H2gas"": 0.5}","{""Hstar"": 1}",101,,-0.454778144156961
Os-0.5-Rh-0.5,Os6Rh6,OsRh,0.5H2(g) + * -> H*,"{""H"": ""hollow|A_A_B|FCC""}",UmVhY3Rpb246MzU2OTA0,MamunHighT2019,Quantum ESPRESSO 5.1,BEEF-vdW,"{""star"": 1, ""H2gas"": 0.5}","{""Hstar"": 1}",101,,-0.325144744157086
Os-0.5-Ru-0.5,Os6Ru6,OsRu,0.5H2(g) + * -> H*,"{""H"": ""hollow|A_A_B|FCC""}",UmVhY3Rpb246MzUxNjIw,MamunHighT2019,Quantum ESPRESSO 5.1,BEEF-vdW,"{""star"": 1, ""H2gas"": 0.5}","{""Hstar"": 1}",101,,-0.368532615359953
Os-0.5-Sc-0.5,Os6Sc6,OsSc,0.5H2(g) + * -> H*,"{""H"": ""hollow|A_B_B|FCC""}",UmVhY3Rpb246MzUwMjc2,MamunHighT2019,Quantum ESPRESSO 5.1,BEEF-vdW,"{""star"": 1, ""H2gas"": 0.5}","{""Hstar"": 1}",101,,-0.988705904458556
Os-0.5-Sn-0.5,Os6Sn6,OsSn,0.5H2(g) + * -> H*,"{""H"": ""top|B""}",UmVhY3Rpb246NDEzODE1,MamunHighT2019,Quantum ESPRESSO 5.1,BEEF-vdW,"{""star"": 1, ""H2gas"": 0.5}","{""Hstar"": 1}",101,,-0.471905805558862
Os-0.5-Ta-0.5,Os6Ta6,OsTa,0.5H2(g) + * -> H*,"{""H"": ""hollow|A_B_B|FCC""}",UmVhY3Rpb246MzU1MjM4,MamunHighT2019,Quantum ESPRESSO 5.1,BEEF-vdW,"{""star"": 1, ""H2gas"": 0.5}","{""Hstar"": 1}",101,,-0.592111277454904
Os-0.5-Tc-0.5,Os6Tc6,OsTc,0.5H2(g) + * -> H*,"{""H"": ""hollow|A_B_B|FCC""}",UmVhY3Rpb246NDEwNzc5,MamunHighT2019,Quantum ESPRESSO 5.1,BEEF-vdW,"{""star"": 1, ""H2gas"": 0.5}","{""Hstar"": 1}",101,,-0.508614642661058
Os-0.5-Ti-0.5,Os6Ti6,OsTi,0.5H2(g) + * -> H*,"{""H"": ""hollow|A_B_B|FCC""}",UmVhY3Rpb246MzU0MDA0,MamunHighT2019,Quantum ESPRESSO 5.1,BEEF-vdW,"{""star"": 1, ""H2gas"": 0.5}","{""Hstar"": 1}",101,,-0.912795531457022
Os-0.5-V-0.5,Os6V6,OsV,0.5H2(g) + * -> H*,"{""H"": ""hollow|A_B_B|FCC""}",UmVhY3Rpb246MzU2MTk4,MamunHighT2019,Quantum ESPRESSO 5.1,BEEF-vdW,"{""star"": 1, ""H2gas"": 0.5}","{""Hstar"": 1}",101,,-0.676193092956027
Os-0.5-W-0.5,Os6W6,OsW,0.5H2(g) + * -> H*,"{""H"": ""hollow|A_B_B|FCC""}",UmVhY3Rpb246NDA5OTc3,MamunHighT2019,Quantum ESPRESSO 5.1,BEEF-vdW,"{""star"": 1, ""H2gas"": 0.5}","{""Hstar"": 1}",101,,-0.641232043056306
Os-0.5-Y-0.5,Os6Y6,OsY,0.5H2(g) + * -> H*,"{""H"": ""hollow-tilt|A_B_B|FCC""}",UmVhY3Rpb246MzUyNjUx,MamunHighT2019,Quantum ESPRESSO 5.1,BEEF-vdW,"{""star"": 1, ""H2gas"": 0.5}","{""Hstar"": 1}",101,,-1.02580440865765
Os-0.5-Zn-0.5,Os6Zn6,OsZn,0.5H2(g) + * -> H*,"{""H"": ""bridge|B_B|A""}",UmVhY3Rpb246NDEzMjQ5,MamunHighT2019,Quantum ESPRESSO 5.1,BEEF-vdW,"{""star"": 1, ""H2gas"": 0.5}","{""Hstar"": 1}",101,,-0.331685680458548
Os-0.5-Zr-0.5,Os6Zr6,OsZr,0.5H2(g) + * -> H*,"{""H"": ""hollow-tilt|A_B_B|FCC""}",UmVhY3Rpb246MzU1NDM0,MamunHighT2019,Quantum ESPRESSO 5.1,BEEF-vdW,"{""star"": 1, ""H2gas"": 0.5}","{""Hstar"": 1}",101,,-0.984454669959604
Os-0.8-Pb-0.2,Os9Pb3,Os3Pb,0.5H2(g) + * -> H*,"{""H"": ""hollow|A_A_A|HCP""}",UmVhY3Rpb246NDEzNjA4,MamunHighT2019,Quantum ESPRESSO 5.1,BEEF-vdW,"{""star"": 1, ""H2gas"": 0.5}","{""Hstar"": 1}",111,,-0.365833246159099
Os-0.8-Pd-0.2,Os9Pd3,Os3Pd,0.5H2(g) + * -> H*,"{""H"": ""hollow|A_A_A|HCP""}",UmVhY3Rpb246MzQwOTk5,MamunHighT2019,Quantum ESPRESSO 5.1,BEEF-vdW,"{""star"": 1, ""H2gas"": 0.5}","{""Hstar"": 1}",111,,-0.291711341257695
Os-0.8-Pt-0.2,Os9Pt3,Os3Pt,0.5H2(g) + * -> H*,"{""H"": ""hollow|A_A_A|HCP""}",UmVhY3Rpb246MzQyMDcx,MamunHighT2019,Quantum ESPRESSO 5.1,BEEF-vdW,"{""star"": 1, ""H2gas"": 0.5}","{""Hstar"": 1}",111,,-0.272538880460132
Os-0.8-Re-0.2,Os9Re3,Os3Re,0.5H2(g) + * -> H*,"{""H"": ""hollow|A_A_B|FCC""}",UmVhY3Rpb246NDExNzQ0,MamunHighT2019,Quantum ESPRESSO 5.1,BEEF-vdW,"{""star"": 1, ""H2gas"": 0.5}","{""Hstar"": 1}",111,,-0.375438864658435
Os-0.8-Rh-0.2,Os9Rh3,Os3Rh,0.5H2(g) + * -> H*,"{""H"": ""bridge|A_A|A""}",UmVhY3Rpb246NDEyMTc1,MamunHighT2019,Quantum ESPRESSO 5.1,BEEF-vdW,"{""star"": 1, ""H2gas"": 0.5}","{""Hstar"": 1}",111,,-0.196693134460446
Os-0.8-Ru-0.2,Os9Ru3,Os3Ru,0.5H2(g) + * -> H*,"{""H"": ""hollow|A_A_B|FCC""}",UmVhY3Rpb246NDExODQ5,MamunHighT2019,Quantum ESPRESSO 5.1,BEEF-vdW,"{""star"": 1, ""H2gas"": 0.5}","{""Hstar"": 1}",111,,-0.322433946056634
Os-0.8-Sc-0.2,Os9Sc3,Os3Sc,0.5H2(g) + * -> H*,"{""H"": ""bridge|A_A|B""}",UmVhY3Rpb246NDExNjMz,MamunHighT2019,Quantum ESPRESSO 5.1,BEEF-vdW,"{""star"": 1, ""H2gas"": 0.5}","{""Hstar"": 1}",111,,-0.539843243054719
Os-0.8-Sn-0.2,Os9Sn3,Os3Sn,0.5H2(g) + * -> H*,"{""H"": ""hollow|A_A_A|HCP""}",UmVhY3Rpb246MzQ4NDEz,MamunHighT2019,Quantum ESPRESSO 5.1,BEEF-vdW,"{""star"": 1, ""H2gas"": 0.5}","{""Hstar"": 1}",111,,-0.411295305158063
Os-0.8-Ta-0.2,Os9Ta3,Os3Ta,0.5H2(g) + * -> H*,"{""H"": ""hollow|A_A_B|FCC""}",UmVhY3Rpb246NDExNzIy,MamunHighT2019,Quantum ESPRESSO 5.1,BEEF-vdW,"{""star"": 1, ""H2gas"": 0.5}","{""Hstar"": 1}",111,,-0.570462580656539
Os-0.8-Tc-0.2,Os9Tc3,Os3Tc,0.5H2(g) + * -> H*,"{""H"": ""hollow|A_A_B|FCC""}",UmVhY3Rpb246NDExNzU3,MamunHighT2019,Quantum ESPRESSO 5.1,BEEF-vdW,"{""star"": 1, ""H2gas"": 0.5}","{""Hstar"": 1}",111,,-0.409811332257021
Os-0.8-Ti-0.2,Os9Ti3,Os3Ti,0.5H2(g) + * -> H*,"{""H"": ""hollow|A_A_B|FCC""}",UmVhY3Rpb246NDExNzA1,MamunHighT2019,Quantum ESPRESSO 5.1,BEEF-vdW,"{""star"": 1, ""H2gas"": 0.5}","{""Hstar"": 1}",111,,-0.568260771556169
Os-0.8-V-0.2,Os9V3,Os3V,0.5H2(g) + * -> H*,"{""H"": ""hollow|A_A_B|FCC""}",UmVhY3Rpb246MzQyMjA3,MamunHighT2019,Quantum ESPRESSO 5.1,BEEF-vdW,"{""star"": 1, ""H2gas"": 0.5}","{""Hstar"": 1}",111,,-0.517219154359708
Os-0.8-W-0.2,Os9W3,Os3W,0.5H2(g) + * -> H*,"{""H"": ""hollow|A_A_B|FCC""}",UmVhY3Rpb246MzQ2MzA1,MamunHighT2019,Quantum ESPRESSO 5.1,BEEF-vdW,"{""star"": 1, ""H2gas"": 0.5}","{""Hstar"": 1}",111,,-0.470592584154446
Os-0.8-Y-0.2,Os9Y3,Os3Y,0.5H2(g) + * -> H*,"{""H"": ""bridge-tilt|A_A|B""}",UmVhY3Rpb246NDExNTk0,MamunHighT2019,Quantum ESPRESSO 5.1,BEEF-vdW,"{""star"": 1, ""H2gas"": 0.5}","{""Hstar"": 1}",111,,-0.637413061357592
Os-0.8-Zn-0.2,Os9Zn3,Os3Zn,0.5H2(g) + * -> H*,"{""H"": ""top|A""}",UmVhY3Rpb246MzUzNDI3,MamunHighT2019,Quantum ESPRESSO 5.1,BEEF-vdW,"{""star"": 1, ""H2gas"": 0.5}","{""Hstar"": 1}",111,,-0.319757298259873
Os-0.8-Zr-0.2,Os9Zr3,Os3Zr,0.5H2(g) + * -> H*,"{""H"": ""hollow|A_A_B|FCC""}",UmVhY3Rpb246MzQyNTY5,MamunHighT2019,Quantum ESPRESSO 5.1,BEEF-vdW,"{""star"": 1, ""H2gas"": 0.5}","{""Hstar"": 1}",111,,-0.635632892556686
Pb-1.0,Pb12,Pb,0.5H2(g) + * -> H*,"{""H"": ""bridge|A_A|A""}",UmVhY3Rpb246MzM5Njg5,MamunHighT2019,Quantum ESPRESSO 5.1,BEEF-vdW,"{""star"": 1, ""H2gas"": 0.5}","{""Hstar"": 1}",111,,0.754159966342769
Pb-0.2-Pd-0.8,Pb3Pd9,Pd3Pb,0.5H2(g) + * -> H*,"{""H"": ""hollow|A_A_A|HCP""}",UmVhY3Rpb246MzQ0ODc5,MamunHighT2019,Quantum ESPRESSO 5.1,BEEF-vdW,"{""star"": 1, ""H2gas"": 0.5}","{""Hstar"": 1}",111,,-0.314621421660348
Pb-0.2-Pt-0.8,Pb3Pt9,Pt3Pb,0.5H2(g) + * -> H*,"{""H"": ""hollow|A_A_A|HCP""}",UmVhY3Rpb246MzQxMzgz,MamunHighT2019,Quantum ESPRESSO 5.1,BEEF-vdW,"{""star"": 1, ""H2gas"": 0.5}","{""Hstar"": 1}",111,,-0.36927752706012
Pb-0.2-Rh-0.8,Pb3Rh9,Rh3Pb,0.5H2(g) + * -> H*,"{""H"": ""hollow|A_A_A|FCC""}",UmVhY3Rpb246NDIxNTA4,MamunHighT2019,Quantum ESPRESSO 5.1,BEEF-vdW,"{""star"": 1, ""H2gas"": 0.5}","{""Hstar"": 1}",111,,-0.463439391557557
Pb-0.2-Ru-0.8,Pb3Ru9,Ru3Pb,0.5H2(g) + * -> H*,"{""H"": ""hollow|A_A_A|HCP""}",UmVhY3Rpb246NDE3MzA3,MamunHighT2019,Quantum ESPRESSO 5.1,BEEF-vdW,"{""star"": 1, ""H2gas"": 0.5}","{""Hstar"": 1}",111,,-0.452566538856416
Pb-0.2-Sc-0.8,Pb3Sc9,Sc3Pb,0.5H2(g) + * -> H*,"{""H"": ""hollow|A_A_A|FCC""}",UmVhY3Rpb246NDA2MTY1,MamunHighT2019,Quantum ESPRESSO 5.1,BEEF-vdW,"{""star"": 1, ""H2gas"": 0.5}","{""Hstar"": 1}",111,,-1.16935303015904
Pb-0.2-Sn-0.8,Pb3Sn9,Sn3Pb,0.5H2(g) + * -> H*,"{""H"": ""top|A""}",UmVhY3Rpb246MzUxODU1,MamunHighT2019,Quantum ESPRESSO 5.1,BEEF-vdW,"{""star"": 1, ""H2gas"": 0.5}","{""Hstar"": 1}",111,,0.540198215640913
Pb-0.2-Ta-0.8,Pb3Ta9,Ta3Pb,0.5H2(g) + * -> H*,"{""H"": ""hollow|A_A_A|HCP""}",UmVhY3Rpb246MzQ3NjMy,MamunHighT2019,Quantum ESPRESSO 5.1,BEEF-vdW,"{""star"": 1, ""H2gas"": 0.5}","{""Hstar"": 1}",111,,-1.04224035655986
Pb-0.2-Tc-0.8,Pb3Tc9,Tc3Pb,0.5H2(g) + * -> H*,"{""H"": ""hollow|A_A_A|HCP""}",UmVhY3Rpb246NDExNTE1,MamunHighT2019,Quantum ESPRESSO 5.1,BEEF-vdW,"{""star"": 1, ""H2gas"": 0.5}","{""Hstar"": 1}",111,,-0.529143863058351
Pb-0.2-Ti-0.8,Pb3Ti9,Ti3Pb,0.5H2(g) + * -> H*,"{""H"": ""hollow|A_A_A|FCC""}",UmVhY3Rpb246NDA3MDQ0,MamunHighT2019,Quantum ESPRESSO 5.1,BEEF-vdW,"{""star"": 1, ""H2gas"": 0.5}","{""Hstar"": 1}",111,,-1.10636765625802
Pb-0.2-Tl-0.8,Pb3Tl9,Tl3Pb,0.5H2(g) + * -> H*,"{""H"": ""top|B""}",UmVhY3Rpb246NDA0Mjc5,MamunHighT2019,Quantum ESPRESSO 5.1,BEEF-vdW,"{""star"": 1, ""H2gas"": 0.5}","{""Hstar"": 1}",111,,0.663730959441665
Pb-0.2-V-0.8,Pb3V9,V3Pb,0.5H2(g) + * -> H*,"{""H"": ""hollow|A_A_A|HCP""}",UmVhY3Rpb246NDA4NjQx,MamunHighT2019,Quantum ESPRESSO 5.1,BEEF-vdW,"{""star"": 1, ""H2gas"": 0.5}","{""Hstar"": 1}",111,,-0.939029210257075
Pb-0.2-W-0.8,Pb3W9,W3Pb,0.5H2(g) + * -> H*,"{""H"": ""hollow|A_A_A|HCP""}",UmVhY3Rpb246MzQwMjk3,MamunHighT2019,Quantum ESPRESSO 5.1,BEEF-vdW,"{""star"": 1, ""H2gas"": 0.5}","{""Hstar"": 1}",111,,-0.761863373058958
Pb-0.2-Y-0.8,Pb3Y9,Y3Pb,0.5H2(g) + * -> H*,"{""H"": ""hollow|A_A_A|FCC""}",UmVhY3Rpb246MzQzOTUz,MamunHighT2019,Quantum ESPRESSO 5.1,BEEF-vdW,"{""star"": 1, ""H2gas"": 0.5}","{""Hstar"": 1}",111,,-1.10324106825553
Pb-0.2-Zn-0.8,Pb3Zn9,Zn3Pb,0.5H2(g) + * -> H*,"{""H"": ""top-tilt|A""}",UmVhY3Rpb246MzY4NzYw,MamunHighT2019,Quantum ESPRESSO 5.1,BEEF-vdW,"{""star"": 1, ""H2gas"": 0.5}","{""Hstar"": 1}",111,,0.502071801443009
Pb-0.2-Zr-0.8,Pb3Zr9,Zr3Pb,0.5H2(g) + * -> H*,"{""H"": ""hollow|A_A_A|FCC""}",UmVhY3Rpb246MzQ3NjEz,MamunHighT2019,Quantum ESPRESSO 5.1,BEEF-vdW,"{""star"": 1, ""H2gas"": 0.5}","{""Hstar"": 1}",111,,-1.07879925905851
Pb-0.5-Pd-0.5,Pb6Pd6,PbPd,0.5H2(g) + * -> H*,"{""H"": ""bridge|B_B|A""}",UmVhY3Rpb246MzU5ODcz,MamunHighT2019,Quantum ESPRESSO 5.1,BEEF-vdW,"{""star"": 1, ""H2gas"": 0.5}","{""Hstar"": 1}",101,,0.14593056994002
Pb-0.5-Pt-0.5,Pb6Pt6,PbPt,0.5H2(g) + * -> H*,"{""H"": ""top-tilt|B""}",UmVhY3Rpb246MzU1ODk2,MamunHighT2019,Quantum ESPRESSO 5.1,BEEF-vdW,"{""star"": 1, ""H2gas"": 0.5}","{""Hstar"": 1}",101,,-0.210926048758637
Pb-0.5-Rh-0.5,Pb6Rh6,PbRh,0.5H2(g) + * -> H*,"{""H"": ""bridge|B_B|A""}",UmVhY3Rpb246MzU2MjU3,MamunHighT2019,Quantum ESPRESSO 5.1,BEEF-vdW,"{""star"": 1, ""H2gas"": 0.5}","{""Hstar"": 1}",101,,0.0338445668394627
Pb-0.5-Ru-0.5,Pb6Ru6,PbRu,0.5H2(g) + * -> H*,"{""H"": ""top|B""}",UmVhY3Rpb246MzU3NjM4,MamunHighT2019,Quantum ESPRESSO 5.1,BEEF-vdW,"{""star"": 1, ""H2gas"": 0.5}","{""Hstar"": 1}",101,,-0.217684676258585
Pb-0.5-Sc-0.5,Pb6Sc6,PbSc,0.5H2(g) + * -> H*,"{""H"": ""bridge|B_B|A""}",UmVhY3Rpb246MzU2MTg0,MamunHighT2019,Quantum ESPRESSO 5.1,BEEF-vdW,"{""star"": 1, ""H2gas"": 0.5}","{""Hstar"": 1}",101,,-0.458422020658844
Pb-0.5-Sn-0.5,Pb6Sn6,PbSn,0.5H2(g) + * -> H*,"{""H"": ""top|B""}",UmVhY3Rpb246MzUyNTgz,MamunHighT2019,Quantum ESPRESSO 5.1,BEEF-vdW,"{""star"": 1, ""H2gas"": 0.5}","{""Hstar"": 1}",101,,0.555438631342469
Pb-0.5-Ta-0.5,Pb6Ta6,PbTa,0.5H2(g) + * -> H*,"{""H"": ""bridge|B_B|A""}",UmVhY3Rpb246MzU0MjAx,MamunHighT2019,Quantum ESPRESSO 5.1,BEEF-vdW,"{""star"": 1, ""H2gas"": 0.5}","{""Hstar"": 1}",101,,-0.362977547457348
Pb-0.5-Tc-0.5,Pb6Tc6,PbTc,0.5H2(g) + * -> H*,"{""H"": ""bridge|B_B|A""}",UmVhY3Rpb246MzUzNTg5,MamunHighT2019,Quantum ESPRESSO 5.1,BEEF-vdW,"{""star"": 1, ""H2gas"": 0.5}","{""Hstar"": 1}",101,,-0.432119496856984
Pb-0.5-Ti-0.5,Pb6Ti6,PbTi,0.5H2(g) + * -> H*,"{""H"": ""bridge|B_B|A""}",UmVhY3Rpb246MzUzMzk3,MamunHighT2019,Quantum ESPRESSO 5.1,BEEF-vdW,"{""star"": 1, ""H2gas"": 0.5}","{""Hstar"": 1}",101,,-0.392513463756558
Pb-0.5-Tl-0.5,Pb6Tl6,PbTl,0.5H2(g) + * -> H*,"{""H"": ""bridge|B_B|A""}",UmVhY3Rpb246NDA0Mjgx,MamunHighT2019,Quantum ESPRESSO 5.1,BEEF-vdW,"{""star"": 1, ""H2gas"": 0.5}","{""Hstar"": 1}",101,,0.708380486544257
Pb-0.5-V-0.5,Pb6V6,PbV,0.5H2(g) + * -> H*,"{""H"": ""bridge|B_B|A""}",UmVhY3Rpb246MzUwNzE5,MamunHighT2019,Quantum ESPRESSO 5.1,BEEF-vdW,"{""star"": 1, ""H2gas"": 0.5}","{""Hstar"": 1}",101,,0.28725479694279
Pb-0.5-W-0.5,Pb6W6,PbW,0.5H2(g) + * -> H*,"{""H"": ""bridge|B_B|A""}",UmVhY3Rpb246MzU5OTY1,MamunHighT2019,Quantum ESPRESSO 5.1,BEEF-vdW,"{""star"": 1, ""H2gas"": 0.5}","{""Hstar"": 1}",101,,-0.473174944358988
Pb-0.5-Y-0.5,Pb6Y6,PbY,0.5H2(g) + * -> H*,"{""H"": ""bridge|B_B|A""}",UmVhY3Rpb246MzUxMjA0,MamunHighT2019,Quantum ESPRESSO 5.1,BEEF-vdW,"{""star"": 1, ""H2gas"": 0.5}","{""Hstar"": 1}",101,,-0.515090407759061
Pb-0.5-Zn-0.5,Pb6Zn6,PbZn,0.5H2(g) + * -> H*,"{""H"": ""bridge|B_B|A""}",UmVhY3Rpb246MzU5NDQ4,MamunHighT2019,Quantum ESPRESSO 5.1,BEEF-vdW,"{""star"": 1, ""H2gas"": 0.5}","{""Hstar"": 1}",101,,0.474653611040623
Pb-0.5-Zr-0.5,Pb6Zr6,PbZr,0.5H2(g) + * -> H*,"{""H"": ""bridge|B_B|A""}",UmVhY3Rpb246MzUxMDg2,MamunHighT2019,Quantum ESPRESSO 5.1,BEEF-vdW,"{""star"": 1, ""H2gas"": 0.5}","{""Hstar"": 1}",101,,-0.479437372257024
Pb-0.8-Pd-0.2,Pb9Pd3,Pb3Pd,0.5H2(g) + * -> H*,"{""H"": ""top|B""}",UmVhY3Rpb246MzUzNTU5,MamunHighT2019,Quantum ESPRESSO 5.1,BEEF-vdW,"{""star"": 1, ""H2gas"": 0.5}","{""Hstar"": 1}",111,,0.377431690344594
Pb-0.8-Pt-0.2,Pb9Pt3,Pb3Pt,0.5H2(g) + * -> H*,"{""H"": ""top|B""}",UmVhY3Rpb246MzQ5NDA4,MamunHighT2019,Quantum ESPRESSO 5.1,BEEF-vdW,"{""star"": 1, ""H2gas"": 0.5}","{""Hstar"": 1}",111,,-0.0984637121609637
Pb-0.8-Re-0.2,Pb9Re3,Pb3Re,0.5H2(g) + * -> H*,"{""H"": ""top|B""}",UmVhY3Rpb246MzU0Njk2,MamunHighT2019,Quantum ESPRESSO 5.1,BEEF-vdW,"{""star"": 1, ""H2gas"": 0.5}","{""Hstar"": 1}",111,,-0.556362457958102
Pb-0.8-Rh-0.2,Pb9Rh3,Pb3Rh,0.5H2(g) + * -> H*,"{""H"": ""top|B""}",UmVhY3Rpb246NDA0NDQ4,MamunHighT2019,Quantum ESPRESSO 5.1,BEEF-vdW,"{""star"": 1, ""H2gas"": 0.5}","{""Hstar"": 1}",111,,-0.0153880375573578
Pb-0.8-Ru-0.2,Pb9Ru3,Pb3Ru,0.5H2(g) + * -> H*,"{""H"": ""hollow|A_A_A|HCP""}",UmVhY3Rpb246NDA0NDM2,MamunHighT2019,Quantum ESPRESSO 5.1,BEEF-vdW,"{""star"": 1, ""H2gas"": 0.5}","{""Hstar"": 1}",111,,0.868811730842054
Pb-0.8-Sc-0.2,Pb9Sc3,Pb3Sc,0.5H2(g) + * -> H*,"{""H"": ""top|B""}",UmVhY3Rpb246MzQ5NzAw,MamunHighT2019,Quantum ESPRESSO 5.1,BEEF-vdW,"{""star"": 1, ""H2gas"": 0.5}","{""Hstar"": 1}",111,,0.228363375642431
Pb-0.8-Sn-0.2,Pb9Sn3,Pb3Sn,0.5H2(g) + * -> H*,"{""H"": ""top|B""}",UmVhY3Rpb246Mzc3MjUw,MamunHighT2019,Quantum ESPRESSO 5.1,BEEF-vdW,"{""star"": 1, ""H2gas"": 0.5}","{""Hstar"": 1}",111,,0.531225806041249
Pb-0.8-Ta-0.2,Pb9Ta3,Pb3Ta,0.5H2(g) + * -> H*,"{""H"": ""top|B""}",UmVhY3Rpb246MzU2NDI3,MamunHighT2019,Quantum ESPRESSO 5.1,BEEF-vdW,"{""star"": 1, ""H2gas"": 0.5}","{""Hstar"": 1}",111,,-0.42376165645598
Pb-0.8-Tc-0.2,Pb9Tc3,Pb3Tc,0.5H2(g) + * -> H*,"{""H"": ""top|B""}",UmVhY3Rpb246MzQ5NjM1,MamunHighT2019,Quantum ESPRESSO 5.1,BEEF-vdW,"{""star"": 1, ""H2gas"": 0.5}","{""Hstar"": 1}",111,,-0.269227255058439
Pb-0.8-Ti-0.2,Pb9Ti3,Pb3Ti,0.5H2(g) + * -> H*,"{""H"": ""top|B""}",UmVhY3Rpb246NDA0Mzcw,MamunHighT2019,Quantum ESPRESSO 5.1,BEEF-vdW,"{""star"": 1, ""H2gas"": 0.5}","{""Hstar"": 1}",111,,-0.033616127256181
Pb-0.8-Tl-0.2,Pb9Tl3,Pb3Tl,0.5H2(g) + * -> H*,"{""H"": ""bridge|A_A|A""}",UmVhY3Rpb246MzU0NzAw,MamunHighT2019,Quantum ESPRESSO 5.1,BEEF-vdW,"{""star"": 1, ""H2gas"": 0.5}","{""Hstar"": 1}",111,,0.682650762541954
Pb-0.8-V-0.2,Pb9V3,Pb3V,0.5H2(g) + * -> H*,"{""H"": ""top|B""}",UmVhY3Rpb246NDA0Mzkz,MamunHighT2019,Quantum ESPRESSO 5.1,BEEF-vdW,"{""star"": 1, ""H2gas"": 0.5}","{""Hstar"": 1}",111,,-0.12513154865789
Pb-0.8-W-0.2,Pb9W3,Pb3W,0.5H2(g) + * -> H*,"{""H"": ""top|B""}",UmVhY3Rpb246NDA0NDEy,MamunHighT2019,Quantum ESPRESSO 5.1,BEEF-vdW,"{""star"": 1, ""H2gas"": 0.5}","{""Hstar"": 1}",111,,-0.499093243360193
Pb-0.8-Y-0.2,Pb9Y3,Pb3Y,0.5H2(g) + * -> H*,"{""H"": ""hollow-tilt|A_A_B|FCC""}",UmVhY3Rpb246MzQ1Mzc1,MamunHighT2019,Quantum ESPRESSO 5.1,BEEF-vdW,"{""star"": 1, ""H2gas"": 0.5}","{""Hstar"": 1}",111,,0.386519204040297
Pb-0.8-Zn-0.2,Pb9Zn3,Pb3Zn,0.5H2(g) + * -> H*,"{""H"": ""bridge-tilt|A_B|A""}",UmVhY3Rpb246MzQ5NjM5,MamunHighT2019,Quantum ESPRESSO 5.1,BEEF-vdW,"{""star"": 1, ""H2gas"": 0.5}","{""Hstar"": 1}",111,,0.422480952643156
Pb-0.8-Zr-0.2,Pb9Zr3,Pb3Zr,0.5H2(g) + * -> H*,"{""H"": ""top|B""}",UmVhY3Rpb246NDA0MzQ2,MamunHighT2019,Quantum ESPRESSO 5.1,BEEF-vdW,"{""star"": 1, ""H2gas"": 0.5}","{""Hstar"": 1}",111,,-0.0798130297580144
Pd-1.0,Pd12,Pd,0.5H2(g) + * -> H*,"{""H"": ""hollow|A_A_A|FCC""}",UmVhY3Rpb246MzM5MjI3,MamunHighT2019,Quantum ESPRESSO 5.1,BEEF-vdW,"{""star"": 1, ""H2gas"": 0.5}","{""Hstar"": 1}",111,,-0.289728039456321
Pd-0.2-Pt-0.8,Pd3Pt9,Pt3Pd,0.5H2(g) + * -> H*,"{""H"": ""hollow|A_A_B|FCC""}",UmVhY3Rpb246MzQ1NTEw,MamunHighT2019,Quantum ESPRESSO 5.1,BEEF-vdW,"{""star"": 1, ""H2gas"": 0.5}","{""Hstar"": 1}",111,,-0.285642250258178
Pd-0.2-Re-0.8,Pd3Re9,Re3Pd,0.5H2(g) + * -> H*,"{""H"": ""hollow|A_A_A|HCP""}",UmVhY3Rpb246MzQyODQ1,MamunHighT2019,Quantum ESPRESSO 5.1,BEEF-vdW,"{""star"": 1, ""H2gas"": 0.5}","{""Hstar"": 1}",111,,-0.739536840758746
Pd-0.2-Rh-0.8,Pd3Rh9,Rh3Pd,0.5H2(g) + * -> H*,"{""H"": ""hollow|A_A_A|FCC""}",UmVhY3Rpb246MzQ4NDUz,MamunHighT2019,Quantum ESPRESSO 5.1,BEEF-vdW,"{""star"": 1, ""H2gas"": 0.5}","{""Hstar"": 1}",111,,-0.380253510857955
Pd-0.2-Ru-0.8,Pd3Ru9,Ru3Pd,0.5H2(g) + * -> H*,"{""H"": ""hollow|A_A_A|FCC""}",UmVhY3Rpb246MzQ0NzI1,MamunHighT2019,Quantum ESPRESSO 5.1,BEEF-vdW,"{""star"": 1, ""H2gas"": 0.5}","{""Hstar"": 1}",111,,-0.415653208255179
Pd-0.2-Sc-0.8,Pd3Sc9,Sc3Pd,0.5H2(g) + * -> H*,"{""H"": ""hollow|A_A_A|HCP""}",UmVhY3Rpb246MzQ1Mjgz,MamunHighT2019,Quantum ESPRESSO 5.1,BEEF-vdW,"{""star"": 1, ""H2gas"": 0.5}","{""Hstar"": 1}",111,,-1.1533185860562
Pd-0.2-Sn-0.8,Pd3Sn9,Sn3Pd,0.5H2(g) + * -> H*,"{""H"": ""top|B""}",UmVhY3Rpb246NDA0NzYx,MamunHighT2019,Quantum ESPRESSO 5.1,BEEF-vdW,"{""star"": 1, ""H2gas"": 0.5}","{""Hstar"": 1}",111,,0.518728297644913
Pd-0.2-Ta-0.8,Pd3Ta9,Ta3Pd,0.5H2(g) + * -> H*,"{""H"": ""hollow|A_A_A|FCC""}",UmVhY3Rpb246MzQ2MzUy,MamunHighT2019,Quantum ESPRESSO 5.1,BEEF-vdW,"{""star"": 1, ""H2gas"": 0.5}","{""Hstar"": 1}",111,,-1.00535995175866
Pd-0.2-Tc-0.8,Pd3Tc9,Tc3Pd,0.5H2(g) + * -> H*,"{""H"": ""hollow|A_A_A|HCP""}",UmVhY3Rpb246MzQ3MTUz,MamunHighT2019,Quantum ESPRESSO 5.1,BEEF-vdW,"{""star"": 1, ""H2gas"": 0.5}","{""Hstar"": 1}",111,,-0.713251188258226
Pd-0.2-Ti-0.8,Pd3Ti9,Ti3Pd,0.5H2(g) + * -> H*,"{""H"": ""hollow|A_A_A|HCP""}",UmVhY3Rpb246NDA2OTUx,MamunHighT2019,Quantum ESPRESSO 5.1,BEEF-vdW,"{""star"": 1, ""H2gas"": 0.5}","{""Hstar"": 1}",111,,-1.06127757675765
Pd-0.2-Tl-0.8,Pd3Tl9,Tl3Pd,0.5H2(g) + * -> H*,"{""H"": ""top|B""}",UmVhY3Rpb246NDA0MjM5,MamunHighT2019,Quantum ESPRESSO 5.1,BEEF-vdW,"{""star"": 1, ""H2gas"": 0.5}","{""Hstar"": 1}",111,,0.214396452644934
Pd-0.2-V-0.8,Pd3V9,V3Pd,0.5H2(g) + * -> H*,"{""H"": ""hollow|A_A_A|HCP""}",UmVhY3Rpb246NDA4MzYx,MamunHighT2019,Quantum ESPRESSO 5.1,BEEF-vdW,"{""star"": 1, ""H2gas"": 0.5}","{""Hstar"": 1}",111,,-0.998508397357881
Pd-0.2-W-0.8,Pd3W9,W3Pd,0.5H2(g) + * -> H*,"{""H"": ""hollow|A_A_A|HCP""}",UmVhY3Rpb246NDEwMTAy,MamunHighT2019,Quantum ESPRESSO 5.1,BEEF-vdW,"{""star"": 1, ""H2gas"": 0.5}","{""Hstar"": 1}",111,,-0.952208635858341
Pd-0.2-Y-0.8,Pd3Y9,Y3Pd,0.5H2(g) + * -> H*,"{""H"": ""hollow|A_A_A|FCC""}",UmVhY3Rpb246MzQwNTY4,MamunHighT2019,Quantum ESPRESSO 5.1,BEEF-vdW,"{""star"": 1, ""H2gas"": 0.5}","{""Hstar"": 1}",111,,-1.05380914036047
Pd-0.2-Zn-0.8,Pd3Zn9,Zn3Pd,0.5H2(g) + * -> H*,"{""H"": ""hollow|A_A_B|FCC""}",UmVhY3Rpb246MzQ4MzM2,MamunHighT2019,Quantum ESPRESSO 5.1,BEEF-vdW,"{""star"": 1, ""H2gas"": 0.5}","{""Hstar"": 1}",111,,0.328297863242398
Pd-0.2-Zr-0.8,Pd3Zr9,Zr3Pd,0.5H2(g) + * -> H*,"{""H"": ""hollow|A_A_A|FCC""}",UmVhY3Rpb246MzQzNTI2,MamunHighT2019,Quantum ESPRESSO 5.1,BEEF-vdW,"{""star"": 1, ""H2gas"": 0.5}","{""Hstar"": 1}",111,,-1.00156069836063
Pd-0.5-Pt-0.5,Pd6Pt6,PdPt,0.5H2(g) + * -> H*,"{""H"": ""hollow|A_B_B|FCC""}",UmVhY3Rpb246MzUzMDA0,MamunHighT2019,Quantum ESPRESSO 5.1,BEEF-vdW,"{""star"": 1, ""H2gas"": 0.5}","{""Hstar"": 1}",101,,-0.306656241459649
Pd-0.5-Re-0.5,Pd6Re6,PdRe,0.5H2(g) + * -> H*,"{""H"": ""bridge|B_B|A""}",UmVhY3Rpb246MzUxMjUx,MamunHighT2019,Quantum ESPRESSO 5.1,BEEF-vdW,"{""star"": 1, ""H2gas"": 0.5}","{""Hstar"": 1}",101,,-0.534697298257896
Pd-0.5-Rh-0.5,Pd6Rh6,PdRh,0.5H2(g) + * -> H*,"{""H"": ""hollow|A_B_B|FCC""}",UmVhY3Rpb246NDIwNjI3,MamunHighT2019,Quantum ESPRESSO 5.1,BEEF-vdW,"{""star"": 1, ""H2gas"": 0.5}","{""Hstar"": 1}",101,,-0.348211698160384
Pd-0.5-Ru-0.5,Pd6Ru6,PdRu,0.5H2(g) + * -> H*,"{""H"": ""hollow|A_B_B|FCC""}",UmVhY3Rpb246MzUzMDkw,MamunHighT2019,Quantum ESPRESSO 5.1,BEEF-vdW,"{""star"": 1, ""H2gas"": 0.5}","{""Hstar"": 1}",101,,-0.400912121355731
Pd-0.5-Sc-0.5,Pd6Sc6,PdSc,0.5H2(g) + * -> H*,"{""H"": ""hollow|A_B_B|HCP""}",UmVhY3Rpb246MzU4OTY0,MamunHighT2019,Quantum ESPRESSO 5.1,BEEF-vdW,"{""star"": 1, ""H2gas"": 0.5}","{""Hstar"": 1}",101,,-0.424848343055572
Pd-0.5-Sn-0.5,Pd6Sn6,PdSn,0.5H2(g) + * -> H*,"{""H"": ""bridge|A_A|B""}",UmVhY3Rpb246MzU1Nzg4,MamunHighT2019,Quantum ESPRESSO 5.1,BEEF-vdW,"{""star"": 1, ""H2gas"": 0.5}","{""Hstar"": 1}",101,,0.407176726142126
Pd-0.5-Ta-0.5,Pd6Ta6,PdTa,0.5H2(g) + * -> H*,"{""H"": ""hollow|A_B_B|HCP""}",UmVhY3Rpb246MzU2NzAy,MamunHighT2019,Quantum ESPRESSO 5.1,BEEF-vdW,"{""star"": 1, ""H2gas"": 0.5}","{""Hstar"": 1}",101,,-0.686865125556295
Pd-0.5-Tc-0.5,Pd6Tc6,PdTc,0.5H2(g) + * -> H*,"{""H"": ""hollow|A_B_B|FCC""}",UmVhY3Rpb246MzUxNTI3,MamunHighT2019,Quantum ESPRESSO 5.1,BEEF-vdW,"{""star"": 1, ""H2gas"": 0.5}","{""Hstar"": 1}",101,,-0.531311249756044
Pd-0.5-Ti-0.5,Pd6Ti6,PdTi,0.5H2(g) + * -> H*,"{""H"": ""hollow|A_B_B|HCP""}",UmVhY3Rpb246MzU5NzMx,MamunHighT2019,Quantum ESPRESSO 5.1,BEEF-vdW,"{""star"": 1, ""H2gas"": 0.5}","{""Hstar"": 1}",101,,-0.60029020305862
Pd-0.5-Tl-0.5,Pd6Tl6,PdTl,0.5H2(g) + * -> H*,"{""H"": ""bridge|A_A|B""}",UmVhY3Rpb246MzU3Nzcy,MamunHighT2019,Quantum ESPRESSO 5.1,BEEF-vdW,"{""star"": 1, ""H2gas"": 0.5}","{""Hstar"": 1}",101,,0.144230130642455
Pd-0.5-V-0.5,Pd6V6,PdV,0.5H2(g) + * -> H*,"{""H"": ""hollow|A_B_B|HCP""}",UmVhY3Rpb246MzU2MDEy,MamunHighT2019,Quantum ESPRESSO 5.1,BEEF-vdW,"{""star"": 1, ""H2gas"": 0.5}","{""Hstar"": 1}",101,,-0.595920054859533
Pd-0.5-W-0.5,Pd6W6,PdW,0.5H2(g) + * -> H*,"{""H"": ""bridge|B_B|A""}",UmVhY3Rpb246MzUyMDE0,MamunHighT2019,Quantum ESPRESSO 5.1,BEEF-vdW,"{""star"": 1, ""H2gas"": 0.5}","{""Hstar"": 1}",101,,-0.65702090425745
Pd-0.5-Y-0.5,Pd6Y6,PdY,0.5H2(g) + * -> H*,"{""H"": ""bridge|B_B|A""}",UmVhY3Rpb246MzUxNTQw,MamunHighT2019,Quantum ESPRESSO 5.1,BEEF-vdW,"{""star"": 1, ""H2gas"": 0.5}","{""Hstar"": 1}",101,,-0.559393397858884
Pd-0.5-Zn-0.5,Pd6Zn6,PdZn,0.5H2(g) + * -> H*,"{""H"": ""hollow|A_A_B|HCP""}",UmVhY3Rpb246MzUyNTA3,MamunHighT2019,Quantum ESPRESSO 5.1,BEEF-vdW,"{""star"": 1, ""H2gas"": 0.5}","{""Hstar"": 1}",101,,0.0239496913427786
Pd-0.5-Zr-0.5,Pd6Zr6,PdZr,0.5H2(g) + * -> H*,"{""H"": ""bridge|B_B|A""}",UmVhY3Rpb246MzU4MTk3,MamunHighT2019,Quantum ESPRESSO 5.1,BEEF-vdW,"{""star"": 1, ""H2gas"": 0.5}","{""Hstar"": 1}",101,,-0.732703382057451
Pd-0.8-Pt-0.2,Pd9Pt3,Pd3Pt,0.5H2(g) + * -> H*,"{""H"": ""top|B""}",UmVhY3Rpb246MzYwMTEz,MamunHighT2019,Quantum ESPRESSO 5.1,BEEF-vdW,"{""star"": 1, ""H2gas"": 0.5}","{""Hstar"": 1}",111,,-0.304211162553628
Pd-0.8-Re-0.2,Pd9Re3,Pd3Re,0.5H2(g) + * -> H*,"{""H"": ""hollow|A_A_B|HCP""}",UmVhY3Rpb246MzQ1MTg5,MamunHighT2019,Quantum ESPRESSO 5.1,BEEF-vdW,"{""star"": 1, ""H2gas"": 0.5}","{""Hstar"": 1}",111,,-0.420840922556607
Pd-0.8-Rh-0.2,Pd9Rh3,Pd3Rh,0.5H2(g) + * -> H*,"{""H"": ""hollow|A_A_B|FCC""}",UmVhY3Rpb246MzQ3MjYy,MamunHighT2019,Quantum ESPRESSO 5.1,BEEF-vdW,"{""star"": 1, ""H2gas"": 0.5}","{""Hstar"": 1}",111,,-0.300960898860438
Pd-0.8-Ru-0.2,Pd9Ru3,Pd3Ru,0.5H2(g) + * -> H*,"{""H"": ""hollow|A_A_B|HCP""}",UmVhY3Rpb246MzQ3OTQx,MamunHighT2019,Quantum ESPRESSO 5.1,BEEF-vdW,"{""star"": 1, ""H2gas"": 0.5}","{""Hstar"": 1}",111,,-0.292937894459982
Pd-0.8-Sc-0.2,Pd9Sc3,Pd3Sc,0.5H2(g) + * -> H*,"{""H"": ""hollow|A_A_A|HCP""}",UmVhY3Rpb246MzQ2NDEw,MamunHighT2019,Quantum ESPRESSO 5.1,BEEF-vdW,"{""star"": 1, ""H2gas"": 0.5}","{""Hstar"": 1}",111,,-0.461962085460044
Pd-0.8-Sn-0.2,Pd9Sn3,Pd3Sn,0.5H2(g) + * -> H*,"{""H"": ""hollow|A_A_A|HCP""}",UmVhY3Rpb246MzQ0MjY4,MamunHighT2019,Quantum ESPRESSO 5.1,BEEF-vdW,"{""star"": 1, ""H2gas"": 0.5}","{""Hstar"": 1}",111,,-0.257214245458243
Pd-0.8-Ta-0.2,Pd9Ta3,Pd3Ta,0.5H2(g) + * -> H*,"{""H"": ""hollow|A_A_B|HCP""}",UmVhY3Rpb246NDAxMTYw,MamunHighT2019,Quantum ESPRESSO 5.1,BEEF-vdW,"{""star"": 1, ""H2gas"": 0.5}","{""Hstar"": 1}",111,,-0.249464443356345
Pd-0.8-Tc-0.2,Pd9Tc3,Pd3Tc,0.5H2(g) + * -> H*,"{""H"": ""hollow|A_A_B|HCP""}",UmVhY3Rpb246MzQwNTkw,MamunHighT2019,Quantum ESPRESSO 5.1,BEEF-vdW,"{""star"": 1, ""H2gas"": 0.5}","{""Hstar"": 1}",111,,-0.30181656075635
Pd-0.8-Ti-0.2,Pd9Ti3,Pd3Ti,0.5H2(g) + * -> H*,"{""H"": ""hollow|A_A_B|FCC""}",UmVhY3Rpb246MzQ1ODEw,MamunHighT2019,Quantum ESPRESSO 5.1,BEEF-vdW,"{""star"": 1, ""H2gas"": 0.5}","{""Hstar"": 1}",111,,-0.284559373259043
Pd-0.8-Tl-0.2,Pd9Tl3,Pd3Tl,0.5H2(g) + * -> H*,"{""H"": ""hollow|A_A_A|FCC""}",UmVhY3Rpb246NDI4OTY0,MamunHighT2019,Quantum ESPRESSO 5.1,BEEF-vdW,"{""star"": 1, ""H2gas"": 0.5}","{""Hstar"": 1}",111,,-0.29017825185926
Pd-0.8-V-0.2,Pd9V3,Pd3V,0.5H2(g) + * -> H*,"{""H"": ""hollow|A_A_A|HCP""}",UmVhY3Rpb246MzQzNTQw,MamunHighT2019,Quantum ESPRESSO 5.1,BEEF-vdW,"{""star"": 1, ""H2gas"": 0.5}","{""Hstar"": 1}",111,,-0.221367192759288
Pd-0.8-W-0.2,Pd9W3,Pd3W,0.5H2(g) + * -> H*,"{""H"": ""hollow|A_A_B|HCP""}",UmVhY3Rpb246NDAxMTky,MamunHighT2019,Quantum ESPRESSO 5.1,BEEF-vdW,"{""star"": 1, ""H2gas"": 0.5}","{""Hstar"": 1}",111,,-0.361826369858107
Pd-0.8-Y-0.2,Pd9Y3,Pd3Y,0.5H2(g) + * -> H*,"{""H"": ""hollow|A_A_A|HCP""}",UmVhY3Rpb246MzQxMzQy,MamunHighT2019,Quantum ESPRESSO 5.1,BEEF-vdW,"{""star"": 1, ""H2gas"": 0.5}","{""Hstar"": 1}",111,,-0.49909079425467
Pd-0.8-Zn-0.2,Pd9Zn3,Pd3Zn,0.5H2(g) + * -> H*,"{""H"": ""hollow|A_A_A|HCP""}",UmVhY3Rpb246MzQ4MzAy,MamunHighT2019,Quantum ESPRESSO 5.1,BEEF-vdW,"{""star"": 1, ""H2gas"": 0.5}","{""Hstar"": 1}",111,,-0.201806289557652
Pd-0.8-Zr-0.2,Pd9Zr3,Pd3Zr,0.5H2(g) + * -> H*,"{""H"": ""hollow|A_A_A|HCP""}",UmVhY3Rpb246MzQ0NTQ1,MamunHighT2019,Quantum ESPRESSO 5.1,BEEF-vdW,"{""star"": 1, ""H2gas"": 0.5}","{""Hstar"": 1}",111,,-0.277687682460027
Pt-1.0,Pt12,Pt,0.5H2(g) + * -> H*,"{""H"": ""top|A""}",UmVhY3Rpb246MzM5ODAz,MamunHighT2019,Quantum ESPRESSO 5.1,BEEF-vdW,"{""star"": 1, ""H2gas"": 0.5}","{""Hstar"": 1}",111,,-0.312314032357762
Pt-0.2-Re-0.8,Pt3Re9,Re3Pt,0.5H2(g) + * -> H*,"{""H"": ""hollow|A_A_A|HCP""}",UmVhY3Rpb246NDEwMzcy,MamunHighT2019,Quantum ESPRESSO 5.1,BEEF-vdW,"{""star"": 1, ""H2gas"": 0.5}","{""Hstar"": 1}",111,,-0.721889441955653
Pt-0.2-Rh-0.8,Pt3Rh9,Rh3Pt,0.5H2(g) + * -> H*,"{""H"": ""hollow|A_A_A|FCC""}",UmVhY3Rpb246MzQ0Nzcx,MamunHighT2019,Quantum ESPRESSO 5.1,BEEF-vdW,"{""star"": 1, ""H2gas"": 0.5}","{""Hstar"": 1}",111,,-0.337023329559969
Pt-0.2-Ru-0.8,Pt3Ru9,Ru3Pt,0.5H2(g) + * -> H*,"{""H"": ""hollow|A_A_A|FCC""}",UmVhY3Rpb246MzQ3MzA0,MamunHighT2019,Quantum ESPRESSO 5.1,BEEF-vdW,"{""star"": 1, ""H2gas"": 0.5}","{""Hstar"": 1}",111,,-0.402313643658061
Pt-0.2-Sc-0.8,Pt3Sc9,Sc3Pt,0.5H2(g) + * -> H*,"{""H"": ""hollow|A_A_A|HCP""}",UmVhY3Rpb246NDA2MDQw,MamunHighT2019,Quantum ESPRESSO 5.1,BEEF-vdW,"{""star"": 1, ""H2gas"": 0.5}","{""Hstar"": 1}",111,,-1.15547236715699
Pt-0.2-Sn-0.8,Pt3Sn9,Sn3Pt,0.5H2(g) + * -> H*,"{""H"": ""top|B""}",UmVhY3Rpb246MzQ5NDQ3,MamunHighT2019,Quantum ESPRESSO 5.1,BEEF-vdW,"{""star"": 1, ""H2gas"": 0.5}","{""Hstar"": 1}",111,,0.0364442064428943
Pt-0.2-Ta-0.8,Pt3Ta9,Ta3Pt,0.5H2(g) + * -> H*,"{""H"": ""hollow|A_A_A|FCC""}",UmVhY3Rpb246MzQyNTUz,MamunHighT2019,Quantum ESPRESSO 5.1,BEEF-vdW,"{""star"": 1, ""H2gas"": 0.5}","{""Hstar"": 1}",111,,-1.03457708665789
Pt-0.2-Tc-0.8,Pt3Tc9,Tc3Pt,0.5H2(g) + * -> H*,"{""H"": ""hollow|A_A_A|HCP""}",UmVhY3Rpb246MzQ1NjA4,MamunHighT2019,Quantum ESPRESSO 5.1,BEEF-vdW,"{""star"": 1, ""H2gas"": 0.5}","{""Hstar"": 1}",111,,-0.697846959860698
Pt-0.2-Ti-0.8,Pt3Ti9,Ti3Pt,0.5H2(g) + * -> H*,"{""H"": ""hollow|A_A_A|FCC""}",UmVhY3Rpb246MzQwMjg0,MamunHighT2019,Quantum ESPRESSO 5.1,BEEF-vdW,"{""star"": 1, ""H2gas"": 0.5}","{""Hstar"": 1}",111,,-1.06526730996026
Pt-0.2-Tl-0.8,Pt3Tl9,Tl3Pt,0.5H2(g) + * -> H*,"{""H"": ""top-tilt|B""}",UmVhY3Rpb246NDA0MjM2,MamunHighT2019,Quantum ESPRESSO 5.1,BEEF-vdW,"{""star"": 1, ""H2gas"": 0.5}","{""Hstar"": 1}",111,,-0.197042120459599
Pt-0.2-V-0.8,Pt3V9,V3Pt,0.5H2(g) + * -> H*,"{""H"": ""hollow|A_A_A|FCC""}",UmVhY3Rpb246NDA4MzIw,MamunHighT2019,Quantum ESPRESSO 5.1,BEEF-vdW,"{""star"": 1, ""H2gas"": 0.5}","{""Hstar"": 1}",111,,-0.992659174356021
Pt-0.2-W-0.8,Pt3W9,W3Pt,0.5H2(g) + * -> H*,"{""H"": ""hollow|A_A_A|HCP""}",UmVhY3Rpb246NDEwMDY3,MamunHighT2019,Quantum ESPRESSO 5.1,BEEF-vdW,"{""star"": 1, ""H2gas"": 0.5}","{""Hstar"": 1}",111,,-0.926552246556611
Pt-0.2-Y-0.8,Pt3Y9,Y3Pt,0.5H2(g) + * -> H*,"{""H"": ""hollow|A_A_A|FCC""}",UmVhY3Rpb246MzQzMjc1,MamunHighT2019,Quantum ESPRESSO 5.1,BEEF-vdW,"{""star"": 1, ""H2gas"": 0.5}","{""Hstar"": 1}",111,,-1.04871816256033
Pt-0.2-Zn-0.8,Pt3Zn9,Zn3Pt,0.5H2(g) + * -> H*,"{""H"": ""top|B""}",UmVhY3Rpb246NDAyNzky,MamunHighT2019,Quantum ESPRESSO 5.1,BEEF-vdW,"{""star"": 1, ""H2gas"": 0.5}","{""Hstar"": 1}",111,,0.0062897753387289
Pt-0.2-Zr-0.8,Pt3Zr9,Zr3Pt,0.5H2(g) + * -> H*,"{""H"": ""hollow|A_A_A|FCC""}",UmVhY3Rpb246NDA2NDAz,MamunHighT2019,Quantum ESPRESSO 5.1,BEEF-vdW,"{""star"": 1, ""H2gas"": 0.5}","{""Hstar"": 1}",111,,-1.01558653395747
Pt-0.5-Re-0.5,Pt6Re6,PtRe,0.5H2(g) + * -> H*,"{""H"": ""bridge|B_B|A""}",UmVhY3Rpb246MzU5MDg4,MamunHighT2019,Quantum ESPRESSO 5.1,BEEF-vdW,"{""star"": 1, ""H2gas"": 0.5}","{""Hstar"": 1}",101,,-0.407946808357309
Pt-0.5-Rh-0.5,Pt6Rh6,PtRh,0.5H2(g) + * -> H*,"{""H"": ""hollow|A_B_B|FCC""}",UmVhY3Rpb246NDIwNDM4,MamunHighT2019,Quantum ESPRESSO 5.1,BEEF-vdW,"{""star"": 1, ""H2gas"": 0.5}","{""Hstar"": 1}",101,,-0.291889983959635
Pt-0.5-Ru-0.5,Pt6Ru6,PtRu,0.5H2(g) + * -> H*,"{""H"": ""hollow|A_B_B|FCC""}",UmVhY3Rpb246MzU4NjM4,MamunHighT2019,Quantum ESPRESSO 5.1,BEEF-vdW,"{""star"": 1, ""H2gas"": 0.5}","{""Hstar"": 1}",101,,-0.262794756060401
Pt-0.5-Sc-0.5,Pt6Sc6,PtSc,0.5H2(g) + * -> H*,"{""H"": ""hollow|A_B_B|FCC""}",UmVhY3Rpb246MzU2MzMy,MamunHighT2019,Quantum ESPRESSO 5.1,BEEF-vdW,"{""star"": 1, ""H2gas"": 0.5}","{""Hstar"": 1}",101,,-0.31415855605789
Pt-0.5-Sn-0.5,Pt6Sn6,PtSn,0.5H2(g) + * -> H*,"{""H"": ""top|A""}",UmVhY3Rpb246MzU4MTQ4,MamunHighT2019,Quantum ESPRESSO 5.1,BEEF-vdW,"{""star"": 1, ""H2gas"": 0.5}","{""Hstar"": 1}",101,,0.0904793479431021
Pt-0.5-Ta-0.5,Pt6Ta6,PtTa,0.5H2(g) + * -> H*,"{""H"": ""hollow|A_B_B|HCP""}",UmVhY3Rpb246MzUzNzQ3,MamunHighT2019,Quantum ESPRESSO 5.1,BEEF-vdW,"{""star"": 1, ""H2gas"": 0.5}","{""Hstar"": 1}",101,,-0.640233657358266
Pt-0.5-Tc-0.5,Pt6Tc6,PtTc,0.5H2(g) + * -> H*,"{""H"": ""hollow|A_B_B|HCP""}",UmVhY3Rpb246MzU2Mzky,MamunHighT2019,Quantum ESPRESSO 5.1,BEEF-vdW,"{""star"": 1, ""H2gas"": 0.5}","{""Hstar"": 1}",101,,-0.317942435055528
Pt-0.5-Ti-0.5,Pt6Ti6,PtTi,0.5H2(g) + * -> H*,"{""H"": ""hollow|A_B_B|HCP""}",UmVhY3Rpb246MzUyMjEx,MamunHighT2019,Quantum ESPRESSO 5.1,BEEF-vdW,"{""star"": 1, ""H2gas"": 0.5}","{""Hstar"": 1}",101,,-0.4675625965601
Pt-0.5-Tl-0.5,Pt6Tl6,PtTl,0.5H2(g) + * -> H*,"{""H"": ""top|A""}",UmVhY3Rpb246MzU2OTgw,MamunHighT2019,Quantum ESPRESSO 5.1,BEEF-vdW,"{""star"": 1, ""H2gas"": 0.5}","{""Hstar"": 1}",101,,-0.129492309059941
Pt-0.5-V-0.5,Pt6V6,PtV,0.5H2(g) + * -> H*,"{""H"": ""hollow|A_B_B|HCP""}",UmVhY3Rpb246MzU5NjMw,MamunHighT2019,Quantum ESPRESSO 5.1,BEEF-vdW,"{""star"": 1, ""H2gas"": 0.5}","{""Hstar"": 1}",101,,-0.527950779857719
Pt-0.5-W-0.5,Pt6W6,PtW,0.5H2(g) + * -> H*,"{""H"": ""bridge|B_B|A""}",UmVhY3Rpb246NDEwMDg2,MamunHighT2019,Quantum ESPRESSO 5.1,BEEF-vdW,"{""star"": 1, ""H2gas"": 0.5}","{""Hstar"": 1}",101,,-0.59673843716061
Pt-0.5-Y-0.5,Pt6Y6,PtY,0.5H2(g) + * -> H*,"{""H"": ""bridge|B_B|A""}",UmVhY3Rpb246NDA1NTQx,MamunHighT2019,Quantum ESPRESSO 5.1,BEEF-vdW,"{""star"": 1, ""H2gas"": 0.5}","{""Hstar"": 1}",101,,-0.401255120758805
Pt-0.5-Zn-0.5,Pt6Zn6,PtZn,0.5H2(g) + * -> H*,"{""H"": ""top-tilt|A""}",UmVhY3Rpb246MzU0ODMx,MamunHighT2019,Quantum ESPRESSO 5.1,BEEF-vdW,"{""star"": 1, ""H2gas"": 0.5}","{""Hstar"": 1}",101,,-0.184417262854339
Pt-0.5-Zr-0.5,Pt6Zr6,PtZr,0.5H2(g) + * -> H*,"{""H"": ""bridge|B_B|A""}",UmVhY3Rpb246MzU5Nzgy,MamunHighT2019,Quantum ESPRESSO 5.1,BEEF-vdW,"{""star"": 1, ""H2gas"": 0.5}","{""Hstar"": 1}",101,,-0.621889647157303
Pt-0.8-Re-0.2,Pt9Re3,Pt3Re,0.5H2(g) + * -> H*,"{""H"": ""top|B""}",UmVhY3Rpb246NDAwODE4,MamunHighT2019,Quantum ESPRESSO 5.1,BEEF-vdW,"{""star"": 1, ""H2gas"": 0.5}","{""Hstar"": 1}",111,,-0.361534663853462
Pt-0.8-Rh-0.2,Pt9Rh3,Pt3Rh,0.5H2(g) + * -> H*,"{""H"": ""top|A""}",UmVhY3Rpb246NDAwOTMz,MamunHighT2019,Quantum ESPRESSO 5.1,BEEF-vdW,"{""star"": 1, ""H2gas"": 0.5}","{""Hstar"": 1}",111,,-0.309054516764235
Pt-0.8-Ru-0.2,Pt9Ru3,Pt3Ru,0.5H2(g) + * -> H*,"{""H"": ""top|A""}",UmVhY3Rpb246NDI4OTg4,MamunHighT2019,Quantum ESPRESSO 5.1,BEEF-vdW,"{""star"": 1, ""H2gas"": 0.5}","{""Hstar"": 1}",111,,-0.249490838358696
Pt-0.8-Sc-0.2,Pt9Sc3,Pt3Sc,0.5H2(g) + * -> H*,"{""H"": ""bridge|A_A|B""}",UmVhY3Rpb246NDAwNzYx,MamunHighT2019,Quantum ESPRESSO 5.1,BEEF-vdW,"{""star"": 1, ""H2gas"": 0.5}","{""Hstar"": 1}",111,,-0.423463147558294
Pt-0.8-Sn-0.2,Pt9Sn3,Pt3Sn,0.5H2(g) + * -> H*,"{""H"": ""hollow|A_A_A|HCP""}",UmVhY3Rpb246NDI4OTkw,MamunHighT2019,Quantum ESPRESSO 5.1,BEEF-vdW,"{""star"": 1, ""H2gas"": 0.5}","{""Hstar"": 1}",111,,-0.343768351255648
Pt-0.8-Ta-0.2,Pt9Ta3,Pt3Ta,0.5H2(g) + * -> H*,"{""H"": ""hollow|A_A_B|HCP""}",UmVhY3Rpb246MzQzNTYz,MamunHighT2019,Quantum ESPRESSO 5.1,BEEF-vdW,"{""star"": 1, ""H2gas"": 0.5}","{""Hstar"": 1}",111,,-0.089353340858878
Pt-0.8-Tc-0.2,Pt9Tc3,Pt3Tc,0.5H2(g) + * -> H*,"{""H"": ""hollow|A_A_B|FCC""}",UmVhY3Rpb246MzQ1NTMy,MamunHighT2019,Quantum ESPRESSO 5.1,BEEF-vdW,"{""star"": 1, ""H2gas"": 0.5}","{""Hstar"": 1}",111,,-0.159944568759755
Pt-0.8-Ti-0.2,Pt9Ti3,Pt3Ti,0.5H2(g) + * -> H*,"{""H"": ""bridge|A_A|B""}",UmVhY3Rpb246MzUwNzYx,MamunHighT2019,Quantum ESPRESSO 5.1,BEEF-vdW,"{""star"": 1, ""H2gas"": 0.5}","{""Hstar"": 1}",111,,-0.292809864858072
Pt-0.8-Tl-0.2,Pt9Tl3,Pt3Tl,0.5H2(g) + * -> H*,"{""H"": ""hollow|A_A_A|HCP""}",UmVhY3Rpb246NDI4OTkz,MamunHighT2019,Quantum ESPRESSO 5.1,BEEF-vdW,"{""star"": 1, ""H2gas"": 0.5}","{""Hstar"": 1}",111,,-0.365380176556727
Pt-0.8-V-0.2,Pt9V3,Pt3V,0.5H2(g) + * -> H*,"{""H"": ""hollow|A_A_B|FCC""}",UmVhY3Rpb246NDAwODA1,MamunHighT2019,Quantum ESPRESSO 5.1,BEEF-vdW,"{""star"": 1, ""H2gas"": 0.5}","{""Hstar"": 1}",111,,-0.210100047256645
Pt-0.8-W-0.2,Pt9W3,Pt3W,0.5H2(g) + * -> H*,"{""H"": ""top|B""}",UmVhY3Rpb246MzU0OTE2,MamunHighT2019,Quantum ESPRESSO 5.1,BEEF-vdW,"{""star"": 1, ""H2gas"": 0.5}","{""Hstar"": 1}",111,,-0.293298173058219
Pt-0.8-Y-0.2,Pt9Y3,Pt3Y,0.5H2(g) + * -> H*,"{""H"": ""bridge|A_A|B""}",UmVhY3Rpb246NDAwNzUx,MamunHighT2019,Quantum ESPRESSO 5.1,BEEF-vdW,"{""star"": 1, ""H2gas"": 0.5}","{""Hstar"": 1}",111,,-0.461931880857236
Pt-0.8-Zn-0.2,Pt9Zn3,Pt3Zn,0.5H2(g) + * -> H*,"{""H"": ""bridge|A_A|B""}",UmVhY3Rpb246NDI4OTk1,MamunHighT2019,Quantum ESPRESSO 5.1,BEEF-vdW,"{""star"": 1, ""H2gas"": 0.5}","{""Hstar"": 1}",111,,-0.258130860957834
Pt-0.8-Zr-0.2,Pt9Zr3,Pt3Zr,0.5H2(g) + * -> H*,"{""H"": ""bridge|A_A|B""}",UmVhY3Rpb246NDAwNzcw,MamunHighT2019,Quantum ESPRESSO 5.1,BEEF-vdW,"{""star"": 1, ""H2gas"": 0.5}","{""Hstar"": 1}",111,,-0.309480102760944
Re-1.0,Re12,Re,0.5H2(g) + * -> H*,"{""H"": ""hollow|A_A_A|FCC""}",UmVhY3Rpb246MzM5ODE5,MamunHighT2019,Quantum ESPRESSO 5.1,BEEF-vdW,"{""star"": 1, ""H2gas"": 0.5}","{""Hstar"": 1}",111,,-0.511985044558031
Re-0.2-Rh-0.8,Re3Rh9,Rh3Re,0.5H2(g) + * -> H*,"{""H"": ""hollow|A_A_B|FCC""}",UmVhY3Rpb246MzQzMDgy,MamunHighT2019,Quantum ESPRESSO 5.1,BEEF-vdW,"{""star"": 1, ""H2gas"": 0.5}","{""Hstar"": 1}",111,,-0.364235665757377
Re-0.2-Ru-0.8,Re3Ru9,Ru3Re,0.5H2(g) + * -> H*,"{""H"": ""hollow|A_A_B|FCC""}",UmVhY3Rpb246MzQxNjM1,MamunHighT2019,Quantum ESPRESSO 5.1,BEEF-vdW,"{""star"": 1, ""H2gas"": 0.5}","{""Hstar"": 1}",111,,-0.500515718459582
Re-0.2-Sc-0.8,Re3Sc9,Sc3Re,0.5H2(g) + * -> H*,"{""H"": ""hollow|A_A_A|FCC""}",UmVhY3Rpb246MzQzNjUx,MamunHighT2019,Quantum ESPRESSO 5.1,BEEF-vdW,"{""star"": 1, ""H2gas"": 0.5}","{""Hstar"": 1}",111,,-1.08508236745817
Re-0.2-Sn-0.8,Re3Sn9,Sn3Re,0.5H2(g) + * -> H*,"{""H"": ""top|B""}",UmVhY3Rpb246MzQ5NDYz,MamunHighT2019,Quantum ESPRESSO 5.1,BEEF-vdW,"{""star"": 1, ""H2gas"": 0.5}","{""Hstar"": 1}",111,,-0.379168728958547
Re-0.2-Ta-0.8,Re3Ta9,Ta3Re,0.5H2(g) + * -> H*,"{""H"": ""hollow|A_A_A|HCP""}",UmVhY3Rpb246NDA3MTE5,MamunHighT2019,Quantum ESPRESSO 5.1,BEEF-vdW,"{""star"": 1, ""H2gas"": 0.5}","{""Hstar"": 1}",111,,-1.23920220355555
Re-0.2-Tc-0.8,Re3Tc9,Tc3Re,0.5H2(g) + * -> H*,"{""H"": ""hollow|A_A_A|FCC""}",UmVhY3Rpb246NDEwNzI5,MamunHighT2019,Quantum ESPRESSO 5.1,BEEF-vdW,"{""star"": 1, ""H2gas"": 0.5}","{""Hstar"": 1}",111,,-0.575581041956838
Re-0.2-Ti-0.8,Re3Ti9,Ti3Re,0.5H2(g) + * -> H*,"{""H"": ""hollow|A_A_A|HCP""}",UmVhY3Rpb246NDA2ODc3,MamunHighT2019,Quantum ESPRESSO 5.1,BEEF-vdW,"{""star"": 1, ""H2gas"": 0.5}","{""Hstar"": 1}",111,,-1.07345630385586
Re-0.2-Tl-0.8,Re3Tl9,Tl3Re,0.5H2(g) + * -> H*,"{""H"": ""hollow|A_A_A|HCP""}",UmVhY3Rpb246NDA0MjEz,MamunHighT2019,Quantum ESPRESSO 5.1,BEEF-vdW,"{""star"": 1, ""H2gas"": 0.5}","{""Hstar"": 1}",111,,1.0171628894432
Re-0.2-V-0.8,Re3V9,V3Re,0.5H2(g) + * -> H*,"{""H"": ""hollow|A_A_A|FCC""}",UmVhY3Rpb246MzQyMjYw,MamunHighT2019,Quantum ESPRESSO 5.1,BEEF-vdW,"{""star"": 1, ""H2gas"": 0.5}","{""Hstar"": 1}",111,,-0.989508640256616
Re-0.2-W-0.8,Re3W9,W3Re,0.5H2(g) + * -> H*,"{""H"": ""hollow|A_A_A|FCC""}",UmVhY3Rpb246MzQwODYz,MamunHighT2019,Quantum ESPRESSO 5.1,BEEF-vdW,"{""star"": 1, ""H2gas"": 0.5}","{""Hstar"": 1}",111,,-0.895136159658222
Re-0.2-Y-0.8,Re3Y9,Y3Re,0.5H2(g) + * -> H*,"{""H"": ""hollow|A_A_A|HCP""}",UmVhY3Rpb246MzQ0MDcx,MamunHighT2019,Quantum ESPRESSO 5.1,BEEF-vdW,"{""star"": 1, ""H2gas"": 0.5}","{""Hstar"": 1}",111,,-1.04514449155883
Re-0.2-Zn-0.8,Re3Zn9,Zn3Re,0.5H2(g) + * -> H*,"{""H"": ""top|B""}",UmVhY3Rpb246MzYwNTc1,MamunHighT2019,Quantum ESPRESSO 5.1,BEEF-vdW,"{""star"": 1, ""H2gas"": 0.5}","{""Hstar"": 1}",111,,-0.699999108262063
Re-0.2-Zr-0.8,Re3Zr9,Zr3Re,0.5H2(g) + * -> H*,"{""H"": ""hollow|A_A_A|HCP""}",UmVhY3Rpb246NDA2Mjkx,MamunHighT2019,Quantum ESPRESSO 5.1,BEEF-vdW,"{""star"": 1, ""H2gas"": 0.5}","{""Hstar"": 1}",111,,-1.04707337055785
Re-0.5-Rh-0.5,Re6Rh6,ReRh,0.5H2(g) + * -> H*,"{""H"": ""hollow|A_A_B|FCC""}",UmVhY3Rpb246MzUxNDgx,MamunHighT2019,Quantum ESPRESSO 5.1,BEEF-vdW,"{""star"": 1, ""H2gas"": 0.5}","{""Hstar"": 1}",101,,-0.512898938958614
Re-0.5-Ru-0.5,Re6Ru6,ReRu,0.5H2(g) + * -> H*,"{""H"": ""hollow|A_A_B|FCC""}",UmVhY3Rpb246MzU5MzIw,MamunHighT2019,Quantum ESPRESSO 5.1,BEEF-vdW,"{""star"": 1, ""H2gas"": 0.5}","{""Hstar"": 1}",101,,-0.540946936757763
Re-0.5-Sc-0.5,Re6Sc6,ReSc,0.5H2(g) + * -> H*,"{""H"": ""hollow|A_A_B|HCP""}",UmVhY3Rpb246MzUzMTgx,MamunHighT2019,Quantum ESPRESSO 5.1,BEEF-vdW,"{""star"": 1, ""H2gas"": 0.5}","{""Hstar"": 1}",101,,-0.740848973658075
Re-0.5-Sn-0.5,Re6Sn6,ReSn,0.5H2(g) + * -> H*,"{""H"": ""top|A""}",UmVhY3Rpb246MzU5NzE5,MamunHighT2019,Quantum ESPRESSO 5.1,BEEF-vdW,"{""star"": 1, ""H2gas"": 0.5}","{""Hstar"": 1}",101,,-0.497831451458268
Re-0.5-Ta-0.5,Re6Ta6,ReTa,0.5H2(g) + * -> H*,"{""H"": ""hollow|A_B_B|FCC""}",UmVhY3Rpb246MzUyNzQ3,MamunHighT2019,Quantum ESPRESSO 5.1,BEEF-vdW,"{""star"": 1, ""H2gas"": 0.5}","{""Hstar"": 1}",101,,-0.868031988657975
Re-0.5-Tc-0.5,Re6Tc6,ReTc,0.5H2(g) + * -> H*,"{""H"": ""hollow|A_B_B|FCC""}",UmVhY3Rpb246MzU4Njg3,MamunHighT2019,Quantum ESPRESSO 5.1,BEEF-vdW,"{""star"": 1, ""H2gas"": 0.5}","{""Hstar"": 1}",101,,-0.578721779856068
Re-0.5-Ti-0.5,Re6Ti6,ReTi,0.5H2(g) + * -> H*,"{""H"": ""hollow|A_B_B|HCP""}",UmVhY3Rpb246MzU1Mjc1,MamunHighT2019,Quantum ESPRESSO 5.1,BEEF-vdW,"{""star"": 1, ""H2gas"": 0.5}","{""Hstar"": 1}",101,,-0.937389452260476
Re-0.5-V-0.5,Re6V6,ReV,0.5H2(g) + * -> H*,"{""H"": ""hollow|A_B_B|HCP""}",UmVhY3Rpb246MzUzODEx,MamunHighT2019,Quantum ESPRESSO 5.1,BEEF-vdW,"{""star"": 1, ""H2gas"": 0.5}","{""Hstar"": 1}",101,,-0.800375916757702
Re-0.5-W-0.5,Re6W6,ReW,0.5H2(g) + * -> H*,"{""H"": ""hollow|A_B_B|FCC""}",UmVhY3Rpb246Mzg5MTQ1,MamunHighT2019,Quantum ESPRESSO 5.1,BEEF-vdW,"{""star"": 1, ""H2gas"": 0.5}","{""Hstar"": 1}",101,,-0.802408607159094
Re-0.5-Y-0.5,Re6Y6,ReY,0.5H2(g) + * -> H*,"{""H"": ""top-tilt|B""}",UmVhY3Rpb246MzU5Mjkx,MamunHighT2019,Quantum ESPRESSO 5.1,BEEF-vdW,"{""star"": 1, ""H2gas"": 0.5}","{""Hstar"": 1}",101,,0.36948378924447
Re-0.5-Zn-0.5,Re6Zn6,ReZn,0.5H2(g) + * -> H*,"{""H"": ""bridge|A_A|B""}",UmVhY3Rpb246NDEwMzk4,MamunHighT2019,Quantum ESPRESSO 5.1,BEEF-vdW,"{""star"": 1, ""H2gas"": 0.5}","{""Hstar"": 1}",101,,-0.62977754705841
Re-0.5-Zr-0.5,Re6Zr6,ReZr,0.5H2(g) + * -> H*,"{""H"": ""hollow|A_B_B|FCC""}",UmVhY3Rpb246MzUyNzEy,MamunHighT2019,Quantum ESPRESSO 5.1,BEEF-vdW,"{""star"": 1, ""H2gas"": 0.5}","{""Hstar"": 1}",101,,-1.00997745145921
Re-0.8-Rh-0.2,Re9Rh3,Re3Rh,0.5H2(g) + * -> H*,"{""H"": ""hollow|A_A_A|HCP""}",UmVhY3Rpb246MzQ2NjY3,MamunHighT2019,Quantum ESPRESSO 5.1,BEEF-vdW,"{""star"": 1, ""H2gas"": 0.5}","{""Hstar"": 1}",111,,-0.681445162156678
Re-0.8-Ru-0.2,Re9Ru3,Re3Ru,0.5H2(g) + * -> H*,"{""H"": ""hollow|A_A_A|HCP""}",UmVhY3Rpb246MzQ2Mzc5,MamunHighT2019,Quantum ESPRESSO 5.1,BEEF-vdW,"{""star"": 1, ""H2gas"": 0.5}","{""Hstar"": 1}",111,,-0.56053464325575
Re-0.8-Sc-0.2,Re9Sc3,Re3Sc,0.5H2(g) + * -> H*,"{""H"": ""hollow|A_A_B|FCC""}",UmVhY3Rpb246NDEwMjUx,MamunHighT2019,Quantum ESPRESSO 5.1,BEEF-vdW,"{""star"": 1, ""H2gas"": 0.5}","{""Hstar"": 1}",111,,-0.714919790257198
Re-0.8-Sn-0.2,Re9Sn3,Re3Sn,0.5H2(g) + * -> H*,"{""H"": ""hollow|A_A_A|HCP""}",UmVhY3Rpb246NDEwNTAx,MamunHighT2019,Quantum ESPRESSO 5.1,BEEF-vdW,"{""star"": 1, ""H2gas"": 0.5}","{""Hstar"": 1}",111,,-0.512229811057267
Re-0.8-Ta-0.2,Re9Ta3,Re3Ta,0.5H2(g) + * -> H*,"{""H"": ""hollow|A_A_B|FCC""}",UmVhY3Rpb246MzQ4NTk2,MamunHighT2019,Quantum ESPRESSO 5.1,BEEF-vdW,"{""star"": 1, ""H2gas"": 0.5}","{""Hstar"": 1}",111,,-0.787819903957796
Re-0.8-Tc-0.2,Re9Tc3,Re3Tc,0.5H2(g) + * -> H*,"{""H"": ""hollow|A_A_B|FCC""}",UmVhY3Rpb246MzQxNjU2,MamunHighT2019,Quantum ESPRESSO 5.1,BEEF-vdW,"{""star"": 1, ""H2gas"": 0.5}","{""Hstar"": 1}",111,,-0.572267239657748
Re-0.8-Ti-0.2,Re9Ti3,Re3Ti,0.5H2(g) + * -> H*,"{""H"": ""hollow|A_A_B|FCC""}",UmVhY3Rpb246MzQzMjI0,MamunHighT2019,Quantum ESPRESSO 5.1,BEEF-vdW,"{""star"": 1, ""H2gas"": 0.5}","{""Hstar"": 1}",111,,-0.705577577859884
Re-0.8-V-0.2,Re9V3,Re3V,0.5H2(g) + * -> H*,"{""H"": ""hollow|A_A_B|FCC""}",UmVhY3Rpb246NDEwMjY5,MamunHighT2019,Quantum ESPRESSO 5.1,BEEF-vdW,"{""star"": 1, ""H2gas"": 0.5}","{""Hstar"": 1}",111,,-0.737172851756412
Re-0.8-W-0.2,Re9W3,Re3W,0.5H2(g) + * -> H*,"{""H"": ""hollow|A_A_B|FCC""}",UmVhY3Rpb246MzQyODMw,MamunHighT2019,Quantum ESPRESSO 5.1,BEEF-vdW,"{""star"": 1, ""H2gas"": 0.5}","{""Hstar"": 1}",111,,-0.68364737945646
Re-0.8-Y-0.2,Re9Y3,Re3Y,0.5H2(g) + * -> H*,"{""H"": ""bridge-tilt|A_B|B""}",UmVhY3Rpb246NDEwMjQ5,MamunHighT2019,Quantum ESPRESSO 5.1,BEEF-vdW,"{""star"": 1, ""H2gas"": 0.5}","{""Hstar"": 1}",111,,-0.871495725757058
Re-0.8-Zn-0.2,Re9Zn3,Re3Zn,0.5H2(g) + * -> H*,"{""H"": ""hollow|A_A_A|HCP""}",UmVhY3Rpb246MzQ0NDQ3,MamunHighT2019,Quantum ESPRESSO 5.1,BEEF-vdW,"{""star"": 1, ""H2gas"": 0.5}","{""Hstar"": 1}",111,,-0.57019209956249
Re-0.8-Zr-0.2,Re9Zr3,Re3Zr,0.5H2(g) + * -> H*,"{""H"": ""hollow|A_A_B|FCC""}",UmVhY3Rpb246NDEwMjU3,MamunHighT2019,Quantum ESPRESSO 5.1,BEEF-vdW,"{""star"": 1, ""H2gas"": 0.5}","{""Hstar"": 1}",111,,-0.799862574057414
Rh-1.0,Rh12,Rh,0.5H2(g) + * -> H*,"{""H"": ""hollow|A_A_A|FCC""}",UmVhY3Rpb246MzM5NzI3,MamunHighT2019,Quantum ESPRESSO 5.1,BEEF-vdW,"{""star"": 1, ""H2gas"": 0.5}","{""Hstar"": 1}",111,,-0.2842750142581
Rh-0.2-Ru-0.8,Rh3Ru9,Ru3Rh,0.5H2(g) + * -> H*,"{""H"": ""hollow|A_A_A|FCC""}",UmVhY3Rpb246MzQxMjc2,MamunHighT2019,Quantum ESPRESSO 5.1,BEEF-vdW,"{""star"": 1, ""H2gas"": 0.5}","{""Hstar"": 1}",111,,-0.43703115166042
Rh-0.2-Sc-0.8,Rh3Sc9,Sc3Rh,0.5H2(g) + * -> H*,"{""H"": ""hollow|A_A_A|HCP""}",UmVhY3Rpb246MzQyMzQy,MamunHighT2019,Quantum ESPRESSO 5.1,BEEF-vdW,"{""star"": 1, ""H2gas"": 0.5}","{""Hstar"": 1}",111,,-1.1447542111591
Rh-0.2-Sn-0.8,Rh3Sn9,Sn3Rh,0.5H2(g) + * -> H*,"{""H"": ""top|B""}",UmVhY3Rpb246MzUwMTc1,MamunHighT2019,Quantum ESPRESSO 5.1,BEEF-vdW,"{""star"": 1, ""H2gas"": 0.5}","{""Hstar"": 1}",111,,0.204477903143044
Rh-0.2-Ta-0.8,Rh3Ta9,Ta3Rh,0.5H2(g) + * -> H*,"{""H"": ""hollow|A_A_A|HCP""}",UmVhY3Rpb246NDA3MTYw,MamunHighT2019,Quantum ESPRESSO 5.1,BEEF-vdW,"{""star"": 1, ""H2gas"": 0.5}","{""Hstar"": 1}",111,,-1.0409193799596
Rh-0.2-Tc-0.8,Rh3Tc9,Tc3Rh,0.5H2(g) + * -> H*,"{""H"": ""hollow|A_A_A|FCC""}",UmVhY3Rpb246MzQ2MTEw,MamunHighT2019,Quantum ESPRESSO 5.1,BEEF-vdW,"{""star"": 1, ""H2gas"": 0.5}","{""Hstar"": 1}",111,,-0.69993175995748
Rh-0.2-Ti-0.8,Rh3Ti9,Ti3Rh,0.5H2(g) + * -> H*,"{""H"": ""hollow|A_A_A|HCP""}",UmVhY3Rpb246NDA2OTE0,MamunHighT2019,Quantum ESPRESSO 5.1,BEEF-vdW,"{""star"": 1, ""H2gas"": 0.5}","{""Hstar"": 1}",111,,-1.09302156085593
Rh-0.2-Tl-0.8,Rh3Tl9,Tl3Rh,0.5H2(g) + * -> H*,"{""H"": ""top|B""}",UmVhY3Rpb246NDA0MjIz,MamunHighT2019,Quantum ESPRESSO 5.1,BEEF-vdW,"{""star"": 1, ""H2gas"": 0.5}","{""Hstar"": 1}",111,,-0.241397356457099
Rh-0.2-V-0.8,Rh3V9,V3Rh,0.5H2(g) + * -> H*,"{""H"": ""hollow|A_A_A|HCP""}",UmVhY3Rpb246MzQwOTc0,MamunHighT2019,Quantum ESPRESSO 5.1,BEEF-vdW,"{""star"": 1, ""H2gas"": 0.5}","{""Hstar"": 1}",111,,-0.943515006859315
Rh-0.2-W-0.8,Rh3W9,W3Rh,0.5H2(g) + * -> H*,"{""H"": ""hollow|A_A_A|HCP""}",UmVhY3Rpb246NDEwMDE4,MamunHighT2019,Quantum ESPRESSO 5.1,BEEF-vdW,"{""star"": 1, ""H2gas"": 0.5}","{""Hstar"": 1}",111,,-0.872013014158227
Rh-0.2-Y-0.8,Rh3Y9,Y3Rh,0.5H2(g) + * -> H*,"{""H"": ""top|B""}",UmVhY3Rpb246MzgyNDUz,MamunHighT2019,Quantum ESPRESSO 5.1,BEEF-vdW,"{""star"": 1, ""H2gas"": 0.5}","{""Hstar"": 1}",111,,0.0567483886416369
Rh-0.2-Zn-0.8,Rh3Zn9,Zn3Rh,0.5H2(g) + * -> H*,"{""H"": ""top|B""}",UmVhY3Rpb246NDAyNzUy,MamunHighT2019,Quantum ESPRESSO 5.1,BEEF-vdW,"{""star"": 1, ""H2gas"": 0.5}","{""Hstar"": 1}",111,,-0.0466816732650557
Rh-0.2-Zr-0.8,Rh3Zr9,Zr3Rh,0.5H2(g) + * -> H*,"{""H"": ""hollow|A_A_A|FCC""}",UmVhY3Rpb246NDA2MzQ2,MamunHighT2019,Quantum ESPRESSO 5.1,BEEF-vdW,"{""star"": 1, ""H2gas"": 0.5}","{""Hstar"": 1}",111,,-1.09705741725972
Rh-0.5-Ru-0.5,Rh6Ru6,RhRu,0.5H2(g) + * -> H*,"{""H"": ""hollow|A_B_B|FCC""}",UmVhY3Rpb246MzU3NzM5,MamunHighT2019,Quantum ESPRESSO 5.1,BEEF-vdW,"{""star"": 1, ""H2gas"": 0.5}","{""Hstar"": 1}",101,,-0.375418456055712
Rh-0.5-Sc-0.5,Rh6Sc6,RhSc,0.5H2(g) + * -> H*,"{""H"": ""hollow|A_B_B|FCC""}",UmVhY3Rpb246MzU5MzY5,MamunHighT2019,Quantum ESPRESSO 5.1,BEEF-vdW,"{""star"": 1, ""H2gas"": 0.5}","{""Hstar"": 1}",101,,-0.615506672859709
Rh-0.5-Sn-0.5,Rh6Sn6,RhSn,0.5H2(g) + * -> H*,"{""H"": ""top|A""}",UmVhY3Rpb246MzUxMjc5,MamunHighT2019,Quantum ESPRESSO 5.1,BEEF-vdW,"{""star"": 1, ""H2gas"": 0.5}","{""Hstar"": 1}",101,,0.207590205239313
Rh-0.5-Ta-0.5,Rh6Ta6,RhTa,0.5H2(g) + * -> H*,"{""H"": ""hollow|A_B_B|FCC""}",UmVhY3Rpb246MzUxNzA3,MamunHighT2019,Quantum ESPRESSO 5.1,BEEF-vdW,"{""star"": 1, ""H2gas"": 0.5}","{""Hstar"": 1}",101,,-0.689697014257916
Rh-0.5-Tc-0.5,Rh6Tc6,RhTc,0.5H2(g) + * -> H*,"{""H"": ""hollow|A_B_B|FCC""}",UmVhY3Rpb246MzU4MTY1,MamunHighT2019,Quantum ESPRESSO 5.1,BEEF-vdW,"{""star"": 1, ""H2gas"": 0.5}","{""Hstar"": 1}",101,,-0.537331904458341
Rh-0.5-Ti-0.5,Rh6Ti6,RhTi,0.5H2(g) + * -> H*,"{""H"": ""hollow|A_B_B|FCC""}",UmVhY3Rpb246MzUzMDI5,MamunHighT2019,Quantum ESPRESSO 5.1,BEEF-vdW,"{""star"": 1, ""H2gas"": 0.5}","{""Hstar"": 1}",101,,-0.506506712858908
Rh-0.5-Tl-0.5,Rh6Tl6,RhTl,0.5H2(g) + * -> H*,"{""H"": ""bridge|B_B|A""}",UmVhY3Rpb246NDIxNTAz,MamunHighT2019,Quantum ESPRESSO 5.1,BEEF-vdW,"{""star"": 1, ""H2gas"": 0.5}","{""Hstar"": 1}",101,,-0.116732346958969
Rh-0.5-V-0.5,Rh6V6,RhV,0.5H2(g) + * -> H*,"{""H"": ""hollow|A_B_B|FCC""}",UmVhY3Rpb246MzUzNjA4,MamunHighT2019,Quantum ESPRESSO 5.1,BEEF-vdW,"{""star"": 1, ""H2gas"": 0.5}","{""Hstar"": 1}",101,,-0.677131749655899
Rh-0.5-W-0.5,Rh6W6,RhW,0.5H2(g) + * -> H*,"{""H"": ""hollow|A_B_B|HCP""}",UmVhY3Rpb246MzU3MTY0,MamunHighT2019,Quantum ESPRESSO 5.1,BEEF-vdW,"{""star"": 1, ""H2gas"": 0.5}","{""Hstar"": 1}",101,,-0.6240996196602
Rh-0.5-Y-0.5,Rh6Y6,RhY,0.5H2(g) + * -> H*,"{""H"": ""hollow-tilt|A_B_B|FCC""}",UmVhY3Rpb246MzU5MDU5,MamunHighT2019,Quantum ESPRESSO 5.1,BEEF-vdW,"{""star"": 1, ""H2gas"": 0.5}","{""Hstar"": 1}",101,,-0.672236965960991
Rh-0.5-Zn-0.5,Rh6Zn6,RhZn,0.5H2(g) + * -> H*,"{""H"": ""bridge|A_A|B""}",UmVhY3Rpb246MzU4MDI2,MamunHighT2019,Quantum ESPRESSO 5.1,BEEF-vdW,"{""star"": 1, ""H2gas"": 0.5}","{""Hstar"": 1}",101,,-0.387682354658836
Rh-0.5-Zr-0.5,Rh6Zr6,RhZr,0.5H2(g) + * -> H*,"{""H"": ""hollow|A_B_B|FCC""}",UmVhY3Rpb246MzU1NTg4,MamunHighT2019,Quantum ESPRESSO 5.1,BEEF-vdW,"{""star"": 1, ""H2gas"": 0.5}","{""Hstar"": 1}",101,,-0.517359973156061
Rh-0.8-Ru-0.2,Rh9Ru3,Rh3Ru,0.5H2(g) + * -> H*,"{""H"": ""hollow|A_A_B|FCC""}",UmVhY3Rpb246MzQzMzU3,MamunHighT2019,Quantum ESPRESSO 5.1,BEEF-vdW,"{""star"": 1, ""H2gas"": 0.5}","{""Hstar"": 1}",111,,-0.324646639756764
Rh-0.8-Sc-0.2,Rh9Sc3,Rh3Sc,0.5H2(g) + * -> H*,"{""H"": ""bridge|A_A|B""}",UmVhY3Rpb246NDE5NzE0,MamunHighT2019,Quantum ESPRESSO 5.1,BEEF-vdW,"{""star"": 1, ""H2gas"": 0.5}","{""Hstar"": 1}",111,,-0.580285073955537
Rh-0.8-Sn-0.2,Rh9Sn3,Rh3Sn,0.5H2(g) + * -> H*,"{""H"": ""hollow|A_A_A|FCC""}",UmVhY3Rpb246NDIxNTM4,MamunHighT2019,Quantum ESPRESSO 5.1,BEEF-vdW,"{""star"": 1, ""H2gas"": 0.5}","{""Hstar"": 1}",111,,-0.418944425159651
Rh-0.8-Ta-0.2,Rh9Ta3,Rh3Ta,0.5H2(g) + * -> H*,"{""H"": ""hollow|A_A_B|FCC""}",UmVhY3Rpb246NDE5NzUz,MamunHighT2019,Quantum ESPRESSO 5.1,BEEF-vdW,"{""star"": 1, ""H2gas"": 0.5}","{""Hstar"": 1}",111,,-0.572312274459335
Rh-0.8-Tc-0.2,Rh9Tc3,Rh3Tc,0.5H2(g) + * -> H*,"{""H"": ""hollow|A_A_B|FCC""}",UmVhY3Rpb246NDE5Nzc4,MamunHighT2019,Quantum ESPRESSO 5.1,BEEF-vdW,"{""star"": 1, ""H2gas"": 0.5}","{""Hstar"": 1}",111,,-0.373621824458468
Rh-0.8-Ti-0.2,Rh9Ti3,Rh3Ti,0.5H2(g) + * -> H*,"{""H"": ""hollow|A_A_B|FCC""}",UmVhY3Rpb246NDE5NzQy,MamunHighT2019,Quantum ESPRESSO 5.1,BEEF-vdW,"{""star"": 1, ""H2gas"": 0.5}","{""Hstar"": 1}",111,,-0.568850714355875
Rh-0.8-Tl-0.2,Rh9Tl3,Rh3Tl,0.5H2(g) + * -> H*,"{""H"": ""hollow|A_A_A|FCC""}",UmVhY3Rpb246NDIxNDky,MamunHighT2019,Quantum ESPRESSO 5.1,BEEF-vdW,"{""star"": 1, ""H2gas"": 0.5}","{""Hstar"": 1}",111,,-0.431892962157662
Rh-0.8-V-0.2,Rh9V3,Rh3V,0.5H2(g) + * -> H*,"{""H"": ""hollow|A_A_B|FCC""}",UmVhY3Rpb246MzQ2OTky,MamunHighT2019,Quantum ESPRESSO 5.1,BEEF-vdW,"{""star"": 1, ""H2gas"": 0.5}","{""Hstar"": 1}",111,,-0.500023600557114
Rh-0.8-W-0.2,Rh9W3,Rh3W,0.5H2(g) + * -> H*,"{""H"": ""hollow|A_A_B|FCC""}",UmVhY3Rpb246MzQ2NzM1,MamunHighT2019,Quantum ESPRESSO 5.1,BEEF-vdW,"{""star"": 1, ""H2gas"": 0.5}","{""Hstar"": 1}",111,,-0.451563391258759
Rh-0.8-Y-0.2,Rh9Y3,Rh3Y,0.5H2(g) + * -> H*,"{""H"": ""hollow|A_A_A|HCP""}",UmVhY3Rpb246MzQxMDEy,MamunHighT2019,Quantum ESPRESSO 5.1,BEEF-vdW,"{""star"": 1, ""H2gas"": 0.5}","{""Hstar"": 1}",111,,-0.739105676456319
Rh-0.8-Zn-0.2,Rh9Zn3,Rh3Zn,0.5H2(g) + * -> H*,"{""H"": ""hollow|A_A_A|FCC""}",UmVhY3Rpb246NDIxMTc1,MamunHighT2019,Quantum ESPRESSO 5.1,BEEF-vdW,"{""star"": 1, ""H2gas"": 0.5}","{""Hstar"": 1}",111,,-0.383523230658255
Rh-0.8-Zr-0.2,Rh9Zr3,Rh3Zr,0.5H2(g) + * -> H*,"{""H"": ""hollow|A_A_B|FCC""}",UmVhY3Rpb246NDE5NzIy,MamunHighT2019,Quantum ESPRESSO 5.1,BEEF-vdW,"{""star"": 1, ""H2gas"": 0.5}","{""Hstar"": 1}",111,,-0.636235080556588
Ru-1.0,Ru12,Ru,0.5H2(g) + * -> H*,"{""H"": ""hollow|A_A_A|FCC""}",UmVhY3Rpb246MzM5Nzg1,MamunHighT2019,Quantum ESPRESSO 5.1,BEEF-vdW,"{""star"": 1, ""H2gas"": 0.5}","{""Hstar"": 1}",111,,-0.41116564285673
Ru-0.2-Sc-0.8,Ru3Sc9,Sc3Ru,0.5H2(g) + * -> H*,"{""H"": ""hollow|A_A_A|HCP""}",UmVhY3Rpb246MzQ4NjE3,MamunHighT2019,Quantum ESPRESSO 5.1,BEEF-vdW,"{""star"": 1, ""H2gas"": 0.5}","{""Hstar"": 1}",111,,-1.13674494855783
Ru-0.2-Sn-0.8,Ru3Sn9,Sn3Ru,0.5H2(g) + * -> H*,"{""H"": ""top|B""}",UmVhY3Rpb246MzUwNDc3,MamunHighT2019,Quantum ESPRESSO 5.1,BEEF-vdW,"{""star"": 1, ""H2gas"": 0.5}","{""Hstar"": 1}",111,,0.0077960614444521
Ru-0.2-Ta-0.8,Ru3Ta9,Ta3Ru,0.5H2(g) + * -> H*,"{""H"": ""hollow|A_A_A|HCP""}",UmVhY3Rpb246NDA3MTQx,MamunHighT2019,Quantum ESPRESSO 5.1,BEEF-vdW,"{""star"": 1, ""H2gas"": 0.5}","{""Hstar"": 1}",111,,-1.21540639255815
Ru-0.2-Tc-0.8,Ru3Tc9,Tc3Ru,0.5H2(g) + * -> H*,"{""H"": ""hollow|A_A_A|FCC""}",UmVhY3Rpb246MzQwNzAz,MamunHighT2019,Quantum ESPRESSO 5.1,BEEF-vdW,"{""star"": 1, ""H2gas"": 0.5}","{""Hstar"": 1}",111,,-0.592367472559062
Ru-0.2-Ti-0.8,Ru3Ti9,Ti3Ru,0.5H2(g) + * -> H*,"{""H"": ""hollow|A_A_A|HCP""}",UmVhY3Rpb246NDA2OTA3,MamunHighT2019,Quantum ESPRESSO 5.1,BEEF-vdW,"{""star"": 1, ""H2gas"": 0.5}","{""Hstar"": 1}",111,,-1.12791009255577
Ru-0.2-Tl-0.8,Ru3Tl9,Tl3Ru,0.5H2(g) + * -> H*,"{""H"": ""hollow|A_A_A|HCP""}",UmVhY3Rpb246NDA0MjE5,MamunHighT2019,Quantum ESPRESSO 5.1,BEEF-vdW,"{""star"": 1, ""H2gas"": 0.5}","{""Hstar"": 1}",111,,0.994680708042353
Ru-0.2-V-0.8,Ru3V9,V3Ru,0.5H2(g) + * -> H*,"{""H"": ""hollow|A_A_A|HCP""}",UmVhY3Rpb246NDA4MTYy,MamunHighT2019,Quantum ESPRESSO 5.1,BEEF-vdW,"{""star"": 1, ""H2gas"": 0.5}","{""Hstar"": 1}",111,,-1.22298136146034
Ru-0.2-W-0.8,Ru3W9,W3Ru,0.5H2(g) + * -> H*,"{""H"": ""hollow|A_A_A|HCP""}",UmVhY3Rpb246MzQzNzA2,MamunHighT2019,Quantum ESPRESSO 5.1,BEEF-vdW,"{""star"": 1, ""H2gas"": 0.5}","{""Hstar"": 1}",111,,-0.838132392159395
Ru-0.2-Y-0.8,Ru3Y9,Y3Ru,0.5H2(g) + * -> H*,"{""H"": ""hollow|A_A_A|HCP""}",UmVhY3Rpb246MzQ0Njg4,MamunHighT2019,Quantum ESPRESSO 5.1,BEEF-vdW,"{""star"": 1, ""H2gas"": 0.5}","{""Hstar"": 1}",111,,-1.06493628345831
Ru-0.2-Zn-0.8,Ru3Zn9,Zn3Ru,0.5H2(g) + * -> H*,"{""H"": ""top|B""}",UmVhY3Rpb246NDAyNzM4,MamunHighT2019,Quantum ESPRESSO 5.1,BEEF-vdW,"{""star"": 1, ""H2gas"": 0.5}","{""Hstar"": 1}",111,,-0.35652368746284
Ru-0.2-Zr-0.8,Ru3Zr9,Zr3Ru,0.5H2(g) + * -> H*,"{""H"": ""hollow|A_A_A|HCP""}",UmVhY3Rpb246NDA2MzIz,MamunHighT2019,Quantum ESPRESSO 5.1,BEEF-vdW,"{""star"": 1, ""H2gas"": 0.5}","{""Hstar"": 1}",111,,-1.11361608855711
Ru-0.5-Sc-0.5,Ru6Sc6,RuSc,0.5H2(g) + * -> H*,"{""H"": ""hollow|A_B_B|FCC""}",UmVhY3Rpb246MzU4MzA5,MamunHighT2019,Quantum ESPRESSO 5.1,BEEF-vdW,"{""star"": 1, ""H2gas"": 0.5}","{""Hstar"": 1}",101,,-0.825671347057295
Ru-0.5-Sn-0.5,Ru6Sn6,RuSn,0.5H2(g) + * -> H*,"{""H"": ""top|A""}",UmVhY3Rpb246MzUzMzU4,MamunHighT2019,Quantum ESPRESSO 5.1,BEEF-vdW,"{""star"": 1, ""H2gas"": 0.5}","{""Hstar"": 1}",101,,-0.151672308055794
Ru-0.5-Ta-0.5,Ru6Ta6,RuTa,0.5H2(g) + * -> H*,"{""H"": ""hollow|A_B_B|FCC""}",UmVhY3Rpb246MzUzMTY5,MamunHighT2019,Quantum ESPRESSO 5.1,BEEF-vdW,"{""star"": 1, ""H2gas"": 0.5}","{""Hstar"": 1}",101,,-0.578844911356072
Ru-0.5-Tc-0.5,Ru6Tc6,RuTc,0.5H2(g) + * -> H*,"{""H"": ""hollow|A_B_B|FCC""}",UmVhY3Rpb246MzU5MDcy,MamunHighT2019,Quantum ESPRESSO 5.1,BEEF-vdW,"{""star"": 1, ""H2gas"": 0.5}","{""Hstar"": 1}",101,,-0.553939284155575
Ru-0.5-Ti-0.5,Ru6Ti6,RuTi,0.5H2(g) + * -> H*,"{""H"": ""hollow|A_B_B|FCC""}",UmVhY3Rpb246MzU3NDIy,MamunHighT2019,Quantum ESPRESSO 5.1,BEEF-vdW,"{""star"": 1, ""H2gas"": 0.5}","{""Hstar"": 1}",101,,-0.769725830358738
Ru-0.5-Tl-0.5,Ru6Tl6,RuTl,0.5H2(g) + * -> H*,"{""H"": ""top|A""}",UmVhY3Rpb246MzU5OTQ1,MamunHighT2019,Quantum ESPRESSO 5.1,BEEF-vdW,"{""star"": 1, ""H2gas"": 0.5}","{""Hstar"": 1}",101,,-0.314898297455301
Ru-0.5-V-0.5,Ru6V6,RuV,0.5H2(g) + * -> H*,"{""H"": ""hollow|A_A_B|FCC""}",UmVhY3Rpb246NDA4MTc3,MamunHighT2019,Quantum ESPRESSO 5.1,BEEF-vdW,"{""star"": 1, ""H2gas"": 0.5}","{""Hstar"": 1}",101,,-0.600075097058806
Ru-0.5-W-0.5,Ru6W6,RuW,0.5H2(g) + * -> H*,"{""H"": ""hollow|A_B_B|FCC""}",UmVhY3Rpb246MzU3Nzg0,MamunHighT2019,Quantum ESPRESSO 5.1,BEEF-vdW,"{""star"": 1, ""H2gas"": 0.5}","{""Hstar"": 1}",101,,-0.681314139356772
Ru-0.5-Y-0.5,Ru6Y6,RuY,0.5H2(g) + * -> H*,"{""H"": ""hollow-tilt|A_A_B|FCC""}",UmVhY3Rpb246NDA1NDk3,MamunHighT2019,Quantum ESPRESSO 5.1,BEEF-vdW,"{""star"": 1, ""H2gas"": 0.5}","{""Hstar"": 1}",101,,-0.882279733256809
Ru-0.5-Zn-0.5,Ru6Zn6,RuZn,0.5H2(g) + * -> H*,"{""H"": ""bridge|A_A|B""}",UmVhY3Rpb246NDE2OTYz,MamunHighT2019,Quantum ESPRESSO 5.1,BEEF-vdW,"{""star"": 1, ""H2gas"": 0.5}","{""Hstar"": 1}",101,,-0.484871077459474
Ru-0.5-Zr-0.5,Ru6Zr6,RuZr,0.5H2(g) + * -> H*,"{""H"": ""hollow|A_B_B|FCC""}",UmVhY3Rpb246MzUyMzAw,MamunHighT2019,Quantum ESPRESSO 5.1,BEEF-vdW,"{""star"": 1, ""H2gas"": 0.5}","{""Hstar"": 1}",101,,-0.839880043359671
Ru-0.8-Sc-0.2,Ru9Sc3,Ru3Sc,0.5H2(g) + * -> H*,"{""H"": ""bridge|A_A|B""}",UmVhY3Rpb246NDEzOTMy,MamunHighT2019,Quantum ESPRESSO 5.1,BEEF-vdW,"{""star"": 1, ""H2gas"": 0.5}","{""Hstar"": 1}",111,,-0.585038358457467
Ru-0.8-Sn-0.2,Ru9Sn3,Ru3Sn,0.5H2(g) + * -> H*,"{""H"": ""hollow|A_A_A|FCC""}",UmVhY3Rpb246MzQ4MzY5,MamunHighT2019,Quantum ESPRESSO 5.1,BEEF-vdW,"{""star"": 1, ""H2gas"": 0.5}","{""Hstar"": 1}",111,,-0.454350653358205
Ru-0.8-Ta-0.2,Ru9Ta3,Ru3Ta,0.5H2(g) + * -> H*,"{""H"": ""hollow|A_A_B|FCC""}",UmVhY3Rpb246MzQzNDQ2,MamunHighT2019,Quantum ESPRESSO 5.1,BEEF-vdW,"{""star"": 1, ""H2gas"": 0.5}","{""Hstar"": 1}",111,,-0.612916965458652
Ru-0.8-Tc-0.2,Ru9Tc3,Ru3Tc,0.5H2(g) + * -> H*,"{""H"": ""hollow|A_A_B|FCC""}",UmVhY3Rpb246NDE0MTg5,MamunHighT2019,Quantum ESPRESSO 5.1,BEEF-vdW,"{""star"": 1, ""H2gas"": 0.5}","{""Hstar"": 1}",111,,-0.496920686457969
Ru-0.8-Ti-0.2,Ru9Ti3,Ru3Ti,0.5H2(g) + * -> H*,"{""H"": ""hollow|A_A_B|FCC""}",UmVhY3Rpb246NDE0MDU1,MamunHighT2019,Quantum ESPRESSO 5.1,BEEF-vdW,"{""star"": 1, ""H2gas"": 0.5}","{""Hstar"": 1}",111,,-0.564356618156097
Ru-0.8-Tl-0.2,Ru9Tl3,Ru3Tl,0.5H2(g) + * -> H*,"{""H"": ""hollow|A_A_A|HCP""}",UmVhY3Rpb246NDE3Mjk2,MamunHighT2019,Quantum ESPRESSO 5.1,BEEF-vdW,"{""star"": 1, ""H2gas"": 0.5}","{""Hstar"": 1}",111,,-0.449579273156786
Ru-0.8-V-0.2,Ru9V3,Ru3V,0.5H2(g) + * -> H*,"{""H"": ""hollow|A_A_B|FCC""}",UmVhY3Rpb246MzQ0NjEz,MamunHighT2019,Quantum ESPRESSO 5.1,BEEF-vdW,"{""star"": 1, ""H2gas"": 0.5}","{""Hstar"": 1}",111,,-0.549510767558758
Ru-0.8-W-0.2,Ru9W3,Ru3W,0.5H2(g) + * -> H*,"{""H"": ""hollow|A_A_B|FCC""}",UmVhY3Rpb246MzQ2MjQ4,MamunHighT2019,Quantum ESPRESSO 5.1,BEEF-vdW,"{""star"": 1, ""H2gas"": 0.5}","{""Hstar"": 1}",111,,-0.566182366058428
Ru-0.8-Y-0.2,Ru9Y3,Ru3Y,0.5H2(g) + * -> H*,"{""H"": ""hollow|A_A_A|HCP""}",UmVhY3Rpb246MzQ4OTg5,MamunHighT2019,Quantum ESPRESSO 5.1,BEEF-vdW,"{""star"": 1, ""H2gas"": 0.5}","{""Hstar"": 1}",111,,-0.742302605757658
Ru-0.8-Zn-0.2,Ru9Zn3,Ru3Zn,0.5H2(g) + * -> H*,"{""H"": ""hollow|A_A_A|FCC""}",UmVhY3Rpb246MzQyMDU3,MamunHighT2019,Quantum ESPRESSO 5.1,BEEF-vdW,"{""star"": 1, ""H2gas"": 0.5}","{""Hstar"": 1}",111,,-0.461080436761193
Ru-0.8-Zr-0.2,Ru9Zr3,Ru3Zr,0.5H2(g) + * -> H*,"{""H"": ""hollow|A_A_B|FCC""}",UmVhY3Rpb246NDEzOTg3,MamunHighT2019,Quantum ESPRESSO 5.1,BEEF-vdW,"{""star"": 1, ""H2gas"": 0.5}","{""Hstar"": 1}",111,,-0.64280567736111
Sc-1.0,Sc12,Sc,0.5H2(g) + * -> H*,"{""H"": ""hollow|A_A_A|FCC""}",UmVhY3Rpb246MzM5NDg5,MamunHighT2019,Quantum ESPRESSO 5.1,BEEF-vdW,"{""star"": 1, ""H2gas"": 0.5}","{""Hstar"": 1}",111,,-1.00307746075757
Sc-0.2-Sn-0.8,Sc3Sn9,Sn3Sc,0.5H2(g) + * -> H*,"{""H"": ""top|B""}",UmVhY3Rpb246NDA0NTkw,MamunHighT2019,Quantum ESPRESSO 5.1,BEEF-vdW,"{""star"": 1, ""H2gas"": 0.5}","{""Hstar"": 1}",111,,0.454455145042658
Sc-0.2-Ta-0.8,Sc3Ta9,Ta3Sc,0.5H2(g) + * -> H*,"{""H"": ""hollow|A_A_B|HCP""}",UmVhY3Rpb246NDI5MDA4,MamunHighT2019,Quantum ESPRESSO 5.1,BEEF-vdW,"{""star"": 1, ""H2gas"": 0.5}","{""Hstar"": 1}",111,,-0.997217625356797
Sc-0.2-Tc-0.8,Sc3Tc9,Tc3Sc,0.5H2(g) + * -> H*,"{""H"": ""hollow|A_A_A|HCP""}",UmVhY3Rpb246MzQ3MjI1,MamunHighT2019,Quantum ESPRESSO 5.1,BEEF-vdW,"{""star"": 1, ""H2gas"": 0.5}","{""Hstar"": 1}",111,,-0.708959136655693
Sc-0.2-Ti-0.8,Sc3Ti9,Ti3Sc,0.5H2(g) + * -> H*,"{""H"": ""hollow|A_A_B|HCP""}",UmVhY3Rpb246MzQzMTUy,MamunHighT2019,Quantum ESPRESSO 5.1,BEEF-vdW,"{""star"": 1, ""H2gas"": 0.5}","{""Hstar"": 1}",111,,-0.996729044959437
Sc-0.2-Tl-0.8,Sc3Tl9,Tl3Sc,0.5H2(g) + * -> H*,"{""H"": ""hollow-tilt|A_A_B|FCC""}",UmVhY3Rpb246NDA0MTY1,MamunHighT2019,Quantum ESPRESSO 5.1,BEEF-vdW,"{""star"": 1, ""H2gas"": 0.5}","{""Hstar"": 1}",111,,0.186126818041004
Sc-0.2-V-0.8,Sc3V9,V3Sc,0.5H2(g) + * -> H*,"{""H"": ""bridge|A_A|B""}",UmVhY3Rpb246MzY4NjEy,MamunHighT2019,Quantum ESPRESSO 5.1,BEEF-vdW,"{""star"": 1, ""H2gas"": 0.5}","{""Hstar"": 1}",111,,-0.888567603657947
Sc-0.2-W-0.8,Sc3W9,W3Sc,0.5H2(g) + * -> H*,"{""H"": ""bridge|A_A|B""}",UmVhY3Rpb246MzUwMDM2,MamunHighT2019,Quantum ESPRESSO 5.1,BEEF-vdW,"{""star"": 1, ""H2gas"": 0.5}","{""Hstar"": 1}",111,,-0.902442416258936
Sc-0.2-Y-0.8,Sc3Y9,Y3Sc,0.5H2(g) + * -> H*,"{""H"": ""hollow|A_A_A|FCC""}",UmVhY3Rpb246NDA1Mzk2,MamunHighT2019,Quantum ESPRESSO 5.1,BEEF-vdW,"{""star"": 1, ""H2gas"": 0.5}","{""Hstar"": 1}",111,,-0.985592241856438
Sc-0.2-Zn-0.8,Sc3Zn9,Zn3Sc,0.5H2(g) + * -> H*,"{""H"": ""bridge|A_B|A""}",UmVhY3Rpb246NDAyNjUz,MamunHighT2019,Quantum ESPRESSO 5.1,BEEF-vdW,"{""star"": 1, ""H2gas"": 0.5}","{""Hstar"": 1}",111,,-0.161871951057918
Sc-0.2-Zr-0.8,Sc3Zr9,Zr3Sc,0.5H2(g) + * -> H*,"{""H"": ""hollow|A_A_B|HCP""}",UmVhY3Rpb246NDA1Mzg0,MamunHighT2019,Quantum ESPRESSO 5.1,BEEF-vdW,"{""star"": 1, ""H2gas"": 0.5}","{""Hstar"": 1}",111,,-0.96333401015815
Sc-0.5-Sn-0.5,Sc6Sn6,ScSn,0.5H2(g) + * -> H*,"{""H"": ""bridge|A_A|B""}",UmVhY3Rpb246NDA2MTgw,MamunHighT2019,Quantum ESPRESSO 5.1,BEEF-vdW,"{""star"": 1, ""H2gas"": 0.5}","{""Hstar"": 1}",101,,-0.389360072555945
Sc-0.5-Ta-0.5,Sc6Ta6,ScTa,0.5H2(g) + * -> H*,"{""H"": ""hollow|A_B_B|HCP""}",UmVhY3Rpb246NDA1ODg3,MamunHighT2019,Quantum ESPRESSO 5.1,BEEF-vdW,"{""star"": 1, ""H2gas"": 0.5}","{""Hstar"": 1}",101,,-1.00175090585887
Sc-0.5-Tc-0.5,Sc6Tc6,ScTc,0.5H2(g) + * -> H*,"{""H"": ""bridge|B_B|A""}",UmVhY3Rpb246MzU3NDgw,MamunHighT2019,Quantum ESPRESSO 5.1,BEEF-vdW,"{""star"": 1, ""H2gas"": 0.5}","{""Hstar"": 1}",101,,-0.840314337058743
Sc-0.5-Ti-0.5,Sc6Ti6,ScTi,0.5H2(g) + * -> H*,"{""H"": ""hollow|A_A_B|HCP""}",UmVhY3Rpb246NDA1ODY1,MamunHighT2019,Quantum ESPRESSO 5.1,BEEF-vdW,"{""star"": 1, ""H2gas"": 0.5}","{""Hstar"": 1}",101,,-0.986595389555959
Sc-0.5-Tl-0.5,Sc6Tl6,ScTl,0.5H2(g) + * -> H*,"{""H"": ""bridge|A_A|B""}",UmVhY3Rpb246MzU2NDMz,MamunHighT2019,Quantum ESPRESSO 5.1,BEEF-vdW,"{""star"": 1, ""H2gas"": 0.5}","{""Hstar"": 1}",101,,-0.501043211154837
Sc-0.5-V-0.5,Sc6V6,ScV,0.5H2(g) + * -> H*,"{""H"": ""hollow|A_B_B|HCP""}",UmVhY3Rpb246MzUzODI2,MamunHighT2019,Quantum ESPRESSO 5.1,BEEF-vdW,"{""star"": 1, ""H2gas"": 0.5}","{""Hstar"": 1}",101,,-0.915210133559384
Sc-0.5-W-0.5,Sc6W6,ScW,0.5H2(g) + * -> H*,"{""H"": ""hollow|A_B_B|HCP""}",UmVhY3Rpb246MzU5MTIz,MamunHighT2019,Quantum ESPRESSO 5.1,BEEF-vdW,"{""star"": 1, ""H2gas"": 0.5}","{""Hstar"": 1}",101,,-0.972873505058459
Sc-0.5-Y-0.5,Sc6Y6,ScY,0.5H2(g) + * -> H*,"{""H"": ""hollow|A_B_B|FCC""}",UmVhY3Rpb246MzU0MDQ4,MamunHighT2019,Quantum ESPRESSO 5.1,BEEF-vdW,"{""star"": 1, ""H2gas"": 0.5}","{""Hstar"": 1}",101,,-0.987603707358147
Sc-0.5-Zn-0.5,Sc6Zn6,ScZn,0.5H2(g) + * -> H*,"{""H"": ""hollow|A_A_B|FCC""}",UmVhY3Rpb246MzUxMjY0,MamunHighT2019,Quantum ESPRESSO 5.1,BEEF-vdW,"{""star"": 1, ""H2gas"": 0.5}","{""Hstar"": 1}",101,,-0.713258127062517
Sc-0.5-Zr-0.5,Sc6Zr6,ScZr,0.5H2(g) + * -> H*,"{""H"": ""hollow|A_B_B|HCP""}",UmVhY3Rpb246MzUxOTg0,MamunHighT2019,Quantum ESPRESSO 5.1,BEEF-vdW,"{""star"": 1, ""H2gas"": 0.5}","{""Hstar"": 1}",101,,-0.971857976158361
Sc-0.8-Sn-0.2,Sc9Sn3,Sc3Sn,0.5H2(g) + * -> H*,"{""H"": ""hollow|A_A_A|FCC""}",UmVhY3Rpb246MzQyNjUy,MamunHighT2019,Quantum ESPRESSO 5.1,BEEF-vdW,"{""star"": 1, ""H2gas"": 0.5}","{""Hstar"": 1}",111,,-1.16585242165726
Sc-0.8-Ta-0.2,Sc9Ta3,Sc3Ta,0.5H2(g) + * -> H*,"{""H"": ""hollow|A_A_A|HCP""}",UmVhY3Rpb246NDA1ODcw,MamunHighT2019,Quantum ESPRESSO 5.1,BEEF-vdW,"{""star"": 1, ""H2gas"": 0.5}","{""Hstar"": 1}",111,,-0.974632448857818
Sc-0.8-Tc-0.2,Sc9Tc3,Sc3Tc,0.5H2(g) + * -> H*,"{""H"": ""hollow|A_A_A|FCC""}",UmVhY3Rpb246NDA1OTY2,MamunHighT2019,Quantum ESPRESSO 5.1,BEEF-vdW,"{""star"": 1, ""H2gas"": 0.5}","{""Hstar"": 1}",111,,-1.10499130435616
Sc-0.8-Ti-0.2,Sc9Ti3,Sc3Ti,0.5H2(g) + * -> H*,"{""H"": ""hollow|A_A_A|FCC""}",UmVhY3Rpb246NDA1ODUz,MamunHighT2019,Quantum ESPRESSO 5.1,BEEF-vdW,"{""star"": 1, ""H2gas"": 0.5}","{""Hstar"": 1}",111,,-0.998558738457149
Sc-0.8-Tl-0.2,Sc9Tl3,Sc3Tl,0.5H2(g) + * -> H*,"{""H"": ""hollow|A_A_A|FCC""}",UmVhY3Rpb246NDA2MTU1,MamunHighT2019,Quantum ESPRESSO 5.1,BEEF-vdW,"{""star"": 1, ""H2gas"": 0.5}","{""Hstar"": 1}",111,,-1.17476741526022
Sc-0.8-V-0.2,Sc9V3,Sc3V,0.5H2(g) + * -> H*,"{""H"": ""hollow|A_A_A|HCP""}",UmVhY3Rpb246NDA1OTE2,MamunHighT2019,Quantum ESPRESSO 5.1,BEEF-vdW,"{""star"": 1, ""H2gas"": 0.5}","{""Hstar"": 1}",111,,-1.03427367975652
Sc-0.8-W-0.2,Sc9W3,Sc3W,0.5H2(g) + * -> H*,"{""H"": ""hollow|A_A_A|HCP""}",UmVhY3Rpb246NDA1OTQ4,MamunHighT2019,Quantum ESPRESSO 5.1,BEEF-vdW,"{""star"": 1, ""H2gas"": 0.5}","{""Hstar"": 1}",111,,-1.0241894129567
Sc-0.8-Y-0.2,Sc9Y3,Sc3Y,0.5H2(g) + * -> H*,"{""H"": ""hollow|A_A_B|FCC""}",UmVhY3Rpb246NDA1MzIw,MamunHighT2019,Quantum ESPRESSO 5.1,BEEF-vdW,"{""star"": 1, ""H2gas"": 0.5}","{""Hstar"": 1}",111,,-0.976054379759233
Sc-0.8-Zn-0.2,Sc9Zn3,Sc3Zn,0.5H2(g) + * -> H*,"{""H"": ""hollow|A_A_A|HCP""}",UmVhY3Rpb246NDA2MDcy,MamunHighT2019,Quantum ESPRESSO 5.1,BEEF-vdW,"{""star"": 1, ""H2gas"": 0.5}","{""Hstar"": 1}",111,,-1.15917814945985
Sc-0.8-Zr-0.2,Sc9Zr3,Sc3Zr,0.5H2(g) + * -> H*,"{""H"": ""hollow|A_A_A|FCC""}",UmVhY3Rpb246NDA1MzM2,MamunHighT2019,Quantum ESPRESSO 5.1,BEEF-vdW,"{""star"": 1, ""H2gas"": 0.5}","{""Hstar"": 1}",111,,-0.953198858157492
Sn-1.0,Sn12,Sn,0.5H2(g) + * -> H*,"{""H"": ""top|A""}",UmVhY3Rpb246NDI5MDA1,MamunHighT2019,Quantum ESPRESSO 5.1,BEEF-vdW,"{""star"": 1, ""H2gas"": 0.5}","{""Hstar"": 1}",111,,0.457652074442223
Sn-0.2-Ta-0.8,Sn3Ta9,Ta3Sn,0.5H2(g) + * -> H*,"{""H"": ""hollow|A_A_A|HCP""}",UmVhY3Rpb246MzQ4MDQ4,MamunHighT2019,Quantum ESPRESSO 5.1,BEEF-vdW,"{""star"": 1, ""H2gas"": 0.5}","{""Hstar"": 1}",111,,-1.05995442326
Sn-0.2-Tc-0.8,Sn3Tc9,Tc3Sn,0.5H2(g) + * -> H*,"{""H"": ""hollow|A_A_A|HCP""}",UmVhY3Rpb246MzQzMDIz,MamunHighT2019,Quantum ESPRESSO 5.1,BEEF-vdW,"{""star"": 1, ""H2gas"": 0.5}","{""Hstar"": 1}",111,,-0.545730834160139
Sn-0.2-Ti-0.8,Sn3Ti9,Ti3Sn,0.5H2(g) + * -> H*,"{""H"": ""hollow|A_A_A|HCP""}",UmVhY3Rpb246MzQxNTA4,MamunHighT2019,Quantum ESPRESSO 5.1,BEEF-vdW,"{""star"": 1, ""H2gas"": 0.5}","{""Hstar"": 1}",111,,-1.10641201075757
Sn-0.2-Tl-0.8,Sn3Tl9,Tl3Sn,0.5H2(g) + * -> H*,"{""H"": ""top|B""}",UmVhY3Rpb246NDI5MDIx,MamunHighT2019,Quantum ESPRESSO 5.1,BEEF-vdW,"{""star"": 1, ""H2gas"": 0.5}","{""Hstar"": 1}",111,,0.413788003942528
Sn-0.2-V-0.8,Sn3V9,V3Sn,0.5H2(g) + * -> H*,"{""H"": ""hollow|A_A_A|HCP""}",UmVhY3Rpb246NDA4NjQ4,MamunHighT2019,Quantum ESPRESSO 5.1,BEEF-vdW,"{""star"": 1, ""H2gas"": 0.5}","{""Hstar"": 1}",111,,-0.98462705415929
Sn-0.2-W-0.8,Sn3W9,W3Sn,0.5H2(g) + * -> H*,"{""H"": ""hollow|A_A_A|HCP""}",UmVhY3Rpb246MzQ4NDI2,MamunHighT2019,Quantum ESPRESSO 5.1,BEEF-vdW,"{""star"": 1, ""H2gas"": 0.5}","{""Hstar"": 1}",111,,-0.799261610655748
Sn-0.2-Y-0.8,Sn3Y9,Y3Sn,0.5H2(g) + * -> H*,"{""H"": ""hollow|A_A_A|FCC""}",UmVhY3Rpb246NDA1NjM1,MamunHighT2019,Quantum ESPRESSO 5.1,BEEF-vdW,"{""star"": 1, ""H2gas"": 0.5}","{""Hstar"": 1}",111,,-1.09931500975924
Sn-0.2-Zn-0.8,Sn3Zn9,Zn3Sn,0.5H2(g) + * -> H*,"{""H"": ""bridge|A_A|B""}",UmVhY3Rpb246MzY4NjY4,MamunHighT2019,Quantum ESPRESSO 5.1,BEEF-vdW,"{""star"": 1, ""H2gas"": 0.5}","{""Hstar"": 1}",111,,0.484855975141755
Sn-0.2-Zr-0.8,Sn3Zr9,Zr3Sn,0.5H2(g) + * -> H*,"{""H"": ""hollow|A_A_A|FCC""}",UmVhY3Rpb246NDA2NTQ5,MamunHighT2019,Quantum ESPRESSO 5.1,BEEF-vdW,"{""star"": 1, ""H2gas"": 0.5}","{""Hstar"": 1}",111,,-1.04770113715765
Sn-0.5-Ta-0.5,Sn6Ta6,SnTa,0.5H2(g) + * -> H*,"{""H"": ""top-tilt|B""}",UmVhY3Rpb246MzUyMTgx,MamunHighT2019,Quantum ESPRESSO 5.1,BEEF-vdW,"{""star"": 1, ""H2gas"": 0.5}","{""Hstar"": 1}",101,,-0.0428441878566161
Sn-0.5-Tc-0.5,Sn6Tc6,SnTc,0.5H2(g) + * -> H*,"{""H"": ""top|B""}",UmVhY3Rpb246MzU2OTg3,MamunHighT2019,Quantum ESPRESSO 5.1,BEEF-vdW,"{""star"": 1, ""H2gas"": 0.5}","{""Hstar"": 1}",101,,-0.245122594856156
Sn-0.5-Ti-0.5,Sn6Ti6,SnTi,0.5H2(g) + * -> H*,"{""H"": ""bridge|A_A|B""}",UmVhY3Rpb246NDA3MDU5,MamunHighT2019,Quantum ESPRESSO 5.1,BEEF-vdW,"{""star"": 1, ""H2gas"": 0.5}","{""Hstar"": 1}",101,,-0.26790967985923
Sn-0.5-Tl-0.5,Sn6Tl6,SnTl,0.5H2(g) + * -> H*,"{""H"": ""top-tilt|A""}",UmVhY3Rpb246MzU2ODI2,MamunHighT2019,Quantum ESPRESSO 5.1,BEEF-vdW,"{""star"": 1, ""H2gas"": 0.5}","{""Hstar"": 1}",101,,0.539835623844766
Sn-0.5-V-0.5,Sn6V6,SnV,0.5H2(g) + * -> H*,"{""H"": ""bridge|A_A|B""}",UmVhY3Rpb246NDA4NjY1,MamunHighT2019,Quantum ESPRESSO 5.1,BEEF-vdW,"{""star"": 1, ""H2gas"": 0.5}","{""Hstar"": 1}",101,,-0.12926591035918
Sn-0.5-W-0.5,Sn6W6,SnW,0.5H2(g) + * -> H*,"{""H"": ""bridge|A_A|B""}",UmVhY3Rpb246NDEwMjQx,MamunHighT2019,Quantum ESPRESSO 5.1,BEEF-vdW,"{""star"": 1, ""H2gas"": 0.5}","{""Hstar"": 1}",101,,-0.466831970857101
Sn-0.5-Y-0.5,Sn6Y6,SnY,0.5H2(g) + * -> H*,"{""H"": ""bridge|B_B|A""}",UmVhY3Rpb246MzUzOTAz,MamunHighT2019,Quantum ESPRESSO 5.1,BEEF-vdW,"{""star"": 1, ""H2gas"": 0.5}","{""Hstar"": 1}",101,,-0.427052873360452
Sn-0.5-Zn-0.5,Sn6Zn6,SnZn,0.5H2(g) + * -> H*,"{""H"": ""hollow-tilt|A_A_B|FCC""}",UmVhY3Rpb246MzU3OTky,MamunHighT2019,Quantum ESPRESSO 5.1,BEEF-vdW,"{""star"": 1, ""H2gas"": 0.5}","{""Hstar"": 1}",101,,0.559040738343384
Sn-0.5-Zr-0.5,Sn6Zr6,SnZr,0.5H2(g) + * -> H*,"{""H"": ""bridge|B_B|A""}",UmVhY3Rpb246MzU2MTY1,MamunHighT2019,Quantum ESPRESSO 5.1,BEEF-vdW,"{""star"": 1, ""H2gas"": 0.5}","{""Hstar"": 1}",101,,-0.329992316058423
Sn-0.8-Ta-0.2,Sn9Ta3,Sn3Ta,0.5H2(g) + * -> H*,"{""H"": ""hollow|A_A_A|HCP""}",UmVhY3Rpb246NDA0NjEz,MamunHighT2019,Quantum ESPRESSO 5.1,BEEF-vdW,"{""star"": 1, ""H2gas"": 0.5}","{""Hstar"": 1}",111,,0.811117066340586
Sn-0.8-Tc-0.2,Sn9Tc3,Sn3Tc,0.5H2(g) + * -> H*,"{""H"": ""top|B""}",UmVhY3Rpb246NDA0NjUy,MamunHighT2019,Quantum ESPRESSO 5.1,BEEF-vdW,"{""star"": 1, ""H2gas"": 0.5}","{""Hstar"": 1}",111,,-0.0760929614579879
Sn-0.8-Ti-0.2,Sn9Ti3,Sn3Ti,0.5H2(g) + * -> H*,"{""H"": ""top|B""}",UmVhY3Rpb246MzQ5MjAx,MamunHighT2019,Quantum ESPRESSO 5.1,BEEF-vdW,"{""star"": 1, ""H2gas"": 0.5}","{""Hstar"": 1}",111,,0.11813550194077
Sn-0.8-Tl-0.2,Sn9Tl3,Sn3Tl,0.5H2(g) + * -> H*,"{""H"": ""top|A""}",UmVhY3Rpb246MzQ5NDM4,MamunHighT2019,Quantum ESPRESSO 5.1,BEEF-vdW,"{""star"": 1, ""H2gas"": 0.5}","{""Hstar"": 1}",111,,0.591697392240377
Sn-0.8-V-0.2,Sn9V3,Sn3V,0.5H2(g) + * -> H*,"{""H"": ""top|B""}",UmVhY3Rpb246NDA0NjMw,MamunHighT2019,Quantum ESPRESSO 5.1,BEEF-vdW,"{""star"": 1, ""H2gas"": 0.5}","{""Hstar"": 1}",111,,0.0268075669419261
Sn-0.8-W-0.2,Sn9W3,Sn3W,0.5H2(g) + * -> H*,"{""H"": ""top|B""}",UmVhY3Rpb246MzUzMzg2,MamunHighT2019,Quantum ESPRESSO 5.1,BEEF-vdW,"{""star"": 1, ""H2gas"": 0.5}","{""Hstar"": 1}",111,,-0.334274707655794
Sn-0.8-Y-0.2,Sn9Y3,Sn3Y,0.5H2(g) + * -> H*,"{""H"": ""bridge|A_B|A""}",UmVhY3Rpb246NDA0NTY4,MamunHighT2019,Quantum ESPRESSO 5.1,BEEF-vdW,"{""star"": 1, ""H2gas"": 0.5}","{""Hstar"": 1}",111,,0.530346470143769
Sn-0.8-Zn-0.2,Sn9Zn3,Sn3Zn,0.5H2(g) + * -> H*,"{""H"": ""hollow-tilt|A_A_B|FCC""}",UmVhY3Rpb246MzQ0NDAw,MamunHighT2019,Quantum ESPRESSO 5.1,BEEF-vdW,"{""star"": 1, ""H2gas"": 0.5}","{""Hstar"": 1}",111,,0.467489942137973
Sn-0.8-Zr-0.2,Sn9Zr3,Sn3Zr,0.5H2(g) + * -> H*,"{""H"": ""top|B""}",UmVhY3Rpb246NDA0NTk3,MamunHighT2019,Quantum ESPRESSO 5.1,BEEF-vdW,"{""star"": 1, ""H2gas"": 0.5}","{""Hstar"": 1}",111,,0.082329674541171
Ta-1.0,Ta12,Ta,0.5H2(g) + * -> H*,"{""H"": ""hollow|A_A_A|HCP""}",UmVhY3Rpb246MzM5MjYx,MamunHighT2019,Quantum ESPRESSO 5.1,BEEF-vdW,"{""star"": 1, ""H2gas"": 0.5}","{""Hstar"": 1}",111,,-1.01967259545833
Ta-0.2-Tc-0.8,Ta3Tc9,Tc3Ta,0.5H2(g) + * -> H*,"{""H"": ""hollow|A_A_B|FCC""}",UmVhY3Rpb246MzQ4MDAy,MamunHighT2019,Quantum ESPRESSO 5.1,BEEF-vdW,"{""star"": 1, ""H2gas"": 0.5}","{""Hstar"": 1}",111,,-0.729462914357072
Ta-0.2-Ti-0.8,Ta3Ti9,Ti3Ta,0.5H2(g) + * -> H*,"{""H"": ""hollow|A_A_B|HCP""}",UmVhY3Rpb246MzQxMjU5,MamunHighT2019,Quantum ESPRESSO 5.1,BEEF-vdW,"{""star"": 1, ""H2gas"": 0.5}","{""Hstar"": 1}",111,,-1.01642450855704
Ta-0.2-Tl-0.8,Ta3Tl9,Tl3Ta,0.5H2(g) + * -> H*,"{""H"": ""top|B""}",UmVhY3Rpb246NDA0MTkx,MamunHighT2019,Quantum ESPRESSO 5.1,BEEF-vdW,"{""star"": 1, ""H2gas"": 0.5}","{""Hstar"": 1}",111,,-0.577602711759909
Ta-0.2-V-0.8,Ta3V9,V3Ta,0.5H2(g) + * -> H*,"{""H"": ""hollow|A_A_B|HCP""}",UmVhY3Rpb246NDA4MDE0,MamunHighT2019,Quantum ESPRESSO 5.1,BEEF-vdW,"{""star"": 1, ""H2gas"": 0.5}","{""Hstar"": 1}",111,,-1.02302626245634
Ta-0.2-W-0.8,Ta3W9,W3Ta,0.5H2(g) + * -> H*,"{""H"": ""hollow|A_A_B|HCP""}",UmVhY3Rpb246NDA5ODk2,MamunHighT2019,Quantum ESPRESSO 5.1,BEEF-vdW,"{""star"": 1, ""H2gas"": 0.5}","{""Hstar"": 1}",111,,-1.27577675245536
Ta-0.2-Y-0.8,Ta3Y9,Y3Ta,0.5H2(g) + * -> H*,"{""H"": ""hollow|A_A_A|HCP""}",UmVhY3Rpb246MzQ1NDA1,MamunHighT2019,Quantum ESPRESSO 5.1,BEEF-vdW,"{""star"": 1, ""H2gas"": 0.5}","{""Hstar"": 1}",111,,-0.973677873559581
Ta-0.2-Zn-0.8,Ta3Zn9,Zn3Ta,0.5H2(g) + * -> H*,"{""H"": ""hollow|A_A_B|HCP""}",UmVhY3Rpb246NDAyNjg2,MamunHighT2019,Quantum ESPRESSO 5.1,BEEF-vdW,"{""star"": 1, ""H2gas"": 0.5}","{""Hstar"": 1}",111,,-0.554052211452444
Ta-0.2-Zr-0.8,Ta3Zr9,Zr3Ta,0.5H2(g) + * -> H*,"{""H"": ""hollow|A_A_A|HCP""}",UmVhY3Rpb246NDA2MjA4,MamunHighT2019,Quantum ESPRESSO 5.1,BEEF-vdW,"{""star"": 1, ""H2gas"": 0.5}","{""Hstar"": 1}",111,,-1.04228593565765
Ta-0.5-Tc-0.5,Ta6Tc6,TaTc,0.5H2(g) + * -> H*,"{""H"": ""hollow|A_A_B|FCC""}",UmVhY3Rpb246MzUzNjc5,MamunHighT2019,Quantum ESPRESSO 5.1,BEEF-vdW,"{""star"": 1, ""H2gas"": 0.5}","{""Hstar"": 1}",101,,-0.77312752535633
Ta-0.5-Ti-0.5,Ta6Ti6,TaTi,0.5H2(g) + * -> H*,"{""H"": ""hollow|A_A_B|HCP""}",UmVhY3Rpb246Mzg0NjEx,MamunHighT2019,Quantum ESPRESSO 5.1,BEEF-vdW,"{""star"": 1, ""H2gas"": 0.5}","{""Hstar"": 1}",101,,-1.01003786075941
Ta-0.5-Tl-0.5,Ta6Tl6,TaTl,0.5H2(g) + * -> H*,"{""H"": ""bridge|A_A|B""}",UmVhY3Rpb246MzU3ODU2,MamunHighT2019,Quantum ESPRESSO 5.1,BEEF-vdW,"{""star"": 1, ""H2gas"": 0.5}","{""Hstar"": 1}",101,,-0.680700114457949
Ta-0.5-V-0.5,Ta6V6,TaV,0.5H2(g) + * -> H*,"{""H"": ""hollow|A_A_B|HCP""}",UmVhY3Rpb246MzU1MDY1,MamunHighT2019,Quantum ESPRESSO 5.1,BEEF-vdW,"{""star"": 1, ""H2gas"": 0.5}","{""Hstar"": 1}",101,,-0.906375549656303
Ta-0.5-W-0.5,Ta6W6,TaW,0.5H2(g) + * -> H*,"{""H"": ""hollow|A_B_B|HCP""}",UmVhY3Rpb246MzU2OTUy,MamunHighT2019,Quantum ESPRESSO 5.1,BEEF-vdW,"{""star"": 1, ""H2gas"": 0.5}","{""Hstar"": 1}",101,,-0.91359146445663
Ta-0.5-Y-0.5,Ta6Y6,TaY,0.5H2(g) + * -> H*,"{""H"": ""hollow|A_A_B|HCP""}",UmVhY3Rpb246MzU2MjA4,MamunHighT2019,Quantum ESPRESSO 5.1,BEEF-vdW,"{""star"": 1, ""H2gas"": 0.5}","{""Hstar"": 1}",101,,-0.971051566858449
Ta-0.5-Zn-0.5,Ta6Zn6,TaZn,0.5H2(g) + * -> H*,"{""H"": ""bridge|A_A|B""}",UmVhY3Rpb246MzUwMjkw,MamunHighT2019,Quantum ESPRESSO 5.1,BEEF-vdW,"{""star"": 1, ""H2gas"": 0.5}","{""Hstar"": 1}",101,,-0.823118102859525
Ta-0.5-Zr-0.5,Ta6Zr6,TaZr,0.5H2(g) + * -> H*,"{""H"": ""hollow|A_A_B|HCP""}",UmVhY3Rpb246MzUyMzMz,MamunHighT2019,Quantum ESPRESSO 5.1,BEEF-vdW,"{""star"": 1, ""H2gas"": 0.5}","{""Hstar"": 1}",101,,-0.990126338757335
Ta-0.8-Tc-0.2,Ta9Tc3,Ta3Tc,0.5H2(g) + * -> H*,"{""H"": ""hollow|A_A_A|HCP""}",UmVhY3Rpb246NDA3MTI4,MamunHighT2019,Quantum ESPRESSO 5.1,BEEF-vdW,"{""star"": 1, ""H2gas"": 0.5}","{""Hstar"": 1}",111,,-1.29903717935937
Ta-0.8-Ti-0.2,Ta9Ti3,Ta3Ti,0.5H2(g) + * -> H*,"{""H"": ""hollow|A_A_B|HCP""}",UmVhY3Rpb246NDA3MDgz,MamunHighT2019,Quantum ESPRESSO 5.1,BEEF-vdW,"{""star"": 1, ""H2gas"": 0.5}","{""Hstar"": 1}",111,,-1.04432502065808
Ta-0.8-Tl-0.2,Ta9Tl3,Ta3Tl,0.5H2(g) + * -> H*,"{""H"": ""hollow|A_A_A|HCP""}",UmVhY3Rpb246MzQzOTky,MamunHighT2019,Quantum ESPRESSO 5.1,BEEF-vdW,"{""star"": 1, ""H2gas"": 0.5}","{""Hstar"": 1}",111,,-1.06219500865606
Ta-0.8-V-0.2,Ta9V3,Ta3V,0.5H2(g) + * -> H*,"{""H"": ""hollow|A_A_B|HCP""}",UmVhY3Rpb246MzQ3NzY1,MamunHighT2019,Quantum ESPRESSO 5.1,BEEF-vdW,"{""star"": 1, ""H2gas"": 0.5}","{""Hstar"": 1}",111,,-1.07057012835773
Ta-0.8-W-0.2,Ta9W3,Ta3W,0.5H2(g) + * -> H*,"{""H"": ""hollow|A_A_B|HCP""}",UmVhY3Rpb246MzQxODY5,MamunHighT2019,Quantum ESPRESSO 5.1,BEEF-vdW,"{""star"": 1, ""H2gas"": 0.5}","{""Hstar"": 1}",111,,-1.11633641065689
Ta-0.8-Y-0.2,Ta9Y3,Ta3Y,0.5H2(g) + * -> H*,"{""H"": ""bridge|A_A|B""}",UmVhY3Rpb246MzQ5ODgw,MamunHighT2019,Quantum ESPRESSO 5.1,BEEF-vdW,"{""star"": 1, ""H2gas"": 0.5}","{""Hstar"": 1}",111,,-0.890675533554685
Ta-0.8-Zn-0.2,Ta9Zn3,Ta3Zn,0.5H2(g) + * -> H*,"{""H"": ""hollow|A_A_A|FCC""}",UmVhY3Rpb246NDA3MjM4,MamunHighT2019,Quantum ESPRESSO 5.1,BEEF-vdW,"{""star"": 1, ""H2gas"": 0.5}","{""Hstar"": 1}",111,,-1.06913527215417
Ta-0.8-Zr-0.2,Ta9Zr3,Ta3Zr,0.5H2(g) + * -> H*,"{""H"": ""hollow|A_A_B|FCC""}",UmVhY3Rpb246NDA3MDc0,MamunHighT2019,Quantum ESPRESSO 5.1,BEEF-vdW,"{""star"": 1, ""H2gas"": 0.5}","{""Hstar"": 1}",111,,-0.993243674961349
Tc-1.0,Tc12,Tc,0.5H2(g) + * -> H*,"{""H"": ""hollow|A_A_A|FCC""}",UmVhY3Rpb246MzM5NDUz,MamunHighT2019,Quantum ESPRESSO 5.1,BEEF-vdW,"{""star"": 1, ""H2gas"": 0.5}","{""Hstar"": 1}",111,,-0.559478977759653
Tc-0.2-Ti-0.8,Tc3Ti9,Ti3Tc,0.5H2(g) + * -> H*,"{""H"": ""hollow|A_A_A|HCP""}",UmVhY3Rpb246MzQxODQ3,MamunHighT2019,Quantum ESPRESSO 5.1,BEEF-vdW,"{""star"": 1, ""H2gas"": 0.5}","{""Hstar"": 1}",111,,-1.08503855725482
Tc-0.2-Tl-0.8,Tc3Tl9,Tl3Tc,0.5H2(g) + * -> H*,"{""H"": ""hollow|A_A_A|HCP""}",UmVhY3Rpb246NDA0MjE2,MamunHighT2019,Quantum ESPRESSO 5.1,BEEF-vdW,"{""star"": 1, ""H2gas"": 0.5}","{""Hstar"": 1}",111,,0.951984958342138
Tc-0.2-V-0.8,Tc3V9,V3Tc,0.5H2(g) + * -> H*,"{""H"": ""hollow|A_A_A|HCP""}",UmVhY3Rpb246NDA4MTIy,MamunHighT2019,Quantum ESPRESSO 5.1,BEEF-vdW,"{""star"": 1, ""H2gas"": 0.5}","{""Hstar"": 1}",111,,-1.32006981035644
Tc-0.2-W-0.8,Tc3W9,W3Tc,0.5H2(g) + * -> H*,"{""H"": ""hollow|A_A_B|HCP""}",UmVhY3Rpb246NDA5OTI0,MamunHighT2019,Quantum ESPRESSO 5.1,BEEF-vdW,"{""star"": 1, ""H2gas"": 0.5}","{""Hstar"": 1}",111,,-0.898258257758215
Tc-0.2-Y-0.8,Tc3Y9,Y3Tc,0.5H2(g) + * -> H*,"{""H"": ""hollow|A_A_A|HCP""}",UmVhY3Rpb246MzQwNzMw,MamunHighT2019,Quantum ESPRESSO 5.1,BEEF-vdW,"{""star"": 1, ""H2gas"": 0.5}","{""Hstar"": 1}",111,,-1.04695894655649
Tc-0.2-Zn-0.8,Tc3Zn9,Zn3Tc,0.5H2(g) + * -> H*,"{""H"": ""top|B""}",UmVhY3Rpb246MzUwMzg4,MamunHighT2019,Quantum ESPRESSO 5.1,BEEF-vdW,"{""star"": 1, ""H2gas"": 0.5}","{""Hstar"": 1}",111,,-0.425848361358447
Tc-0.2-Zr-0.8,Tc3Zr9,Zr3Tc,0.5H2(g) + * -> H*,"{""H"": ""hollow|A_A_A|HCP""}",UmVhY3Rpb246MzQyMzkw,MamunHighT2019,Quantum ESPRESSO 5.1,BEEF-vdW,"{""star"": 1, ""H2gas"": 0.5}","{""Hstar"": 1}",111,,-1.02439553925703
Tc-0.5-Ti-0.5,Tc6Ti6,TcTi,0.5H2(g) + * -> H*,"{""H"": ""hollow|A_B_B|HCP""}",UmVhY3Rpb246NDI5MDEz,MamunHighT2019,Quantum ESPRESSO 5.1,BEEF-vdW,"{""star"": 1, ""H2gas"": 0.5}","{""Hstar"": 1}",101,,-0.828095745359832
Tc-0.5-Tl-0.5,Tc6Tl6,TcTl,0.5H2(g) + * -> H*,"{""H"": ""top|A""}",UmVhY3Rpb246MzU5MzM5,MamunHighT2019,Quantum ESPRESSO 5.1,BEEF-vdW,"{""star"": 1, ""H2gas"": 0.5}","{""Hstar"": 1}",101,,-0.391304053758148
Tc-0.5-V-0.5,Tc6V6,TcV,0.5H2(g) + * -> H*,"{""H"": ""hollow|A_B_B|HCP""}",UmVhY3Rpb246MzUxNzQz,MamunHighT2019,Quantum ESPRESSO 5.1,BEEF-vdW,"{""star"": 1, ""H2gas"": 0.5}","{""Hstar"": 1}",101,,-0.715812323555809
Tc-0.5-W-0.5,Tc6W6,TcW,0.5H2(g) + * -> H*,"{""H"": ""hollow|A_B_B|FCC""}",UmVhY3Rpb246MzUyNTQw,MamunHighT2019,Quantum ESPRESSO 5.1,BEEF-vdW,"{""star"": 1, ""H2gas"": 0.5}","{""Hstar"": 1}",101,,-0.559483467556646
Tc-0.5-Y-0.5,Tc6Y6,TcY,0.5H2(g) + * -> H*,"{""H"": ""4fold|A_A_B_B""}",UmVhY3Rpb246NDA1NDcx,MamunHighT2019,Quantum ESPRESSO 5.1,BEEF-vdW,"{""star"": 1, ""H2gas"": 0.5}","{""Hstar"": 1}",101,,-0.866000930959643
Tc-0.5-Zn-0.5,Tc6Zn6,TcZn,0.5H2(g) + * -> H*,"{""H"": ""bridge|A_A|B""}",UmVhY3Rpb246MzU5NDU4,MamunHighT2019,Quantum ESPRESSO 5.1,BEEF-vdW,"{""star"": 1, ""H2gas"": 0.5}","{""Hstar"": 1}",101,,-0.413517114654468
Tc-0.5-Zr-0.5,Tc6Zr6,TcZr,0.5H2(g) + * -> H*,"{""H"": ""hollow|A_B_B|FCC""}",UmVhY3Rpb246MzU4MDQ1,MamunHighT2019,Quantum ESPRESSO 5.1,BEEF-vdW,"{""star"": 1, ""H2gas"": 0.5}","{""Hstar"": 1}",101,,-0.908698585560131
Tc-0.8-Ti-0.2,Tc9Ti3,Tc3Ti,0.5H2(g) + * -> H*,"{""H"": ""hollow|A_A_B|FCC""}",UmVhY3Rpb246MzQ4MzEy,MamunHighT2019,Quantum ESPRESSO 5.1,BEEF-vdW,"{""star"": 1, ""H2gas"": 0.5}","{""Hstar"": 1}",111,,-0.682164223059743
Tc-0.8-Tl-0.2,Tc9Tl3,Tc3Tl,0.5H2(g) + * -> H*,"{""H"": ""hollow|A_A_A|HCP""}",UmVhY3Rpb246NDExNDc2,MamunHighT2019,Quantum ESPRESSO 5.1,BEEF-vdW,"{""star"": 1, ""H2gas"": 0.5}","{""Hstar"": 1}",111,,-0.499348350061126
Tc-0.8-V-0.2,Tc9V3,Tc3V,0.5H2(g) + * -> H*,"{""H"": ""hollow|A_A_B|HCP""}",UmVhY3Rpb246NDEwNjMz,MamunHighT2019,Quantum ESPRESSO 5.1,BEEF-vdW,"{""star"": 1, ""H2gas"": 0.5}","{""Hstar"": 1}",111,,-0.670219241855165
Tc-0.8-W-0.2,Tc9W3,Tc3W,0.5H2(g) + * -> H*,"{""H"": ""hollow|A_A_B|FCC""}",UmVhY3Rpb246NDEwNjg2,MamunHighT2019,Quantum ESPRESSO 5.1,BEEF-vdW,"{""star"": 1, ""H2gas"": 0.5}","{""Hstar"": 1}",111,,-0.650231119757308
Tc-0.8-Y-0.2,Tc9Y3,Tc3Y,0.5H2(g) + * -> H*,"{""H"": ""bridge|A_A|B""}",UmVhY3Rpb246NDEwNTQ4,MamunHighT2019,Quantum ESPRESSO 5.1,BEEF-vdW,"{""star"": 1, ""H2gas"": 0.5}","{""Hstar"": 1}",111,,-0.884090650756633
Tc-0.8-Zn-0.2,Tc9Zn3,Tc3Zn,0.5H2(g) + * -> H*,"{""H"": ""hollow|A_A_A|HCP""}",UmVhY3Rpb246NDExMjY1,MamunHighT2019,Quantum ESPRESSO 5.1,BEEF-vdW,"{""star"": 1, ""H2gas"": 0.5}","{""Hstar"": 1}",111,,-0.596463874257978
Tc-0.8-Zr-0.2,Tc9Zr3,Tc3Zr,0.5H2(g) + * -> H*,"{""H"": ""bridge|A_A|B""}",UmVhY3Rpb246NDEwNTg3,MamunHighT2019,Quantum ESPRESSO 5.1,BEEF-vdW,"{""star"": 1, ""H2gas"": 0.5}","{""Hstar"": 1}",111,,-0.750802353758417
Ti-1.0,Ti12,Ti,0.5H2(g) + * -> H*,"{""H"": ""hollow|A_A_A|HCP""}",UmVhY3Rpb246MzM5NjI1,MamunHighT2019,Quantum ESPRESSO 5.1,BEEF-vdW,"{""star"": 1, ""H2gas"": 0.5}","{""Hstar"": 1}",111,,-1.01043745985859
Ti-0.2-Tl-0.8,Ti3Tl9,Tl3Ti,0.5H2(g) + * -> H*,"{""H"": ""top|B""}",UmVhY3Rpb246NDA0MTg1,MamunHighT2019,Quantum ESPRESSO 5.1,BEEF-vdW,"{""star"": 1, ""H2gas"": 0.5}","{""Hstar"": 1}",111,,-0.0880489631553871
Ti-0.2-V-0.8,Ti3V9,V3Ti,0.5H2(g) + * -> H*,"{""H"": ""hollow|A_A_B|HCP""}",UmVhY3Rpb246NDA4MDA5,MamunHighT2019,Quantum ESPRESSO 5.1,BEEF-vdW,"{""star"": 1, ""H2gas"": 0.5}","{""Hstar"": 1}",111,,-0.981460193258471
Ti-0.2-W-0.8,Ti3W9,W3Ti,0.5H2(g) + * -> H*,"{""H"": ""hollow|A_A_B|HCP""}",UmVhY3Rpb246NDA5ODkx,MamunHighT2019,Quantum ESPRESSO 5.1,BEEF-vdW,"{""star"": 1, ""H2gas"": 0.5}","{""Hstar"": 1}",111,,-1.05366464795858
Ti-0.2-Y-0.8,Ti3Y9,Y3Ti,0.5H2(g) + * -> H*,"{""H"": ""hollow|A_A_A|HCP""}",UmVhY3Rpb246MzQxNzky,MamunHighT2019,Quantum ESPRESSO 5.1,BEEF-vdW,"{""star"": 1, ""H2gas"": 0.5}","{""Hstar"": 1}",111,,-0.98838331355816
Ti-0.2-Zn-0.8,Ti3Zn9,Zn3Ti,0.5H2(g) + * -> H*,"{""H"": ""hollow|A_A_B|FCC""}",UmVhY3Rpb246NDAyNjcz,MamunHighT2019,Quantum ESPRESSO 5.1,BEEF-vdW,"{""star"": 1, ""H2gas"": 0.5}","{""Hstar"": 1}",111,,-0.338536282454669
Ti-0.2-Zr-0.8,Ti3Zr9,Zr3Ti,0.5H2(g) + * -> H*,"{""H"": ""hollow|A_A_A|HCP""}",UmVhY3Rpb246MzQxMTE1,MamunHighT2019,Quantum ESPRESSO 5.1,BEEF-vdW,"{""star"": 1, ""H2gas"": 0.5}","{""Hstar"": 1}",111,,-1.02066703535726
Ti-0.5-Tl-0.5,Ti6Tl6,TiTl,0.5H2(g) + * -> H*,"{""H"": ""bridge|A_A|B""}",UmVhY3Rpb246MzUwNzg4,MamunHighT2019,Quantum ESPRESSO 5.1,BEEF-vdW,"{""star"": 1, ""H2gas"": 0.5}","{""Hstar"": 1}",101,,-0.501668120555195
Ti-0.5-V-0.5,Ti6V6,TiV,0.5H2(g) + * -> H*,"{""H"": ""hollow|A_B_B|HCP""}",UmVhY3Rpb246MzU0MDI1,MamunHighT2019,Quantum ESPRESSO 5.1,BEEF-vdW,"{""star"": 1, ""H2gas"": 0.5}","{""Hstar"": 1}",101,,-0.959918845458532
Ti-0.5-W-0.5,Ti6W6,TiW,0.5H2(g) + * -> H*,"{""H"": ""hollow|A_B_B|HCP""}",UmVhY3Rpb246MzU1OTc0,MamunHighT2019,Quantum ESPRESSO 5.1,BEEF-vdW,"{""star"": 1, ""H2gas"": 0.5}","{""Hstar"": 1}",101,,-0.926078360257606
Ti-0.5-Y-0.5,Ti6Y6,TiY,0.5H2(g) + * -> H*,"{""H"": ""hollow|A_B_B|HCP""}",UmVhY3Rpb246MzUwOTg1,MamunHighT2019,Quantum ESPRESSO 5.1,BEEF-vdW,"{""star"": 1, ""H2gas"": 0.5}","{""Hstar"": 1}",101,,-0.963137407858966
Ti-0.5-Zn-0.5,Ti6Zn6,TiZn,0.5H2(g) + * -> H*,"{""H"": ""hollow|A_A_B|HCP""}",UmVhY3Rpb246MzU4NTU5,MamunHighT2019,Quantum ESPRESSO 5.1,BEEF-vdW,"{""star"": 1, ""H2gas"": 0.5}","{""Hstar"": 1}",101,,-0.79770607185398
Ti-0.5-Zr-0.5,Ti6Zr6,TiZr,0.5H2(g) + * -> H*,"{""H"": ""hollow|A_B_B|HCP""}",UmVhY3Rpb246NDA2MjAy,MamunHighT2019,Quantum ESPRESSO 5.1,BEEF-vdW,"{""star"": 1, ""H2gas"": 0.5}","{""Hstar"": 1}",101,,-1.02435513025827
Ti-0.8-Tl-0.2,Ti9Tl3,Ti3Tl,0.5H2(g) + * -> H*,"{""H"": ""hollow|A_A_A|FCC""}",UmVhY3Rpb246MzQzNzc3,MamunHighT2019,Quantum ESPRESSO 5.1,BEEF-vdW,"{""star"": 1, ""H2gas"": 0.5}","{""Hstar"": 1}",111,,-1.12347776625663
Ti-0.8-V-0.2,Ti9V3,Ti3V,0.5H2(g) + * -> H*,"{""H"": ""hollow|A_A_A|HCP""}",UmVhY3Rpb246MzQxMjk5,MamunHighT2019,Quantum ESPRESSO 5.1,BEEF-vdW,"{""star"": 1, ""H2gas"": 0.5}","{""Hstar"": 1}",111,,-1.05133644195936
Ti-0.8-W-0.2,Ti9W3,Ti3W,0.5H2(g) + * -> H*,"{""H"": ""hollow|A_A_A|HCP""}",UmVhY3Rpb246NDA2ODYz,MamunHighT2019,Quantum ESPRESSO 5.1,BEEF-vdW,"{""star"": 1, ""H2gas"": 0.5}","{""Hstar"": 1}",111,,-1.05045969115869
Ti-0.8-Y-0.2,Ti9Y3,Ti3Y,0.5H2(g) + * -> H*,"{""H"": ""hollow|A_A_B|HCP""}",UmVhY3Rpb246NDA2Nzk4,MamunHighT2019,Quantum ESPRESSO 5.1,BEEF-vdW,"{""star"": 1, ""H2gas"": 0.5}","{""Hstar"": 1}",111,,-0.959663738757598
Ti-0.8-Zn-0.2,Ti9Zn3,Ti3Zn,0.5H2(g) + * -> H*,"{""H"": ""hollow|A_A_A|FCC""}",UmVhY3Rpb246MzQ2OTA0,MamunHighT2019,Quantum ESPRESSO 5.1,BEEF-vdW,"{""star"": 1, ""H2gas"": 0.5}","{""Hstar"": 1}",111,,-1.105204369559
Ti-0.8-Zr-0.2,Ti9Zr3,Ti3Zr,0.5H2(g) + * -> H*,"{""H"": ""hollow|A_A_B|HCP""}",UmVhY3Rpb246MzQzMTg3,MamunHighT2019,Quantum ESPRESSO 5.1,BEEF-vdW,"{""star"": 1, ""H2gas"": 0.5}","{""Hstar"": 1}",111,,-1.01126101236056
Tl-1.0,Tl12,Tl,0.5H2(g) + * -> H*,"{""H"": ""hollow|A_A_A|FCC""}",UmVhY3Rpb246NDI5MDIy,MamunHighT2019,Quantum ESPRESSO 5.1,BEEF-vdW,"{""star"": 1, ""H2gas"": 0.5}","{""Hstar"": 1}",111,,0.952849191839988
Tl-0.2-V-0.8,Tl3V9,V3Tl,0.5H2(g) + * -> H*,"{""H"": ""hollow|A_A_A|FCC""}",UmVhY3Rpb246MzQxNzI3,MamunHighT2019,Quantum ESPRESSO 5.1,BEEF-vdW,"{""star"": 1, ""H2gas"": 0.5}","{""Hstar"": 1}",111,,-0.975967575358453
Tl-0.2-W-0.8,Tl3W9,W3Tl,0.5H2(g) + * -> H*,"{""H"": ""hollow|A_A_A|HCP""}",UmVhY3Rpb246MzQ2NTEy,MamunHighT2019,Quantum ESPRESSO 5.1,BEEF-vdW,"{""star"": 1, ""H2gas"": 0.5}","{""Hstar"": 1}",111,,-0.935110907058487
Tl-0.2-Y-0.8,Tl3Y9,Y3Tl,0.5H2(g) + * -> H*,"{""H"": ""hollow|A_A_A|FCC""}",UmVhY3Rpb246NDI5MDI4,MamunHighT2019,Quantum ESPRESSO 5.1,BEEF-vdW,"{""star"": 1, ""H2gas"": 0.5}","{""Hstar"": 1}",111,,-1.11139155795806
Tl-0.2-Zn-0.8,Tl3Zn9,Zn3Tl,0.5H2(g) + * -> H*,"{""H"": ""bridge|A_A|B""}",UmVhY3Rpb246NDI5MDQ2,MamunHighT2019,Quantum ESPRESSO 5.1,BEEF-vdW,"{""star"": 1, ""H2gas"": 0.5}","{""Hstar"": 1}",111,,0.434685122244474
Tl-0.2-Zr-0.8,Tl3Zr9,Zr3Tl,0.5H2(g) + * -> H*,"{""H"": ""hollow|A_A_A|FCC""}",UmVhY3Rpb246NDA2NTMz,MamunHighT2019,Quantum ESPRESSO 5.1,BEEF-vdW,"{""star"": 1, ""H2gas"": 0.5}","{""Hstar"": 1}",111,,-1.11659110915841
Tl-0.5-W-0.5,Tl6W6,TlW,0.5H2(g) + * -> H*,"{""H"": ""top|B""}",UmVhY3Rpb246MzU1NjQ1,MamunHighT2019,Quantum ESPRESSO 5.1,BEEF-vdW,"{""star"": 1, ""H2gas"": 0.5}","{""Hstar"": 1}",101,,-0.0685220742588797
Tl-0.5-Y-0.5,Tl6Y6,TlY,0.5H2(g) + * -> H*,"{""H"": ""bridge|B_B|A""}",UmVhY3Rpb246MzUxMTI0,MamunHighT2019,Quantum ESPRESSO 5.1,BEEF-vdW,"{""star"": 1, ""H2gas"": 0.5}","{""Hstar"": 1}",101,,-0.540205154556105
Tl-0.5-Zn-0.5,Tl6Zn6,TlZn,0.5H2(g) + * -> H*,"{""H"": ""bridge|B_B|A""}",UmVhY3Rpb246MzU3OTE2,MamunHighT2019,Quantum ESPRESSO 5.1,BEEF-vdW,"{""star"": 1, ""H2gas"": 0.5}","{""Hstar"": 1}",101,,0.533306252343238
Tl-0.5-Zr-0.5,Tl6Zr6,TlZr,0.5H2(g) + * -> H*,"{""H"": ""bridge|B_B|A""}",UmVhY3Rpb246MzU5NzA3,MamunHighT2019,Quantum ESPRESSO 5.1,BEEF-vdW,"{""star"": 1, ""H2gas"": 0.5}","{""Hstar"": 1}",101,,-0.560590698757522
Tl-0.8-V-0.2,Tl9V3,Tl3V,0.5H2(g) + * -> H*,"{""H"": ""hollow|A_A_A|HCP""}",UmVhY3Rpb246MzQxMDIy,MamunHighT2019,Quantum ESPRESSO 5.1,BEEF-vdW,"{""star"": 1, ""H2gas"": 0.5}","{""Hstar"": 1}",111,,1.01135108214024
Tl-0.8-W-0.2,Tl9W3,Tl3W,0.5H2(g) + * -> H*,"{""H"": ""top|B""}",UmVhY3Rpb246NDA0MjEx,MamunHighT2019,Quantum ESPRESSO 5.1,BEEF-vdW,"{""star"": 1, ""H2gas"": 0.5}","{""Hstar"": 1}",111,,-0.646735409361071
Tl-0.8-Y-0.2,Tl9Y3,Tl3Y,0.5H2(g) + * -> H*,"{""H"": ""bridge|A_B|A""}",UmVhY3Rpb246NDA0MTU2,MamunHighT2019,Quantum ESPRESSO 5.1,BEEF-vdW,"{""star"": 1, ""H2gas"": 0.5}","{""Hstar"": 1}",111,,0.229827620242787
Tl-0.8-Zn-0.2,Tl9Zn3,Tl3Zn,0.5H2(g) + * -> H*,"{""H"": ""bridge-tilt|A_B|A""}",UmVhY3Rpb246NDA0MjQ4,MamunHighT2019,Quantum ESPRESSO 5.1,BEEF-vdW,"{""star"": 1, ""H2gas"": 0.5}","{""Hstar"": 1}",111,,0.505671867446864
Tl-0.8-Zr-0.2,Tl9Zr3,Tl3Zr,0.5H2(g) + * -> H*,"{""H"": ""top|B""}",UmVhY3Rpb246NDA0MTcz,MamunHighT2019,Quantum ESPRESSO 5.1,BEEF-vdW,"{""star"": 1, ""H2gas"": 0.5}","{""Hstar"": 1}",111,,-0.0856408918579916
V-1.0,V12,V,0.5H2(g) + * -> H*,"{""H"": ""hollow|A_A_A|HCP""}",UmVhY3Rpb246MzM5NDE1,MamunHighT2019,Quantum ESPRESSO 5.1,BEEF-vdW,"{""star"": 1, ""H2gas"": 0.5}","{""Hstar"": 1}",111,,-0.99566058995967
V-0.2-W-0.8,V3W9,W3V,0.5H2(g) + * -> H*,"{""H"": ""hollow|A_A_B|FCC""}",UmVhY3Rpb246NDA5OTA1,MamunHighT2019,Quantum ESPRESSO 5.1,BEEF-vdW,"{""star"": 1, ""H2gas"": 0.5}","{""Hstar"": 1}",111,,-1.30115925916013
V-0.2-Y-0.8,V3Y9,Y3V,0.5H2(g) + * -> H*,"{""H"": ""hollow|A_A_A|HCP""}",UmVhY3Rpb246MzQ2MDk0,MamunHighT2019,Quantum ESPRESSO 5.1,BEEF-vdW,"{""star"": 1, ""H2gas"": 0.5}","{""Hstar"": 1}",111,,-1.0060386036557
V-0.2-Zn-0.8,V3Zn9,Zn3V,0.5H2(g) + * -> H*,"{""H"": ""hollow|A_A_B|HCP""}",UmVhY3Rpb246NDAyNjk3,MamunHighT2019,Quantum ESPRESSO 5.1,BEEF-vdW,"{""star"": 1, ""H2gas"": 0.5}","{""Hstar"": 1}",111,,-0.386120829453802
V-0.2-Zr-0.8,V3Zr9,Zr3V,0.5H2(g) + * -> H*,"{""H"": ""hollow|A_A_A|HCP""}",UmVhY3Rpb246NDA2MjQw,MamunHighT2019,Quantum ESPRESSO 5.1,BEEF-vdW,"{""star"": 1, ""H2gas"": 0.5}","{""Hstar"": 1}",111,,-1.02115289465561
V-0.5-W-0.5,V6W6,VW,0.5H2(g) + * -> H*,"{""H"": ""hollow|A_A_B|HCP""}",UmVhY3Rpb246MzU0MTU2,MamunHighT2019,Quantum ESPRESSO 5.1,BEEF-vdW,"{""star"": 1, ""H2gas"": 0.5}","{""Hstar"": 1}",101,,-0.902072613559511
V-0.5-Zn-0.5,V6Zn6,VZn,0.5H2(g) + * -> H*,"{""H"": ""bridge|A_A|B""}",UmVhY3Rpb246MzU5Nzk1,MamunHighT2019,Quantum ESPRESSO 5.1,BEEF-vdW,"{""star"": 1, ""H2gas"": 0.5}","{""Hstar"": 1}",101,,-0.694265533557854
V-0.5-Zr-0.5,V6Zr6,VZr,0.5H2(g) + * -> H*,"{""H"": ""hollow|A_A_B|FCC""}",UmVhY3Rpb246NDA2MjUx,MamunHighT2019,Quantum ESPRESSO 5.1,BEEF-vdW,"{""star"": 1, ""H2gas"": 0.5}","{""Hstar"": 1}",101,,-0.976652077758416
V-0.8-W-0.2,V9W3,V3W,0.5H2(g) + * -> H*,"{""H"": ""hollow|A_A_A|HCP""}",UmVhY3Rpb246NDA4MDU4,MamunHighT2019,Quantum ESPRESSO 5.1,BEEF-vdW,"{""star"": 1, ""H2gas"": 0.5}","{""Hstar"": 1}",111,,-1.19042294066
V-0.8-Y-0.2,V9Y3,V3Y,0.5H2(g) + * -> H*,"{""H"": ""bridge|A_A|B""}",UmVhY3Rpb246MzQ5NjMx,MamunHighT2019,Quantum ESPRESSO 5.1,BEEF-vdW,"{""star"": 1, ""H2gas"": 0.5}","{""Hstar"": 1}",111,,-0.80133402955741
V-0.8-Zn-0.2,V9Zn3,V3Zn,0.5H2(g) + * -> H*,"{""H"": ""hollow|A_A_A|FCC""}",UmVhY3Rpb246MzQxNTM4,MamunHighT2019,Quantum ESPRESSO 5.1,BEEF-vdW,"{""star"": 1, ""H2gas"": 0.5}","{""Hstar"": 1}",111,,-1.06560119355615
V-0.8-Zr-0.2,V9Zr3,V3Zr,0.5H2(g) + * -> H*,"{""H"": ""hollow|A_A_B|FCC""}",UmVhY3Rpb246MzQxNjk0,MamunHighT2019,Quantum ESPRESSO 5.1,BEEF-vdW,"{""star"": 1, ""H2gas"": 0.5}","{""Hstar"": 1}",111,,-0.941766539456665
W-1.0,W12,W,0.5H2(g) + * -> H*,"{""H"": ""hollow|A_A_A|FCC""}",UmVhY3Rpb246MzM5MzI3,MamunHighT2019,Quantum ESPRESSO 5.1,BEEF-vdW,"{""star"": 1, ""H2gas"": 0.5}","{""Hstar"": 1}",111,,-0.879511383059224
W-0.2-Y-0.8,W3Y9,Y3W,0.5H2(g) + * -> H*,"{""H"": ""hollow|A_A_A|HCP""}",UmVhY3Rpb246MzQxNDQz,MamunHighT2019,Quantum ESPRESSO 5.1,BEEF-vdW,"{""star"": 1, ""H2gas"": 0.5}","{""Hstar"": 1}",111,,-1.00481368325833
W-0.2-Zn-0.8,W3Zn9,Zn3W,0.5H2(g) + * -> H*,"{""H"": ""hollow|A_A_B|HCP""}",UmVhY3Rpb246MzQ3OTEy,MamunHighT2019,Quantum ESPRESSO 5.1,BEEF-vdW,"{""star"": 1, ""H2gas"": 0.5}","{""Hstar"": 1}",111,,-0.574942526857711
W-0.2-Zr-0.8,W3Zr9,Zr3W,0.5H2(g) + * -> H*,"{""H"": ""hollow|A_A_A|HCP""}",UmVhY3Rpb246NDA2Mjgw,MamunHighT2019,Quantum ESPRESSO 5.1,BEEF-vdW,"{""star"": 1, ""H2gas"": 0.5}","{""Hstar"": 1}",111,,-1.03179676355919
W-0.5-Y-0.5,W6Y6,WY,0.5H2(g) + * -> H*,"{""H"": ""hollow-tilt|A_A_B|HCP""}",UmVhY3Rpb246MzU4MjI1,MamunHighT2019,Quantum ESPRESSO 5.1,BEEF-vdW,"{""star"": 1, ""H2gas"": 0.5}","{""Hstar"": 1}",101,,-0.932389088359713
W-0.5-Zn-0.5,W6Zn6,WZn,0.5H2(g) + * -> H*,"{""H"": ""bridge|A_A|B""}",UmVhY3Rpb246MzU2NjQ0,MamunHighT2019,Quantum ESPRESSO 5.1,BEEF-vdW,"{""star"": 1, ""H2gas"": 0.5}","{""Hstar"": 1}",101,,-0.770378631458669
W-0.5-Zr-0.5,W6Zr6,WZr,0.5H2(g) + * -> H*,"{""H"": ""hollow|A_A_B|HCP""}",UmVhY3Rpb246MzUyMTI4,MamunHighT2019,Quantum ESPRESSO 5.1,BEEF-vdW,"{""star"": 1, ""H2gas"": 0.5}","{""Hstar"": 1}",101,,-0.918433322057325
W-0.8-Y-0.2,W9Y3,W3Y,0.5H2(g) + * -> H*,"{""H"": ""bridge|A_A|B""}",UmVhY3Rpb246NDA5ODgy,MamunHighT2019,Quantum ESPRESSO 5.1,BEEF-vdW,"{""star"": 1, ""H2gas"": 0.5}","{""Hstar"": 1}",111,,-0.797309738059056
W-0.8-Zn-0.2,W9Zn3,W3Zn,0.5H2(g) + * -> H*,"{""H"": ""hollow|A_A_A|HCP""}",UmVhY3Rpb246NDEwMTM3,MamunHighT2019,Quantum ESPRESSO 5.1,BEEF-vdW,"{""star"": 1, ""H2gas"": 0.5}","{""Hstar"": 1}",111,,-0.991939977458031
W-0.8-Zr-0.2,W9Zr3,W3Zr,0.5H2(g) + * -> H*,"{""H"": ""hollow|A_A_A|HCP""}",UmVhY3Rpb246MzQ1Njgz,MamunHighT2019,Quantum ESPRESSO 5.1,BEEF-vdW,"{""star"": 1, ""H2gas"": 0.5}","{""Hstar"": 1}",111,,-0.80045129235711
Y-1.0,Y12,Y,0.5H2(g) + * -> H*,"{""H"": ""hollow|A_A_A|FCC""}",UmVhY3Rpb246MzM5MzYz,MamunHighT2019,Quantum ESPRESSO 5.1,BEEF-vdW,"{""star"": 1, ""H2gas"": 0.5}","{""Hstar"": 1}",111,,-0.970131958057181
Y-0.2-Zn-0.8,Y3Zn9,Zn3Y,0.5H2(g) + * -> H*,"{""H"": ""bridge|A_B|A""}",UmVhY3Rpb246NDAyNjQx,MamunHighT2019,Quantum ESPRESSO 5.1,BEEF-vdW,"{""star"": 1, ""H2gas"": 0.5}","{""Hstar"": 1}",111,,-0.15022670326195
Y-0.2-Zr-0.8,Y3Zr9,Zr3Y,0.5H2(g) + * -> H*,"{""H"": ""hollow|A_A_B|HCP""}",UmVhY3Rpb246NDA1MzY5,MamunHighT2019,Quantum ESPRESSO 5.1,BEEF-vdW,"{""star"": 1, ""H2gas"": 0.5}","{""Hstar"": 1}",111,,-0.97245268095773
Y-0.5-Zn-0.5,Y6Zn6,YZn,0.5H2(g) + * -> H*,"{""H"": ""bridge|A_A|B""}",UmVhY3Rpb246NDA1NTgy,MamunHighT2019,Quantum ESPRESSO 5.1,BEEF-vdW,"{""star"": 1, ""H2gas"": 0.5}","{""Hstar"": 1}",101,,-0.648078291152132
Y-0.5-Zr-0.5,Y6Zr6,YZr,0.5H2(g) + * -> H*,"{""H"": ""hollow|A_A_B|HCP""}",UmVhY3Rpb246MzUyMjQz,MamunHighT2019,Quantum ESPRESSO 5.1,BEEF-vdW,"{""star"": 1, ""H2gas"": 0.5}","{""Hstar"": 1}",101,,-0.95001308535663
Y-0.8-Zn-0.2,Y9Zn3,Y3Zn,0.5H2(g) + * -> H*,"{""H"": ""hollow|A_A_A|FCC""}",UmVhY3Rpb246MzQ2NTUz,MamunHighT2019,Quantum ESPRESSO 5.1,BEEF-vdW,"{""star"": 1, ""H2gas"": 0.5}","{""Hstar"": 1}",111,,-1.08006798976109
Y-0.8-Zr-0.2,Y9Zr3,Y3Zr,0.5H2(g) + * -> H*,"{""H"": ""hollow|A_A_A|HCP""}",UmVhY3Rpb246MzQ1MTc4,MamunHighT2019,Quantum ESPRESSO 5.1,BEEF-vdW,"{""star"": 1, ""H2gas"": 0.5}","{""Hstar"": 1}",111,,-0.951071880358512
Zn-1.0,Zn12,Zn,0.5H2(g) + * -> H*,"{""H"": ""hollow|A_A_A|FCC""}",UmVhY3Rpb246MzM5Mzky,MamunHighT2019,Quantum ESPRESSO 5.1,BEEF-vdW,"{""star"": 1, ""H2gas"": 0.5}","{""Hstar"": 1}",111,,0.552737221333729
Zn-0.2-Zr-0.8,Zn3Zr9,Zr3Zn,0.5H2(g) + * -> H*,"{""H"": ""hollow|A_A_A|FCC""}",UmVhY3Rpb246MzQwMTg5,MamunHighT2019,Quantum ESPRESSO 5.1,BEEF-vdW,"{""star"": 1, ""H2gas"": 0.5}","{""Hstar"": 1}",111,,-1.04781937065761
Zn-0.5-Zr-0.5,Zn6Zr6,ZnZr,0.5H2(g) + * -> H*,"{""H"": ""hollow|A_B_B|FCC""}",UmVhY3Rpb246MzUyNjAw,MamunHighT2019,Quantum ESPRESSO 5.1,BEEF-vdW,"{""star"": 1, ""H2gas"": 0.5}","{""Hstar"": 1}",101,,-0.749997440964734
Zn-0.8-Zr-0.2,Zn9Zr3,Zn3Zr,0.5H2(g) + * -> H*,"{""H"": ""bridge|A_B|A""}",UmVhY3Rpb246NDAyNjYx,MamunHighT2019,Quantum ESPRESSO 5.1,BEEF-vdW,"{""star"": 1, ""H2gas"": 0.5}","{""Hstar"": 1}",111,,-0.370638504361494
Zr-1.0,Zr12,Zr,0.5H2(g) + * -> H*,"{""H"": ""hollow|A_A_A|HCP""}",UmVhY3Rpb246MzM5Mjk3,MamunHighT2019,Quantum ESPRESSO 5.1,BEEF-vdW,"{""star"": 1, ""H2gas"": 0.5}","{""Hstar"": 1}",111,,-0.992339168457846
