"bulk_id","slab_millers","slab_shift","slab_comp","top","*C_ml_Eads","*C_ml_dft_Eads","*C_min_ml_Eads","C_min_sp_e","*CO_ml_Eads","*CO_ml_dft_Eads","*CO_min_ml_Eads","CO_min_sp_e","*CHO_ml_Eads","*CHO_ml_dft_Eads","*CHO_min_ml_Eads","CHO_min_sp_e","CO*COH_ml_Eads","CO*COH_ml_dft_Eads","CO*COH_min_ml_Eads","COCOH_min_sp_e","*H_ml_Eads","*H_ml_dft_Eads","*H_min_ml_Eads","H_min_sp_e","OH_min_sp_e","*OH_ml_Eads","*OH_ml_dft_Eads","*OH_min_ml_Eads","n_bulk_elements","slab_identifier","cleavage_energy","facet_fraction_on_wulff_not_normalized"
"oqmd-745269","(1, 1, 0)",0.125,"Ag-0.5-Au-0.25-Zn-0.25","True","[1.44009757 1.4494586  1.45264959 1.45676541 1.4587574 ]","[-1.18647027 -1.18318304 -1.18566689 -1.19113086 -1.18456958]",1.44009757041931,-1.19113086,"[-0.07128912 -0.06903034 -0.06680125 -0.06671321 -0.06348538]","[-2.62846652 -2.61849717 -2.6189084  -2.62512044 -2.62350848]",-0.0712891221046447,-2.62846651999999,"[0.10203874 0.1083709  0.10889059 0.10889828 0.10912442]","[-2.52445322 -2.52561254 -2.54232991 -2.53655365 -2.51750808]",0.102038741111755,-2.54232990999998,"[0.30815917 0.31132287 0.31451422 0.31749386 0.31864458]","[-2.3617751  -2.35965583 -2.36504699 -2.35947148 -2.33964257]",0.308159172534943,-2.36504699,"[0.25949973 0.26073998 0.26441795 0.26446921 0.26615936]","[-2.36979077 -2.38505481 -2.37284721 -2.37755445 -2.37470672]",0.259499728679657,-2.38505481,0.0312005899999974,"[0.10105002 0.10129476 0.10388207 0.10415167 0.10491878]","[0.03958344 0.04047648 0.03796551 0.03120059 0.0337495 ]",0.101050019264221,3,"13333_1,1,0_0.125_True",0.603226668852338,0.621451927632653
"mp-1183655","(1, 1, 1)",0.167,"Cd-0.25-Pd-0.75","True","[-1.27983773 -1.27552319 -1.26499915 -0.7240963  -0.72308987]","[-2.53712658 -2.53855699 -2.54051282 -1.80385842 -1.80953348]",-1.27983772754669,-2.54051282,"[-1.69599688 -1.6933037  -1.69179368 -1.69045663 -1.69040084]","[-2.89403828 -2.89544749 -2.89324405 -2.89499101 -2.89615402]",-1.69599688053131,-2.89615401999998,"[-0.65900552 -0.65655202 -0.65335274 -0.65283477 -0.65029061]","[-1.75585017 -1.84408507 -1.75785041 -1.843624   -1.84398017]",-0.659005522727966,-1.84408506999998,"[-0.92256224 -0.92199087 -0.92117256 -0.91934043 -0.91885054]","[-2.08165292 -2.1784418  -2.08344241 -2.16906407 -2.09235558]",-0.92256224155426,-2.1784418,"[-0.43141669 -0.4309448  -0.43091771 -0.43059543 -0.43054393]","[-1.70406113 -1.70263735 -1.70451891 -1.70233361 -1.70927104]",-0.431416690349579,-1.70927104,0.715981139999997,"[0.73392826 0.73422605 0.73449188 0.73561293 0.73592275]","[0.71598114 0.72180684 0.72214147 0.72777018 0.72246456]",0.733928263187408,2,"3585_1,1,1_0.167_True",0.887216947254046,1
"dcgat-agm002216085","(1, 0, 0)",0.12730870733845,"Cd-0.222-H-0.667-Ir-0.111","False","[-2.14857888 -2.1422658  -2.07721996 -2.04133511 -2.004529  ]","[-2.17871377 -2.10948335 -2.15382009 -2.11802041 -2.16269254]",-2.14857888221741,-2.17871377,"[-1.97940373 -1.94158506 -1.92890334 -1.86317849 -1.86171937]","[-1.87130699 -1.84217078 -1.82565605 -1.48433192 -1.46992344]",-1.97940373420715,-1.87130698999999,"[-1.70797229 -1.70175076 -1.3370471  -1.2696104  -1.25413609]","[-1.29974603 -1.28443583 -0.70654403 -0.9150253  -0.84239034]",-1.70797228813171,-1.29974602999999,"[-2.35065556 -2.0540874  -1.86883044 -1.69151592 -1.32918072]","[-1.53511904 -2.169655   -1.34464623 -1.38579763 -1.13515727]",-2.3506555557251,-2.16965500000001,"[-0.85218734 -0.81667453 -0.80676162 -0.80612409 -0.80071521]","[-1.25081202 -1.08046501 -1.21248651 -1.18250094 -1.28410412]",-0.85218733549118,-1.28410412,-1.00589148,"[-1.33702826 -1.33301938 -1.32963455 -1.31664181 -1.3158524 ]","[-0.97802951 -0.99475576 -1.00589148 -0.97577362 -1.00501591]",-1.33702826499939,3,"29932_1,0,0_0.127_False",,
"mp-865425","(1, 1, 2)",0.125,"Pd-0.75-Zn-0.25","True","[-0.39365634 -0.39173147 -0.39092639 -0.38896453 -0.38894242]","[-0.95964574 -0.96290758 -0.96354021 -0.96425218 -0.96263003]",-0.393656343221664,-0.96425217999996,"[-1.58040237 -1.57912374 -1.57818139 -1.57708693 -1.57670736]","[-1.55768693 -1.55372641 -1.55661799 -1.55899367 -1.55830271]",-1.58040237426758,-1.55899367000001,"[-0.67924947 -0.67883927 -0.66496176 -0.62130475 -0.61441028]","[-1.25890415 -1.35174789 -1.3531077  -1.35946253 -1.3207882 ]",-0.679249465465546,-1.35946253000003,"[-0.9835608  -0.97081929 -0.96823668 -0.96717429 -0.96643752]","[-1.52907383 -1.52923155 -1.53338085 -1.5285796  -1.53427297]",-0.983560800552368,-1.53427296999996,"[-0.41393885 -0.41314143 -0.41308832 -0.41268915 -0.41228366]","[-1.05626408 -1.05308309 -1.05638308 -1.05538966 -1.05854432]",-0.413938850164413,-1.05854431999998,0.635429469999991,"[0.58444268 0.58489114 0.58514589 0.58575159 0.58671254]","[0.63542947 0.6433808  0.6389178  0.64395748 0.64344523]",0.584442675113678,2,"957_1,1,2_0.125_True",0.978953002011574,0.860695166705771
"oqmd-1478722","(1, 1, 2)",0.062,"Ag-0.25-Au-0.5-Cd-0.25","False","[1.7173543  1.72524476 1.72549868 1.72803354 1.72989655]","[2.00518828 2.00763956 1.99546105 1.99472731 2.01140132]",1.71735429763794,1.99472731,"[-0.33963192 -0.33939606 -0.33733362 -0.33723313 -0.33697471]","[ 0.00783385  0.00346933 -0.00514458  0.00916198  0.00822495]",-0.339631915092468,-0.0051445800000067,"[-0.07842261 -0.075993   -0.073066   -0.07297665 -0.07175827]","[0.24966564 0.2339669  0.24928594 0.23411815 0.25254411]",-0.0784226059913635,0.233966900000013,"[0.16984093 0.19043368 0.19096845 0.21097487 0.21958417]","[0.47868622 0.48453006 0.48815203 0.50682609 0.51252404]",0.169840931892395,0.478686220000014,"[0.13676447 0.13857555 0.13880587 0.14023602 0.14079356]","[-0.97972601 -0.97698328 -0.97894228 -0.96537717 -0.98452397]",0.136764466762543,-0.984523969999998,0.689384369999999,"[0.66321343 0.66642302 0.66747969 0.6681183  0.66885608]","[0.69343916 0.68938437 0.69034676 0.6894946  0.68948302]",0.663213431835175,3,"14061_1,1,2_0.062_False",0.614178834010302,0
"oqmd-307843","(2, 1, 0)",0.083,"Mn-0.5-Ta-0.5","False","[-2.81911731 -2.81768799 -2.81732988 -2.81715965 -2.81674099]","[-2.90119515 -2.89794675 -2.90032922 -2.90058637 -2.89946994]",-2.81911730766296,-2.90119515000004,"[-3.04866982 -3.04637599 -3.04364038 -3.04344726 -3.04341936]","[-3.04637868 -3.04419348 -3.04563993 -3.04903749 -3.04575398]",-3.04866981506348,-3.04903749000005,"[-2.70044708 -2.52540255 -2.52015138 -2.50470877 -2.50257111]","[-2.72283876 -2.54410534 -2.53943663 -2.49321326 -2.49781009]",-2.70044708251953,-2.72283876000006,"[-4.2629981  -4.25580311 -4.24770737 -4.24701262 -4.1998539 ]","[-4.21479781 -4.21751965 -4.21964211 -4.21769443 -4.19265146]",-4.26299810409546,-4.21964211000011,"[-0.95235962 -0.95144826 -0.95073992 -0.95072305 -0.95033485]","[-0.9525434  -0.95274051 -0.95256269 -0.95278953 -0.95266742]",-0.952359616756439,-0.952789530000018,-1.97684485000002,"[-1.99034405 -1.98861933 -1.98801279 -1.9876678  -1.98757672]","[-1.97528617 -1.97684485 -1.97445911 -1.97583    -1.97658094]",-1.99034404754639,2,"11791_2,1,0_0.083_False",,
"mp-11572","(2, 1, 0)",0.083,"Ta-0.5-Tc-0.5","True","[-2.68296123 -2.68138433 -2.68124843 -2.68102455 -2.68090963]","[-2.72273548 -2.72252665 -2.71653277 -2.72252766 -2.71674872]",-2.68296122550964,-2.72273547999998,"[-2.95565939 -2.95440412 -2.95204425 -2.9516561  -2.95021868]","[-2.92058861 -2.92244823 -2.92364713 -2.91678974 -2.92173971]",-2.95565938949585,-2.92364713000006,"[-2.61903167 -2.55816436 -2.55169249 -2.55016732 -2.54817057]","[-2.57676108 -2.52235181 -2.51972793 -2.52191775 -2.5158372 ]",-2.61903166770935,-2.57676107999998,"[-4.150527   -4.15020227 -4.13328314 -4.13280296 -4.0896039 ]","[-4.19375939 -4.19033506 -4.19642617 -4.19279377 -4.14674432]",-4.15052700042725,-4.19642617,"[-0.87537313 -0.87352711 -0.87281072 -0.87226999 -0.87180167]","[-0.88807359 -0.88364417 -0.88874827 -0.88795427 -0.88428574]",-0.875373125076294,-0.888748269999951,-1.98579574000007,"[-1.9708786  -1.96987915 -1.96915483 -1.96885538 -1.96875072]","[-1.98377532 -1.98579574 -1.98454057 -1.98360824 -1.98424439]",-1.97087860107422,2,"2612_2,1,0_0.083_True",,
"oqmd-1339732","(2, 1, 1)",0.063,"Mo-0.438-Nb-0.562","False","[-1.76767755 -1.7619679  -1.76125002 -1.75948811 -1.75867867]","[-1.75703926 -1.7621194  -1.91146271 -1.90930432 -1.90736847]",-1.76767754554749,-1.91146270999991,"[-2.04455686 -2.04083729 -2.03817987 -2.03618455 -2.03058457]","[-2.20626592 -2.20971184 -2.21115089 -2.21212991 -2.2167877 ]",-2.0445568561554,-2.21678769999994,"[-2.11652112 -2.10872889 -2.10221982 -2.02914476 -2.022295  ]","[-2.2637574  -2.25874808 -2.25691326 -2.12022737 -2.11787303]",-2.11652112007141,-2.26375739999992,"[-3.12672734 -2.98229575 -2.90468025 -2.71020341 -2.60662103]","[-3.37724558 -3.21871198 -3.03677944 -2.84012783 -2.73068122]",-3.12672734260559,-3.37724557999991,"[-0.76490426 -0.76467973 -0.76242685 -0.76024145 -0.75989246]","[-0.86725863 -0.86943202 -0.86696753 -0.8634157  -0.86751039]",-0.764904260635376,-0.869432019999863,-1.74609323000004,,,,2,"15955_2,1,1_0.063_False",,
"oqmd-488823","(1, 1, 0)",0.125,"Cr-0.25-Mo-0.25-Nb-0.5","True","[-2.23218846 -2.22872376 -2.22825265 -2.22494602 -2.22405672]","[-2.21536231 -2.21549    -2.30186504 -2.21716508 -2.22016224]",-2.23218846321106,-2.30186503999994,"[-2.05694628 -2.05349851 -2.0481286  -2.04761505 -2.04686594]","[-1.95988964 -1.96097021 -1.96105356 -1.96000846 -1.95847705]",-2.05694627761841,-1.96105355999998,"[-2.4541328  -2.45376277 -2.45134211 -2.44889808 -2.44564891]","[-2.41563308 -2.4164049  -2.4146554  -2.41507581 -2.4153236 ]",-2.45413279533386,-2.41640489999998,"[-2.85411906 -2.84563065 -2.8418107  -2.83962941 -2.83510399]","[-2.83686255 -2.85041156 -2.85040576 -2.8488012  -2.81988099]",-2.85411906242371,-2.85041156,"[-0.85385978 -0.85350484 -0.85260475 -0.85235035 -0.85228676]","[-0.83364029 -0.82960235 -0.83024388 -0.83125571 -0.82944134]",-0.853859782218933,-0.833640289999948,-1.48699308000005,"[-1.49026155 -1.49022496 -1.4899776  -1.4876138  -1.48720193]","[-1.48699308 -1.48528918 -1.48642364 -1.48521079 -1.48343015]",-1.49026155471802,3,"15259_1,1,0_0.125_True",,
"mp-1215488","(1, 1, 0)",0.25,"Pd-0.375-Zn-0.625","True","[0.85922271 0.8602857  0.86239153 0.86444849 0.87392634]","[0.42720097 0.43286898 0.43819461 0.44103917 0.43279912]",0.859222710132599,0.427200970000001,"[-0.84673232 -0.84584767 -0.84524685 -0.84505057 -0.8450501 ]","[-1.47045536 -1.48197902 -1.48408024 -1.47505841 -1.4997049 ]",-0.846732318401337,-1.49970489999998,"[-0.19324225 -0.19312221 -0.19231099 -0.19180322 -0.18848777]","[-0.84638622 -0.8242658  -0.84142239 -0.83254485 -0.83867558]",-0.193242251873016,-0.846386219999999,"[-0.03579223  0.04942822  0.07161438  0.07461095  0.07539749]","[-0.79075194 -0.60191667 -0.67353065 -0.68158203 -0.68799773]",-0.0357922315597534,-0.790751940000007,"[-0.12605691 -0.12580723 -0.12575471 -0.12565297 -0.12548786]","[-0.82219319 -0.80940574 -0.80815236 -0.76523985 -0.8146024 ]",-0.126056909561157,-0.822193190000007,0.0144715799999914,"[-8.10050964e-03 -4.59003448e-03 -5.22136688e-05  7.24554062e-04
  2.11626291e-03]","[0.01616415 0.02075281 0.01447158 0.01717513 0.01585657]",-0.0081005096435546,2,"3121_1,1,0_0.25_True",0.84902374041404,1
"mp-316","(2, 1, 0)",0.083,"Mn-0.5-V-0.5","False","[-2.64384842 -2.64253879 -2.64226103 -2.64218926 -2.64160633]","[-2.585775   -2.58601818 -2.58825359 -2.58545138 -2.58345604]",-2.64384841918945,-2.58825359000002,"[-3.01040459 -3.00502443 -3.00406098 -3.00401115 -3.00367212]","[-2.89557284 -2.89946452 -2.90174096 -2.89631132 -2.89248731]",-3.01040458679199,-2.9017409600001,"[-2.68832755 -2.58344769 -2.58160114 -2.57813096 -2.57631707]","[-2.65836262 -2.53127456 -2.52724174 -2.52844094 -2.52988749]",-2.68832755088806,-2.65836262000005,"[-4.28034735 -4.27117968 -4.26940584 -4.2690196  -4.24125671]","[-4.253356   -4.25578893 -4.25147157 -4.24980815 -4.26688362]",-4.28034734725952,-4.26688362000004,"[-0.81929284 -0.81830287 -0.81701469 -0.81419671 -0.81411475]","[-0.80942554 -0.80918129 -0.80984603 -0.81101367 -0.80971841]",-0.819292843341827,-0.811013669999966,-1.78277882999998,"[-1.80489826 -1.80395007 -1.80327582 -1.80144358 -1.80057979]","[-1.78277883 -1.78002012 -1.78179108 -1.78088658 -1.78007012]",-1.80489826202393,2,"1490_2,1,0_0.083_False",,
"dcgat-agm001391140","(2, 1, 1)",0.0625,"Nb-0.25-Tc-0.25-V-0.25-W-0.25","True","[-1.63824868 -1.63582754 -1.63271117 -1.61798596 -1.61798263]","[-1.6356972  -1.64037309 -1.63998403 -1.63648695 -1.63682012]",-1.63824868202209,-1.64037308999991,"[-2.30064392 -2.29381347 -2.29372835 -2.29357743 -2.29220748]","[-2.17252781 -2.17471425 -2.16834534 -2.17445116 -2.16808354]",-2.30064392089844,-2.17471424999997,"[-2.43325734 -2.41885948 -2.41857505 -2.41406989 -2.41386247]","[-2.38645112 -2.38937302 -2.38280543 -2.3859006  -2.36812649]",-2.43325734138489,-2.38937301999999,"[-3.53510857 -3.37230611 -3.36885238 -3.36364532 -3.36144733]","[-3.54972945 -3.35406676 -3.4259859  -3.34908438 -3.42586888]",-3.53510856628418,-3.54972944999997,"[-0.84434634 -0.8442561  -0.84413517 -0.8438791  -0.84299558]","[-0.80337123 -0.80400632 -0.80824623 -0.80500176 -0.80451596]",-0.844346344470978,-0.808246230000009,-1.87527191000004,"[-1.89466858 -1.89346147 -1.89325714 -1.89307523 -1.89298081]","[-1.86866811 -1.87527191 -1.87136972 -1.8724477  -1.87482354]",-1.89466857910156,4,"20157_2,1,1_0.062_True",,
"oqmd-308193","(1, 1, 0)",0.125,"Nb-0.75-W-0.25","True","[-2.20770359 -2.20520139 -2.20363736 -2.20313215 -2.20302129]","[-2.1776736  -2.17421914 -2.17011251 -2.1751268  -2.17149054]",-2.20770359039307,-2.17767360000005,"[-2.01632881 -2.01121593 -2.00920963 -2.0084846  -2.00780916]","[-1.94963574 -1.94986233 -1.94592109 -1.95147271 -1.90977319]",-2.01632881164551,-1.95147271000008,"[-2.59275603 -2.59074664 -2.59011412 -2.58812618 -2.58811021]","[-2.52069216 -2.51907987 -2.51983961 -2.52156823 -2.51983922]",-2.59275603294373,-2.52156823000007,"[-2.93290663 -2.92136335 -2.91598463 -2.91423726 -2.91229177]","[-2.88331426 -2.88364251 -2.88622937 -2.88729917 -2.88146262]",-2.93290662765503,-2.88729917000001,"[-0.83750445 -0.83709729 -0.83683872 -0.83646011 -0.83587122]","[-0.80689763 -0.79953972 -0.80098975 -0.80316179 -0.79933431]",-0.8375044465065,-0.80689762999998,-1.49044861000004,"[-1.54614592 -1.54424381 -1.54331946 -1.54288363 -1.5427742 ]","[-1.48701124 -1.48656485 -1.48753122 -1.49044861 -1.48851781]",-1.54614591598511,2,"15339_1,1,0_0.125_True",,
"dcgat-agm001391107","(2, 1, 1)",0.0625,"Mo-0.25-Nb-0.25-Tc-0.25-W-0.25","True","[-1.27835798 -1.27249527 -1.27136564 -1.26994252 -1.26451206]","[-1.02923355 -1.03372697 -1.0324075  -1.02509971 -1.0329065 ]",-1.2783579826355,-1.03372696999998,"[-1.82598686 -1.82438493 -1.82267427 -1.82132435 -1.81941032]","[-1.77122023 -1.77469537 -1.77554847 -1.77226411 -1.77219424]",-1.82598686218262,-1.7755484700001,"[-1.88585067 -1.88428402 -1.88102651 -1.87732673 -1.87599421]","[-1.82104013 -1.78018962 -1.82215258 -1.77755709 -1.82296775]",-1.88585066795349,-1.82296775000009,"[-2.94785881 -2.94367814 -2.94078135 -2.92916822 -2.92692041]","[-2.89931386 -2.87360708 -2.87078507 -2.86639091 -2.87235919]",-2.9478588104248,-2.89931386000001,"[-0.83453912 -0.83372307 -0.83337772 -0.83326483 -0.83276743]","[-0.74873932 -0.74354268 -0.74459519 -0.74479415 -0.74516014]",-0.834539115428925,-0.748739320000027,-1.52932421000003,"[-1.60699379 -1.60579228 -1.60508013 -1.60412014 -1.60338354]","[-1.52932421 -1.52830912 -1.52864549 -1.52536245 -1.52827341]",-1.60699379444122,4,"31755_2,1,1_0.062_True",,
"oqmd-1340598","(1, 0, 1)",0.258,"Hg-0.2-Pd-0.8","True","[-1.59444392 -1.58938503 -1.58627915 -1.58443737 -1.58435917]","[-1.86499254 -1.86618536 -1.86693103 -1.86319039 -1.86561649]",-1.59444391727448,-1.86693102999999,"[-1.84707665 -1.84579945 -1.8431716  -1.84188724 -1.84186292]","[-1.99395289 -1.99466223 -1.990735   -1.99501771 -1.99534317]",-1.8470766544342,-1.99534317000001,"[-1.07099652 -1.06331682 -1.0079968  -0.97240525 -0.96804887]","[-1.20395624 -1.12130122 -1.14319028 -1.05758122 -1.0658698 ]",-1.07099652290344,-1.20395624000003,"[-1.71030641 -1.62197065 -1.62149405 -1.5882957  -1.5839026 ]","[-1.94739025 -1.8111202  -1.81510636 -1.81261469 -1.79736051]",-1.71030640602112,-1.94739024999998,"[-0.50959903 -0.50942862 -0.50936955 -0.50839168 -0.50807071]","[-0.66357473 -0.66497687 -0.66518636 -0.66313226 -0.665071  ]",-0.509599030017853,-0.665186360000007,0.438609779999979,"[0.4569574  0.46059531 0.46155745 0.46332377 0.46357912]","[0.43860978 0.44353803 0.44035744 0.44459915 0.44217838]",0.456957399845123,2,"12323_1,0,1_0.258_True",1.01780795572758,0
"mp-13082","(2, 2, 1)",0.075,"Co-0.25-Mn-0.5-Si-0.25","False","[-2.1293385  -2.12695885 -2.12569141 -2.12546372 -2.12102509]","[-2.07064474 -2.07003305 -2.0707804  -2.05867832 -2.06532327]",-2.12933850288391,-2.07078039999999,"[-2.35506129 -2.33951283 -2.31991529 -2.30695367 -2.2958045 ]","[-2.29977162 -2.31433665 -2.22629315 -2.25011208 -2.24537829]",-2.35506129264832,-2.31433664999997,"[-2.36257505 -2.34775352 -2.31803155 -2.30412602 -2.27552485]","[-2.27057207 -2.28429059 -2.29015707 -2.28677362 -2.27678531]",-2.3625750541687,-2.29015706999996,"[-3.41153526 -3.39102101 -3.38370562 -3.3692193  -3.09505486]","[-3.35917248 -3.36665288 -3.36702321 -3.34881176 -2.81311119]",-3.41153526306152,-3.36702320999996,"[-0.68850577 -0.68089378 -0.68072605 -0.6760366  -0.67469627]","[-0.63128528 -0.51881209 -0.62330567 -0.6240709  -0.64191553]",-0.68850576877594,-0.641915530000006,-1.26489359999994,"[-1.39887285 -1.39304924 -1.39110613 -1.38280582 -1.36676562]","[-1.2648936  -1.24532302 -1.26258419 -1.24729311 -1.25559595]",-1.39887285232544,3,"4391_2,2,1_0.075_False",,
"dcgat-agm003551802","(0, 1, 0)",0.25,"Ag-0.5-Au-0.125-Pd-0.375","True","[-0.0708155  -0.06818759 -0.06755245 -0.06066883 -0.05943996]","[-0.32525059 -0.32430647 -0.31785682 -0.32456799 -0.32602785]",-0.0708155035972595,-0.326027850000003,"[-1.31175256 -1.30961204 -1.30933857 -1.30828285 -1.30709529]","[-1.57964515 -1.57919895 -1.57563558 -1.58109631 -1.58029268]",-1.31175255775452,-1.58109631000002,"[-0.5119943  -0.50927103 -0.50919956 -0.50857192 -0.50603521]","[-0.75755507 -0.76107062 -0.7572183  -0.76034272 -0.76112291]",-0.511994302272797,-0.761122909999983,"[-0.40210429 -0.39469561 -0.39009625 -0.38953477 -0.38747528]","[-0.59561136 -0.59930978 -0.59991713 -0.58677799 -0.54684595]",-0.402104288339615,-0.599917129999994,"[-0.40277222 -0.40183881 -0.40116683 -0.40092054 -0.4007079 ]","[-0.64113743 -0.6412105  -0.639974   -0.63738947 -0.64093514]",-0.402772217988968,-0.6412105,0.446727770000052,"[0.70444924 0.70708352 0.70726365 0.71050733 0.71115118]","[0.44963414 0.45239868 0.65555796 0.44678371 0.44672777]",0.704449236392975,3,"22772_0,1,0_0.25_True",0.718833192738814,0.829004684443544
"mp-865140","(1, 1, 0)",0.125,"Ga-0.25-Mn-0.25-Ru-0.5","True","[-1.74817312 -1.74740136 -1.7447449  -1.74184608 -1.74010563]","[-1.70504148 -1.68067725 -1.7429065  -1.69904469 -1.67127852]",-1.74817311763763,-1.7429065,"[-1.88914514 -1.88647485 -1.88610244 -1.88594341 -1.88546705]","[-1.95777614 -1.95570621 -1.96012464 -1.95392853 -1.96581078]",-1.88914513587952,-1.96581078000003,"[-1.40847659 -1.40575886 -1.38311613 -1.37306046 -1.36799717]","[-1.25406095 -1.25398467 -1.35605243 -1.33328745 -1.33688838]",-1.40847659111023,-1.35605242999998,"[-2.46628308 -2.46353126 -2.46075082 -2.45702124 -2.45602083]","[-2.37937633 -2.37613377 -2.36369388 -2.38558544 -2.38748953]",-2.46628308296204,-2.38748953000004,"[-0.6269958  -0.62221891 -0.62147927 -0.62147319 -0.62131321]","[-0.61387728 -0.60997792 -0.60505588 -0.61557597 -0.60012744]",-0.626995801925659,-0.615575970000066,-0.385701909999966,"[-0.44562685 -0.4395383  -0.43939808 -0.4350571  -0.43328664]","[-0.38507777 -0.37970885 -0.38290013 -0.38570191 -0.38280024]",-0.445626854896545,3,"4424_1,1,0_0.125_True",,
"oqmd-302342","(1, 1, 2)",0.125,"Au-0.25-Pd-0.75","True","[-0.76247269 -0.75945485 -0.7447874  -0.74382371 -0.74163389]","[-0.95187467 -0.95151292 -0.95216621 -0.95240262 -0.9526747 ]",-0.762472689151764,-0.952674699999989,"[-1.70314026 -1.70244193 -1.70165038 -1.70081711 -1.70050108]","[-1.85502266 -1.85806617 -1.85806615 -1.86252936 -1.85813047]",-1.70314025878906,-1.86252936,"[-0.82440144 -0.8241477  -0.79834199 -0.7685051  -0.76831359]","[-0.94218527 -0.94603086 -0.93529204 -0.90848782 -0.88329473]",-0.824401438236237,-0.946030860000008,"[-1.31479549 -1.31403875 -1.31013489 -1.30788922 -1.30234754]","[-1.41598376 -1.42129413 -1.42321083 -1.42246127 -1.4229503 ]",-1.31479549407959,-1.42321083000002,"[-0.46671957 -0.46613345 -0.46612489 -0.46523923 -0.46497157]","[-0.61146011 -0.61045079 -0.60975796 -0.61010661 -0.61119327]",-0.466719567775726,-0.611460109999996,0.831936640000038,"[0.85233504 0.85234374 0.85436493 0.85446316 0.85530061]","[0.84381052 0.83193664 0.84214422 0.83754696 0.8320174 ]",0.852335035800934,2,"12684_1,1,2_0.125_True",0.977404110380399,0.86998302909844
"oqmd-472195","(2, 2, 1)",0.025,"Mn-0.5-Rh-0.25-V-0.25","True","[-2.0363791  -1.89814401 -1.85719991 -1.85258317 -1.81932497]","[-1.39100931 -1.80573253 -1.81602827 -1.85272824 -1.78811869]",-2.03637909889221,-1.85272823999992,"[-2.37890458 -2.37787795 -2.37631559 -2.37600875 -2.37399125]","[-2.21970443 -2.22766921 -2.22967614 -2.18589732 -2.28779472]",-2.37890458106995,-2.28779471999997,"[-2.06979394 -2.03746128 -2.00770259 -2.00125408 -1.96581531]","[-1.86354855 -1.69133876 -1.88577373 -1.90178923 -1.63361474]",-2.06979393959045,-1.90178922999996,"[-3.04277349 -2.92068076 -2.84035611 -2.74864745 -2.70359731]","[-2.83740401 -2.61217304 -2.71826253 -2.40387181 -2.37909196]",-3.04277348518372,-2.83740401,"[-0.66766679 -0.6660099  -0.63653576 -0.63613725 -0.61765355]","[-0.60264447 -0.57580755 -0.60845447 -0.59897921 -0.57175286]",-0.667666792869568,-0.60845446999997,-1.40947930999994,"[-1.49471164 -1.47433317 -1.43441761 -1.36667562 -1.36093307]","[-1.40947931 -1.35255468 -1.29504876 -1.24882037 -1.25596688]",-1.49471163749695,3,"16351_2,2,1_0.025_True",,
"dcgat-agm003293225","(0, 1, 0)",0.25,"Ag-0.583-Pd-0.417","True","[0.15221262 0.16485131 0.16678071 0.16979194 0.17145479]","[0.00455168 0.00591466 0.00542208 0.01011149 0.00575401]",0.152212619781494,0.00455168000002,"[-1.50629067 -1.50520921 -1.50397265 -1.50291193 -1.50188482]","[-1.67428291 -1.67703448 -1.67299015 -1.67447249 -1.66676436]",-1.50629067420959,-1.67703447999997,"[-0.67585063 -0.60456342 -0.58914948 -0.58659858 -0.58479792]","[-0.83525814 -0.77018571 -0.79523215 -0.78893914 -0.78893805]",-0.675850629806519,-0.835258140000008,"[-0.49760517 -0.49365103 -0.49174109 -0.48500016 -0.48431623]","[-0.62028821 -0.63609026 -0.63919672 -0.63091362 -0.64545784]",-0.497605174779892,-0.645457839999978,"[-0.40069082 -0.40031597 -0.39977273 -0.39950809 -0.39947212]","[-0.59378893 -0.59061757 -0.59257142 -0.58951954 -0.59390511]",-0.400690823793411,-0.59390510999998,0.502917820000022,"[0.74238366 0.74293178 0.74300712 0.7430715  0.74314958]","[0.50296566 0.50642269 0.50291782 0.50627102 0.50677695]",0.742383658885956,2,"23824_0,1,0_0.25_True",0.728315341084679,0.25097340823949
"oqmd-1340993","(2, 1, 1)",0.042,"Au-0.375-Pd-0.625","True","[-0.76931828 -0.76830882 -0.76586288 -0.76562363 -0.76512033]","[-0.8881379  -0.87995948 -0.88489405 -0.88705495 -0.88806401]",-0.769318282604218,-0.888137899999975,"[-1.87191272 -1.87190771 -1.86570573 -1.86544156 -1.86536908]","[-1.9250072  -1.92371144 -1.92935677 -1.93202631 -1.92868914]",-1.87191271781921,-1.93202631,"[-1.12251496 -1.09628487 -1.0394634  -1.03152072 -1.02805996]","[-1.12240816 -1.1147965  -1.05061877 -1.04668161 -1.03319339]",-1.12251496315002,-1.12240816000002,"[-1.49387431 -1.48131347 -1.39226365 -1.38616979 -1.23497522]","[-1.50949582 -1.48011858 -1.39887945 -1.39667288 -1.26778647]",-1.49387431144714,-1.50949581999998,"[-0.52251446 -0.52225423 -0.52038985 -0.52033591 -0.52016568]","[-0.58070706 -0.5867554  -0.5832032  -0.57906159 -0.58634533]",-0.522514462471008,-0.586755399999987,0.443172599999997,"[0.46878058 0.46912664 0.4694106  0.46948057 0.47102505]","[0.44821901 0.45111445 0.4431726  0.44423781 0.45348817]",0.46878057718277,2,"14502_2,1,1_0.042_True",1.05517395272402,0
"dcgat-agm002383359","(2, 0, 1)",0.0277574080493506,"Pt-0.889-Sn-0.111","False","[-1.01644623 -1.00854719 -1.00411475 -0.99537188 -0.99067521]","[-0.94019119 -0.93793559 -0.93953671 -0.93000461 -0.8197713 ]",-1.01644623279572,-0.940191190000007,"[-1.91427732 -1.9137342  -1.91230512 -1.91207075 -1.91078138]","[-1.87679075 -1.87992769 -1.87965353 -1.87719505 -1.87783888]",-1.91427731513977,-1.87992768999999,"[-1.4107852  -1.34193659 -1.34135151 -1.34072042 -1.33911502]","[ 1.37738333 -1.24301555 -1.25439297 -1.24914534 -1.24837479]",-1.41078519821167,-1.25439296999997,"[-1.95644855 -1.78771281 -1.77725577 -1.75849748 -1.753474  ]","[-1.83551882 -1.63405803 -1.6251373  -1.62092192 -1.60558424]",-1.95644855499268,-1.83551882,"[-0.56955981 -0.56940871 -0.56821764 -0.56733441 -0.56606722]","[-0.57689194 -0.57314366 -0.57404158 -0.57771174 -0.57600621]",-0.569559812545776,-0.577711739999984,0.217405140000039,"[0.14132565 0.14394885 0.14479685 0.14531636 0.14572299]","[0.21977321 0.22004476 0.22303943 0.21740514 0.21867397]",0.141325652599335,2,"29122_2,0,1_0.028_False",,
"dcgat-agm003194520","(2, 1, 0)",0.0416666666666666,"In-0.8-Mo-0.2","False","[-0.22817296 -0.22391164 -0.18558139 -0.17946899 -0.17606115]","[-0.41836114 -0.40720537 -0.3833844  -0.38001669 -0.36714053]",-0.228172957897186,-0.41836114000003,"[-2.38688707 -2.30586529 -2.29849434 -2.29770613 -2.2863214 ]","[-2.55444586 -2.61617327 -2.63014963 -2.38520791 -2.41520894]",-2.38688707351685,-2.63014963000001,"[-1.32532501 -1.31900358 -1.31012082 -1.30262244 -1.29445553]","[-1.3222296  -1.35192843 -1.3125168  -1.30405566 -1.32051537]",-1.32532501220703,-1.35192842999999,"[-1.83817315 -1.77831841 -1.71798563 -1.7018019  -1.68511629]","[-1.98646285 -1.94420161 -1.95635593 -1.91140108 -2.08106622]",-1.83817315101624,-2.08106622000003,"[-0.62434036 -0.62151271 -0.62130719 -0.60135579 -0.59739405]","[-0.55552969 -0.54899094 -0.5509751  -0.56180425 -0.55729753]",-0.624340355396271,-0.561804249999995,-0.752991269999995,"[-0.74110997 -0.7229085  -0.70441526 -0.69126976 -0.6752677 ]","[-0.74030697 -0.75299127 -0.64119176 -0.70685224 -0.70134592]",-0.741109967231751,2,"16589_2,1,0_0.042_False",,
"dcgat-agm003297186","(0, 1, 2)",0.0498072529953317,"Pd-0.2-Pt-0.8","True","[-1.01586592 -1.01470423 -1.01400995 -1.01299083 -1.00769114]","[-1.09136923 -1.09101892 -1.08833678 -1.08785985 -1.09104883]",-1.01586592197418,-1.09136923,"[-1.94152355 -1.94124484 -1.93989539 -1.93954921 -1.93905902]","[-1.95387112 -1.94697325 -1.95182583 -1.95102605 -1.95059219]",-1.94152355194092,-1.95387112000003,"[-1.40958917 -1.40825796 -1.40726805 -1.40361214 -1.40168381]","[-1.46004999 -1.46231432 -1.46306343 -1.46363683 -1.46407092]",-1.40958917140961,-1.46407091999998,"[-1.90881133 -1.90386987 -1.90156984 -1.90065336 -1.89838314]","[-1.9431588  -1.92854418 -1.94420744 -1.94231519 -1.94615898]",-1.90881133079529,-1.94615898000001,"[-0.53165066 -0.53097653 -0.52989274 -0.52970052 -0.52968651]","[-0.55171549 -0.55377738 -0.5557416  -0.55325201 -0.55512841]",-0.53165066242218,-0.555741600000033,0.0801391800000033,"[0.0765816  0.08114636 0.08167225 0.08255851 0.08360863]","[0.08100985 0.08096075 0.08013918 0.08095136 0.08139028]",0.076581597328186,2,"33226_0,1,2_0.05_True",,
"dcgat-agm003201401","(1, 0, -1)",0.361440586484019,"Rh-0.5-Ru-0.5","True","[-1.26012516 -1.25955164 -1.25627351 -1.25577891 -1.25568497]","[-1.11729171 -1.12654352 -1.12200609 -1.12660576 -1.12191108]",-1.26012516021729,-1.12660575999996,"[-1.98521495 -1.98445106 -1.98391557 -1.98359632 -1.98274899]","[-1.91629814 -1.91449925 -1.91780083 -1.91753534 -1.9151195 ]",-1.98521494865417,-1.91780083000003,"[-1.57056129 -1.56398225 -1.56370258 -1.56350112 -1.56168222]","[-1.50766476 -1.50493811 -1.50746335 -1.50850496 -1.50732289]",-1.57056128978729,-1.50850495999998,"[-2.20878673 -2.14386225 -2.13990569 -2.11241651 -2.05026531]","[-2.13213978 -2.07254496 -2.06825357 -2.06256588 -1.98906864]",-2.20878672599793,-2.1321397800001,"[-0.56140131 -0.56012344 -0.56008768 -0.55975473 -0.55971938]","[-0.54438454 -0.54516434 -0.5447456  -0.54611858 -0.54699381]",-0.561401307582855,-0.546993810000004,-0.691607890000114,"[-0.73764974 -0.73627436 -0.73534888 -0.73470366 -0.73419732]","[-0.69060639 -0.69094502 -0.69160789 -0.6902974  -0.69136156]",-0.737649738788605,2,"31827_1,0,-1_0.361_True",2.4518658695575,0.804369731049718
"dcgat-agm003293252","(0, 1, 0)",0.25,"Au-0.583-Pd-0.417","True","[0.19478947 0.19504201 0.20514733 0.20747977 0.21029365]","[-0.07084145 -0.06545532 -0.07153966 -0.13729466 -0.0700722 ]",0.194789469242096,-0.137294660000009,"[-1.34961367 -1.34952354 -1.34721005 -1.34424353 -1.34345722]","[-1.57502851 -1.57539246 -1.57465168 -1.57411385 -1.57504477]",-1.34961366653442,-1.57539245999999,"[-0.59857738 -0.59650934 -0.59333503 -0.5926851  -0.5922513 ]","[-0.82682322 -0.81534657 -0.82211525 -0.8189519  -0.82257643]",-0.598577380180359,-0.826823219999994,"[-0.59115207 -0.57373148 -0.56433535 -0.55356157 -0.5517258 ]","[-0.80807512 -0.78823783 -0.77759874 -0.78652883 -0.79277149]",-0.59115207195282,-0.808075120000012,"[-0.30916083 -0.30794969 -0.30556852 -0.30545807 -0.30374867]","[-0.53746183 -0.53740933 -0.54171789 -0.53743024 -0.54297152]",-0.309160828590393,-0.542971520000009,0.781281649999983,"[1.04323459 1.0455153  1.04685998 1.04751229 1.05069971]","[0.80370698 0.80314651 0.80588233 0.80100735 0.78128165]",1.0432345867157,2,"28412_0,1,0_0.25_True",0.721901232428401,0.547305812509267
"mp-11870","(3, 1, 1)",0.125,"Hg-0.667-Rh-0.333","True","[-0.497385   -0.49508095 -0.47082579 -0.46978295 -0.46905777]","[-0.54171005 -0.52697894 -0.52413454 -0.52565222 -0.52560429]",-0.497384995222092,-0.541710050000006,"[-1.93880653 -1.93844509 -1.93810487 -1.93793082 -1.93695116]","[-1.97712499 -1.97554964 -1.97486593 -1.97016227 -1.97099679]",-1.93880653381348,-1.97712499000001,"[-1.33970284 -1.1555171  -1.14075637 -1.12018847 -1.10907125]","[-1.45335463 -1.23816968 -1.21110786 -1.20253106 -1.18416693]",-1.33970284461975,-1.45335463000001,"[-0.9020434  -0.89630759 -0.89249969 -0.89191961 -0.89008951]","[-0.90612961 -1.00194622 -0.90166789 -0.8607683  -0.88830817]",-0.902043402194977,-1.00194621999999,"[-0.50329059 -0.50173789 -0.50169289 -0.50124884 -0.50123566]","[-0.5331359  -0.53511434 -0.53477812 -0.53436123 -0.53053958]",-0.503290593624115,-0.535114339999993,0.297194300000001,"[0.24801165 0.24983734 0.25044602 0.25082761 0.25107175]","[0.2971943  0.29931238 0.30285336 0.30639059 0.29959826]",0.248011648654938,2,"1928_3,1,1_0.125_True",0.702537120400871,0.818662349217091
"dcgat-agm003765030","(2, 0, 1)",0.305387309894938,"Au-0.125-Cd-0.125-Pd-0.75","False","[-1.57751203 -1.57578313 -1.57543397 -1.57389498 -1.57272351]","[-1.48313057 -1.48175949 -1.48213728 -1.48116235 -1.48086187]",-1.57751202583313,-1.48313057000001,"[-1.84367085 -1.84150696 -1.84005117 -1.8385632  -1.83854127]","[-1.78816233 -1.78552468 -1.79239159 -1.79185236 -1.79221586]",-1.84367084503174,-1.79239159000002,"[-0.95636517 -0.95510161 -0.95486081 -0.94913089 -0.94375479]","[-0.88918969 -0.88535644 -0.89802088 -0.90018876 -0.90114694]",-0.956365168094635,-0.90114693999999,"[-1.58796096 -1.56760955 -1.54710436 -1.5464046  -1.5461148 ]","[-1.43926294 -1.44657762 -1.41574583 -1.41428626 -1.43999998]",-1.58796095848084,-1.44657761999997,"[-0.53418231 -0.53393525 -0.53360015 -0.53355223 -0.53342175]","[-0.53467559 -0.52704405 -0.53481791 -0.52824079 -0.52802028]",-0.53418231010437,-0.534817910000015,0.589440970000055,"[0.54612714 0.54624611 0.55137283 0.5515191  0.55599862]","[0.59323927 0.58958027 0.59674044 0.59058172 0.58944097]",0.546127140522003,3,"32915_2,0,1_0.305_False",1.01394248245079,0.701825781870603
"mp-977129","(0, 0, 1)",0,"Hg-0.25-Pd-0.75","True","[-1.30456805 -1.28961897 -0.60760158 -0.60569406 -0.60437089]","[-1.38068415 -1.37903569 -0.74772492 -0.74809741 -0.74922574]",-1.30456805229187,-1.38068414999998,"[-1.6734364  -1.67065704 -1.6699264  -1.66629112 -1.66462934]","[-1.72721306 -1.73146824 -1.72580171 -1.732159   -1.72897   ]",-1.67343640327454,-1.73215899999997,"[-0.6953938  -0.60045254 -0.59597522 -0.58454907 -0.5843358 ]","[-0.75195633 -0.63888333 -0.63070632 -0.6226914  -0.619796  ]",-0.695393800735474,-0.751956330000013,"[-0.95033395 -0.94324303 -0.9424777  -0.93963772 -0.9380309 ]","[-0.96484984 -0.96737556 -0.97390675 -0.96587857 -0.95997013]",-0.950333952903748,-0.973906749999969,"[-0.43556869 -0.43517101 -0.4345724  -0.43420789 -0.43416181]","[-0.5341024  -0.53421494 -0.5340874  -0.53257453 -0.53426309]",-0.435568690299988,-0.534263089999996,0.852836490000016,"[0.87151152 0.87441617 0.87469286 0.87480146 0.87531978]","[0.85354766 0.85777754 0.85315489 0.8535673  0.85283649]",0.871511518955231,2,"1934_0,0,1_0.0_True",0.809211835856301,1
"dcgat-agm003291216","(1, 1, -2)",0.168177591494022,"Au-0.3-Pd-0.7","True","[-0.83037496 -0.82685411 -0.825131   -0.82506293 -0.82264286]","[-0.85447704 -0.85703724 -0.858727   -0.85624665 -0.85669719]",-0.830374956130981,-0.858726999999988,"[-1.79337549 -1.79287195 -1.791821   -1.79180956 -1.79172254]","[-1.79593169 -1.78896714 -1.79336698 -1.79608112 -1.79356909]",-1.79337549209595,-1.79608112,"[-0.9233458  -0.87453568 -0.86661464 -0.85156012 -0.84734195]","[-0.87180693 -0.80607316 -0.80994946 -0.76521665 -0.76678744]",-0.923345804214478,-0.87180693000002,"[-1.428509   -1.42588139 -1.42439711 -1.42432833 -1.42312598]","[-1.37103394 -1.37231393 -1.37012231 -1.35878878 -1.36425404]",-1.4285089969635,-1.37231392999996,"[-0.50957096 -0.5079053  -0.50712007 -0.5070504  -0.50677294]","[-0.53422869 -0.53319338 -0.53381928 -0.53348171 -0.53404268]",-0.509570956230164,-0.534228689999992,0.789319300000017,"[0.80972165 0.81961411 0.8211872  0.82239491 0.82296914]","[0.78961143 0.7893193  0.79024698 0.78992578 0.79320732]",0.809721648693085,2,"27412_1,1,-2_0.168_True",0.97025447096361,0.446190383951236
"mp-1061133","(2, 0, 3)",2.22044604925031E-16,"Ru-1.0","True","[-1.86015582 -1.85861921 -1.85839367 -1.85767674 -1.85702825]","[-1.83309534 -1.82900038 -1.82442124 -1.82750142 -1.83297514]",-1.86015582084656,-1.83309534,"[-1.69888926 -1.69774938 -1.69580674 -1.69477367 -1.69440877]","[-1.6892025  -1.69207355 -1.69221451 -1.69044244 -1.69222951]",-1.69888925552368,-1.69222951,"[-1.46213555 -1.34288526 -1.34082127 -1.33927977 -1.33517623]","[-1.37254344 -1.28056661 -1.27640158 -1.28155118 -1.28084061]",-1.46213555335999,-1.37254344000002,"[-2.04324841 -2.01315951 -2.01253581 -1.97531772 -1.96657634]","[-1.95687145 -1.92781597 -1.92728003 -1.914462   -1.91211733]",-2.04324841499329,-1.95687144999999,"[-0.54056853 -0.54023999 -0.54017693 -0.54017556 -0.54016829]","[-0.53153285 -0.53011004 -0.53126891 -0.5327444  -0.53141908]",-0.54056853055954,-0.532744400000013,-0.542049659999975,"[-0.58295858 -0.58250672 -0.58158094 -0.58132672 -0.58109069]","[-0.53817619 -0.54062266 -0.54010728 -0.54204966 -0.53908713]",-0.582958579063416,1,"41_2,0,3_0.0_True",2.86823234564927,0.713395612915068
"dcgat-agm003291178","(1, 1, -2)",0.168679457634597,"Ag-0.3-Pd-0.7","True","[-1.47226584 -0.9848752  -0.98440915 -0.9841814  -0.97798449]","[-1.69434287 -1.00648345 -0.99559115 -1.00771783 -1.0081056 ]",-1.47226583957672,-1.69434286999999,"[-1.7789731  -1.77733684 -1.77589965 -1.77509451 -1.77451539]","[-1.78063813 -1.78183983 -1.78040193 -1.77761219 -1.77944786]",-1.77897310256958,-1.78183983,"[-0.89347684 -0.89224243 -0.88414216 -0.85382575 -0.80423605]","[-0.84563884 -0.86729733 -0.8748298  -0.82262439 -0.75021368]",-0.893476843833923,-0.874829800000015,"[-1.35506582 -1.33607984 -1.30324101 -1.30059373 -1.29932702]","[-1.34409145 -1.32998299 -1.23568679 -1.2310797  -1.28395083]",-1.35506582260132,-1.34409144999998,"[-0.50851339 -0.50501674 -0.50498867 -0.50413895 -0.50400978]","[-0.53231954 -0.52986949 -0.53207685 -0.52818394 -0.53202846]",-0.508513391017914,-0.532319540000003,0.707223970000001,"[0.70296472 0.70385271 0.70582741 0.70819324 0.71054202]","[0.70951948 0.71032369 0.70830517 0.70722397 0.70824179]",0.702964723110199,2,"20333_1,1,-2_0.169_True",0.943978165829112,0.568599891785242
"oqmd-1577518","(1, 1, 0)",0.192,"Co-0.862-Ta-0.138","False","[-2.11548543 -2.11292648 -2.09673715 -2.09593296 -2.09541607]","[-1.83633533 -1.82134138 -1.83955231 -1.83332261 -1.8350606 ]",-2.11548542976379,-1.83955231000004,"[-2.11902142 -2.11731815 -2.10977244 -2.06889915 -2.06343365]","[-1.92133328 -1.90123554 -1.91684775 -1.88015584 -1.88978279]",-2.11902141571045,-1.92133328,"[-2.02120543 -1.96332002 -1.9295764  -1.90692782 -1.90437841]","[-1.84145965 -1.80524195 -1.87016927 -1.87283412 -1.86373922]",-2.02120542526245,-1.87283412000011,"[-2.82990575 -2.82654619 -2.81527853 -2.78402543 -2.61355996]","[-2.64524684 -2.61487849 -2.63927846 -2.63225369 -2.47302367]",-2.82990574836731,-2.64524684000003,"[-0.5988692  -0.59859109 -0.59830123 -0.59825939 -0.5978933 ]","[-0.52093727 -0.5321896  -0.52777204 -0.51812892 -0.5202499 ]",-0.598869204521179,-0.532189600000038,-1.13225401999989,"[-1.21473479 -1.20978856 -1.20827568 -1.20799637 -1.20719826]","[-1.1254231  -1.13225402 -1.12722365 -1.11975414 -1.12430525]",-1.21473479270935,2,"16235_1,1,0_0.192_False",,
"dcgat-agm003766408","(1, 1, 2)",0.125,"Ag-0.125-Au-0.125-Pd-0.75","True","[-1.35584044 -1.33456397 -0.89424157 -0.89277965 -0.89187336]","[-1.34901779 -1.32809546 -0.83665655 -0.83556558 -0.83405938]",-1.35584044456482,-1.34901779,"[-1.76098752 -1.76008511 -1.75991321 -1.75907874 -1.75725436]","[-1.73489217 -1.74047526 -1.73957095 -1.73571491 -1.73512427]",-1.7609875202179,-1.74047525999998,"[-0.7976371  -0.77310342 -0.77179283 -0.76985508 -0.74373299]","[-0.72892429 -0.71632551 -0.71638458 -0.72284755 -0.70787904]",-0.797637104988098,-0.728924290000009,"[-1.23081982 -1.22938943 -1.22516477 -1.22431111 -1.2194066 ]","[-1.19490514 -1.19207682 -1.19737045 -1.19523228 -1.17276187]",-1.23081982135773,-1.19737044999999,"[-0.49462038 -0.49162537 -0.49120626 -0.49052399 -0.49051243]","[-0.52025654 -0.52162491 -0.52161675 -0.52797722 -0.52144524]",-0.494620382785797,-0.527977219999997,0.812731589999999,"[0.82007307 0.82199615 0.82382911 0.82459635 0.82471043]","[0.81405273 0.81273159 0.81416569 0.81368425 0.81347144]",0.820073068141937,3,"22040_1,1,2_0.125_True",0.955829611179814,0.864123124207165
"dcgat-agm002179569","(1, 1, 1)",0.140055074014173,"Cd-0.167-Pd-0.833","False","[-1.51158834 -1.50919962 -1.50519443 -1.5030849  -1.50301182]","[-1.65922786 -1.65948879 -1.65917759 -1.66006235 -1.65945881]",-1.51158833503723,-1.66006235000003,"[-1.80968952 -1.80550957 -1.80511761 -1.80358958 -1.80302477]","[-1.82935242 -1.82852478 -1.83033909 -1.83073788 -1.83127287]",-1.80968952178955,-1.83127287000002,"[-0.97567505 -0.97406244 -0.97384912 -0.9723438  -0.96756369]","[-0.98399213 -0.97255771 -0.98487613 -0.98163061 -0.97229386]",-0.975675046443939,-0.984876129999975,"[-1.63162518 -1.62951422 -1.62169492 -1.61914444 -1.61510801]","[-1.70559042 -1.7052277  -1.70446892 -1.71062046 -1.70897501]",-1.63162517547607,-1.71062046000003,"[-0.50244689 -0.50225073 -0.50217652 -0.50206006 -0.50189412]","[-0.52746993 -0.52189485 -0.52717669 -0.52145659 -0.5211933 ]",-0.502446889877319,-0.527469930000052,0.591756669999995,"[0.52870554 0.53070396 0.53241247 0.53275317 0.5332374 ]","[0.59714419 0.59175667 0.59777585 0.5928405  0.59529426]",0.528705537319183,2,"32341_1,1,1_0.14_False",1.05874428943942,0
"oqmd-451173","(2, 1, 0)",0.042,"Co-0.25-Ga-0.25-Rh-0.5","False","[-1.64639568 -1.62160945 -1.61719799 -1.33163929 -1.31692529]","[-1.79445658 -1.84215136 -1.79330708 -1.31593979 -1.310421  ]",-1.64639568328857,-1.84215136,"[-2.08858418 -2.08523178 -2.085186   -2.07897139 -2.07768846]","[-2.06230117 -2.05416046 -2.06640636 -2.06045373 -2.09593538]",-2.08858418464661,-2.09593538000001,"[-1.64551926 -1.41287684 -1.40631878 -1.40403366 -1.40258372]","[-1.70440675 -1.44997103 -1.45924403 -1.42941578 -1.45680342]",-1.6455192565918,-1.70440674999998,"[-2.15937805 -2.08316135 -2.04615903 -1.91282082 -1.87164402]","[-2.14483482 -2.21281642 -2.23101114 -1.9308895  -1.92698271]",-2.15937805175781,-2.23101113999996,"[-0.55810249 -0.55241561 -0.54985052 -0.54437995 -0.53718066]","[-0.49929362 -0.49918763 -0.46471606 -0.48090236 -0.52575186]",-0.558102488517761,-0.525751860000014,-0.410290730000042,"[-0.39928353 -0.39292011 -0.39175454 -0.39077064 -0.38965645]","[-0.40474728 -0.39978237 -0.41029073 -0.40257278 -0.40992978]",-0.399283528327942,3,"14972_2,1,0_0.042_False",,
"mp-23","(2, 2, 1)",0.05,"Ni-1.0","True","[-1.57763338 -1.57711077 -1.56834853 -1.48574567 -1.48493969]","[-1.51573212 -1.5177101  -1.51915761 -1.44053927 -1.44026079]",-1.57763338088989,-1.51915761000002,"[-1.88834715 -1.88667798 -1.88646245 -1.88581252 -1.88580632]","[-1.83970398 -1.84131623 -1.83685259 -1.84011334 -1.8400581 ]",-1.88834714889526,-1.84131622999994,"[-1.24551702 -1.24492419 -1.24453962 -1.24411333 -1.2420851 ]","[-1.19604978 -1.19391598 -1.19670164 -1.20101309 -1.19500399]",-1.24551701545715,-1.20101308999996,"[-1.88562727 -1.88304567 -1.87407398 -1.87336063 -1.77484536]","[-1.90609978 -1.91213073 -1.91048618 -1.90759207 -1.75919115]",-1.88562726974487,-1.91213072999993,"[-0.52063155 -0.52031267 -0.51921076 -0.51916045 -0.5184859 ]","[-0.51800936 -0.52513924 -0.52461666 -0.5186237  -0.52105847]",-0.520631551742554,-0.525139239999962,-0.401037050000014,"[-0.42234823 -0.42117593 -0.42027956 -0.42018804 -0.41996145]","[-0.39966928 -0.40078997 -0.39896867 -0.3983841  -0.40103705]",-0.422348231077194,1,"20_2,2,1_0.05_True",,
"dcgat-agm002234343","(2, 2, 1)",0.025,"In-0.125-Pd-0.875","True","[-1.0687319  -1.00323284 -0.99726391 -0.99281025 -0.99257952]","[-1.05328849 -0.90847439 -0.90825829 -0.90929709 -0.90839589]",-1.06873190402985,-1.05328849,"[-1.74682856 -1.74130011 -1.73948407 -1.73923469 -1.73856974]","[-1.68177091 -1.68195432 -1.6928036  -1.68037242 -1.69231862]",-1.74682855606079,-1.69280360000005,"[-0.99486607 -0.99350125 -0.98460346 -0.98421818 -0.97993904]","[-0.90926892 -0.9199451  -0.90709631 -0.92013634 -0.90078292]",-0.994866073131561,-0.920136339999999,"[-1.3016808  -1.28881454 -1.2712481  -1.26701939 -1.25825381]","[-1.22549507 -1.19739484 -1.18395181 -1.15743876 -1.17627384]",-1.30168080329895,-1.22549507000008,"[-0.51308197 -0.51044023 -0.50987202 -0.50861412 -0.50843203]","[-0.52180074 -0.52141106 -0.52161249 -0.51038492 -0.52290126]",-0.513081967830658,-0.522901260000026,0.466969919999997,"[0.41548997 0.41757447 0.41981155 0.42021245 0.42186242]","[0.47074212 0.46955088 0.4774723  0.46696992 0.46911786]",0.415489971637726,2,"33717_2,2,1_0.025_True",,
"dcgat-agm002351113","(1, 1, 1)",0.0833333333333333,"Cd-0.125-Pd-0.875","True","[-0.88841808 -0.87656379 -0.87406623 -0.87325823 -0.87213254]","[-0.85358051 -0.85342603 -0.86162994 -0.86124538 -0.85550293]",-0.888418078422546,-0.86162994,"[-1.71874261 -1.71763778 -1.7162298  -1.71556377 -1.71474731]","[-1.68714709 -1.68724153 -1.68691488 -1.68666358 -1.68762807]",-1.71874260902405,-1.68762807000002,"[-0.62573075 -0.62273943 -0.61685777 -0.6160326  -0.61132103]","[-0.60949904 -0.60957557 -0.60435735 -0.60476521 -0.60412326]",-0.625730752944946,-0.609575570000004,"[-1.0451932  -1.0126127  -1.01079488 -1.00910163 -1.00782251]","[-1.07992348 -0.99380098 -0.99378364 -0.99214467 -0.99362662]",-1.04519319534302,-1.07992347999999,"[-0.49451548 -0.49447587 -0.4938893  -0.49377385 -0.49368846]","[-0.514028   -0.52225581 -0.52278896 -0.51402383 -0.52210289]",-0.494515478610992,-0.522788960000014,0.788303810000059,"[0.80190593 0.80199152 0.80253762 0.80376738 0.8041653 ]","[0.78845357 0.79240329 0.79114672 0.79189812 0.78830381]",0.801905930042267,2,"17434_1,1,1_0.083_True",1.00057521524723,0.800626477689442
"dcgat-agm003441005","(1, -2, 2)",0.0082833113934615,"Ag-0.143-Au-0.286-Pd-0.571","False","[-0.74712992 -0.73627847 -0.72247106 -0.72225386 -0.72183871]","[-0.83078427 -0.82841493 -0.83415867 -0.8320505  -0.83266643]",-0.747129917144775,-0.834158669999965,"[-1.77424908 -1.77103043 -1.77081895 -1.76929069 -1.76698875]","[-1.77253    -1.77163056 -1.76654049 -1.77497524 -1.77007381]",-1.77424907684326,-1.77497524,"[-0.85248226 -0.84189743 -0.83989638 -0.79204565 -0.78771716]","[-0.80866426 -0.85112997 -0.8091474  -0.81321673 -0.76518693]",-0.852482259273529,-0.851129970000045,"[-1.2287097  -1.22306693 -1.22184539 -1.19806433 -1.1978085 ]","[-1.23443041 -1.23725558 -1.23956759 -1.20856347 -1.2088157 ]",-1.22870969772339,-1.23956758999998,"[-0.48964345 -0.48937413 -0.48933077 -0.48917213 -0.48892507]","[-0.51474691 -0.51346685 -0.51568202 -0.51221198 -0.5185205 ]",-0.489643454551697,-0.518520500000022,0.819718159999979,"[0.85787398 0.85938674 0.86090356 0.86094052 0.87006193]","[0.82042973 0.81971816 0.82555743 0.82475427 0.87236352]",0.857873976230621,3,"34079_1,-2,2_0.008_False",0.860717069705738,0.736604577951979
"dcgat-agm003200992","(2, 1, 0)",0.387543470050397,"Ir-0.5-Ru-0.5","True","[-1.69007683 -1.68562078 -1.68265331 -1.68252444 -1.68245065]","[-1.62336151 -1.61941317 -1.62358557 -1.61675106 -1.62072655]",-1.69007682800293,-1.62358556999993,"[-2.04740143 -2.04676056 -2.04631591 -2.04604745 -2.04568267]","[-2.08266429 -2.08355388 -2.08144033 -2.08404734 -2.08429198]",-2.04740142822266,-2.08429197999999,"[-1.73018992 -1.72686791 -1.71958923 -1.71897995 -1.7184329 ]","[-1.71011831 -1.75946723 -1.70839394 -1.6992386  -1.71108837]",-1.73018991947174,-1.75946723000004,"[-2.30113101 -2.26516366 -2.2329278  -2.19075656 -2.18839407]","[-2.14220202 -2.30248653 -2.29363252 -2.09965597 -2.0050534 ]",-2.30113101005554,-2.30248653000001,"[-0.58506835 -0.58366656 -0.58341432 -0.58217013 -0.58109921]","[-0.51249068 -0.5155845  -0.51744214 -0.51354071 -0.50807786]",-0.585068345069885,-0.517442139999957,-0.441547680000099,"[-0.48336565 -0.48085833 -0.48042798 -0.4785929  -0.47797695]","[-0.44075907 -0.44002632 -0.43874948 -0.43931825 -0.44154768]",-0.483365654945374,2,"30838_2,1,0_0.388_True",2.73981539451694,0.552429028905814
"dcgat-agm003299653","(2, 1, 1)",0.03125,"Pd-0.875-Pt-0.125","False","[-1.45113742 -1.44834399 -1.44578743 -1.44419086 -1.44366467]","[-1.39650205 -1.397768   -1.38738243 -1.38226292 -1.39828197]",-1.45113742351532,-1.39828196999997,"[-1.87591195 -1.87467766 -1.87326646 -1.87302136 -1.87136245]","[-1.87658392 -1.88001206 -1.88242007 -1.88048092 -1.88091049]",-1.87591195106506,-1.88242007000008,"[-1.32474923 -1.32151365 -1.31680751 -1.3144381  -1.31184185]","[-1.33586119 -1.35471546 -1.34778925 -1.35703478 -1.3560479 ]",-1.3247492313385,-1.35703478000005,"[-1.72726345 -1.72278619 -1.59872127 -1.56978345 -1.56824923]","[-1.73393194 -1.73854041 -1.62083894 -1.54823771 -1.49546232]",-1.72726345062256,-1.73854041000004,"[-0.5046128  -0.50437796 -0.50424385 -0.50407076 -0.50359386]","[-0.51312231 -0.51190066 -0.50990234 -0.51343281 -0.51209206]",-0.504612803459168,-0.51343281000004,0.1971612399999,"[0.18030566 0.18127096 0.18187183 0.18851388 0.18883419]","[0.19716124 0.1977231  0.19835328 0.19830519 0.19821134]",0.180305659770966,2,"24232_2,1,1_0.031_False",,
"dcgat-agm003294526","(1, 1, -2)",0.33107184632525,"Au-0.333-Pd-0.667","True","[-1.07000363 -1.0246613  -0.84722024 -0.84703386 -0.83916074]","[-1.27221778 -1.24335756 -0.87762582 -0.88150305 -0.8706479 ]",-1.07000362873077,-1.27221778000001,"[-1.79042912 -1.78938317 -1.78698063 -1.78684163 -1.78683448]","[-1.75329482 -1.74588621 -1.74748525 -1.75397398 -1.77985399]",-1.79042911529541,-1.77985398999999,"[-0.97578382 -0.96045226 -0.95798576 -0.95484519 -0.93213081]","[-0.88814945 -0.91312593 -0.91219659 -0.89287774 -0.87417207]",-0.975783824920654,-0.913125929999978,"[-1.46891284 -1.46189463 -1.45555949 -1.45552301 -1.45343328]","[-1.40259543 -1.41673046 -1.4066114  -1.41545701 -1.41704745]",-1.46891283988953,-1.41704745000001,"[-0.49666876 -0.4960421  -0.49573594 -0.49572363 -0.49528512]","[-0.5116633  -0.51234338 -0.51195561 -0.51089174 -0.511993  ]",-0.496668756008148,-0.512343379999976,0.746899580000019,"[0.76277357 0.76430064 0.7662136  0.76644093 0.76657933]","[0.74831407 0.74729865 0.74706305 0.74739292 0.74689958]",0.76277357339859,2,"30445_1,1,-2_0.331_True",0.931927244972009,0.423807860238348
"dcgat-agm001280692","(1, 1, 2)",0.125,"Ag-0.25-Pd-0.75","True","[-0.89999568 -0.89230239 -0.89169896 -0.88804466 -0.88682663]","[-0.96051898 -0.96761354 -0.96525645 -0.96310287 -0.96633799]",-0.899995684623718,-0.967613539999974,"[-1.75023329 -1.7457428  -1.74462032 -1.74407911 -1.74357963]","[-1.78864228 -1.78149893 -1.78935909 -1.7881226  -1.78711097]",-1.75023329257965,-1.78935909000001,"[-0.87859106 -0.86999303 -0.86804712 -0.8345623  -0.82815385]","[-0.86718828 -0.87760651 -0.86977103 -0.82002413 -0.8199775 ]",-0.878591060638428,-0.877606510000021,"[-1.35207701 -1.35110795 -1.34921134 -1.34515584 -1.34300327]","[-1.36281413 -1.36755719 -1.36859902 -1.36669868 -1.36661043]",-1.3520770072937,-1.36859901999998,"[-0.48000294 -0.47986239 -0.4798519  -0.47955492 -0.47937003]","[-0.51058558 -0.50539101 -0.51189318 -0.50550367 -0.50502342]",-0.48000293970108,-0.511893179999987,0.764450449999998,"[0.78716236 0.78884465 0.79118377 0.79257601 0.79262358]","[0.77661709 0.78882643 0.78722354 0.76535426 0.76445045]",0.787162363529205,2,"26666_1,1,2_0.125_True",0.947015476345932,0.848779306064246
"dcgat-agm003300256","(2, 1, 1)",0.166666666666667,"Bi-0.111-Pd-0.889","True","[-1.02891314 -1.02826548 -1.02789831 -1.02421403 -1.02139235]","[-1.0729229  -1.07272624 -1.07118681 -1.07393516 -1.07344352]",-1.02891314029694,-1.07393515999999,"[-1.77140021 -1.76806307 -1.76777124 -1.76700878 -1.76607156]","[-1.76686927 -1.76629207 -1.76608923 -1.7678128  -1.76684359]",-1.77140021324158,-1.7678128,"[-1.0839622  -1.08322883 -1.08244908 -1.08108056 -1.08055997]","[-1.04287878 -1.04089852 -1.04397614 -1.04174806 -1.04310667]",-1.08396220207214,-1.04397614000001,"[-1.29405951 -1.25583792 -1.25437617 -1.24174273 -1.23443174]","[-1.25894372 -1.1924141  -1.19638278 -1.19846247 -1.1842594 ]",-1.29405951499939,-1.25894371999999,"[-0.50622874 -0.50548643 -0.50508809 -0.50317144 -0.50303292]","[-0.50922547 -0.50866153 -0.50854518 -0.51078553 -0.50967076]",-0.506228744983673,-0.510785529999993,0.397782129999996,"[0.43238443 0.43271774 0.43314427 0.43583626 0.43666679]","[0.39778213 0.39829563 0.39918483 0.40063798 0.4031412 ]",0.432384431362152,2,"25011_2,1,1_0.167_True",,
"dcgat-agm003261035","(2, 1, 0)",0.0416666666666666,"Ir-0.125-Rh-0.875","False","[-1.67532229 -1.67459345 -1.67357278 -1.67305422 -1.67210615]","[-1.68774051 -1.69545525 -1.69549626 -1.69429603 -1.70289752]",-1.67532229423523,-1.70289751999997,"[-2.19599533 -2.19584298 -2.19433594 -2.19429278 -2.19427681]","[-2.17280925 -2.1729805  -2.17222576 -2.17396836 -2.17281216]",-2.19599533081055,-2.17396836,"[-1.76499629 -1.76126361 -1.75407648 -1.74958944 -1.74857342]","[-1.75256491 -1.75603101 -1.75428773 -1.75053959 -1.75118172]",-1.76499629020691,-1.75603101000002,"[-2.2162149  -2.21197104 -2.20962572 -2.20682716 -2.20620847]","[-2.24360377 -2.23946358 -2.24322244 -2.24445951 -2.24243951]",-2.21621489524841,-2.24445950999996,"[-0.52130467 -0.51877856 -0.51864088 -0.5175575  -0.5174914 ]","[-0.50668814 -0.50192697 -0.50599143 -0.50482913 -0.50571335]",-0.521304666996002,-0.506688139999937,-0.298744899999974,"[-0.29414347 -0.29247978 -0.29079536 -0.29046237 -0.29031804]","[-0.28879999 -0.29399017 -0.2987449  -0.29424909 -0.29277413]",-0.294143468141556,2,"33408_2,1,0_0.042_False",,
"dcgat-agm003290361","(2, 2, 1)",0.102032695996461,"Ag-0.375-Pd-0.625","True","[-0.89971131 -0.89749879 -0.89618039 -0.89565909 -0.89553285]","[-0.80917698 -0.81101764 -0.81126595 -0.8122506  -0.81154024]",-0.899711310863495,-0.81225059999997,"[-1.79161167 -1.79152608 -1.79098439 -1.79042959 -1.78991508]","[-1.71436884 -1.71869762 -1.71717496 -1.71732519 -1.71861665]",-1.79161167144775,-1.71869762,"[-0.82455444 -0.82058662 -0.78658468 -0.71396786 -0.70332581]","[-0.75143851 -0.74472906 -0.71165697 -0.62500272 -0.65967245]",-0.824554443359375,-0.751438509999957,"[-1.22171593 -1.21394706 -1.20771098 -1.20271528 -1.19072437]","[-1.14780563 -1.14110483 -1.09144233 -1.10759434 -1.10055415]",-1.22171592712402,-1.14780562999999,"[-0.50347459 -0.50252497 -0.50205755 -0.50193393 -0.50186723]","[-0.50558631 -0.504606   -0.50576958 -0.50528841 -0.50451447]",-0.503474593162537,-0.505769579999992,0.79016955000003,"[0.78916675 0.79261643 0.79277533 0.79411715 0.79643375]","[0.79664145 0.79150597 0.79866414 0.79016955 0.79898761]",0.789166748523712,2,"19882_2,2,1_0.102_True",0.869455074911303,0.814273659913944
"dcgat-agm003186774","(1, 1, 0)",0.25,"Pt-0.25-Rh-0.75","True","[-1.34711671 -1.34695578 -1.34444308 -1.33936667 -1.33936012]","[-1.29391652 -1.29694814 -1.29453199 -1.29394631 -1.29506069]",-1.34711670875549,-1.29694813999998,"[-1.81479335 -1.81442285 -1.81358814 -1.81227231 -1.81168866]","[-1.85689191 -1.85788752 -1.8595247  -1.85869131 -1.8589883 ]",-1.81479334831238,-1.85952470000001,"[-1.490973   -1.48422885 -1.48194778 -1.48080993 -1.4792527 ]","[-1.52690578 -1.52464201 -1.52442726 -1.52403523 -1.52509976]",-1.49097299575806,-1.52690577999999,"[-1.75161219 -1.7514739  -1.74832702 -1.74388051 -1.74074817]","[-1.6319942  -1.63485952 -1.62455927 -1.6311345  -1.62991103]",-1.75161218643188,-1.63485951999996,"[-0.44536859 -0.44500685 -0.44443339 -0.44328162 -0.44319317]","[-0.50485921 -0.50401897 -0.50499218 -0.5052434  -0.5056819 ]",-0.445368587970734,-0.505681900000013,-0.0126432099999647,"[-0.03388792 -0.03336358 -0.03296566 -0.03239542 -0.03226835]","[-0.01189494 -0.0121226  -0.01264321 -0.01195698 -0.01160921]",-0.0338879227638244,2,"24042_1,1,0_0.25_True",2.0555765895719,1
"dcgat-agm003481625","(0, 1, 2)",0.0468241757674683,"Ag-0.111-Au-0.222-Pd-0.667","False","[-1.35110104 -1.34694815 -1.34361815 -1.34341991 -1.33951068]","[-1.50884159 -1.5103006  -1.50846754 -1.51021254 -1.50753807]",-1.35110104084015,-1.51030059999999,"[-1.82921481 -1.8281064  -1.82602763 -1.82443142 -1.82407594]","[-1.82622813 -1.82557371 -1.82625821 -1.82512363 -1.82700325]",-1.82921481132507,-1.82700324999999,"[-1.10318363 -1.10315323 -1.09993339 -1.08971155 -1.08130002]","[-1.00810613 -1.01103053 -1.01045967 -1.04817131 -1.03816619]",-1.1031836271286,-1.04817131000002,"[-1.49230826 -1.4836266  -1.48219478 -1.48140442 -1.44918919]","[-1.43503291 -1.44356157 -1.43537611 -1.44163539 -1.42192938]",-1.49230825901032,-1.44356156999999,"[-0.49087563 -0.49066943 -0.49048471 -0.49024379 -0.49022549]","[-0.50062057 -0.50511884 -0.50563446 -0.49995027 -0.50075756]",-0.490875631570816,-0.50563446000001,0.42428713999999,"[0.4164204  0.41889375 0.42055315 0.42510015 0.42732221]","[0.43234362 0.43252253 0.4363107  0.42428714 0.43267937]",0.41642040014267,3,"26795_0,1,2_0.047_False",1.08063385644266,0.168246570489627
"oqmd-346458","(2, 2, 1)",0.05,"Co-0.75-Pt-0.25","False","[-1.53823411 -1.29173756 -1.291646   -1.28832793 -1.28784311]","[-1.37954575 -1.26016495 -1.2588353  -1.26000697 -1.25997105]",-1.53823411464691,-1.37954575000003,"[-1.8612411  -1.85924554 -1.85899639 -1.85830641 -1.85786295]","[-1.80462728 -1.80399902 -1.80413992 -1.80100131 -1.80417541]",-1.86124110221863,-1.80462728000003,"[-1.48009443 -1.47390532 -1.47106099 -1.46454787 -1.39417422]","[-1.39958019 -1.40258318 -1.39810449 -1.40110379 -1.31557382]",-1.48009443283081,-1.40258318000002,"[-2.15542555 -2.15065956 -2.14573717 -2.14289522 -2.13327718]","[-2.04929435 -2.05682206 -2.08178863 -2.07878155 -2.05253186]",-2.15542554855347,-2.08178863000001,"[-0.54679334 -0.54601932 -0.54488218 -0.54453623 -0.54433584]","[-0.50502821 -0.50423888 -0.50351597 -0.50465375 -0.50536183]",-0.546793341636658,-0.505361830000027,-0.63912006999999,"[-0.67195976 -0.671579   -0.67134947 -0.67097723 -0.67073935]","[-0.63848668 -0.63899362 -0.63912007 -0.63775721 -0.63815906]",-0.671959757804871,2,"12143_2,2,1_0.05_False",2.15502051161805,0
"dcgat-agm002213609","(2, 2, 1)",0.05,"Ga-0.25-Pd-0.25-Pt-0.5","False","[-0.56427342 -0.52200675 -0.51822293 -0.51561415 -0.51531804]","[-0.3363657  -0.31989752 -0.36369074 -0.36181716 -0.35430559]",-0.564273416996002,-0.363690739999981,"[-1.74085975 -1.73973763 -1.73947573 -1.73890698 -1.7379992 ]","[-1.71411864 -1.71304042 -1.71632526 -1.71390847 -1.71503118]",-1.74085974693298,-1.71632526000002,"[-1.19817197 -1.19740105 -1.19495368 -1.19450629 -1.19379067]","[-1.13126412 -1.14321573 -1.14279668 -1.14329539 -1.13502574]",-1.19817197322845,-1.14329538999999,"[-1.49190462 -1.42497373 -1.42214453 -1.42139125 -1.4152205 ]","[-1.3899035  -1.31090064 -1.30291705 -1.31482763 -1.29808576]",-1.4919046163559,-1.3899035,"[-0.46301439 -0.46219307 -0.46153173 -0.46145505 -0.46137559]","[-0.50216593 -0.50413046 -0.50292035 -0.50200685 -0.50164159]",-0.463014394044876,-0.504130459999999,0.335051980000003,"[0.34373087 0.34444457 0.34565085 0.3459006  0.34668773]","[0.33614387 0.33565727 0.33505198 0.34000443 0.34127892]",0.343730866909027,3,"30785_2,2,1_0.05_False",,
"dcgat-agm003516112","(1, 1, 2)",0.333333333333333,"Au-0.091-Pd-0.727-Tl-0.182","True","[-0.65021962 -0.64268482 -0.62079746 -0.40934116 -0.4080461 ]","[-0.68084812 -0.67975812 -0.67831777 -0.49292052 -0.49333608]",-0.650219619274139,-0.680848120000007,"[-1.7002337  -1.69850945 -1.69828463 -1.6982193  -1.69731247]","[-1.63692175 -1.63554447 -1.63629362 -1.63704558 -1.6378158 ]",-1.70023369789124,-1.63781580000006,"[-0.74538416 -0.6879881  -0.67646116 -0.67163998 -0.66222417]","[-0.74055598 -0.55400931 -0.55437924 -0.55822538 -0.55406127]",-0.745384156703949,-0.740555980000011,"[-1.11523294 -1.11212707 -1.10900438 -1.10411143 -1.10245538]","[-1.03598387 -1.03219895 -1.03514297 -1.03690105 -1.03472571]",-1.11523294448853,-1.03690105000004,"[-0.53235579 -0.53190964 -0.53155529 -0.53132355 -0.53073561]","[-0.50244271 -0.50127962 -0.50193026 -0.49953188 -0.50121353]",-0.532355785369873,-0.502442709999997,0.747190270000033,"[0.76365691 0.76426703 0.76580268 0.77053219 0.77159482]","[0.74939295 0.74719027 0.75020285 0.75002748 0.74846455]",0.763656914234161,3,"22676_1,1,2_0.333_True",0.806777232939268,0.644785823481055
"dcgat-agm003299726","(1, 1, 1)",0.0833333333333333,"Ag-0.125-Pd-0.875","True","[-0.8985877  -0.89628917 -0.89161283 -0.88884383 -0.88759345]","[-0.848409   -0.84652666 -0.84956317 -0.84973029 -0.84964796]",-0.898587703704834,-0.849730290000025,"[-1.76707935 -1.76480484 -1.76341629 -1.76161838 -1.76115751]","[-1.75955996 -1.75870094 -1.75968911 -1.76003822 -1.75938463]",-1.76707935333252,-1.76003822000001,"[-0.80100125 -0.79858297 -0.77516156 -0.77330858 -0.77171201]","[-0.7670658  -0.7776114  -0.75338304 -0.75478073 -0.7554779 ]",-0.801001250743866,-0.777611400000012,"[-1.27176023 -1.27119327 -1.26843405 -1.26528287 -1.26495004]","[-1.22511223 -1.2300944  -1.22634843 -1.23175875 -1.23508466]",-1.27176022529602,-1.23508466000004,"[-0.49565056 -0.49550739 -0.49534628 -0.49460906 -0.49444631]","[-0.499906   -0.50004781 -0.49992094 -0.50001545 -0.49989726]",-0.495650559663773,-0.500047810000012,0.743283329999997,"[0.76429373 0.76598471 0.76780266 0.77159351 0.77358359]","[0.74421224 0.74328333 0.75248064 0.74399056 0.74341422]",0.764293730258942,2,"27967_1,1,1_0.083_True",1.0346714486736,0.734197314582169
"oqmd-1450051","(1, 2, 0)",0.332,"Pt-0.333-Rh-0.667","True","[-1.23158062 -1.22323382 -1.22293568 -1.22241783 -1.22197807]","[-1.28223717 -1.28479768 -1.28093215 -1.284334   -1.27788241]",-1.23158061504364,-1.28479768,"[-1.70898938 -1.70820916 -1.69394255 -1.69230092 -1.68084085]","[-1.783158   -1.7835216  -1.76689398 -1.76755226 -1.73741809]",-1.70898938179016,-1.78352160000003,"[-1.03929198 -1.03738475 -1.03340435 -1.03328431 -1.03265548]","[-1.11576191 -1.1206198  -1.11779201 -1.1278376  -1.12361327]",-1.03929197788239,-1.12783759999996,"[-1.78593659 -1.7825675  -1.77558398 -1.77060223 -1.7548275 ]","[-1.8000569  -1.78897831 -1.80334789 -1.79841034 -1.78298256]",-1.7859365940094,-1.80334789,"[-0.42276001 -0.42246461 -0.42152938 -0.42132983 -0.42023638]","[-0.49368125 -0.49420174 -0.49374324 -0.49342251 -0.49791224]",-0.422760009765625,-0.497912240000005,0.38691719000002,"[0.39434546 0.39488798 0.39744776 0.39897865 0.39949995]","[0.38955405 0.3905248  0.38713769 0.38727693 0.38691719]",0.394345462322235,2,"11496_1,2,0_0.332_True",1.6531913066041,0.396132213656306
"dcgat-agm003299831","(1, 1, 1)",0.0833333333333332,"Hg-0.125-Pd-0.875","True","[-0.58130848 -0.57163322 -0.56849837 -0.56444305 -0.56394482]","[-0.59619488 -0.59793355 -0.59772283 -0.5978643  -0.59939777]",-0.581308484077454,-0.599397770000053,"[-1.66243005 -1.66000915 -1.65956712 -1.65913761 -1.65860605]","[-1.64833564 -1.64733336 -1.63881417 -1.63930854 -1.63873528]",-1.66243004798889,-1.64833564000003,"[-0.61307359 -0.60224152 -0.58694106 -0.58237183 -0.58130598]","[-0.59878305 -0.59584642 -0.56764569 -0.56719195 -0.56481435]",-0.613073587417603,-0.598783050000009,"[-0.96848243 -0.96677834 -0.96551096 -0.96481419 -0.96164596]","[-0.95031858 -0.94328244 -0.95239427 -0.95227442 -0.94526857]",-0.968482434749603,-0.952394270000013,"[-0.47038126 -0.46960875 -0.46888813 -0.46873122 -0.46759489]","[-0.48996409 -0.49383187 -0.48954099 -0.49570635 -0.48970609]",-0.470381259918213,-0.495706350000035,0.912096160000033,"[0.911071   0.91116959 0.91234714 0.91451913 0.91513938]","[0.91209616 0.91412725 0.91304386 0.91303907 0.91223574]",0.911071002483368,2,"34226_1,1,1_0.083_True",,
"oqmd-325183","(1, 1, 1)",0.165,"Co-0.25-Pt-0.75","True","[-1.15474582 -1.15451407 -1.14501047 -1.13828349 -1.13672853]","[-1.2820119  -1.2882473  -1.28039565 -1.28519206 -1.28865758]",-1.15474581718445,-1.28865758000001,"[-1.8641789  -1.86321354 -1.86262679 -1.8625412  -1.86053157]","[-1.90756771 -1.90737129 -1.90827106 -1.90729276 -1.9094033 ]",-1.86417889595032,-1.90940330000001,"[-1.67963505 -1.67854023 -1.67646122 -1.67414355 -1.66047025]","[-1.73064371 -1.73109528 -1.7299485  -1.73328433 -1.70904369]",-1.6796350479126,-1.73328433,"[-1.89220691 -1.87208128 -1.86181808 -1.84868836 -1.78948498]","[-2.01759367 -2.01304221 -1.9975542  -1.90884074 -1.74575274]",-1.89220690727234,-2.01759367,"[-0.8714816  -0.46261922 -0.46116385 -0.46057537 -0.45688742]","[-0.49473333 -0.45240482 -0.45287126 -0.45333735 -0.4518991 ]",-0.871481597423554,-0.494733329999974,-0.255085919999942,"[-0.25982362 -0.25926587 -0.25893635 -0.25849804 -0.25839886]","[-0.25508592 -0.25263575 -0.25182808 -0.24994557 -0.25350899]",-0.259823620319366,2,"16010_1,1,1_0.165_True",1.74811728626672,0
"dcgat-agm002360241","(1, 0, 1)",0.250574607309393,"Pd-0.833-Zn-0.167","True","[-0.77129835 -0.64183128 -0.63985527 -0.63762128 -0.63556761]","[-0.90250612 -0.71897894 -0.72127006 -0.71875401 -0.71944627]",-0.771298348903656,-0.902506119999998,"[-1.6836772  -1.68351197 -1.6824733  -1.68229055 -1.68155742]","[-1.72695302 -1.72506304 -1.72568181 -1.72528482 -1.7255928 ]",-1.68367719650269,-1.72695302,"[-0.88594747 -0.81400436 -0.80724895 -0.80218357 -0.74418122]","[-0.88302851 -0.81749438 -0.8161208  -0.81366138 -0.74732975]",-0.885947465896606,-0.883028509999974,"[-1.2596209  -1.24629974 -1.24391794 -1.24003923 -1.23789573]","[-1.32172918 -1.29607837 -1.28887171 -1.31801448 -1.31016978]",-1.25962090492249,-1.32172917999998,"[-0.46589434 -0.46522143 -0.46484414 -0.46459347 -0.46438876]","[-0.48565169 -0.48720893 -0.48679132 -0.49378264 -0.4860362 ]",-0.465894341468811,-0.493782640000006,0.533317580000016,"[0.49327356 0.494461   0.49465626 0.49656767 0.49711627]","[0.53331758 0.53753706 0.53422391 0.53518006 0.53610198]",0.493273556232452,2,"27943_1,0,1_0.251_True",1.07790107516001,0.254033185494003
"dcgat-agm003285899","(2, -1, 0)",0.247425184938952,"Pd-0.867-Zn-0.133","True","[-1.16525781 -0.84797359 -0.71857518 -0.64780271 -0.64190948]","[-1.18565796 -0.8848986  -0.72798486 -0.66076535 -0.66120439]",-1.16525781154633,-1.18565796000001,"[-1.66585898 -1.66552401 -1.66493154 -1.66459489 -1.66430187]","[-1.70616533 -1.70617957 -1.70419077 -1.70542587 -1.70528793]",-1.66585898399353,-1.70617957000002,"[-0.86527508 -0.8544206  -0.8543731  -0.85396713 -0.85350168]","[-0.86299464 -0.83147541 -0.86087865 -0.83224782 -0.83111561]",-0.865275084972382,-0.862994639999954,"[-1.24523425 -1.24174774 -1.23848486 -1.2371459  -1.23663855]","[-1.21721829 -1.23226893 -1.24278035 -1.23286381 -1.20828297]",-1.24523425102234,-1.24278034999998,"[-0.47036564 -0.46979347 -0.46930227 -0.46777853 -0.46756256]","[-0.49291327 -0.49230986 -0.49152337 -0.49144032 -0.49163321]",-0.470365643501282,-0.492913270000031,0.411021230000017,"[0.39510196 0.39779645 0.39860779 0.39867371 0.40163928]","[0.41102123 0.41184047 0.412029   0.41196495 0.41260959]",0.395101964473724,2,"18083_2,-1,0_0.247_True",1.06642379189679,0.197858775706481
"dcgat-agm003488402","(2, 1, 0)",0.0833333333333333,"Au-0.222-Cd-0.111-Pd-0.667","True","[-0.85584122 -0.85583901 -0.85004652 -0.84841901 -0.84551394]","[-0.94268633 -0.94410052 -0.9411644  -0.94287188 -0.94389746]",-0.855841219425201,-0.944100520000035,"[-1.69998145 -1.6987375  -1.69560361 -1.6941247  -1.6935426 ]","[-1.72382849 -1.72408593 -1.71559245 -1.7241441  -1.72583873]",-1.69998145103455,-1.72583872999999,"[-1.00994456 -1.00896883 -1.00788021 -1.00766385 -1.0055089 ]","[-1.00471647 -1.01110481 -1.00996666 -1.00280818 -1.00275759]",-1.00994455814362,-1.01110481000001,"[-1.27658176 -1.26623607 -1.23770058 -1.23507643 -1.23483777]","[-1.252545   -1.26289862 -1.19889236 -1.21904584 -1.22015672]",-1.27658176422119,-1.26289862000002,"[-0.48487636 -0.48157135 -0.47999993 -0.47976559 -0.47975805]","[-0.48713729 -0.49109585 -0.49196665 -0.48695188 -0.48682196]",-0.484876364469528,-0.491966649999995,0.345509649999997,"[0.34619445 0.34864599 0.34945863 0.35077888 0.35316378]","[0.34574324 0.34599464 0.34668715 0.34550965 0.34723713]",0.346194446086884,3,"33280_2,1,0_0.083_True",1.01105058553246,0.388044793844458
"mp-1219734","(1, 0, 2)",0.167,"Pt-0.5-Rh-0.5","True","[-1.51651537 -1.5163573  -1.5156188  -1.51276755 -1.51211905]","[-1.47016924 -1.47324187 -1.46927234 -1.47229337 -1.47330726]",-1.51651537418365,-1.47330726000001,"[-1.80376244 -1.80191898 -1.80069995 -1.80005884 -1.79812503]","[-1.75863755 -1.7576716  -1.75782416 -1.75666092 -1.75857962]",-1.80376243591309,-1.75863755000006,"[-1.53555179 -1.51872492 -1.32389081 -1.32214856 -1.31501627]","[-1.43877654 -1.433321   -1.27115818 -1.27122642 -1.27896518]",-1.53555178642273,-1.43877653999999,"[-2.17881489 -2.10234547 -2.08169746 -2.01898503 -1.99377394]","[-2.13053098 -2.06589692 -2.06301296 -1.97722945 -1.91909095]",-2.17881488800049,-2.13053098,"[-0.52632219 -0.52470267 -0.52313298 -0.52296793 -0.52257192]","[-0.49139534 -0.49167818 -0.49095583 -0.49092738 -0.49099389]",-0.526322185993195,-0.491678180000065,-0.133109960000013,"[-0.16568321 -0.16298181 -0.16056049 -0.16030413 -0.15928161]","[-0.13260239 -0.13310996 -0.13260263 -0.13279197 -0.13267699]",-0.165683209896088,2,"3763_1,0,2_0.167_True",1.88975437980109,0.472341029316003
"dcgat-agm001332573","(2, 1, 1)",0.0625000000000002,"Cu-0.25-Pd-0.25-Rh-0.25-Sn-0.25","True","[-0.74856877 -0.74670851 -0.74246365 -0.74099749 -0.74049598]","[-0.93950783 -0.93537187 -0.94087935 -0.93812873 -0.93729201]",-0.748568773269653,-0.940879349999989,"[-1.83580589 -1.83381486 -1.83215451 -1.83204007 -1.83104348]","[-1.72450809 -1.72280507 -1.72397284 -1.72463746 -1.71843856]",-1.83580589294434,-1.72463746,"[-1.20923662 -1.20844913 -1.20579517 -1.20468211 -1.20358348]","[-1.24764321 -1.24862389 -1.24407246 -1.22590808 -1.24781487]",-1.20923662185669,-1.24862388999998,"[-1.12744629 -1.11277974 -1.1115191  -1.11000741 -1.10948086]","[-1.14519234 -1.07363739 -1.0776657  -1.07613917 -1.08429812]",-1.12744629383087,-1.14519233999999,"[-0.54245216 -0.53872156 -0.53771341 -0.53624922 -0.53580624]","[-0.48883088 -0.48770643 -0.48875353 -0.49046952 -0.4871672 ]",-0.542452156543732,-0.490469519999976,-0.250602719999961,"[-0.34322852 -0.33690903 -0.33545163 -0.33530661 -0.33489454]","[-0.24504944 -0.24756318 -0.24839101 -0.24685505 -0.25060272]",-0.34322851896286,4,"34367_2,1,1_0.063_True",,
"oqmd-1339255","(1, 1, 1)",0.042,"Hg-0.333-Pd-0.667","False","[-0.68338448 -0.68282163 -0.68218637 -0.68007517 -0.67798978]","[-0.72962593 -0.73600962 -0.72771846 -0.7284146  -0.72980397]",-0.683384478092194,-0.736009619999976,"[-1.56090665 -1.54754746 -1.54451847 -1.54446507 -1.54134583]","[-1.60884177 -1.63457184 -1.64912764 -1.65043956 -1.64352908]",-1.56090664863586,-1.65043955999997,"[-0.84655803 -0.8245849  -0.74957216 -0.74345714 -0.74067563]","[-0.96607692 -0.88636245 -0.83410758 -0.80000329 -0.81931327]",-0.846558034420013,-0.966076920000006,"[-0.87261689 -0.68043262 -0.64607972 -0.62658578 -0.5828771 ]","[-0.87365229 -0.71938961 -0.68423587 -0.60761097 -0.60190352]",-0.87261688709259,-0.873652289999967,"[-0.40860942 -0.40730527 -0.4072741  -0.40701061 -0.40683305]","[-0.48413352 -0.47476356 -0.4869808  -0.47775116 -0.48196954]",-0.408609420061111,-0.486980799999998,0.461339850000002,"[0.53644162 0.57398635 0.5788148  0.58208925 0.58986717]","[0.57492903 0.56647242 0.55200585 0.55946836 0.46133985]",0.536441624164581,2,"15603_1,1,1_0.042_False",0.773598704121234,0
"dcgat-agm002351114","(2, 2, 1)",0.0249999999999999,"Pb-0.125-Pd-0.875","False","[-1.17455697 -1.17348313 -1.17327201 -1.16915905 -1.16648126]","[-1.15670113 -1.15208651 -1.15334043 -1.15626176 -1.15580433]",-1.17455697059631,-1.15670112999999,"[-1.81109118 -1.79699826 -1.79636073 -1.77509975 -1.7718997 ]","[-1.77710629 -1.77831183 -1.77671715 -1.73264612 -1.73384812]",-1.81109118461609,-1.77831183000001,"[-1.06133831 -1.05729496 -1.03973627 -1.0395813  -1.02543354]","[-0.9644445  -0.96354938 -0.95795942 -0.96081474 -0.92930223]",-1.06133830547333,-0.964444500000013,"[-1.3554244  -1.34995091 -1.34426546 -1.33602929 -1.32879126]","[-1.29053661 -1.29166752 -1.28589509 -1.26653557 -1.26477519]",-1.35542440414429,-1.29166752000003,"[-0.52351016 -0.52234876 -0.52234387 -0.52218628 -0.52212656]","[-0.48558208 -0.48538959 -0.48438102 -0.48619566 -0.48621879]",-0.523510158061981,-0.486218789999953,0.429580549999969,"[0.40515453 0.40809137 0.40966648 0.41031104 0.41071814]","[0.44287631 0.44471788 0.4386688  0.42958055 0.443906  ]",0.405154526233673,2,"16464_2,2,1_0.025_False",,
"dcgat-agm003299740","(1, 1, 1)",0.0833333333333334,"Ga-0.125-Rh-0.875","True","[-1.32817674 -1.32409823 -1.32402563 -1.31739557 -1.31610918]","[-1.28019244 -1.28367382 -1.28366872 -1.28318643 -1.2814939 ]",-1.32817673683167,-1.28367381999988,"[-1.75119197 -1.74170625 -1.74160767 -1.74131203 -1.74065447]","[-1.71080771 -1.71016721 -1.71069558 -1.70956434 -1.71087419]",-1.75119197368622,-1.71087419000003,"[-0.95488006 -0.93236679 -0.93081129 -0.92924929 -0.92922342]","[-0.83612981 -0.92586062 -0.92362107 -0.92679849 -0.92364698]",-0.954880058765411,-0.926798489999896,"[-1.54191303 -1.54084826 -1.53860974 -1.53638792 -1.53514624]","[-1.51365692 -1.50882138 -1.50475659 -1.50376534 -1.50182112]",-1.54191303253174,-1.51365692000002,"[-0.50194788 -0.50173426 -0.50059241 -0.50053859 -0.50033855]","[-0.48592141 -0.47276586 -0.47997264 -0.47904872 -0.48216796]",-0.50194787979126,-0.485921409999946,0.393281900000034,"[0.37505537 0.37506789 0.37537628 0.3757965  0.37617582]","[0.39935745 0.3970863  0.3948495  0.39555028 0.3932819 ]",0.375055372714996,2,"30825_1,1,1_0.083_True",,
"mp-1186916","(1, 0, 3)",0.0104166666666666,"Rh-1.0","True","[-1.50053918 -1.49512362 -1.49411988 -1.49274516 -1.49056911]","[-1.49737379 -1.50164616 -1.49841139 -1.49599259 -1.49967289]",-1.50053918361664,-1.50164616000001,"[-1.85967541 -1.85846066 -1.85665727 -1.85617089 -1.85592985]","[-1.85974245 -1.85939256 -1.85915723 -1.8554616  -1.85949722]",-1.85967540740967,-1.85974245,"[-1.52127099 -1.41318154 -1.4116869  -1.40940082 -1.40714288]","[-1.42647976 -1.40846019 -1.4087183  -1.4034283  -1.40643062]",-1.5212709903717,-1.42647976000001,"[-2.11296034 -2.08759975 -2.07653165 -2.01358342 -1.96823502]","[-2.03341179 -2.02569575 -2.02019567 -1.91767602 -1.91294472]",-2.11296033859253,-2.03341179,"[-0.47733518 -0.47669843 -0.47528288 -0.47527656 -0.47457719]","[-0.48125962 -0.47867062 -0.48322166 -0.48203918 -0.48365175]",-0.477335184812546,-0.483651750000035,-0.311956529999975,"[-0.31447694 -0.31317544 -0.31260946 -0.31232443 -0.31220886]","[-0.30662392 -0.30832563 -0.30885752 -0.31195653 -0.30915008]",-0.314476937055588,1,"60_1,0,3_0.01_True",2.13274487325566,1
"dcgat-agm003298939","(1, 0, 0)",0.25,"Pd-0.833-Tl-0.167","True","[-0.62898111 -0.61416423 -0.49910015 -0.49671003 -0.49359584]","[-0.72950946 -0.71889422 -0.56128644 -0.56367894 -0.56764778]",-0.628981113433838,-0.729509460000003,"[-1.64670694 -1.64569175 -1.6454165  -1.64483619 -1.64444852]","[-1.6656427  -1.66608638 -1.66331321 -1.66567021 -1.663779  ]",-1.64670693874359,-1.66608638,"[-0.77897972 -0.77789265 -0.77770096 -0.77182645 -0.77179629]","[-0.7310748  -0.73069406 -0.73005301 -0.73170339 -0.72944055]",-0.77897971868515,-0.731703389999979,"[-1.11234593 -1.11226559 -1.09017015 -1.08861518 -1.08678651]","[-1.16003997 -1.147634   -1.1356148  -1.1264531  -1.12769065]",-1.11234593391418,-1.16003997000001,"[-0.46616238 -0.46582535 -0.46570274 -0.46556917 -0.46464318]","[-0.48243655 -0.48264063 -0.48229535 -0.48267023 -0.4826764 ]",-0.466162383556366,-0.482676400000003,0.786501889999983,"[0.76268786 0.76735038 0.76924962 0.77023953 0.77080053]","[0.78724006 0.7871418  0.78659873 0.78650189 0.78716318]",0.762687861919403,2,"18186_1,0,0_0.25_True",0.875275402946559,0.182771425978704
"dcgat-agm003197247","(1, 1, 0)",0.25,"Cu-0.667-Zn-0.333","True","[0.30624658 0.30733389 0.30899042 0.31250793 0.31398684]","[0.05729477 0.05497301 0.05401969 0.05407319 0.0521436 ]",0.30624657869339,0.0521435999999937,"[-0.55905157 -0.55872262 -0.55866164 -0.55729467 -0.55708498]","[-0.80209046 -0.80313414 -0.8036953  -0.80256405 -0.80504982]",-0.55905157327652,-0.805049819999994,"[0.01509428 0.01701337 0.0186258  0.01918805 0.02038634]","[-0.28271117 -0.28829066 -0.29315015 -0.28802848 -0.2852424 ]",0.0150942802429199,-0.293150150000002,"[-0.14708316 -0.1324864  -0.12054908 -0.1196425  -0.10171819]","[-0.33307707 -0.37393428 -0.36412258 -0.35898779 -0.38407149]",-0.147083163261414,-0.384071489999997,"[-0.12270176 -0.12221533 -0.12095076 -0.12036031 -0.12034851]","[-0.4779566  -0.47756098 -0.48251861 -0.48259818 -0.47991534]",-0.12270176410675,-0.482598179999997,-0.344127810000003,"[0.01466042 0.01503164 0.01605362 0.0161007  0.01654601]","[-0.3432044  -0.29472032 -0.34324219 -0.34381902 -0.34412781]",0.0146604180335998,2,"24015_1,1,0_0.25_True",0.999260001386831,0.9297703766557
"oqmd-1340599","(0, 1, 2)",0,"Au-0.625-Pd-0.375","True","[0.18544441]","[0.06661759]",0.185444414615631,0.066617590000078,"[-1.2489779]","[-1.41651011]",-1.24897789955139,-1.41651010999999,"[-0.59526122 -0.59343547 -0.5277915  -0.52470291]","[-0.75621994 -0.75535327 -0.73561012 -0.70380372]",-0.595261216163635,-0.756219940000051,"[-0.5186668  -0.46832407 -0.40887752  0.04508686  0.05482298]","[-0.62179816 -0.5716612  -0.55352076 -0.09379721 -0.07921948]",-0.518666803836823,-0.621798160000026,"[-0.30611101 -0.30053455 -0.2980547 ]","[-0.48211435 -0.48192891 -0.48184648]",-0.306111007928848,-0.482114349999961,1.04775529999995,"[1.03000736 1.03309059 1.03543162 1.03576374 1.03758979]","[1.0488108  1.05081509 1.05311155 1.05224537 1.0477553 ]",1.03000736236572,2,"15766_0,1,2_0.0_True",0.747234733099467,0.46094420968993
"oqmd-305875","(3, 2, 1)",0.1,"Ag-0.5-Pd-0.5","True","[-0.52417427 -0.52147162 -0.52071416 -0.52027571 -0.51957685]","[-0.72323361 -0.72319135 -0.72177993 -0.72150688 -0.72320802]",-0.524174273014069,-0.723233610000023,"[-1.42412901 -1.42377925 -1.42330837 -1.42054141 -1.42020798]","[-1.62796857 -1.62807418 -1.63020965 -1.63149606 -1.62871681]",-1.42412900924683,-1.63149606000002,"[-0.76927519 -0.76899797 -0.76759356 -0.76758921 -0.76733017]","[-0.85639013 -0.85500346 -0.85492529 -0.85463951 -0.85310715]",-0.769275188446045,-0.856390129999966,"[-0.77576059 -0.7347846  -0.59858513 -0.59309077 -0.5856477 ]","[-0.95997477 -0.91241693 -0.75342024 -0.77142937 -0.73783835]",-0.775760591030121,-0.959974770000031,"[-0.40303594 -0.40152922 -0.40012389 -0.39993367 -0.39991587]","[-0.4771919  -0.47681526 -0.46529045 -0.470249   -0.4748372 ]",-0.403035938739777,-0.477191900000037,0.639734800000042,"[0.65582937 0.6583479  0.65838653 0.65856081 0.65868741]","[0.64147838 0.65399344 0.6397348  0.64310147 0.65139265]",0.65582937002182,2,"12221_3,2,1_0.1_True",0.952913470162508,0.86291248656188
"dcgat-agm003290571","(2, 2, 1)",0.0955764042447908,"Hg-0.375-Pd-0.625","True","[-0.50869334 -0.49723911 -0.24725652 -0.24662143 -0.24626541]","[-0.60922367 -0.6127678  -0.42088885 -0.41776394 -0.41826903]",-0.508693337440491,-0.612767799999972,"[-1.56350756 -1.56186891 -1.5610075  -1.55938435 -1.55935836]","[-1.58488365 -1.57849962 -1.585288   -1.58413558 -1.58326784]",-1.56350755691528,-1.58528799999999,"[-0.56571126 -0.51714993 -0.51676351 -0.51555181 -0.51508689]","[-0.63261859 -0.52699251 -0.52723724 -0.52564186 -0.52553165]",-0.565711259841919,-0.632618590000021,"[-0.68214208 -0.68153864 -0.68122143 -0.67161196 -0.66196686]","[-0.72982734 -0.73222404 -0.73237696 -0.72866374 -0.7315147 ]",-0.682142078876495,-0.732376959999954,"[-0.44907212 -0.44757083 -0.44673079 -0.44521114 -0.44515568]","[-0.47631828 -0.47579163 -0.47330341 -0.476427   -0.47559526]",-0.449072122573853,-0.476427000000001,0.935629620000014,"[0.87203616 0.87274438 0.8731963  0.87351781 0.87677711]","[0.93591188 0.93689307 0.9394149  0.93716442 0.93562962]",0.872036159038544,2,"21641_2,2,1_0.096_True",0.686070894859104,0.985644511185626
"dcgat-agm003465735","(1, 0, 2)",0.122916487769549,"Cu-0.125-Pd-0.625-Pt-0.25","True","[-1.54737926 -1.54546368 -1.54155934 -1.53979516 -1.5371716 ]","[-1.57877723 -1.57395176 -1.5730639  -1.57992157 -1.58057884]",-1.5473792552948,-1.58057883999999,"[-1.93244433 -1.9314096  -1.93013644 -1.93000317 -1.92956185]","[-1.97892192 -1.98492734 -1.97886318 -1.97514099 -1.97444851]",-1.93244433403015,-1.98492734000001,"[-1.4749496  -1.46124768 -1.46066678 -1.45791698 -1.45482755]","[-1.49974436 -1.50975596 -1.49926748 -1.50805326 -1.49723073]",-1.47494959831238,-1.50975596000001,"[-2.11239028 -2.09980941 -2.08923817 -2.08463192 -2.02127838]","[-2.05200729 -2.0550712  -2.06189307 -2.04731545 -2.01513744]",-2.1123902797699,-2.06189307,"[-0.48854244 -0.4885371  -0.48718977 -0.48688117 -0.48675317]","[-0.4651614  -0.46795652 -0.47547727 -0.4677918  -0.46917777]",-0.488542437553406,-0.475477269999999,0.230676960000039,"[0.21810764 0.2199533  0.22186345 0.22190422 0.2222597 ]","[0.23748488 0.23067696 0.24224086 0.23254982 0.23846572]",0.218107640743256,3,"33066_1,0,2_0.123_True",,
"dcgat-agm003763506","(1, 0, 2)",0.080019923578438,"Pd-0.125-Pt-0.75-Zn-0.125","False","[-1.15639818 -1.15561604 -1.15476525 -1.14590263 -1.14267612]","[-1.13564709 -1.13439373 -1.14193256 -1.13842669 -1.13822649]",-1.15639817714691,-1.14193255999999,"[-1.91039848 -1.90645504 -1.90264654 -1.89877152 -1.89845133]","[-1.9673042  -1.96699331 -1.96404579 -1.87110451 -1.87184862]",-1.91039848327637,-1.9673042,"[-1.43710136 -1.42936659 -1.42934453 -1.42605162 -1.42587876]","[-1.41708004 -1.41840079 -1.4162301  -1.41637104 -1.41282375]",-1.43710136413574,-1.41840078999996,"[-1.93868113 -1.9320972  -1.93002033 -1.92862463 -1.92651033]","[-1.91488284 -1.91238317 -1.91619642 -1.90824696 -1.91218136]",-1.93868112564087,-1.91619642000001,"[-0.51366788 -0.51360035 -0.51327664 -0.50977993 -0.50740957]","[-0.47152146 -0.47461802 -0.47317988 -0.47359053 -0.47117933]",-0.5136678814888,-0.474618020000037,0.217301330000055,"[0.26189655 0.26201063 0.26345855 0.26450795 0.26478666]","[0.21766551 0.21740544 0.21756021 0.2195146  0.21730133]",0.261896550655365,3,"28271_1,0,2_0.08_False",,
"dcgat-agm003289290","(1, 1, 1)",0.160664800844012,"Pd-0.812-Tl-0.188","False","[-1.01075101 -0.78418827 -0.76599735 -0.76492357 -0.76268333]","[-1.06168991 -0.77451183 -0.77112097 -0.77407855 -0.77537453]",-1.01075100898743,-1.06168991000004,"[-1.67552865 -1.67468834 -1.67458224 -1.67252982 -1.67002523]","[-1.63139216 -1.63208102 -1.6367029  -1.63098528 -1.63239044]",-1.67552864551544,-1.63670290000005,"[-0.7482962  -0.73868328 -0.7307052  -0.72578537 -0.7101801 ]","[-0.6395497  -0.63866608 -0.70107989 -0.67388724 -0.66457869]",-0.748296201229096,-0.701079890000017,"[-1.16876066 -1.15258157 -1.14111578 -1.13906765 -1.13635802]","[-1.09934215 -1.09891545 -1.09701023 -1.07855476 -1.05994411]",-1.16876065731049,-1.09934215000004,"[-0.50206673 -0.50004447 -0.49934235 -0.49910519 -0.49909148]","[-0.4719156  -0.46956171 -0.4717713  -0.47011026 -0.47245079]",-0.502066731452942,-0.472450790000039,0.799316159999989,"[0.77587169 0.77718157 0.77850705 0.77951103 0.78096837]","[0.80133684 0.79931616 0.80933596 0.80635245 0.8013175 ]",0.775871694087982,2,"34004_1,1,1_0.161_False",0.825972641811502,1
"dcgat-agm002180928","(2, 1, 0)",0.0416666666666666,"Rh-0.875-Sb-0.125","True","[-1.76100516 -1.75851059 -1.75793409 -1.75451231 -1.75290036]","[-1.75477909 -1.75528711 -1.7557562  -1.75338436 -1.75928502]",-1.76100516319275,-1.75928501999999,"[-1.92894888 -1.92749476 -1.92726183 -1.92628145 -1.92598915]","[-1.83053509 -1.84009317 -1.83292783 -1.8301481  -1.83558435]",-1.92894887924194,-1.84009317000005,"[-1.67407823 -1.66984487 -1.66488326 -1.59886289 -1.59469187]","[-1.64951694 -1.65009267 -1.65798849 -1.50323925 -1.49200242]",-1.67407822608948,-1.65798849000009,"[-2.12649035 -2.0988431  -2.09647632 -2.09196973 -2.08974028]","[-2.08354363 -2.05445489 -2.02107149 -2.00869006 -2.01332203]",-2.12649035453796,-2.08354363000012,"[-0.44627997 -0.44541258 -0.44509384 -0.44503853 -0.44492546]","[-0.46863137 -0.3698111  -0.47088137 -0.47057493 -0.47203802]",-0.446279972791672,-0.472038020000014,-0.126400200000035,"[-0.1430164  -0.13949251 -0.13902777 -0.13785243 -0.13768876]","[-0.12186653 -0.11332116 -0.1264002  -0.11321776 -0.11756883]",-0.143016397953033,2,"24387_2,1,0_0.042_True",,
"dcgat-agm002308975","(1, 0, 1)",0.25,"Pt-0.833-Rh-0.167","True","[-1.23363316 -1.23346937 -1.23340106 -1.23249364 -1.23013902]","[-1.25994567 -1.25957793 -1.25953972 -1.2591234  -1.2610073 ]",-1.23363316059113,-1.26100730000002,"[-1.72997975 -1.72959399 -1.7293185  -1.72904098 -1.72855651]","[-1.7798449  -1.77865884 -1.78002996 -1.77889002 -1.7800359 ]",-1.72997975349426,-1.78003590000003,"[-1.13913703 -1.09377456 -1.08553267 -1.07256615 -1.07251382]","[-1.14853999 -1.1330382  -1.12766973 -1.07297985 -1.07248525]",-1.13913702964783,-1.14853999000002,"[-1.87040758 -1.86745739 -1.86718202 -1.86312819 -1.86237955]","[-1.90158327 -1.89718113 -1.90140139 -1.90474644 -1.87289777]",-1.87040758132935,-1.90474644,"[-0.41645357 -0.41178489 -0.41176212 -0.41143429 -0.41017863]","[-0.46698309 -0.46689075 -0.46820109 -0.46730886 -0.46750814]",-0.416453570127487,-0.468201090000036,0.447242430000017,"[0.47394234 0.47462004 0.47817701 0.48036665 0.48187393]","[0.44785263 0.44724243 0.44824585 0.44907348 0.45018166]",0.473942339420319,2,"21323_1,0,1_0.25_True",1.32828993710192,0.271585801845691
"mp-1056438","(3, 3, 2)",0.0312499999999998,"Pd-1.0","True","[-1.2219404  -1.2212255  -1.21783745 -1.21711469 -1.21587205]","[-1.22374404 -1.22373543 -1.22282206 -1.22336743 -1.22379927]",-1.22194039821625,-1.22379927000003,"[-1.7328012  -1.73002887 -1.72995126 -1.72784519 -1.72783494]","[-1.77428793 -1.76975739 -1.77845256 -1.77092988 -1.769998  ]",-1.73280119895935,-1.77845256000006,"[-1.03807271 -1.03519726 -1.0290935  -0.97111958 -0.96478546]","[-1.01671363 -1.0170476  -1.01774069 -0.95641936 -0.95767045]",-1.03807270526886,-1.01774069000004,"[-1.46075106 -1.4559871  -1.44943476 -1.4469465  -1.44666505]","[-1.43946976 -1.44554813 -1.44494524 -1.44379954 -1.44745907]",-1.46075105667114,-1.44745907000004,"[-0.45074171 -0.45066005 -0.45031691 -0.45024803 -0.44951642]","[-0.45601513 -0.46515179 -0.46626058 -0.45690452 -0.46553119]",-0.450741708278656,-0.466260580000039,0.430651889999979,"[0.49070305 0.49096137 0.49193591 0.49244159 0.49363238]","[0.43471453 0.43065189 0.43547619 0.44169614 0.44554602]",0.490703046321869,1,"44_3,3,2_0.031_True",1.22448075686147,0.377622712422593
"dcgat-agm003285764","(2, -1, 0)",0.249152001683751,"Pd-0.867-Sn-0.133","True","[-0.63191772 -0.47291413 -0.46424061 -0.46423119 -0.46413639]","[-0.5914347  -0.45557256 -0.45263526 -0.45416032 -0.45979069]",-0.631917715072632,-0.591434699999979,"[-1.64757729 -1.6473341  -1.6460861  -1.64572501 -1.64552379]","[-1.59574465 -1.59598628 -1.59546449 -1.59477146 -1.59541211]",-1.6475772857666,-1.59598627999998,"[-0.77693331 -0.77367043 -0.76450753 -0.75617933 -0.75136685]","[-0.71707295 -0.72084473 -0.67088685 -0.6378153  -0.63789142]",-0.776933312416077,-0.720844729999953,"[-1.10415816 -1.10206068 -1.09786284 -1.09655249 -1.09423518]","[-1.00572124 -1.00746782 -1.00657285 -1.00801122 -1.00171449]",-1.10415816307068,-1.00801122000001,"[-0.46857017 -0.46821073 -0.46742755 -0.46728215 -0.46649745]","[-0.46415103 -0.46483748 -0.46499655 -0.46332255 -0.46378777]",-0.468570172786713,-0.464996550000024,0.700245530000075,"[0.67854339 0.67873806 0.67889649 0.67919773 0.68002993]","[0.74350896 0.74473463 0.70024553 0.745155   0.74890676]",0.678543388843536,2,"26466_2,-1,0_0.249_True",1.00522353563081,0.201706060121258
"dcgat-agm003481567","(2, 1, 1)",0.0107667583440904,"Ag-0.222-Cu-0.111-Pd-0.667","True","[-0.99437487 -0.99384487 -0.97152525 -0.86346924 -0.81727219]","[-1.04737355 -1.05040862 -1.03853104 -0.89048308 -0.70924004]",-0.994374871253967,-1.05040861999998,"[-1.73007822 -1.72699857 -1.72484803 -1.70568192 -1.7044307 ]","[-1.69004443 -1.69146984 -1.68778294 -1.66480682 -1.66351278]",-1.73007822036743,-1.69146984000002,"[-0.99632132 -0.99488831 -0.99249649 -0.99089658 -0.99079907]","[-0.94067223 -0.93852    -0.94380797 -0.93965756 -0.93754599]",-0.996321320533752,-0.943807969999966,"[-1.44969094 -1.43924189 -1.41693926 -1.28086019 -1.24211431]","[-1.3822777  -1.38118766 -1.34502124 -1.23821005 -1.18452371]",-1.44969093799591,-1.38227769999997,"[-0.42630556 -0.4262554  -0.42516711 -0.42480311 -0.42459974]","[-0.46375221 -0.45860641 -0.4573551  -0.45827195 -0.46465894]",-0.426305562257767,-0.464658939999993,0.301297950000048,"[0.31708747 0.31755763 0.31876558 0.32025999 0.32132596]","[0.30280565 0.30722546 0.30129795 0.30595928 0.30497685]",0.317087471485138,3,"18209_2,1,1_0.011_True",1.12231957031101,0.176567158752144
"dcgat-agm003765808","(1, 1, 2)",0.120301232496911,"Ag-0.125-Cu-0.125-Pd-0.75","True","[-0.85622323 -0.85532248 -0.85003442 -0.84833246 -0.84734553]","[-0.74151483 -0.74253472 -0.74200293 -0.74217306 -0.74124512]",-0.856223225593567,-0.742534720000037,"[-1.68902588 -1.68694246 -1.68524861 -1.68482196 -1.68455744]","[-1.62853389 -1.63428688 -1.63340259 -1.63425846 -1.63409467]",-1.68902587890625,-1.63428688000005,"[-0.79472798 -0.79270345 -0.77288872 -0.76796854 -0.76652247]","[-0.74952852 -0.75457082 -0.75101042 -0.75047288 -0.75055696]",-0.794727981090546,-0.754570820000026,"[-1.20116782 -1.18050981 -1.16798031 -1.16338587 -1.1569618 ]","[-1.158768   -1.14641388 -1.10421916 -1.1077535  -1.13159206]",-1.20116782188416,-1.15876800000001,"[-0.46267715 -0.46257192 -0.46249017 -0.46092448 -0.4607248 ]","[-0.46297676 -0.46339317 -0.46387256 -0.46379386 -0.46001979]",-0.462677150964737,-0.463872560000027,0.723874819999992,"[0.71149868 0.71177071 0.71222228 0.71258122 0.71338171]","[0.72867176 0.73101159 0.72895122 0.73534702 0.72387482]",0.71149867773056,3,"34127_1,1,2_0.12_True",1.01016385634559,0.768359335046262
"dcgat-agm003299759","(1, 1, 1)",0.0833333333333333,"Au-0.125-Pd-0.875","True","[-0.75069743 -0.75043708 -0.74914414 -0.74788225 -0.74734318]","[-0.73232125 -0.73127994 -0.73229317 -0.73215697 -0.73070515]",-0.750697433948517,-0.732321250000041,"[-1.69974267 -1.69963133 -1.6988734  -1.69758677 -1.69749653]","[-1.69313797 -1.69286386 -1.68398497 -1.69340095 -1.69338171]",-1.69974267482758,-1.69340095000001,"[-0.78782415 -0.78136247 -0.77506942 -0.75008023 -0.7486425 ]","[-0.74043597 -0.73874069 -0.73910822 -0.69044146 -0.69418618]",-0.787824153900147,-0.740435970000021,"[-1.28154051 -1.28070879 -1.279356   -1.2778666  -1.2775104 ]","[-1.26233498 -1.26215321 -1.25384029 -1.26077919 -1.2611766 ]",-1.28154051303864,-1.26233497999999,"[-0.46849781 -0.46757138 -0.46742326 -0.46701828 -0.46699232]","[-0.45910208 -0.46116981 -0.46083637 -0.46067164 -0.4598896 ]",-0.468497812747955,-0.461169810000058,0.871177850000038,"[0.88396055 0.88539189 0.88713032 0.88846892 0.89063066]","[0.87145596 0.87181221 0.87117785 0.88240959 0.87260074]",0.883960545063019,2,"34173_1,1,1_0.083_True",1.0382097485809,0.951567018833371
"dcgat-agm003299698","(1, 1, 1)",0.0833333333333334,"Rh-0.875-Sn-0.125","True","[-1.17955601 -1.15669131 -1.15593851 -1.15535629 -1.15512693]","[-0.99675231 -1.00532808 -1.00049568 -1.00166955 -0.99826622]",-1.17955601215363,-1.00532807999991,"[-1.64488077 -1.64234376 -1.64074516 -1.63852537 -1.6382308 ]","[-1.54165873 -1.62082902 -1.61496117 -1.53636126 -1.61660766]",-1.64488077163696,-1.62082901999997,"[-0.81156951 -0.80670202 -0.80512285 -0.80464709 -0.76374793]","[-0.59100969 -0.58651965 -0.59209836 -0.59104952 -0.64504539]",-0.811569511890411,-0.64504538999995,"[-1.41105843 -1.39068961 -1.28790128 -1.28626633 -1.27893639]","[-1.29382964 -1.285292   -1.2574788  -1.12297244 -1.12464261]",-1.41105842590332,-1.29382964000001,"[-0.49361047 -0.48700857 -0.48577949 -0.48568639 -0.4856222 ]","[-0.45468661 -0.45359463 -0.46061789 -0.45957756 -0.45426712]",-0.493610471487045,-0.460617889999867,0.598247939999965,"[0.51714975 0.51726335 0.51729578 0.517878   0.51948339]","[0.60489352 0.59890415 0.60388874 0.59824794 0.60417523]",0.517149746417999,2,"32170_1,1,1_0.083_True",,
"dcgat-agm003516125","(1, 1, 2)",0,"Au-0.091-In-0.182-Pd-0.727","True","[-0.36026347 -0.35973513 -0.3595936  -0.35696515 -0.35666478]","[-0.38817872 -0.38431742 -0.38826995 -0.38913094 -0.38594747]",-0.360263466835022,-0.38913094000003,"[-1.61531782 -1.61440253 -1.61253452 -1.60979819 -1.60934067]","[-1.56551384 -1.56658068 -1.56599206 -1.56661752 -1.5651855 ]",-1.61531782150269,-1.56661752000002,"[-0.70507056 -0.66291195 -0.63024092 -0.62423891 -0.61704242]","[-0.69364248 -0.61283949 -0.48651523 -0.57405511 -0.56805416]",-0.705070555210114,-0.693642479999994,"[-0.95967454 -0.95955449 -0.95265347 -0.9518978  -0.94653493]","[-0.93218921 -0.92466906 -0.93185401 -0.92843809 -0.93034328]",-0.959674537181854,-0.93218920999999,"[-0.49817654 -0.49738315 -0.49636334 -0.49569103 -0.49520645]","[-0.46015688 -0.45790046 -0.45781335 -0.45758886 -0.45801784]",-0.498176544904709,-0.460156880000056,0.485605820000046,"[0.46029741 0.46099406 0.46181172 0.46505922 0.46523517]","[0.48782767 0.48795635 0.48649891 0.48560582 0.48697519]",0.460297405719757,3,"29240_1,1,2_0.0_True",0.932276059143441,0.619095186170285
"dcgat-agm001192692","(1, 0, 0)",0.25,"Pt-0.167-Rh-0.833","True","[-2.03140092 -2.0293231  -2.02621889 -2.02509522 -2.0247314 ]","[-2.16768588 -2.16639154 -2.17178682 -2.16690125 -2.16940596]",-2.03140091896057,-2.17178682000002,"[-1.83939672 -1.83475065 -1.83278799 -1.83229542 -1.82778788]","[-1.86268836 -1.86180973 -1.85979508 -1.86311428 -1.86265515]",-1.83939671516418,-1.86311427999999,"[-1.64757705 -1.64526784 -1.64188087 -1.62539577 -1.62088585]","[-1.60157886 -1.59692639 -1.60155122 -1.59626581 -1.61354757]",-1.64757704734802,-1.61354756999998,"[-2.24227977 -2.24164176 -2.23919344 -2.23349452 -2.23182249]","[-2.21056543 -2.21195138 -2.20898506 -2.24467725 -2.21100192]",-2.24227976799011,-2.24467725,"[-0.43368018 -0.43285969 -0.4319407  -0.43170175 -0.43157196]","[-0.45791449 -0.45856961 -0.45348432 -0.45733007 -0.45314564]",-0.433680176734924,-0.458569610000041,-0.0721413899999561,"[-0.05070049 -0.04788744 -0.04769754 -0.04761076 -0.04712325]","[-0.07125264 -0.07054005 -0.07214139 -0.07208988 -0.07199894]",-0.0507004857063293,2,"31296_1,0,0_0.25_True",2.10927845302704,0.0354525472338112
"oqmd-468046","(3, 3, 1)",0.0625,"Ag-0.25-Au-0.25-Pd-0.5","True","[-0.50876927 -0.50669849 -0.50657642 -0.50486612 -0.50099552]","[-0.8178425  -0.81563501 -0.81698695 -0.81396039 -0.81646471]",-0.508769273757935,-0.817842499999983,"[-1.38638806 -1.38528323 -1.3836422  -1.38344014 -1.38248229]","[-1.53764954 -1.53912452 -1.53973967 -1.54218455 -1.54060665]",-1.38638806343079,-1.54218455,"[-0.76296729 -0.76142102 -0.75118434 -0.75042659 -0.74841285]","[-0.83899276 -0.84060925 -0.83550031 -0.83536486 -0.83486265]",-0.76296728849411,-0.840609250000028,"[-0.82600188 -0.80143565 -0.79264706 -0.78647363 -0.76826197]","[-1.09536466 -1.08614257 -0.89803288 -0.87668219 -0.89277976]",-0.826001882553101,-1.09536466,"[-0.41237566 -0.41216528 -0.41156363 -0.41072685 -0.40973857]","[-0.4571318  -0.45661825 -0.45644131 -0.4566665  -0.45498613]",-0.412375658750534,-0.457131800000013,0.918459389999981,"[0.92302305 0.92343432 0.92517442 0.92702693 0.9271875 ]","[0.93235978 0.91845939 0.92656666 0.9198975  0.92828309]",0.923023045063019,3,"13454_3,3,1_0.062_True",0.962280142109318,0
"dcgat-agm003286943","(0, 1, 0)",0,"Ir-0.6-Ru-0.4","True","[-1.30616903 -1.30247903 -1.30008006 -1.2977066  -1.29748392]","[-1.21483144 -1.21454965 -1.21159521 -1.21612466 -1.21711696]",-1.30616903305054,-1.21711696,"[-1.88967109 -1.88924313 -1.88894129 -1.88658118 -1.88582683]","[-1.83071904 -1.83185222 -1.83080948 -1.83144485 -1.82830278]",-1.88967108726501,-1.83185221999997,"[-1.29040051 -1.28598154 -1.27578807 -1.26465201 -1.26395273]","[-1.23271629 -1.23799524 -1.23380543 -1.22520959 -1.22156171]",-1.29040050506592,-1.23799524000003,"[-1.70731854 -1.69727576 -1.6913662  -1.68128777 -1.67909265]","[-1.70629162 -1.7055287  -1.70286067 -1.68171795 -1.68015631]",-1.70731854438782,-1.70629162,"[-0.45338276 -0.45316684 -0.45301774 -0.4521074  -0.45142558]","[-0.44990085 -0.45569523 -0.45507144 -0.45358965 -0.45507516]",-0.453382760286331,-0.455695229999947,0.185651089999965,"[0.13494229 0.13515091 0.13858491 0.13978481 0.13980472]","[0.18588796 0.18565109 0.20027871 0.19848691 0.19920836]",0.134942293167114,2,"24915_0,1,0_0.0_True",2.18226743540827,0.348190667469639
"oqmd-309755","(3, 1, 0)",0.0833333333333333,"Pd-0.75-Tl-0.25","True","[-0.66928071 -0.66914469 -0.66723418 -0.66646314 -0.66542912]","[-0.776087   -0.77673531 -0.77751577 -0.77706537 -0.77511642]",-0.669280707836151,-0.777515770000036,"[-1.62988603 -1.62641501 -1.62604332 -1.62604249 -1.6259557 ]","[-1.67029006 -1.67013994 -1.66890964 -1.6703167  -1.66823009]",-1.62988603115082,-1.6703167,"[-0.84617156 -0.84603751 -0.84408176 -0.84404898 -0.84130287]","[-0.81939065 -0.82126144 -0.82315916 -0.82579084 -0.81837914]",-0.84617155790329,-0.825790839999968,"[-0.85090858 -0.85045409 -0.84993958 -0.84921598 -0.84801787]","[-0.88891566 -0.87014988 -0.85969123 -0.87768283 -0.91303011]",-0.850908577442169,-0.913030110000022,"[-0.44164684 -0.43879679 -0.43866229 -0.43830028 -0.43827391]","[-0.45370572 -0.45261193 -0.4519794  -0.45511122 -0.45506131]",-0.441646844148636,-0.455111220000049,0.401232010000058,"[0.43738943 0.43851572 0.43902105 0.43913883 0.43922013]","[0.40207222 0.40687916 0.40451822 0.40230823 0.40123201]",0.437389433383942,2,"12440_3,1,0_0.083_True",1.00394302965961,1
"dcgat-agm002154895","(1, 0, 2)",0.169271804395283,"Au-0.833-In-0.167","True","[1.15599155 1.16023993 1.16320395 1.18283582 1.18619943]","[0.68586465 0.85772685 0.88191978 0.69457099 0.92167636]",1.15599155426025,0.685864650000013,"[-0.57812583 -0.55080479 -0.54907686 -0.52981591 -0.50358444]","[-0.61433071 -0.60537813 -0.6111599  -0.59291416 -0.52711112]",-0.578125834465027,-0.61433070999999,"[-0.82568961 -0.4097555  -0.38962165 -0.38344279 -0.26875696]","[ 0.89985787 -0.51119458 -0.56866904 -0.52397269 -0.3545664 ]",-0.825689613819122,-0.568669040000003,"[-0.17937922 -0.12379587 -0.05589855 -0.0520221  -0.04734826]","[-0.40051302 -0.36800656 -0.12791959 -0.1158139  -0.09780628]",-0.179379224777222,-0.400513019999977,"[-0.1777159  -0.16424662 -0.16340321 -0.09393948 -0.09140909]","[-0.35737807 -0.26929706 -0.45349688 -0.35586716 -0.35731905]",-0.17771589756012,-0.453496879999989,-0.0596672000000069,"[0.05985695 0.06294245 0.06648862 0.06943578 0.07552332]","[-0.04480869 -0.01765836 -0.0596672  -0.0506223  -0.02348585]",0.0598569512367248,2,"27678_1,0,2_0.169_True",0.579168873295357,1
"dcgat-agm003442666","(2, 1, -1)",0.23617328240481,"Au-0.286-Pd-0.571-Tl-0.143","True","[-0.48706496 -0.48271316 -0.47175428 -0.4699873  -0.4684442 ]","[-0.45612457 -0.46411625 -0.46421025 -0.46621342 -0.46265583]",-0.487064957618713,-0.466213420000031,"[-1.63401198 -1.63090682 -1.63085294 -1.63080883 -1.62729955]","[-1.56899623 -1.56034094 -1.5578994  -1.56046426 -1.56044766]",-1.63401198387146,-1.56899623000004,"[-0.69462168 -0.68405902 -0.65025306 -0.64552313 -0.64476651]","[-0.61812764 -0.60980799 -0.60151036 -0.60649758 -0.6047032 ]",-0.694621682167053,-0.618127640000012,"[-0.99418169 -0.98896658 -0.98866528 -0.98385274 -0.98049623]","[-0.93533148 -0.93868919 -0.92779345 -0.9360236  -0.90681506]",-0.99418169260025,-0.938689189999991,"[-0.48144144 -0.47882026 -0.47535658 -0.47417447 -0.47356981]","[-0.45302628 -0.45140997 -0.45080169 -0.44867948 -0.45080395]",-0.48144143819809,-0.453026280000017,0.852605040000015,"[0.85439903 0.85877436 0.85919279 0.8617546  0.86895758]","[0.85260504 0.85721969 0.85680152 0.85270287 0.85369367]",0.854399025440216,3,"24244_2,1,-1_0.236_True",0.760112183538305,0.543753630519583
"dcgat-agm003190809","(2, 2, 1)",0.03125,"Ni-0.5-Rh-0.5","True","[-1.32708263 -1.32624185 -1.32558537 -1.32322443 -1.32257688]","[-1.20813345 -1.21859362 -1.24543764 -1.21783765 -1.20950997]",-1.32708263397217,-1.24543763999998,"[-1.75275993 -1.75268197 -1.75162816 -1.75157189 -1.74888062]","[-1.7308016  -1.73345166 -1.73077134 -1.73377783 -1.75844226]",-1.75275993347168,-1.75844226000004,"[-1.38886189 -1.38549721 -1.38394737 -1.38338435 -1.381863  ]","[-1.37248877 -1.37668986 -1.33103172 -1.37812662 -1.3771003 ]",-1.38886189460754,-1.37812661999999,"[-1.79723239 -1.74497902 -1.69874549 -1.68820477 -1.68733013]","[-1.75272081 -1.69954321 -1.63746237 -1.63449699 -1.63763167]",-1.79723238945007,-1.75272081000003,"[-0.46137702 -0.4603942  -0.46025884 -0.45994505 -0.45993045]","[-0.45217251 -0.45231325 -0.44903754 -0.4509149  -0.45150999]",-0.461377024650574,-0.452313249999975,-0.215759430000048,"[-0.20347857 -0.20197952 -0.19936442 -0.19926602 -0.1988644 ]","[-0.21051568 -0.21575943 -0.21148845 -0.20896341 -0.19783644]",-0.203478574752808,2,"32214_2,2,1_0.031_True",,
"dcgat-agm003466579","(1, 0, 1)",0.125,"Au-0.125-In-0.25-Pd-0.625","True","[0.01970184 0.02019095 0.02036995 0.02129573 0.02138519]","[-0.10136312 -0.10274836 -0.10276286 -0.10290557 -0.10189391]",0.0197018384933471,-0.102905570000019,"[-1.65522289 -1.65415239 -1.65394878 -1.65202618 -1.65089202]","[-1.62653753 -1.62682235 -1.62677544 -1.62504324 -1.62606378]",-1.65522289276123,-1.62682235000005,"[-0.57601392 -0.56981623 -0.48961502 -0.48865426 -0.48806593]","[-0.48742688 -0.48779501 -0.43320876 -0.43219415 -0.43285379]",-0.576013922691345,-0.487795010000013,"[-0.5152334  -0.50584757 -0.50531077 -0.5050199  -0.5026356 ]","[-0.50668206 -0.50926312 -0.50843578 -0.50260259 -0.50659567]",-0.515233397483826,-0.509263120000014,"[-0.46902782 -0.46838558 -0.46821839 -0.46816874 -0.46707493]","[-0.45078993 -0.45229228 -0.45191669 -0.45148212 -0.45188133]",-0.469027817249298,-0.452292280000052,0.630368320000002,"[0.57254416 0.57420427 0.57498711 0.57535762 0.57602066]","[0.63222585 0.6307769  0.63983662 0.63627829 0.63036832]",0.572544157505035,3,"25666_1,0,1_0.125_True",0.866234883379631,0.937222159789156
"oqmd-1338945","(1, 0, 2)",0.502,"Cd-0.333-Pd-0.667","True","[-0.49892923 -0.49199373 -0.49038538 -0.488029   -0.48765346]","[-0.64511072 -0.64865924 -0.64583171 -0.64709642 -0.64889564]",-0.498929232358933,-0.648895640000035,"[-1.79189992 -1.79157233 -1.79137325 -1.7905767  -1.7901175 ]","[-1.76860745 -1.76820817 -1.7705492  -1.76906626 -1.76978323]",-1.79189991950989,-1.77054920000001,"[-1.00803089 -1.00797975 -1.00791764 -1.00540185 -1.00520229]","[-1.01622065 -1.01624889 -1.02369425 -1.01455306 -1.0131024 ]",-1.00803089141846,-1.02369425000001,"[-0.8443321  -0.83951747 -0.83833903 -0.8381747  -0.8254658 ]","[-0.88073137 -0.83226926 -0.89568604 -0.82681285 -0.81241139]",-0.844332098960877,-0.895686039999987,"[-0.46039107 -0.45918894 -0.45854774 -0.45851707 -0.45750016]","[-0.44994327 -0.45073808 -0.4495384  -0.45023061 -0.44770671]",-0.460391074419022,-0.450738080000008,0.394922670000028,"[0.3374148  0.34088248 0.34096462 0.34348887 0.34386116]","[0.39492267 0.39689088 0.4018352  0.39550309 0.39544497]",0.337414801120758,2,"16042_1,0,2_0.502_True",1.00479291110206,0
"dcgat-agm003290608","(1, 0, 0)",0.25,"Pt-0.625-Rh-0.375","True","[-1.72377157 -1.72311711 -1.72140765 -1.71988678 -1.71959901]","[-1.73671994 -1.73753385 -1.70680206 -1.73535277 -1.73622456]",-1.72377157211304,-1.73753384999998,"[-1.85335469 -1.85233331 -1.85209131 -1.8519516  -1.85070729]","[-1.83591317 -1.83770454 -1.84239351 -1.840949   -1.8435159 ]",-1.85335469245911,-1.84351590000006,"[-1.67700994 -1.64478922 -1.39213383 -1.39157057 -1.38482988]","[-1.48895327 -1.4751561  -1.21881182 -1.25265538 -1.25623268]",-1.6770099401474,-1.48895327000002,"[-2.33723521 -2.33402491 -2.32775807 -2.31044745 -2.30621433]","[-2.19840096 -2.17901408 -2.19498879 -2.13665497 -2.13706509]",-2.33723521232605,-2.19840095999996,"[-0.47341812 -0.47304595 -0.47241801 -0.47140452 -0.47134459]","[-0.44947632 -0.44619309 -0.44926318 -0.44828114 -0.44801394]",-0.473418116569519,-0.449476319999917,0.0419436099999757,"[-0.01408577 -0.01012367 -0.00890774 -0.0077818  -0.00715154]","[0.04347151 0.04194361 0.043139   0.04302868 0.04978447]",-0.0140857696533203,2,"25385_1,0,0_0.25_True",1.78467708139574,1
"mp-974395","(2, 1, 0)",0.083,"Pt-0.75-Rh-0.25","False","[-1.53684855 -1.53646779 -1.53505397 -1.53087926 -1.52684844]","[-1.48969796 -1.49236285 -1.49639872 -1.49135267 -1.49229441]",-1.53684854507446,-1.49639872,"[-1.88272285 -1.88226891 -1.88124633 -1.88053679 -1.87947035]","[-1.89660289 -1.89658528 -1.8941487  -1.89723574 -1.89504679]",-1.88272285461426,-1.89723574000004,"[-1.65711141 -1.65284753 -1.52325165 -1.51602101 -1.51417792]","[-1.595057   -1.59299989 -1.47669391 -1.47752231 -1.47855158]",-1.65711140632629,-1.595057,"[-2.23807573 -2.23144436 -2.22022462 -2.21612382 -1.99241948]","[-2.21416684 -2.21495406 -2.21600408 -2.1806928  -1.98157872]",-2.23807573318481,-2.21600408,"[-0.45296764 -0.45188367 -0.45120823 -0.4508245  -0.450782  ]","[-0.44806737 -0.44772572 -0.44755695 -0.44779375 -0.44721124]",-0.452967643737793,-0.448067370000047,0.143742760000009,"[0.14095241 0.1413992  0.1423701  0.14410734 0.14449489]","[0.14410803 0.14374276 0.14576903 0.14462711 0.14989494]",0.140952408313751,2,"390_2,1,0_0.083_False",1.86840670031559,0
"dcgat-agm003541771","(0, 0, 1)",0,"Ag-0.429-Au-0.143-Pd-0.429","True","[-1.28672636 -0.50402462 -0.50379598 -0.49949843 -0.49899402]","[-1.33903552 -0.45538646 -0.4577379  -0.45732748 -0.45632961]",-1.28672635555267,-1.33903552000004,"[-1.59748173 -1.59734702 -1.59448755 -1.59391069 -1.59378314]","[-1.59298294 -1.59453551 -1.59428342 -1.59427841 -1.59313299]",-1.5974817276001,-1.59453551000001,"[-0.6471988  -0.63093871 -0.62438381 -0.62387627 -0.62352455]","[-0.60821054 -0.57884026 -0.58262216 -0.58189253 -0.5414687 ]",-0.647198796272278,-0.608210539999959,"[-0.90976501 -0.90826404 -0.90215319 -0.90189016 -0.90182948]","[-0.85344794 -0.85021521 -0.85702876 -0.84719547 -0.8585179 ]",-0.909765005111694,-0.858517899999981,"[-0.46129876 -0.45697126 -0.45693862 -0.45600227 -0.45592612]","[-0.44781821 -0.44450263 -0.44630918 -0.44629289 -0.44743124]",-0.461298763751984,-0.447818210000037,0.86889444000002,"[0.86585516 0.86757058 0.8689546  0.86900467 0.86958688]","[0.87733567 0.87615357 0.86889444 0.86910829 0.87065631]",0.865855157375336,3,"32453_0,0,1_0.0_True",0.743849531759834,1
"mp-1184119","(1, 1, 2)",0.125,"Cu-0.25-Pd-0.75","True","[-0.644274   -0.64139593 -0.64048809 -0.64022386 -0.63922203]","[-0.71668475 -0.71731633 -0.71516254 -0.71286801 -0.71647564]",-0.644273996353149,-0.717316330000017,"[-1.64115953 -1.64097428 -1.64022052 -1.63987732 -1.63923788]","[-1.651319   -1.65176755 -1.65123928 -1.65261208 -1.65109973]",-1.64115953445435,-1.65261208000004,"[-0.78783864 -0.78315908 -0.73314035 -0.72500014 -0.70645028]","[-0.78468425 -0.78664265 -0.72345621 -0.72161523 -0.6589815 ]",-0.787838637828827,-0.786642650000033,"[-1.27477849 -1.2684021  -1.26206267 -1.26157236 -1.2607547 ]","[-1.24312996 -1.24837251 -1.24595229 -1.25295444 -1.25289677]",-1.27477848529816,-1.25295444000005,"[-0.43036401 -0.43025422 -0.42963117 -0.42916963 -0.42867741]","[-0.44436757 -0.44460341 -0.44445047 -0.44435002 -0.44056427]",-0.430364012718201,-0.44460341000007,0.706462440000053,"[0.68625873 0.68636888 0.68783504 0.68866926 0.6890263 ]","[0.70682733 0.70646244 0.7072615  0.70733391 0.70815259]",0.686258733272553,2,"3257_1,1,2_0.125_True",1.08465725723414,0.853440634751686
"dcgat-agm002179589","(1, 0, 2)",0.166054820040749,"Pd-0.833-Sn-0.167","True","[-1.04520905 -1.04501665 -1.04237843 -1.04112363 -1.03993845]","[-1.15599848 -1.15619746 -1.15382249 -1.15849477 -1.15298633]",-1.04520905017853,-1.15849477,"[-1.70477211 -1.70282638 -1.70084536 -1.70009923 -1.69977105]","[-1.65046847 -1.64925772 -1.64734053 -1.64604855 -1.64653432]",-1.70477211475372,-1.65046847000002,"[-0.93850774 -0.93791509 -0.92592031 -0.92498749 -0.92283297]","[-0.92508056 -0.93156104 -0.92015246 -0.90839677 -0.91993558]",-0.938507735729218,-0.93156104000002,"[-1.18401849 -1.14428329 -1.05972123 -1.01037979 -1.00345957]","[-1.22114387 -1.19895962 -1.04692313 -1.09488911 -0.96431485]",-1.18401849269867,-1.22114387000005,"[-0.45390865 -0.45167679 -0.45159653 -0.45133081 -0.45122159]","[-0.44328675 -0.4408332  -0.43950497 -0.44049902 -0.4404729 ]",-0.453908652067184,-0.443286750000027,0.432485480000025,"[0.3578648  0.36093956 0.36346692 0.36452371 0.36576909]","[0.43311319 0.43452428 0.43369301 0.43248548 0.43428145]",0.357864797115326,2,"24068_1,0,2_0.166_True",1.19137944507048,1
"dcgat-agm003292479","(3, 0, 1)",0.121892204231253,"Ag-0.444-Pd-0.556","True","[-0.57820004 -0.57576799 -0.57335222 -0.57328969 -0.57234555]","[-0.58951749 -0.59455082 -0.65685673 -0.65629779 -0.59259419]",-0.578200042247772,-0.656856730000015,"[-1.7446748  -1.74297285 -1.73771656 -1.73697495 -1.73518264]","[-1.72142063 -1.72375387 -1.72624276 -1.72478962 -1.72420469]",-1.74467480182648,-1.72624275999999,"[-0.81528229 -0.80271107 -0.725793   -0.71769607 -0.704566  ]","[-0.7497939  -0.75000168 -0.68052953 -0.69476487 -0.66455249]",-0.815282285213471,-0.750001679999997,"[-1.11560476 -1.05587649 -1.0506233  -1.02803183 -1.02581155]","[-1.08203322 -1.0290057  -1.02615411 -0.99360672 -0.99367508]",-1.11560475826263,-1.08203322000003,"[-0.4695659  -0.46930063 -0.46855935 -0.46851563 -0.46824375]","[-0.43918362 -0.43953952 -0.43987674 -0.44001204 -0.44065598]",-0.469565898180008,-0.440655980000003,0.773359769999985,"[0.8038066  0.80557424 0.80581516 0.80600637 0.80629843]","[0.78018807 0.77888501 0.77810973 0.77335977 0.77934963]",0.803806602954865,2,"21635_3,0,1_0.122_True",0.842322738745023,0.937862569268382
"dcgat-agm001417160","(0, 1, 2)",0.0826316756639697,"Ir-0.5-Rh-0.5","True","[-1.13875866 -1.13732064 -1.13703585 -1.1363436  -1.13596547]","[-1.12364608 -1.07066662 -1.07118705 -1.06982305 -1.07033011]",-1.13875865936279,-1.12364607999996,"[-1.80556607 -1.80342913 -1.80076241 -1.79982114 -1.79883265]","[-1.79217537 -1.79140277 -1.79508956 -1.79447824 -1.7914069 ]",-1.80556607246399,-1.79508956000007,"[-1.11922514 -1.11227512 -1.10416985 -1.10391712 -1.10320485]","[-1.11856869 -1.12776619 -1.1257022  -1.12685952 -1.1280669 ]",-1.11922514438629,-1.12806690000002,"[-1.74329734 -1.73583376 -1.72633886 -1.72059417 -1.70484209]","[-1.79170988 -1.78823194 -1.78723094 -1.81948469 -1.75551282]",-1.74329733848572,-1.81948469000008,"[-0.41481486 -0.41472974 -0.41413593 -0.41407689 -0.41404095]","[-0.43570457 -0.43745237 -0.43832573 -0.43920777 -0.43725764]",-0.414814859628677,-0.439207770000053,0.354004009999926,"[0.39520353 0.39558464 0.39605039 0.39974958 0.40064019]","[0.35459961 0.3571054  0.35431841 0.35400401 0.35407552]",0.395203530788422,2,"22286_0,1,2_0.083_True",1.99486965715667,0.527726940002844
"dcgat-agm003194180","(3, 1, 0)",0.163770439971505,"Rh-0.8-Ru-0.2","True","[-1.97833204 -1.97824764 -1.97784233 -1.97755527 -1.9772203 ]","[-1.97573447 -1.97550225 -1.97065369 -1.97628824 -1.97003317]",-1.97833204269409,-1.97628823999992,"[-1.8865943  -1.8859117  -1.88581181 -1.88365912 -1.8836174 ]","[-1.860756   -1.85781355 -1.86089113 -1.86173706 -1.86205271]",-1.88659429550171,-1.86205271000006,"[-1.6657027  -1.62265229 -1.61495757 -1.61098456 -1.60293341]","[-1.58965799 -1.54670311 -1.55787441 -1.55752331 -1.5626522 ]",-1.66570270061493,-1.58965798999998,"[-2.18842816 -2.18524957 -2.18294764 -2.18286014 -2.17912173]","[-2.13994844 -2.12444575 -2.19958193 -2.16980152 -2.20050758]",-2.18842816352844,-2.20050758000002,"[-0.43568125 -0.43554613 -0.43443084 -0.43370473 -0.43367046]","[-0.43113659 -0.43847879 -0.43882005 -0.43425491 -0.43495452]",-0.435681253671646,-0.438820050000004,-0.181950140000026,"[-0.17928612 -0.17884505 -0.17782658 -0.17703283 -0.1767841 ]","[-0.17934337 -0.18036684 -0.18195014 -0.17809099 -0.18080866]",-0.179286122322083,2,"21523_3,1,0_0.164_True",2.29480650761584,0.787670432390141
"dcgat-agm001851501","(1, 0, 3)",0.491040485373806,"Ag-0.333-Pd-0.667","True","[-1.0207932  -0.76823497 -0.76683515 -0.7643407  -0.76423329]","[-0.95350029 -0.74050771 -0.60560314 -0.74459795 -0.61095576]",-1.02079319953918,-0.953500290000022,"[-1.73924661 -1.73465955 -1.72713327 -1.72640657 -1.72629583]","[-1.65286997 -1.65924065 -1.65389093 -1.64003365 -1.66178396]",-1.73924660682678,-1.66178396000001,"[-0.85623181 -0.83861077 -0.81220335 -0.80604196 -0.80356979]","[-0.77614883 -0.78626391 -0.75495369 -0.749427   -0.71675356]",-0.856231808662415,-0.786263910000002,"[-1.28802991 -1.28769851 -1.27856541 -1.2781235  -1.27450228]","[-1.22875294 -1.23488263 -1.2363498  -1.23004185 -1.22863811]",-1.28802990913391,-1.23634980000003,"[-0.45430997 -0.45332512 -0.45257363 -0.45116773 -0.4508923 ]","[-0.4313411  -0.43512229 -0.43374064 -0.43171587 -0.4325118 ]",-0.454309970140457,-0.43512229000001,0.738282559999988,"[0.73437065 0.73552758 0.73655301 0.73876172 0.74445397]","[0.73828256 0.73903284 0.73904814 0.74025819 0.73925737]",0.734370648860931,2,"21391_1,0,3_0.491_True",0.932500425334334,0.787460560118359
"dcgat-agm003290609","(1, 1, 0)",0.25,"Pt-0.375-Rh-0.625","True","[-1.87296772 -1.87255192 -1.87166047 -1.87087083 -1.87016582]","[-1.91468783 -1.90982237 -1.91589098 -1.91008582 -1.90928901]",-1.87296772003174,-1.91589097999997,"[-1.83030677 -1.8280189  -1.82566547 -1.82524395 -1.82441115]","[-1.85583791 -1.85536787 -1.8560939  -1.85687093 -1.85625457]",-1.83030676841736,-1.85687093000013,"[-1.53932643 -1.53707314 -1.53569341 -1.5328455  -1.52993608]","[-1.38093369 -1.39627875 -1.39530572 -1.39626223 -1.39288985]",-1.53932642936707,-1.39627875000008,"[-2.18891907 -2.18358564 -2.17860627 -2.17767906 -2.17382407]","[-2.08979091 -2.09503288 -2.04518183 -2.09260046 -2.08550927]",-2.18891906738281,-2.09503288000008,"[-0.45101205 -0.44981515 -0.44938925 -0.44920462 -0.4487246 ]","[-0.43234722 -0.43036154 -0.43200501 -0.43364938 -0.43323441]",-0.451012045145035,-0.43364938000002,0.0422107099999493,"[0.02726942 0.02841431 0.02848142 0.02960342 0.0299347 ]","[0.04980758 0.04677605 0.04958905 0.04221071 0.04999765]",0.027269423007965,2,"32917_1,1,0_0.25_True",1.94236352197522,0.745822341174037
"dcgat-agm003293145","(2, 1, 2)",0.25,"Pt-0.583-Rh-0.417","True","[-1.16207039 -1.16061831 -1.15689659 -1.15440643 -1.15409231]","[-1.19413443 -1.19407644 -1.1935999  -1.16048799 -1.15925898]",-1.16207039356232,-1.19413443000002,"[-1.75158143 -1.75132287 -1.75026536 -1.75024354 -1.75010276]","[-1.77770724 -1.77824863 -1.77778748 -1.77856326 -1.77851399]",-1.75158143043518,-1.77856326000006,"[-1.08809948 -1.08356774 -1.06827712 -1.06102061 -1.05806732]","[-1.15511087 -1.15491568 -1.12750223 -1.10995528 -1.10547543]",-1.08809947967529,-1.15511086999999,"[-1.76161051 -1.76097918 -1.76063347 -1.75820613 -1.75809121]","[-1.78175165 -1.80671747 -1.80240474 -1.81210337 -1.80240673]",-1.76161050796509,-1.81210337000005,"[-0.40838978 -0.4083229  -0.4077169  -0.40743762 -0.4044444 ]","[-0.4328608  -0.43128856 -0.4322835  -0.43077144 -0.43317514]",-0.408389776945114,-0.43317514000006,0.416824179999992,"[0.47215277 0.47351867 0.47571892 0.47626334 0.49422473]","[0.41682418 0.42744768 0.4282237  0.42763925 0.46509862]",0.472152769565582,2,"16883_2,1,2_0.25_True",1.49821735925767,0.417357579679939
"dcgat-agm003471235","(1, 0, 1)",0.125,"Au-0.125-Pd-0.625-Tl-0.25","True","[-0.05674917 -0.05258316 -0.05182362 -0.05070424 -0.04992342]","[-0.20234939 -0.20581508 -0.20444108 -0.1964187  -0.20602835]",-0.0567491650581359,-0.206028349999997,"[-1.67888606 -1.67636681 -1.67608809 -1.67486596 -1.67305076]","[-1.65768876 -1.65129751 -1.65063733 -1.65129328 -1.65192644]",-1.67888605594635,-1.65768876000001,"[-0.60435361 -0.549007   -0.54285949 -0.54246002 -0.54136622]","[-0.53488251 -0.50518654 -0.50693274 -0.50799161 -0.50413195]",-0.604353606700897,-0.534882510000017,"[-0.53864366 -0.5352388  -0.53393048 -0.53042561 -0.52493656]","[-0.5299862  -0.60385971 -0.53692235 -0.53292535 -0.5454066 ]",-0.538643658161163,-0.603859709999995,"[-0.44471261 -0.44329301 -0.4428882  -0.44240174 -0.44224435]","[-0.42664364 -0.42983654 -0.43104422 -0.43075398 -0.43191706]",-0.444712609052658,-0.431917060000018,0.707482189999979,"[0.70094877 0.7030347  0.70431429 0.7046091  0.70497304]","[0.70903098 0.70843782 0.70771045 0.70748219 0.71103572]",0.700948774814606,3,"16807_1,0,1_0.125_True",0.67348591720361,0.901675608935892
"dcgat-agm003195096","(0, 0, 1)",0.25,"Pt-0.2-Rh-0.8","True","[-1.88727856 -1.8867569  -1.88625097 -1.88593292 -1.88468218]","[-1.92617593 -1.92472147 -1.92535154 -1.92592223 -1.92556819]",-1.88727855682373,-1.92617593,"[-1.80913758 -1.80901003 -1.80820107 -1.80753279 -1.80604959]","[-1.84710021 -1.84708293 -1.84244006 -1.84230192 -1.84626417]",-1.80913758277893,-1.84710021000001,"[-1.58967996 -1.58114052 -1.57412362 -1.57061684 -1.56170344]","[-1.52019709 -1.52371745 -1.52410314 -1.52208329 -1.50027713]",-1.58967995643616,-1.52410313999997,"[-2.20236492 -2.20024753 -2.19674969 -2.19297147 -2.19261622]","[-2.18722606 -2.19440138 -2.18741641 -2.18767348 -2.19225072]",-2.20236492156982,-2.19440137999999,"[-0.44585586 -0.44541734 -0.4451451  -0.44473606 -0.44464928]","[-0.42811673 -0.42836839 -0.42900426 -0.42871772 -0.42830233]",-0.445855855941772,-0.429004259999999,-0.0122718199999667,"[-0.02071261 -0.02010244 -0.0185926  -0.01824248 -0.01708341]","[-0.01227182 -0.01166716 -0.01098442 -0.0111239  -0.01165449]",-0.0207126140594482,2,"19506_0,0,1_0.25_True",2.06583145934135,0.139254076518079
"oqmd-1339445","(3, 1, 3)",0.0416666666666666,"Cu-0.333-Pd-0.667","True","[-1.12900221 -1.11952651 -1.11757421 -1.11603928 -1.11562145]","[-1.07395855 -1.07307589 -1.07123861 -1.07248793 -1.07045936]",-1.12900221347809,-1.07395854999993,"[-1.74198008 -1.73870647 -1.73747671 -1.73606789 -1.73547602]","[-1.62186576 -1.61780819 -1.61914408 -1.61871836 -1.62013729]",-1.74198007583618,-1.62186575999999,"[-1.03924668 -1.03599906 -1.0340364  -1.02784801 -1.02587676]","[-0.9807634  -0.98025508 -0.98169978 -0.98127425 -0.98083139]",-1.03924667835236,-0.981699779999985,"[-1.31180155 -1.30325413 -1.29409528 -1.16794288 -1.16510391]","[-1.29319594 -1.27878659 -1.14644728 -1.14855095 -1.18069613]",-1.31180155277252,-1.29319593999992,"[-0.46694461 -0.46068403 -0.4605158  -0.45960677 -0.45870617]","[-0.42844014 -0.42687429 -0.42575608 -0.42883577 -0.42721943]",-0.466944605112076,-0.428835769999978,0.218243819999998,"[0.17433113 0.177858   0.17933196 0.17961127 0.18155932]","[0.21824382 0.22119946 0.22341295 0.22176124 0.21996449]",0.17433112859726,2,"11417_3,1,3_0.042_True",1.29938531671897,1
"dcgat-agm003268400","(1, 0, 1)",0.5,"Pt-0.111-Rh-0.889","True","[-1.54496729 -1.53728247 -1.53558898 -1.53319883 -1.53305066]","[-1.43390493 -1.43402466 -1.43364823 -1.43356192 -1.43272313]",-1.54496729373932,-1.43402465999998,"[-1.80382943 -1.8021121  -1.80020285 -1.80007052 -1.79926515]","[-1.81276358 -1.81487489 -1.8088858  -1.81726178 -1.80588153]",-1.80382943153381,-1.81726177999997,"[-1.29250395 -1.28559017 -1.2851634  -1.28227031 -1.28186166]","[-1.32550369 -1.32860784 -1.3267722  -1.32760808 -1.3271594 ]",-1.29250395298004,-1.32860784000002,"[-2.03662133 -2.01285768 -1.98534179 -1.97744036 -1.97113943]","[-1.99839485 -1.98780831 -2.00976064 -2.00885695 -2.00631915]",-2.03662133216858,-2.00976063999997,"[-0.41672119 -0.4161835  -0.41587204 -0.41481721 -0.41460684]","[-0.4284962  -0.42878277 -0.42780425 -0.42810539 -0.42096703]",-0.416721194982529,-0.428782769999998,-0.243117240000061,"[-0.21810079 -0.2171824  -0.21688557 -0.21652335 -0.21559465]","[-0.24311724 -0.24267643 -0.24275077 -0.24281716 -0.24221877]",-0.218100786209106,2,"22512_1,0,1_0.5_True",2.13702234987245,0.0694374838384743
"dcgat-agm003292506","(0, 0, 1)",0.25,"Pt-0.444-Rh-0.556","True","[-1.72129834 -1.71588063 -1.71582365 -1.71263468 -1.71220636]","[-1.69823281 -1.70720501 -1.69934963 -1.70166829 -1.70064516]",-1.72129833698273,-1.70720501000002,"[-1.8608954  -1.85873652 -1.85812116 -1.85801315 -1.85757899]","[-1.88183801 -1.88233278 -1.87988845 -1.88272899 -1.88225939]",-1.86089539527893,-1.88272899,"[-1.58827353 -1.58379376 -1.58152986 -1.58064413 -1.35810804]","[-1.44913115 -1.44854493 -1.44997672 -1.45161329 -1.21960338]",-1.58827352523804,-1.45161328999998,"[-2.21002674 -2.20635033 -2.20482564 -2.20338678 -2.20218086]","[-2.05350271 -2.05485408 -2.05586557 -2.070701   -2.06973681]",-2.21002674102783,-2.07070100000001,"[-0.43696862 -0.43682945 -0.43595979 -0.43576613 -0.43569228]","[-0.42429779 -0.42292805 -0.42324414 -0.42360203 -0.42379548]",-0.436968624591827,-0.424297789999997,-0.0211559300000203,"[-0.0695951  -0.06849378 -0.06849295 -0.06789863 -0.06630349]","[-0.02070675 -0.02105891 -0.02103445 -0.02115593 -0.02082721]",-0.0695950984954834,2,"17003_0,0,1_0.25_True",1.8902478270695,0.0500082915086625
"dcgat-agm003291128","(1, 1, -2)",0.167218925169549,"Pt-0.3-Rh-0.7","True","[-1.24613976 -1.24468744 -1.24253595 -1.24219608 -1.24062252]","[-1.21468045 -1.21445101 -1.21440595 -1.21558324 -1.2154442 ]",-1.24613976478577,-1.21558324,"[-1.70302963 -1.70257831 -1.70074427 -1.69933867 -1.69888115]","[-1.7092226  -1.70901564 -1.70908964 -1.70855023 -1.70957497]",-1.70302963256836,-1.70957497000006,"[-1.06524253 -1.05478382 -1.04975021 -1.04054594 -1.03963363]","[-1.03523548 -1.08512423 -1.01360085 -1.02214661 -0.98132349]",-1.06524252891541,-1.08512423000002,"[-1.78267145 -1.77569795 -1.7741394  -1.75662613 -1.75422442]","[-1.76677464 -1.76593418 -1.75619086 -1.74315166 -1.73328749]",-1.7826714515686,-1.76677463999999,"[-0.41787061 -0.41746446 -0.41456085 -0.41449124 -0.41438305]","[-0.4212071  -0.42042551 -0.42197039 -0.41415222 -0.41441103]",-0.417870610952377,-0.421970389999956,0.378899090000004,"[0.41406351 0.41422123 0.41649443 0.41692048 0.41880077]","[0.38294255 0.37889909 0.38256919 0.38243402 0.38142368]",0.414063513278961,2,"17930_1,1,-2_0.167_True",1.69240387305261,0.696567630132582
"dcgat-agm003289911","(1, 1, 0)",0.25,"Pt-0.571-Rh-0.429","True","[-1.09637976 -1.09620166 -1.09425092 -1.09403539 -1.09321535]","[-1.08168568 -1.0800206  -1.08097482 -1.0785014  -1.08027276]",-1.09637975692749,-1.08168568000002,"[-1.67437315 -1.67389381 -1.67367268 -1.67351151 -1.67313361]","[-1.68239731 -1.68280099 -1.68513808 -1.68274521 -1.68285078]",-1.67437314987183,-1.68513808000006,"[-1.05226541 -1.04720724 -1.04621959 -1.04529619 -1.04486012]","[-1.0479178  -1.02681557 -1.02589307 -1.02846776 -1.02788341]",-1.05226540565491,-1.04791779999999,"[-1.81336665 -1.81082869 -1.80966043 -1.7879405  -1.75609589]","[-1.8307866  -1.83236647 -1.83362312 -1.80145649 -1.78641943]",-1.81336665153503,-1.83362312000003,"[-0.38093114 -0.38031119 -0.3799676  -0.37976745 -0.37963212]","[-0.41939715 -0.41831772 -0.41913272 -0.41978667 -0.42083759]",-0.38093113899231,-0.420837590000019,0.485110790000022,"[0.52373689 0.52583843 0.52750546 0.53022784 0.53070408]","[0.48511079 0.48671882 0.48713334 0.4853865  0.48517032]",0.523736894130707,2,"26165_1,1,0_0.25_True",1.49556023035976,0.898184612011904
"dcgat-agm003291127","(1, 1, -2)",0.165475042273546,"Pt-0.7-Rh-0.3","True","[-1.21664691 -1.21596682 -1.21225035 -1.20971119 -1.20907295]","[-1.23499701 -1.23589421 -1.23707341 -1.23516377 -1.23406944]",-1.21664690971375,-1.23707340999988,"[-1.7024498  -1.7016207  -1.70157635 -1.68135893 -1.67819786]","[-1.75564994 -1.75690002 -1.75740418 -1.71913704 -1.71931337]",-1.70244979858398,-1.75740417999998,"[-1.0758003  -1.06785846 -1.05708337 -1.0535531  -1.05349934]","[-1.08333953 -1.07539137 -1.06484108 -1.1053218  -1.10311238]",-1.07580029964447,-1.10532179999996,"[-1.85950565 -1.85682774 -1.84396911 -1.83514547 -1.79868102]","[-1.8778028  -1.87611574 -1.84992103 -1.86158593 -1.80321839]",-1.85950565338135,-1.87780279999993,"[-0.40166339 -0.40138578 -0.40072805 -0.40051785 -0.40041685]","[-0.41958995 -0.41962475 -0.42068215 -0.41908545 -0.41408794]",-0.401663392782211,-0.420682149999948,0.478600339999957,"[0.51950985 0.53007799 0.53019696 0.53118771 0.53131765]","[0.47860034 0.48290334 0.48028382 0.4802757  0.47948468]",0.519509851932526,2,"26358_1,1,-2_0.165_True",1.48620994772377,0.511806857649968
"dcgat-agm003595582","(1, 1, 0)",0.0842557556250959,"Ag-0.444-Cd-0.111-Pd-0.444","True","[-1.10064101 -1.10002208 -1.09909201 -1.09881949 -1.09859717]","[-1.20347141 -1.20186528 -1.20502967 -1.20481926 -1.20608128]",-1.10064101219177,-1.20608127999998,"[-1.69516635 -1.69335771 -1.6929183  -1.69077563 -1.68996644]","[-1.67978411 -1.67746061 -1.67730388 -1.6804548  -1.67774403]",-1.69516634941101,-1.68045479999998,"[-0.95250058 -0.95150089 -0.95039809 -0.94998944 -0.94983858]","[-0.9253831  -0.91765387 -0.92500009 -0.92510165 -0.92502842]",-0.952500581741333,-0.925383100000005,"[-1.27432108 -1.26477027 -1.26115489 -1.26072967 -1.26038337]","[-1.29672922 -1.2919236  -1.30081759 -1.29124932 -1.30366981]",-1.27432107925415,-1.30366980999997,"[-0.42303506 -0.42186946 -0.42185438 -0.42142627 -0.42113623]","[-0.40740128 -0.41500145 -0.41555233 -0.414375   -0.41424818]",-0.423035055398941,-0.415552329999997,0.581804540000007,"[0.57755512 0.57778054 0.5783121  0.57852489 0.57859427]","[0.5862739  0.58180454 0.58256061 0.58868847 0.58322294]",0.577555119991303,3,"33126_1,1,0_0.084_True",0.897647661514433,0.121725749441285
"dcgat-agm002352202","(1, 2, 0)",0.332756149876878,"Pt-0.667-Rh-0.333","True","[-1.1436826  -1.14310813 -1.13948619 -1.13915312 -1.13888168]","[-1.17751501 -1.17878626 -1.17772783 -1.17748129 -1.17654497]",-1.14368259906769,-1.17878626000004,"[-1.70788956 -1.70773971 -1.70768559 -1.70646715 -1.70638478]","[-1.75295242 -1.75396487 -1.75345534 -1.75444483 -1.75319776]",-1.70788955688477,-1.75444483000007,"[-1.04051483 -1.0377903  -1.035151   -1.03497338 -1.03446555]","[-1.11728134 -1.11559881 -1.11049046 -1.10706043 -1.10955973]",-1.0405148267746,-1.11728134000003,"[-1.84971213 -1.84713554 -1.80892086 -1.80697393 -1.79375672]","[-1.87118632 -1.87417201 -1.86056939 -1.85537473 -1.82430857]",-1.84971213340759,-1.87417201000005,"[-0.36692691 -0.36539504 -0.36490616 -0.36490017 -0.36477709]","[-0.41261223 -0.41262022 -0.41233246 -0.41499455 -0.41344984]",-0.366926908493042,-0.414994550000074,0.477990470000009,"[0.52461034 0.52520138 0.52587003 0.7035436  0.71205682]","[0.48241678 0.47799047 0.48293693 0.67899479 0.69103434]",0.524610340595245,2,"31626_1,2,0_0.333_True",1.45242562778915,0.386365362185616
"dcgat-agm003291211","(1, 1, -2)",0.166666666666667,"Pd-0.7-Zn-0.3","True","[-0.30703306 -0.30625188 -0.2997002  -0.29670507 -0.29616159]","[-0.34996036 -0.34573866 -0.34863628 -0.34915724 -0.34827488]",-0.307033061981201,-0.349960360000011,"[-1.53251302 -1.53201985 -1.5303483  -1.53028524 -1.52948368]","[-1.55187847 -1.55375145 -1.55229077 -1.53751602 -1.55355801]",-1.53251302242279,-1.55375144999999,"[-0.62554371 -0.62436855 -0.62383628 -0.62165958 -0.62010807]","[-0.6152225  -0.615105   -0.61616572 -0.61529969 -0.61557551]",-0.625543713569641,-0.61616571999997,"[-0.77204514 -0.7633968  -0.72520256 -0.71915042 -0.7158488 ]","[-0.78825646 -0.80740123 -0.74385043 -0.74855376 -0.74798883]",-0.772045135498047,-0.807401229999982,"[-0.41038364 -0.4094896  -0.40883082 -0.40727362 -0.40705624]","[-0.41301963 -0.41033028 -0.41218433 -0.41194883 -0.41103249]",-0.410383641719818,-0.413019630000008,0.511690560000034,"[0.47523922 0.47689849 0.47865003 0.47912914 0.47956234]","[0.51220821 0.51314668 0.51169056 0.51261951 0.51441992]",0.475239217281342,2,"22062_1,1,-2_0.167_True",1.04537393872403,0.454012519052184
"dcgat-agm003286940","(1, 1, 0)",0.25,"Pt-0.6-Rh-0.4","True","[-1.76930356 -1.75617242 -1.75404072 -1.75098896 -1.75077152]","[-1.69259222 -1.69268177 -1.69724885 -1.69403313 -1.69343212]",-1.76930356025696,-1.69724885000005,"[-1.7774601  -1.77633071 -1.77627945 -1.77596807 -1.77491307]","[-1.71325112 -1.71160605 -1.71625673 -1.71528158 -1.71536659]",-1.7774600982666,-1.71625673000005,"[-1.36723971 -1.3660965  -1.36546314 -1.29461694 -1.27936864]","[-1.20022095 -1.1956691  -1.19998524 -1.13080146 -1.12480817]",-1.36723971366882,-1.20022095000002,"[-2.2258141  -2.21734548 -2.21414971 -2.21282458 -2.21193838]","[-2.06159231 -2.06550896 -2.06381067 -2.06327459 -2.06560832]",-2.2258141040802,-2.06560832000002,"[-0.45394343 -0.45380268 -0.45303193 -0.45279396 -0.45274168]","[-0.41144567 -0.41291893 -0.40914073 -0.40715646 -0.41002089]",-0.453943431377411,-0.412918930000046,0.286463509999976,"[0.23075974 0.23084229 0.2311942  0.23132914 0.23142368]","[0.29170375 0.29348681 0.28694844 0.29250682 0.28646351]",0.230759739875793,2,"20422_1,1,0_0.25_True",1.79452445021096,1
"dcgat-agm003374269","(0, 1, 0)",0.25,"Ag-0.167-Au-0.417-Pd-0.417","True","[-1.06054711 -1.0575732  -1.05474877 -1.05203366 -1.04892266]","[-1.30435469 -1.30242315 -1.30740226 -1.30349385 -1.30373375]",-1.06054711341858,-1.30740226,"[-1.71357894 -1.71217537 -1.70718575 -1.70665073 -1.70449543]","[-1.71385711 -1.71170563 -1.71353834 -1.71438697 -1.7159721 ]",-1.71357893943787,-1.71597210000002,"[-1.05226541 -0.79968047 -0.79760724 -0.7964853  -0.79593271]","[-1.07506396 -0.81162245 -0.81418359 -0.81523024 -0.80873447]",-1.05226540565491,-1.07506396000002,"[-1.67560744 -1.6660496  -1.65858054 -1.65762258 -1.65604222]","[-1.74864816 -1.74760071 -1.74860917 -1.74638716 -1.75077909]",-1.67560744285584,-1.75077909000001,"[-0.36293215 -0.36261839 -0.36169979 -0.36038381 -0.35895601]","[-0.40882489 -0.40805352 -0.4074059  -0.40867763 -0.40871333]",-0.362932145595551,-0.408824890000005,0.501909549999994,"[0.5453617  0.54609543 0.54639393 0.54695803 0.54716212]","[0.50190955 0.50425661 0.51421466 0.50228889 0.51143172]",0.545361697673798,3,"19682_0,1,0_0.25_True",0.971069032626206,0.531788153126398
"dcgat-agm001297993","(1, 0, 0)",0.125,"Cu-0.25-In-0.25-Pd-0.25-Pt-0.25","True","[-0.71672368 -0.71592164 -0.71494919 -0.71406043 -0.71365291]","[-0.91275633 -0.91326059 -0.91435602 -0.91362948 -0.91276812]",-0.716723680496216,-0.914356020000014,"[-1.54289711 -1.54206324 -1.54203725 -1.54139829 -1.54087901]","[-1.54148075 -1.54152317 -1.54003968 -1.54117499 -1.540757  ]",-1.54289710521698,-1.54152317000001,"[-0.94165355 -0.93971086 -0.93800128 -0.93641162 -0.93639231]","[-0.95829581 -0.95940948 -0.95960753 -0.95940747 -0.95851298]",-0.941653549671173,-0.959607529999971,"[-1.22148943 -1.21698678 -1.21620905 -1.21314514 -1.19156456]","[-1.40361393 -1.39690083 -1.40449953 -1.39513029 -1.3776693 ]",-1.22148942947388,-1.40449953000001,"[-0.41085029 -0.40988615 -0.40935394 -0.40921223 -0.40895703]","[-0.40785968 -0.40771986 -0.4053351  -0.40807793 -0.40844011]",-0.410850286483765,-0.408440110000015,0.479906430000028,"[0.50956625 0.51129955 0.51171941 0.51190752 0.51374799]","[0.48158271 0.47990643 0.48396634 0.48319417 0.48120923]",0.509566247463226,4,"28736_1,0,0_0.125_True",,
"dcgat-agm003736010","(1, 0, -1)",0,"Ag-0.167-Au-0.167-Pd-0.667","True","[-0.42274588 -0.32845178 -0.31115112 -0.11645424 -0.10263354]","[-0.54032119 -0.445196   -0.44429786 -0.19988548 -0.20253525]",-0.422745883464813,-0.540321190000014,"[-1.50084019 -1.49666083 -1.49597883 -1.49478769 -1.49396348]","[-1.52745403 -1.52932895 -1.52881681 -1.52931703 -1.52871899]",-1.50084018707275,-1.52932894999998,"[-0.72094399 -0.72064662 -0.72040117 -0.71896631 -0.71697342]","[-0.72989515 -0.73005808 -0.73027721 -0.73260425 -0.73351419]",-0.720943987369537,-0.733514189999994,"[-0.84687668 -0.81801069 -0.81725723 -0.81322128 -0.81217027]","[-0.81931542 -0.79580745 -0.78656586 -0.7830216  -0.79237682]",-0.846876680850983,-0.81931542000001,"[-0.40277275 -0.40260917 -0.40219957 -0.40135536 -0.40131941]","[-0.40563553 -0.40398196 -0.40511492 -0.40474969 -0.40507297]",-0.402772754430771,-0.405635529999984,0.828401360000015,"[0.81958658 0.82409912 0.82535678 0.82749325 0.82797736]","[0.832206   0.82840136 0.82908362 0.83620231 0.8333072 ]",0.819586575031281,3,"22834_1,0,-1_0.0_True",0.860261532341943,0.328140317590992
"mp-1018029","(1, 1, 0)",0.25,"Cu-0.5-Pd-0.5","True","[-0.58344865 -0.57823133 -0.57770169 -0.57506549 -0.57449257]","[-0.6578887  -0.65736742 -0.65741199 -0.65729348 -0.65644626]",-0.583448648452759,-0.657888700000015,"[-1.44002366 -1.43933249 -1.43930578 -1.43921149 -1.43884635]","[-1.44183147 -1.4424672  -1.44286212 -1.4421653  -1.44104823]",-1.44002366065979,-1.44286212000001,"[-0.61589873 -0.61565459 -0.61545354 -0.61482614 -0.61449301]","[-0.55867464 -0.55964646 -0.5611495  -0.55984047 -0.56071013]",-0.615898728370667,-0.561149500000013,"[-0.79230922 -0.78803933 -0.70392495 -0.69918251 -0.69823974]","[-0.79884161 -0.79933983 -0.69372761 -0.69407063 -0.69855356]",-0.79230922460556,-0.799339829999994,"[-0.42337948 -0.42259008 -0.42204154 -0.42192468 -0.42149955]","[-0.40354603 -0.40256887 -0.40485188 -0.40299065 -0.4025052 ]",-0.423379480838776,-0.404851879999998,0.567629979999992,"[0.5312987  0.5314731  0.53154081 0.53217596 0.53277129]","[0.56833693 0.56762998 0.57123263 0.56775996 0.56837426]",0.531298696994782,2,"333_1,1,0_0.25_True",1.16727709617477,0.984150510850222
"dcgat-agm001129663","(1, 0, 2)",0.166666666666667,"Ag-0.25-Cu-0.25-Pd-0.5","True","[-0.29269725 -0.27713564 -0.27705768 -0.27630278 -0.27618349]","[-0.25130671 -0.25928743 -0.25218283 -0.25306899 -0.25442625]",-0.292697250843048,-0.259287429999972,"[-1.45680547 -1.45541    -1.45507336 -1.45402384 -1.4538579 ]","[-1.4083523  -1.4080701  -1.40892957 -1.40476506 -1.40872021]",-1.45680546760559,-1.40892957,"[-0.67550856 -0.67470825 -0.62560946 -0.62520742 -0.62442327]","[-0.66701333 -0.66716242 -0.57692847 -0.58192872 -0.58150307]",-0.675508558750153,-0.667162419999954,"[-0.60247898 -0.60112172 -0.59632432 -0.59471542 -0.5946523 ]","[-0.57548529 -0.57741517 -0.58091561 -0.53559694 -0.53939449]",-0.602478981018066,-0.580915609999977,"[-0.39490244 -0.39079198 -0.38935089 -0.38925985 -0.38898155]","[-0.39445932 -0.38970465 -0.39553716 -0.39001115 -0.38938405]",-0.394902437925339,-0.395537160000004,0.564707820000024,"[0.54161805 0.5416984  0.54254025 0.54401141 0.54418689]","[0.56493141 0.56562519 0.56470782 0.56484654 0.56576289]",0.541618049144745,3,"25335_1,0,2_0.167_True",0.93438484648595,0.814001227944332
"dcgat-agm002379369","(0, 0, 1)",0.25,"Cd-0.111-Pd-0.889","True","[-1.74646783 -1.74513578 -1.74448395 -1.74419546 -1.74309444]","[-1.69462669 -1.69509742 -1.69546894 -1.69449182 -1.69442904]",-1.74646782875061,-1.69546894000001,"[-1.69386578 -1.69064832 -1.68963003 -1.68799329 -1.68654633]","[-1.70310257 -1.70380557 -1.70344712 -1.70264193 -1.70718806]",-1.69386577606201,-1.70718805999999,"[-1.19877052 -1.11791253 -1.10854459 -1.1042192  -1.10200536]","[-1.1555071  -1.05297217 -1.06339172 -1.05274759 -1.06248148]",-1.19877052307129,-1.15550709999999,"[-1.82053566 -1.8179431  -1.81724906 -1.81276274 -1.81154442]","[-1.81669813 -1.81808348 -1.81699355 -1.81682527 -1.81474497]",-1.82053565979004,-1.81808348000001,"[-0.38921633 -0.3889313  -0.38795501 -0.38728389 -0.38718414]","[-0.39271979 -0.39405227 -0.39393456 -0.39500701 -0.39404835]",-0.389216333627701,-0.395007010000001,0.473175950000012,"[0.44642001 0.44960362 0.45003897 0.45012802 0.45039421]","[0.47317595 0.48419267 0.47633103 0.47780261 0.47353708]",0.446420013904572,2,"16598_0,0,1_0.25_True",1.22300425108679,0.0673549890044841
"dcgat-agm003595594","(0, 0, 1)",0.25,"Au-0.444-Cd-0.111-Pd-0.444","True","[-0.86240816 -0.84941196 -0.84513241 -0.84381533 -0.84299463]","[-1.07899708 -1.08271753 -1.08307467 -1.07935931 -1.08332148]",-0.86240816116333,-1.08332148,"[-1.6643188  -1.66079187 -1.66045201 -1.6586411  -1.65831769]","[-1.6222115  -1.62598629 -1.62335383 -1.62425996 -1.6197968 ]",-1.66431879997253,-1.62598629000001,"[-1.06735027 -1.05692625 -1.05557382 -1.0466218  -1.03725314]","[-0.99015486 -0.99807943 -0.99512099 -0.99292005 -0.99777902]",-1.06735026836395,-0.99807942999999,"[-1.66575432 -1.60626101 -1.60567629 -1.60351777 -1.60214162]","[-1.68114345 -1.61264769 -1.61109065 -1.60988301 -1.61294705]",-1.66575431823731,-1.68114345000001,"[-0.38712165 -0.38497487 -0.38469663 -0.38391969 -0.38344806]","[-0.39245402 -0.39410309 -0.39331787 -0.39321316 -0.39305583]",-0.387121647596359,-0.394103090000002,0.523177849999996,"[0.51163417 0.51383179 0.51496035 0.51624423 0.51697403]","[0.52374684 0.52625968 0.52317785 0.52575304 0.5309698 ]",0.511634171009064,3,"27991_0,0,1_0.25_True",0.980335811115334,0.0496244889970604
"dcgat-agm003300580","(0, 0, 1)",0.25,"Hg-0.111-Pd-0.889","True","[-1.76797986 -1.76481628 -1.76442504 -1.76346159 -1.76190019]","[-1.73975858 -1.73550644 -1.73969249 -1.73945049 -1.73959904]",-1.76797986030579,-1.73975858,"[-1.68585229 -1.68316996 -1.682477   -1.68235302 -1.68188238]","[-1.71298511 -1.72020371 -1.72110696 -1.7192772  -1.71852034]",-1.68585228919983,-1.72110695999999,"[-1.10539949 -1.10201192 -1.10059381 -1.077528   -1.07466686]","[-1.08767361 -1.08437235 -1.08424019 -1.02385187 -1.03132746]",-1.10539948940277,-1.08767361,"[-1.8374064  -1.83189631 -1.82926226 -1.82771492 -1.82726836]","[-1.80226514 -1.79290563 -1.79473362 -1.79876984 -1.80243381]",-1.83740639686584,-1.80243381,"[-0.37219474 -0.37172371 -0.37036034 -0.37021708 -0.37002945]","[-0.38372045 -0.39265314 -0.39201896 -0.39301484 -0.3901346 ]",-0.372194737195969,-0.393014839999978,0.45053716000001,"[0.44734365 0.44841462 0.44917375 0.44937485 0.44994611]","[0.45551958 0.45053716 0.45220985 0.45218438 0.45143409]",0.447343647480011,2,"17924_0,0,1_0.25_True",1.17721632718011,0.062926673317115
"dcgat-agm003292054","(3, 0, 1)",0.125,"Cu-0.444-Pd-0.556","True","[-0.31662786 -0.29953921 -0.29368019 -0.29102179 -0.28783533]","[-0.34795817 -0.34892548 -0.34611648 -0.34713989 -0.34819081]",-0.316627860069275,-0.34892548000002,"[-1.56774831 -1.56173563 -1.56142116 -1.55932462 -1.55717897]","[-1.57069982 -1.57231983 -1.56984865 -1.56740941 -1.56999015]",-1.56774830818176,-1.57231983,"[-0.77682024 -0.72360855 -0.72030073 -0.71769702 -0.69883877]","[-0.66480833 -0.65249139 -0.63957975 -0.64042144 -0.66023342]",-0.776820242404938,-0.664808329999971,"[-1.00386131 -0.98875082 -0.89217508 -0.88133144 -0.88007909]","[-0.94888236 -0.95788023 -0.92155786 -0.91770024 -0.91650006]",-1.00386130809784,-0.957880230000001,"[-0.41348708 -0.41221353 -0.41184351 -0.41042268 -0.4093639 ]","[-0.38615705 -0.3864338  -0.38625132 -0.38639242 -0.38154084]",-0.413487076759338,-0.386433799999992,0.499957660000007,"[0.48776263 0.48846918 0.48963207 0.49046916 0.49110669]","[0.50152691 0.50100808 0.50125816 0.49995766 0.50014091]",0.487762629985809,2,"19763_3,0,1_0.125_True",1.07947972975566,0.95333445269752
"dcgat-agm003642635","(1, 1, 0)",0.25,"Ag-0.1-Cu-0.5-Pd-0.4","True","[-0.47169867 -0.47043389 -0.46717253 -0.4667418  -0.46659219]","[-0.3516773  -0.35152572 -0.35192638 -0.35094725 -0.35116564]",-0.471698671579361,-0.351926380000009,"[-1.35775876 -1.35706878 -1.35649085 -1.35492778 -1.35482311]","[-1.3952785  -1.39595861 -1.3938014  -1.39590023 -1.39543784]",-1.35775876045227,-1.39595861000004,"[-0.55309802 -0.55038047 -0.55017984 -0.54988223 -0.54957885]","[-0.55388236 -0.55201392 -0.5511835  -0.55172377 -0.55256059]",-0.553098022937775,-0.553882359999989,"[-0.74934393 -0.6908837  -0.68925279 -0.68912452 -0.68888575]","[-0.62821401 -0.5609251  -0.56569287 -0.56473455 -0.55818774]",-0.749343931674957,-0.628214010000022,"[-0.38547    -0.38392624 -0.38385767 -0.38218698 -0.38198039]","[-0.38101947 -0.38060524 -0.38282047 -0.38457608 -0.38097691]",-0.385470002889633,-0.384576080000045,0.226768630000038,"[0.2770986  0.28065616 0.28073007 0.28077775 0.28144461]","[0.22718477 0.22676863 0.22863945 0.22688623 0.22779299]",0.277098596096039,3,"19347_1,1,0_0.25_True",1.08103847608736,0.898479920382652
"oqmd-1341053","(0, 0, 1)",0,"Au-0.5-Pd-0.5","True","[0.05716479 0.07416487 0.10469514 0.11179292 0.11914039]","[-0.06841335 -0.06651839 -0.06138528 -0.0594943  -0.05611504]",0.0571647882461547,-0.0684133499999859,"[-1.41609609 -1.41415286 -1.41413236 -1.4141053  -1.41382313]","[-1.42033395 -1.41602093 -1.42138448 -1.42044904 -1.42098848]",-1.41609609127045,-1.42138448,"[-0.64339805 -0.64314801 -0.64051616 -0.64051402 -0.63984621]","[-0.74377824 -0.74344056 -0.74716534 -0.74754087 -0.74352903]",-0.64339804649353,-0.747540869999995,"[-0.64711285 -0.64498883 -0.64361405 -0.64200538 -0.64121467]","[-0.73175156 -0.72525177 -0.73224822 -0.72709017 -0.73163753]",-0.647112846374512,-0.732248220000002,"[-0.30932459 -0.30925527 -0.30795792 -0.30776957 -0.3075358 ]","[-0.38026625 -0.37868538 -0.38016166 -0.38442127 -0.38054123]",-0.309324592351913,-0.384421270000018,0.96684307000001,"[0.99075335 0.99092096 0.99114734 0.99149567 0.9924981 ]","[0.97932483 0.97068883 0.96684307 0.96916104 0.96767766]",0.990753352642059,2,"14914_0,0,1_0.0_True",0.813424866122944,0.514308384458873
"dcgat-agm003642634","(1, 1, 0)",0.25,"Ag-0.1-Cu-0.4-Pd-0.5","True","[-0.70630503 -0.70207965 -0.70202249 -0.69893962 -0.69663119]","[-0.620792   -0.61902108 -0.62062617 -0.62069541 -0.61916023]",-0.706305027008057,-0.620791999999995,"[-1.42514098 -1.42477775 -1.4238137  -1.42359853 -1.4228121 ]","[-1.43582337 -1.43819473 -1.38198126 -1.43703966 -1.43799751]",-1.42514097690582,-1.43819473000002,"[-0.60040283 -0.59902883 -0.59851807 -0.59802085 -0.59748799]","[-0.57281149 -0.58317835 -0.58325959 -0.57269474 -0.57348196]",-0.60040283203125,-0.583259589999955,"[-0.80960995 -0.807769   -0.80554414 -0.80223149 -0.80222189]","[-0.6741462  -0.67192393 -0.67695635 -0.6759223  -0.72217069]",-0.809609949588776,-0.722170689999985,"[-0.41209754 -0.41185892 -0.41162497 -0.41160029 -0.41116911]","[-0.38421601 -0.38400749 -0.38376898 -0.3838817  -0.38379766]",-0.412097543478012,-0.384216009999989,0.633922180000013,"[0.53915042 0.54138654 0.54248446 0.54290646 0.54547161]","[0.63582911 0.63437255 0.63557605 0.63392218 0.63459123]",0.539150416851044,3,"29038_1,1,0_0.25_True",1.10123629644695,1
"mp-1225751","(1, 1, 0)",0.25,"Cu-0.6-Pd-0.4","True","[-0.5594064  -0.5580104  -0.55516183 -0.55355489 -0.55026251]","[-0.48114136 -0.48499154 -0.48403759 -0.48408155 -0.48426847]",-0.559406399726868,-0.48499154000001,"[-1.34025908 -1.33794403 -1.33699346 -1.33688831 -1.33668089]","[-1.38393798 -1.38321279 -1.38343354 -1.38390031 -1.38340206]",-1.3402590751648,-1.38393798000004,"[-0.55145836 -0.55079091 -0.55027306 -0.54993707 -0.54861993]","[-0.55945337 -0.56168581 -0.56129725 -0.56010541 -0.55925916]",-0.551458358764648,-0.561685809999972,"[-0.74715883 -0.74508756 -0.74293911 -0.74177396 -0.73967826]","[-0.64966044 -0.63683179 -0.64933582 -0.63619129 -0.63972153]",-0.747158825397492,-0.649660439999991,"[-0.36823401 -0.36630061 -0.36627576 -0.3657915  -0.36549675]","[-0.38408597 -0.38296271 -0.38138062 -0.38396502 -0.38248599]",-0.368234008550644,-0.384085970000001,0.247158880000029,"[0.25650078 0.25881141 0.25917727 0.25938123 0.2595498 ]","[0.24719738 0.24839654 0.24781947 0.2473177  0.24715888]",0.256500780582428,2,"3595_1,1,0_0.25_True",1.16207813925526,0.999728591516601
"dcgat-agm003596722","(1, 1, 0)",0.0844915066527456,"Au-0.444-In-0.111-Pd-0.444","True","[-1.06913209 -1.06412601 -1.06346822 -1.06321692 -1.0631634 ]","[-1.1366308  -1.13923076 -1.1406822  -1.13877144 -1.14004905]",-1.06913208961487,-1.14068219999996,"[-1.65751624 -1.65587187 -1.65440881 -1.65440834 -1.65390444]","[-1.67179351 -1.67132117 -1.67140461 -1.67139203 -1.67107367]",-1.65751624107361,-1.67179350999999,"[-0.87103862 -0.86837733 -0.86619288 -0.86290872 -0.73862314]","[-0.85121379 -0.84764001 -0.85068528 -0.8462894  -0.68906282]",-0.871038615703583,-0.851213790000031,"[-1.28405428 -1.28164482 -1.28093469 -1.27982426 -1.27934957]","[-1.30205572 -1.3112339  -1.28932282 -1.30827129 -1.30179296]",-1.28405427932739,-1.31123389999999,"[-0.39111599 -0.38798973 -0.38794017 -0.38780436 -0.38780183]","[-0.37924982 -0.38198931 -0.38103765 -0.38395568 -0.38079006]",-0.391115993261337,-0.383955679999986,0.588623530000007,"[0.5684846  0.56992251 0.57073861 0.57159728 0.5716607 ]","[0.60220963 0.58940972 0.59805302 0.598388   0.58862353]",0.568484604358673,3,"29904_1,1,0_0.084_True",0.972928987438038,0.212882910614526
"oqmd-1472381","(2, 1, 1)",0.168,"Pd-0.889-Zn-0.111","True","[-1.1302377  -1.12947083 -1.12838924 -1.12539029 -1.1237191 ]","[-1.0407035  -1.0399529  -1.03920458 -1.04156348 -1.03751494]",-1.13023769855499,-1.04156348000001,"[-1.81710434 -1.81580257 -1.81327486 -1.80840111 -1.80748487]","[-1.67943166 -1.68155147 -1.68014807 -1.67884395 -1.68232662]",-1.81710433959961,-1.68232662,"[-1.02375937 -1.01866961 -1.01698577 -1.01412511 -1.0131892 ]","[-0.82520667 -0.83398585 -0.83249391 -0.83488122 -0.83231472]",-1.02375936508179,-0.834881220000028,"[-1.36471343 -1.3645395  -1.35569906 -1.34898067 -1.34356904]","[-1.15605638 -1.14767674 -1.15470683 -1.15350041 -1.13891281]",-1.36471343040466,-1.15605638,"[-0.5055325  -0.50419569 -0.50375044 -0.50275791 -0.50254595]","[-0.3762765  -0.37596587 -0.37760234 -0.37695261 -0.38327631]",-0.505532503128052,-0.383276310000014,0.412867029999973,"[0.43765539 0.43923455 0.43957645 0.44047827 0.44098753]","[0.42145594 0.41286703 0.41383568 0.41572842 0.41523635]",0.437655389308929,2,"12428_2,1,1_0.168_True",1.26774600702687,0
"dcgat-agm003486510","(0, 1, 0)",0.25,"Au-0.222-Pd-0.667-Tl-0.111","True","[-0.95119035 -0.95056152 -0.9500857  -0.94857401 -0.94747114]","[-0.94864527 -0.94902454 -0.94814596 -0.94606013 -0.94898175]",-0.95119035243988,-0.949024539999982,"[-1.6729362  -1.6680181  -1.66736054 -1.6666497  -1.66480315]","[-1.69057861 -1.69039996 -1.68999573 -1.68905208 -1.68900776]",-1.67293620109558,-1.69057860999999,"[-0.85591125 -0.85434079 -0.85116559 -0.85037416 -0.84209001]","[-0.83613565 -0.83525795 -0.83466294 -0.83497811 -0.85896042]",-0.855911254882813,-0.858960420000017,"[-1.17999649 -1.17278826 -1.16435707 -1.15409684 -1.14198053]","[-1.18900678 -1.19303758 -1.17406385 -1.14885768 -1.08896249]",-1.17999649047852,-1.19303757999998,"[-0.39439484 -0.39376584 -0.39304474 -0.39299977 -0.39298889]","[-0.38020415 -0.38098645 -0.38037423 -0.38030908 -0.38019757]",-0.394394844770432,-0.380986449999995,0.541276019999998,"[0.55746263 0.55862349 0.55923599 0.55957884 0.56068844]","[0.54147157 0.54267192 0.54127602 0.54252874 0.54224451]",0.557462632656097,3,"22171_0,1,0_0.25_True",0.967793268164251,0.489980322349901
"dcgat-agm003677133","(1, 0, -1)",0.25,"Ag-0.417-Au-0.083-Pd-0.5","True","[0.07594609 0.08351421 0.0841496  0.08435017 0.08818781]","[0.03476038 0.03415094 0.0351948  0.03485119 0.12899923]",0.0759460926055908,0.0341509400000177,"[-1.40571642 -1.40308237 -1.40132082 -1.40062118 -1.40060449]","[-1.42756812 -1.42774479 -1.4268861  -1.42737654 -1.42734949]",-1.40571641921997,-1.42774478999999,"[-0.59228611 -0.59184581 -0.58973229 -0.5879578  -0.58636379]","[-0.54426933 -0.54435411 -0.54256842 -0.54255873 -0.54430237]",-0.592286109924316,-0.544354110000029,"[-0.50621921 -0.50027716 -0.4987222  -0.49706572 -0.49660152]","[-0.48572125 -0.48771661 -0.48635366 -0.47506532 -0.47542052]",-0.506219208240509,-0.487716609999978,"[-0.38372511 -0.38359481 -0.38354358 -0.38298973 -0.38292527]","[-0.37956374 -0.37911419 -0.37929407 -0.37942016 -0.37924325]",-0.383725106716156,-0.379563740000009,0.694371249999989,"[0.70720822 0.70925206 0.70984441 0.71056002 0.71111315]","[0.69716613 0.69710139 0.69437125 0.69887962 0.69750218]",0.707208216190338,3,"27675_1,0,-1_0.25_True",0.819519299082583,0.380332962758737
"dcgat-agm003288461","(2, 0, 1)",0,"Pd-0.714-Zn-0.286","True","[-0.43826631 -0.43158838 -0.4295021  -0.42861718 -0.4278287 ]","[-0.31480473 -0.30928212 -0.30795616 -0.30353331 -0.30391226]",-0.438266307115555,-0.314804729999992,"[-1.61231697 -1.61063933 -1.61051702 -1.60740066 -1.60710883]","[-1.51582194 -1.50889805 -1.50814712 -1.51062551 -1.50731612]",-1.61231696605682,-1.51582194000002,"[-0.74679565 -0.66168588 -0.64537674 -0.63924474 -0.63612181]","[-0.62888094 -0.61417357 -0.60634193 -0.61416565 -0.55906781]",-0.746795654296875,-0.628880939999988,"[-1.04386842 -1.04128003 -1.03417134 -1.03068101 -1.02993917]","[-0.91994267 -0.919665   -0.91893585 -0.91238952 -0.91899868]",-1.04386842250824,-0.919942670000012,"[-0.43947354 -0.43732598 -0.43586576 -0.43517706 -0.434697  ]","[-0.3735821  -0.37303252 -0.37505766 -0.37786994 -0.36504771]",-0.439473539590836,-0.377869940000039,0.22581507000001,"[0.20174211 0.20301151 0.20302707 0.20374799 0.20427632]","[0.2429335  0.22656343 0.22675023 0.23722341 0.22581507]",0.201742112636566,2,"16556_2,0,1_0.0_True",0.994441668331119,0.966020784881185
"dcgat-agm001417157","(1, 1, 0)",0.25,"Ir-0.5-Pd-0.5","True","[-1.01043153 -1.00760877 -1.00751114 -1.00313342 -1.00307643]","[-1.07434166 -1.08139896 -1.07453128 -1.07955517 -1.08140529]",-1.01043152809143,-1.08140529000002,"[-1.93940663 -1.93488097 -1.93379855 -1.93343425 -1.93313384]","[-1.99212153 -1.99156199 -1.99277459 -1.99115457 -1.99220626]",-1.93940663337708,-1.99277459000001,"[-1.21096718 -1.20887041 -1.20732725 -1.20555103 -1.20112681]","[-1.20511101 -1.1950135  -1.20641997 -1.20717541 -1.20321004]",-1.2109671831131,-1.20717540999999,"[-1.83636594 -1.83519602 -1.83319402 -1.83111906 -1.83081317]","[-1.87436952 -1.8759526  -1.87778221 -1.86313091 -1.88100623]",-1.83636593818665,-1.88100622999997,"[-0.39555186 -0.39513034 -0.39496478 -0.39479584 -0.39464307]","[-0.36722926 -0.37026824 -0.37297223 -0.35806768 -0.36847649]",-0.395551860332489,-0.372972230000016,0.401691280000023,"[0.38620752 0.38729948 0.38883024 0.38963455 0.38969582]","[0.40181017 0.40580877 0.40169128 0.40966935 0.40422309]",0.386207520961762,2,"24667_1,1,0_0.25_True",1.66135261315656,0.51305948820122
"dcgat-agm003514916","(0, 1, 0)",0.25,"Au-0.091-Cd-0.182-Pd-0.727","True","[-1.03290105 -1.03096831 -1.02859592 -1.02843869 -1.02812314]","[-1.05457604 -1.05330104 -1.05324091 -1.0539796  -1.05298936]",-1.03290104866028,-1.05457604000003,"[-1.65439188 -1.65288925 -1.65244436 -1.65058327 -1.65047121]","[-1.61286007 -1.61241321 -1.61297767 -1.61260067 -1.61489932]",-1.65439188480377,-1.61489932000001,"[-0.88265103 -0.88205332 -0.84079719 -0.83240014 -0.83193606]","[-0.84182712 -0.83851488 -0.80837203 -0.80302275 -0.80788167]",-0.882651031017304,-0.841827120000005,"[-1.42053163 -1.41351461 -1.40828812 -1.40632463 -1.40260172]","[-1.42920594 -1.43645296 -1.43033294 -1.43266189 -1.42171508]",-1.42053163051605,-1.43645296,"[-0.39844769 -0.39807686 -0.39749601 -0.39663327 -0.39656544]","[-0.37171499 -0.37121524 -0.37166699 -0.37195882 -0.37257114]",-0.398447692394257,-0.372571140000048,0.561998230000029,"[0.53895193 0.54100782 0.542036   0.54372567 0.54418248]","[0.58837845 0.58769258 0.58744383 0.58732036 0.56199823]",0.538951933383942,3,"28821_0,1,0_0.25_True",1.07484615311499,0.0103712247260904
"dcgat-agm003290191","(1, 1, 0)",0.25,"Ag-0.429-Pd-0.571","True","[-1.2423625  -1.24228334 -1.24137795 -1.2412616  -1.24033606]","[-1.25295955 -1.25294791 -1.25240732 -1.25239699 -1.25241798]",-1.24236249923706,-1.25295954999999,"[-1.62016916 -1.61692643 -1.61633635 -1.61477971 -1.61443436]","[-1.60038046 -1.60174944 -1.60350367 -1.60411852 -1.60139625]",-1.62016916275024,-1.60411851999999,"[-0.90345967 -0.90257084 -0.90226793 -0.90121967 -0.90023661]","[-0.87005578 -0.89033944 -0.88976721 -0.89450967 -0.8864224 ]",-0.903459668159485,-0.894509670000019,"[-1.3068018  -1.29741597 -1.2958312  -1.2895093  -1.28234649]","[-1.29081064 -1.29200546 -1.28574932 -1.28625198 -1.28835955]",-1.30680179595947,-1.29200545999996,"[-0.36959967 -0.36836165 -0.36805034 -0.36796552 -0.36793676]","[-0.36394952 -0.36386676 -0.36435867 -0.36427513 -0.36397929]",-0.369599670171738,-0.364358669999973,0.576106509999988,"[0.57807904 0.57836014 0.57953221 0.58025461 0.58030456]","[0.58009967 0.58210608 0.57736525 0.58279729 0.57610651]",0.578079044818878,2,"26943_1,1,0_0.25_True",1.01138211427528,1
"dcgat-agm003299808","(1, 0, 0)",0.125,"Pd-0.875-Tl-0.125","False","[-0.87166101 -0.86731446 -0.86603034 -0.86532444 -0.86491525]","[-0.9873946  -0.9853447  -0.98548878 -0.98618209 -0.98485157]",-0.871661007404327,-0.987394600000016,"[-1.51924801 -1.51848102 -1.51840961 -1.51794636 -1.51739836]","[-1.5550831  -1.56204978 -1.55996751 -1.56618393 -1.56528667]",-1.51924800872803,-1.56618393000002,"[-0.73747569 -0.72969264 -0.72785175 -0.72757733 -0.72708279]","[-0.77760679 -0.78019852 -0.78616943 -0.81483337 -0.78392244]",-0.737475693225861,-0.814833370000031,"[-0.98363328 -0.93139398 -0.92803013 -0.92667633 -0.92523593]","[-1.11674723 -1.03639277 -1.03253827 -1.0370331  -1.03918931]",-0.983633279800415,-1.11674723000004,"[-0.35193238 -0.35085744 -0.3506057  -0.35017711 -0.35009763]","[-0.36423182 -0.35668629 -0.35667416 -0.35862251 -0.35973272]",-0.351932376623154,-0.364231820000043,0.582252530000005,"[0.61329108 0.61441916 0.61489147 0.61572844 0.61621815]","[0.58225253 0.58269557 0.58470391 0.58831384 0.58642226]",0.613291084766388,2,"31439_1,0,0_0.125_False",1.06085751740349,1
"dcgat-agm003676079","(1, 0, -1)",0.249582690864602,"Ag-0.417-Cd-0.083-Pd-0.5","True","[0.37328964 0.37822515 0.37931961 0.37979454 0.3804521 ]","[0.43348819 0.43332518 0.43063799 0.43197869 0.43117197]",0.37328964471817,0.430637990000008,"[-1.33021927 -1.32304478 -1.32298374 -1.32272279 -1.32156324]","[-1.31077015 -1.31290211 -1.31190509 -1.31240756 -1.31192915]",-1.33021926879883,-1.31290211000001,"[-0.53554142 -0.53219634 -0.52734673 -0.52678448 -0.5262965 ]","[-0.45819119 -0.458355   -0.47838005 -0.48258192 -0.48305964]",-0.535541415214539,-0.483059640000022,"[-0.35436693 -0.34658667 -0.34486309 -0.34100246 -0.34085527]","[-0.27344866 -0.26010456 -0.26579599 -0.27332233 -0.26064148]",-0.354366928339005,-0.273448659999985,"[-0.35846958 -0.3583211  -0.35826653 -0.35813987 -0.35773662]","[-0.36291926 -0.36346842 -0.36337424 -0.36414025 -0.36362692]",-0.358469575643539,-0.36414025000002,0.732602249999985,"[0.71131915 0.71250445 0.71525723 0.71840614 0.71924156]","[0.73789332 0.73881411 0.7381715  0.73262772 0.73260225]",0.711319148540497,3,"28160_1,0,-1_0.25_True",0.776197669009415,0.252392889300463
"oqmd-1219815","(0, 1, 0)",0,"Co-0.5-Pt-0.5","True","[-1.05965495 -1.05524325 -1.05506778 -1.05453992 -1.05365062]","[-0.99415172 -0.99336868 -0.99164577 -0.99425307 -0.99206543]",-1.05965495109558,-0.994253070000013,"[-1.63118076 -1.62834036 -1.62810624 -1.62790966 -1.6276536 ]","[-1.60005629 -1.60290472 -1.60188657 -1.60277078 -1.60447139]",-1.63118076324463,-1.60447139000001,"[-1.13661337 -1.13445032 -1.13211751 -1.050318   -1.04883432]","[-1.08965714 -1.09327556 -1.09623966 -0.97186141 -1.02787754]",-1.13661336898804,-1.09623965999998,"[-1.69127119 -1.6892823  -1.6851567  -1.68239617 -1.681934  ]","[-1.65937226 -1.60377124 -1.60897329 -1.60973252 -1.60567454]",-1.69127118587494,-1.65937226,"[-0.40525538 -0.40272057 -0.40216464 -0.4019188  -0.40149125]","[-0.3601802  -0.35957528 -0.36116483 -0.35980307 -0.3614389 ]",-0.405255377292633,-0.361438900000053,0.206711460000008,"[0.17391807 0.17473722 0.17575341 0.17734015 0.18041897]","[0.20728873 0.20713598 0.20671146 0.20834919 0.20883333]",0.173918068408966,2,"14826_0,1,0_0.0_True",1.5549696477341,0.47174723073827
"dcgat-agm001193225","(1, 0, 0)",0.25,"Ag-0.167-Pd-0.833","True","[-1.77195168 -1.77047348 -1.770154   -1.77004528 -1.76974201]","[-1.75632008 -1.75845884 -1.75888692 -1.75719549 -1.75789036]",-1.77195167541504,-1.75888692000001,"[-1.67658937 -1.67483211 -1.67395043 -1.6732769  -1.67280316]","[-1.67323329 -1.67571203 -1.6734797  -1.67502851 -1.67541006]",-1.67658936977386,-1.67571203000006,"[-1.10076714 -1.10001957 -1.0952071  -1.08708763 -1.08640862]","[-1.00177812 -0.99673509 -1.00135549 -1.00365704 -0.99424058]",-1.10076713562012,-1.00365704000001,"[-1.80629015 -1.8035655  -1.80303764 -1.80112123 -1.80029082]","[-1.71927708 -1.71848151 -1.71968315 -1.72077084 -1.72593054]",-1.80629014968872,-1.72593054000004,"[-0.35918304 -0.35799253 -0.35747731 -0.35633874 -0.35618538]","[-0.35714351 -0.35571885 -0.35882645 -0.35757451 -0.35838667]",-0.359183043241501,-0.358826450000038,0.531646669999986,"[0.48369902 0.48494726 0.48510116 0.48584825 0.4864617 ]","[0.53279052 0.53245109 0.53164667 0.533164   0.53332902]",0.483699023723602,2,"28029_1,0,0_0.25_True",1.17577437553956,0.0717991143610845
"dcgat-agm003196126","(1, 1, 2)",0,"Au-0.667-Tl-0.333","True","[1.32195377 1.3342731  1.35272861 1.36601448 1.39196825]","[1.30497417 1.29441567 1.29811141 1.32757661 1.14581835]",1.32195377349854,1.14581834999998,"[-0.47398067 -0.47256142 -0.47248361 -0.46906251 -0.468925  ]","[-0.53902083 -0.53592563 -0.54102412 -0.52422003 -0.52768465]",-0.473980665206909,-0.541024119999975,"[-2.99730086 -2.60672927 -2.11820793 -1.19921041 -0.69303352]","[1.1019315  1.57541431 1.58876451 1.80226553 1.39655351]",-2.99730086326599,1.10193150000003,"[0.03833157 0.04335296 0.06797659 0.07871991 0.08996385]","[ 0.08005765  0.11149126  0.01761296 -0.03917696  0.02525853]",0.0383315682411193,-0.0391769600000202,"[0.08916229 0.09891456 0.1028257  0.11190182 0.11354971]","[-0.03501922 -0.00941178 -0.33951456 -0.34315405 -0.35000663]",0.0891622900962829,-0.350006629999996,0.123896160000015,"[0.44498712 0.46506125 0.4667818  0.49550372 0.50290066]","[0.17563785 0.1881911  0.18356516 0.27358516 0.12389616]",0.444987118244171,2,"31061_1,1,2_0.0_True",0.265099788460929,0.42123076666212
"dcgat-agm002234344","(1, 1, -2)",0.179873340032049,"Pd-0.7-Tl-0.3","True","[0.18606329 0.19164008 0.20326924 0.20374525 0.20550996]","[0.22753493 0.22154889 0.21023866 0.21769498 0.21907905]",0.186063289642334,0.210238660000016,"[-1.39663053 -1.39615202 -1.39511371 -1.39487541 -1.39471722]","[-1.41791237 -1.41960592 -1.41395453 -1.41711862 -1.41794365]",-1.39663052558899,-1.41960592000001,"[-0.39429224 -0.39202854 -0.39171705 -0.38841027 -0.38790539]","[-0.32942958 -0.36311526 -0.36459394 -0.38570394 -0.36342367]",-0.394292235374451,-0.385703940000042,"[-0.48291805 -0.4737238  -0.45043463 -0.4471519  -0.43814099]","[-0.43515412 -0.43613056 -0.41654081 -0.42415198 -0.39549488]",-0.482918053865433,-0.436130559999981,"[-0.40307376 -0.40184167 -0.4015815  -0.40154395 -0.40103877]","[-0.34389996 -0.34295803 -0.34171442 -0.34033252 -0.34213074]",-0.403073757886887,-0.343899960000016,0.644953519999973,"[0.68541414 0.68997687 0.69059092 0.69120711 0.69197041]","[0.64495352 0.64707142 0.64771177 0.64578906 0.64631243]",0.685414135456085,2,"28076_1,1,-2_0.18_True",0.701325777044356,0.931615140348532
"dcgat-agm001297235","(2, 2, 1)",0.025,"Cu-0.25-Pd-0.25-Pt-0.25-Sn-0.25","False","[-0.06462663 -0.06010187 -0.04342365  0.2663123   0.27199143]","[-0.0358725  -0.03659755 -0.03414908  0.21072158  0.21244587]",-0.0646266341209411,-0.0365975500000104,"[-1.47107124 -1.46363878 -1.4616096  -1.45811355 -1.45806623]","[-1.42060536 -1.4286413  -1.42757694 -1.41852262 -1.43266812]",-1.47107124328613,-1.43266812000002,"[-0.76346457 -0.76286435 -0.76189786 -0.76130253 -0.76013637]","[-0.81639273 -0.81084907 -0.81584078 -0.8162106  -0.81651713]",-0.763464570045471,-0.816517129999966,"[-0.84588915 -0.83877474 -0.76158178 -0.57804686 -0.50332463]","[-0.95566165 -0.95640241 -0.85420638 -0.74017417 -0.56205938]",-0.845889151096344,-0.95640241000001,"[-0.32541218 -0.32265863 -0.32160977 -0.3215332  -0.32106999]","[-0.33258764 -0.3319793  -0.33937693 -0.33826334 -0.33900826]",-0.325412184000015,-0.339376930000014,0.284844600000042,"[0.23835224 0.23948425 0.24176246 0.24191141 0.2419281 ]","[0.28666542 0.2885145  0.28691188 0.2848446  0.28600136]",0.238352239131928,4,"19705_2,2,1_0.025_False",,
"dcgat-agm003764967","(1, 0, 0)",0.25,"Ag-0.125-Cd-0.125-Pd-0.75","False","[-1.70930958 -1.70830989 -1.70798802 -1.70770288 -1.70633245]","[-1.76623472 -1.76649035 -1.76468854 -1.76629802 -1.7659682 ]",-1.70930957794189,-1.76649035,"[-1.58138895 -1.57820415 -1.57782078 -1.57742584 -1.57704222]","[-1.56898922 -1.56840102 -1.56984722 -1.56988237 -1.56984482]",-1.5813889503479,-1.56988236999999,"[-1.09848356 -1.09092057 -1.09010816 -1.08918309 -1.08786702]","[-1.03837294 -1.03786977 -1.04209016 -1.04391557 -1.03988512]",-1.09848356246948,-1.04391557000002,"[-1.6954236  -1.69448614 -1.69374704 -1.68832755 -1.68770552]","[-1.60118285 -1.48031921 -1.60188952 -1.48395946 -1.45915783]",-1.69542360305786,-1.60188951999999,"[-0.33322954 -0.33289671 -0.33285466 -0.33256099 -0.33235744]","[-0.33323503 -0.33340929 -0.30879671 -0.30874967 -0.3341903 ]",-0.333229541778564,-0.334190299999989,0.531677990000006,"[0.51256496 0.51312035 0.51341742 0.51362437 0.51370507]","[0.53418424 0.53167799 0.53250626 0.53319403 0.53368923]",0.512564957141876,3,"23217_1,0,0_0.25_False",1.08445737118838,0.525145200650721
"dcgat-agm001828303","(0, 1, 0)",0.25,"Ag-0.75-Pd-0.25","True","[0.43637985 0.43680888 0.43761045 0.43927342 0.43993956]","[0.48593347 0.48471245 0.48741736 0.49004858 0.48768786]",0.436379849910736,0.484712449999989,"[-1.32226634 -1.32030392 -1.32003856 -1.31995058 -1.31983495]","[-1.36809487 -1.36783082 -1.36969294 -1.36842512 -1.36939143]",-1.32226634025574,-1.36969293999999,"[-0.50126314 -0.49636024 -0.49394521 -0.4939394  -0.49193537]","[-0.47146814 -0.47708786 -0.47699473 -0.47719333 -0.47641527]",-0.50126314163208,-0.477193329999977,"[-0.19121039 -0.1874609  -0.18688112 -0.18402171 -0.1767301 ]","[-0.1925034  -0.17721027 -0.19769057 -0.21924519 -0.20628858]",-0.191210389137268,-0.219245190000009,"[-0.33620507 -0.33600044 -0.33562726 -0.3351917  -0.3346144 ]","[-0.32943372 -0.33071687 -0.32881272 -0.33100896 -0.32899094]",-0.336205065250397,-0.331008959999991,0.73266301999999,"[0.79983479 0.80745286 0.80745333 0.80765706 0.80886632]","[0.73534014 0.73266302 0.73362676 0.73345642 0.73372509]",0.799834787845612,2,"16702_0,1,0_0.25_True",0.669902377928187,0.537195188802968
"oqmd-1340528","(1, 1, 0)",0.25,"Pd-0.667-Zn-0.333","True","[0.09299588 0.09693551 0.09908992 0.10128587 0.10193115]","[0.02059183 0.02471196 0.02043804 0.02286652 0.02524412]",0.0929958820343017,0.0204380399999877,"[-1.43099308 -1.42903447 -1.42777169 -1.42699385 -1.42676759]","[-1.46968806 -1.46833563 -1.46999491 -1.47074749 -1.468393  ]",-1.43099308013916,-1.47074749000001,"[-0.55082572 -0.55072165 -0.55064976 -0.54557526 -0.54427361]","[-0.5298277  -0.52932484 -0.52988197 -0.56601273 -0.5185261 ]",-0.550825715065002,-0.566012729999954,"[-0.52765316 -0.4800446  -0.45360765 -0.45300913 -0.44598651]","[-0.57149006 -0.53956505 -0.51116559 -0.50735812 -0.5091902 ]",-0.527653157711029,-0.571490059999974,"[-0.35215256 -0.3515597  -0.35069308 -0.35027751 -0.35006279]","[-0.32387078 -0.32354531 -0.3242221  -0.32271607 -0.32516655]",-0.352152556180954,-0.325166550000006,0.444646270000021,"[0.42978495 0.43292981 0.43447083 0.43717235 0.44125646]","[0.44570578 0.44545633 0.44665403 0.44464627 0.44548627]",0.429784953594208,2,"11550_1,1,0_0.25_True",1.03331133788748,1
"oqmd-1364825","(1, 2, 0)",0.162,"Co-0.333-Pt-0.667","True","[-1.15432465 -1.15385818 -1.14997077 -1.14986229 -1.14561677]","[-1.09691545 -1.09885713 -1.10017153 -1.10020541 -1.09982039]",-1.15432465076447,-1.10020541,"[-1.62380981 -1.62344456 -1.62253547 -1.62238336 -1.62225795]","[-1.56435078 -1.56688399 -1.56493279 -1.56422038 -1.56428102]",-1.62380981445313,-1.56688399000001,"[-1.1952548  -1.19270337 -1.10666776 -1.10554123 -1.10457754]","[-1.0814673  -1.07754312 -1.00178933 -1.00128756 -1.00055948]",-1.19525480270386,-1.08146729999999,"[-1.65383065 -1.65044951 -1.64972281 -1.63411593 -1.63187981]","[-1.59553728 -1.59385782 -1.59356249 -1.55984462 -1.56143143]",-1.65383064746857,-1.59553728000003,"[-0.40784022 -0.40704224 -0.4068059  -0.40638721 -0.40631291]","[-0.32375994 -0.32368678 -0.32455728 -0.32337689 -0.32372404]",-0.407840222120285,-0.324557280000022,0.187256240000011,"[0.19372952 0.19382286 0.19430947 0.20127779 0.25646025]","[0.18725624 0.18767773 0.18953549 0.18865988 0.24545439]",0.193729519844055,2,"16036_1,2,0_0.162_True",1.52924207195697,0.901890641309395
"dcgat-agm003676078","(1, 2, 2)",0.0829681172466252,"Ag-0.5-Cd-0.083-Pd-0.417","True","[-0.42956388 -0.42780063 -0.42388979 -0.42316806 -0.42218703]","[-0.38484057 -0.38733457 -0.38590713 -0.38571443 -0.38679341]",-0.429563879966736,-0.387334569999979,"[-1.44509542 -1.44418991 -1.44322455 -1.4411869  -1.44086361]","[-1.3649561  -1.36432937 -1.36342315 -1.36260587 -1.36383423]",-1.44509541988373,-1.3649561,"[-0.72605687 -0.71851182 -0.71690571 -0.71526396 -0.71351892]","[-0.64777319 -0.6451024  -0.65476295 -0.65417472 -0.64888791]",-0.72605687379837,-0.65476295000002,"[-0.44307503 -0.43190637 -0.4209516  -0.41068342 -0.40356308]","[-0.40358593 -0.3255406  -0.32469488 -0.28246858 -0.29621571]",-0.443075031042099,-0.403585929999963,"[-0.36113641 -0.35945174 -0.35815635 -0.35756034 -0.35712558]","[-0.32257326 -0.32123842 -0.32216224 -0.32059269 -0.32161195]",-0.36113640666008,-0.322573259999984,0.573515409999999,"[0.55268484 0.55366904 0.55423969 0.55482835 0.55531305]","[0.57714381 0.5751135  0.57560771 0.5765031  0.57351541]",0.552684843540192,3,"29759_1,2,2_0.083_True",0.818178855430255,0.243970089507035
"oqmd-1012958","(1, 0, 2)",0.167,"Au-0.25-Cd-0.25-Pd-0.5","True","[0.459732   0.46192712 0.46411878 0.4709534  0.47220141]","[0.51314023 0.51250463 0.51365956 0.51214546 0.46742745]",0.459731996059418,0.467427450000002,"[-1.1215651  -1.12136722 -1.12116396 -1.11971426 -1.11781955]","[-1.1762683  -1.1824919  -1.17692678 -1.17899043 -1.18533474]",-1.12156510353088,-1.18533474,"[-0.46766949 -0.46756342 -0.46639454 -0.4663288  -0.4642604 ]","[-0.54375845 -0.55410783 -0.54865802 -0.56104298 -0.5593254 ]",-0.467669486999512,-0.561042980000025,"[-0.25718674 -0.23781174 -0.23161477 -0.22608835 -0.20123029]","[-0.28741095 -0.24650173 -0.22439838 -0.21922578 -0.25566699]",-0.257186740636826,-0.28741094999998,"[-0.29906458 -0.29741803 -0.29719916 -0.29712403 -0.29711422]","[-0.31020828 -0.32076442 -0.32228196 -0.31585338 -0.31931832]",-0.299064576625824,-0.322281959999998,0.586687870000006,"[0.61439282 0.61478704 0.61502749 0.61512858 0.61592168]","[0.58933032 0.58668787 0.58949455 0.58886986 0.58836987]",0.614392817020416,3,"13367_1,0,2_0.167_True",0.813200531728988,0.694755828024537
"dcgat-agm003410836","(1, 0, 2)",0.417689916297028,"Cu-0.333-Pd-0.5-Zn-0.167","False","[-0.0237453  -0.02330387 -0.01791412 -0.01783359 -0.01741707]","[0.12646604 0.11798908 0.12000522 0.11863442 0.11954855]",-0.0237452983856201,0.117989080000001,"[-1.31133568 -1.31021118 -1.30948532 -1.3083806  -1.30805707]","[-1.26303772 -1.26369248 -1.26377168 -1.26315346 -1.26343403]",-1.31133568286896,-1.26377167999999,"[-0.45966807 -0.45844987 -0.45821452 -0.45780861 -0.44699889]","[-0.44094295 -0.44220019 -0.43945839 -0.44295902 -0.43017064]",-0.459668070077896,-0.442959019999989,"[-0.48106921 -0.47945833 -0.47756153 -0.46529379 -0.43683875]","[-0.48785214 -0.48366402 -0.484547   -0.45567348 -0.36372628]",-0.481069207191467,-0.487852140000001,"[-0.35728821 -0.35579798 -0.35570663 -0.35467792 -0.35431436]","[-0.31853823 -0.31793142 -0.31717894 -0.32016385 -0.31813057]",-0.357288211584091,-0.32016385,-0.268273090000008,"[-0.25002509 -0.24946076 -0.24920994 -0.2489056  -0.24889046]","[-0.26719504 -0.26754094 -0.25351417 -0.26659835 -0.26827309]",-0.25002509355545,3,"27691_1,0,2_0.418_False",,
"dcgat-agm003204267","(2, 1, 1)",0.03125,"Ag-0.333-Cu-0.667","True","[0.8491562  0.86974317 0.87223345 0.87241083 0.87278861]","[1.02084969 0.79258661 1.01518681 0.78907794 0.78974745]",0.849156200885773,0.78907793999997,"[-0.93949479 -0.9394635  -0.93937176 -0.93924725 -0.93903273]","[-0.96186568 -0.96338362 -0.96272826 -0.96501283 -0.96156928]",-0.939494788646698,-0.965012830000035,"[-0.33240363 -0.33070856 -0.32699239 -0.32690427 -0.32676306]","[-0.36780138 -0.36931034 -0.36862336 -0.36657499 -0.36763019]",-0.332403630018234,-0.369310340000027,"[-0.52716649 -0.52689981 -0.5266422  -0.525805   -0.52550715]","[-0.66303127 -0.65961384 -0.6585221  -0.66357561 -0.66103638]",-0.527166485786438,-0.663575610000009,"[-0.28872547 -0.28853977 -0.28787366 -0.2878446  -0.28702655]","[-0.31971062 -0.31940679 -0.31810265 -0.31993551 -0.31848812]",-0.288725465536118,-0.31993551000005,-0.435218340000006,"[-0.31458303 -0.314087   -0.31370607 -0.31341416 -0.31330714]","[-0.43521834 -0.43214539 -0.43512542 -0.43258651 -0.43216658]",-0.314583033323288,2,"24234_2,1,1_0.031_True",0.974788811136323,0.575294515802709
"dcgat-agm003489094","(0, 1, 0)",0.25,"Ag-0.667-Cu-0.111-Pd-0.222","True","[0.37890631 0.38249463 0.38314587 0.38428205 0.38453275]","[0.45193986 0.44986424 0.44869725 0.45013034 0.44989487]",0.378906309604645,0.448697249999995,"[-1.60808051 -1.60786724 -1.60734844 -1.60581493 -1.60512328]","[-1.51156181 -1.5185994  -1.51489789 -1.51739459 -1.51275022]",-1.60808050632477,-1.51859940000001,"[-0.78301275 -0.7794981  -0.77858531 -0.77830058 -0.77578574]","[-0.68090174 -0.67415879 -0.68029384 -0.68000383 -0.6705677 ]",-0.783012747764587,-0.68090174000001,"[-0.45450923 -0.44444451 -0.41930351 -0.3905147  -0.14727682]","[-0.43039364 -0.43398561 -0.40514309 -0.34985989 -0.09328759]",-0.454509228467941,-0.433985610000008,"[-0.37782139 -0.37579209 -0.37553424 -0.37479621 -0.3745726 ]","[-0.31723907 -0.31777302 -0.31887181 -0.31810898 -0.3183745 ]",-0.377821385860443,-0.318871810000005,0.274030859999996,"[0.25658518 0.25772697 0.25850767 0.2589106  0.25896245]","[0.27523841 0.27403086 0.27586625 0.27570016 0.27413161]",0.25658518075943,3,"24124_0,1,0_0.25_True",0.791301112233001,0.120161061804106
"mp-1215579","(1, 1, 0)",0.25,"Pd-0.8-Zn-0.2","True","[-1.33246815 -1.33040047 -1.32966161 -1.32935476 -1.32281554]","[-1.36595545 -1.36511968 -1.3650554  -1.36389618 -1.36488243]",-1.3324681520462,-1.36595545,"[-1.74849105 -1.74452353 -1.74350488 -1.74299979 -1.74098241]","[-1.67516492 -1.67533829 -1.66922079 -1.67417392 -1.67575031]",-1.74849104881287,-1.67575030999998,"[-1.0628655  -1.05821741 -0.98991919 -0.98684156 -0.98348975]","[-0.97912008 -0.9799623  -0.92801094 -0.92791347 -0.92864835]",-1.06286549568176,-0.979962299999983,"[-1.18934584 -1.17874157 -1.07590985 -1.06702673 -1.05050695]","[-1.05133666 -1.04939079 -0.97513305 -0.96524775 -0.95566612]",-1.1893458366394,-1.05133666,"[-0.68936235 -0.41691092 -0.41669559 -0.41628453 -0.41575366]","[ 0.17762072 -0.31345577 -0.31454951 -0.31792462 -0.31873396]",-0.689362347126007,-0.318733959999975,0.270602810000014,"[0.27135521 0.27215046 0.27260917 0.27456278 0.2745778 ]","[0.27183391 0.27657923 0.27060281 0.27595853 0.27957033]",0.271355211734772,2,"3398_1,1,0_0.25_True",1.24286796513362,0.959534896232366
"oqmd-1340376","(2, 1, 1)",0.127,"Au-0.7-In-0.3","True","[1.2302134  1.24740458 1.30774164 1.3346355  1.3526144 ]","[1.53947696 1.52874606 1.49376419 1.29592827 1.4408578 ]",1.23021340370178,1.29592826999993,"[-0.8158524  -0.71783483 -0.68114901 -0.64496654 -0.61177492]","[-0.78223828 -0.6431957  -0.64580609 -0.6428227  -0.62058223]",-0.815852403640747,-0.782238280000058,"[-0.51707923 -0.50378966 -0.43070769 -0.42476839 -0.40173674]","[-0.61102908 -0.56592396 -0.60041446 -0.55072755 -0.45782881]",-0.51707923412323,-0.611029080000037,"[-0.17962414 -0.10169619 -0.08592212 -0.05634695 -0.03712636]","[-0.26028733 -0.25261311 -0.07208184 -0.05565109 -0.02212966]",-0.179624140262604,-0.26028733000004,"[-0.19133461 -0.17230451 -0.1438877  -0.14233202 -0.13336343]","[-0.31832111 -0.28061256 -0.31529541 -0.26795386 -0.23292614]",-0.19133460521698,-0.318321110000056,-0.426710329999992,"[-0.46213931 -0.32350415 -0.32231525 -0.2916809  -0.27906469]","[-0.42671033 -0.27951257 -0.31038132 -0.37177246 -0.33283085]",-0.462139308452606,2,"15391_2,1,1_0.127_True",0.539038515401125,0
"dcgat-agm003292322","(3, 0, 1)",0.124227780893559,"Cu-0.556-Pd-0.444","True","[0.31618267 0.31654161 0.31784445 0.31898445 0.31926256]","[0.14631436 0.14602761 0.14829382 0.14592213 0.14887737]",0.316182672977448,0.145922130000002,"[-1.33429599 -1.32941163 -1.32922256 -1.32724679 -1.32685614]","[-1.34546637 -1.35132478 -1.34632343 -1.35171195 -1.34544624]",-1.33429598808289,-1.35171194999998,"[-0.61420804 -0.61293781 -0.61188126 -0.6076026  -0.60449064]","[-0.62779801 -0.62854013 -0.47685807 -0.48778811 -0.48071628]",-0.614208042621613,-0.628540129999976,"[-0.47596848 -0.47511262 -0.47133237 -0.4694235  -0.46919596]","[-0.48250907 -0.48390615 -0.47694235 -0.47316807 -0.47910354]",-0.475968480110168,-0.483906149999996,"[-0.34504291 -0.34494388 -0.34477475 -0.34476694 -0.34459659]","[-0.30976056 -0.30772692 -0.31518446 -0.31014049 -0.31618091]",-0.345042914152145,-0.316180909999986,0.369906380000003,"[0.37804002 0.37826306 0.38049108 0.38115925 0.38205975]","[0.37077751 0.37000283 0.37025559 0.36990638 0.36991201]",0.378040015697479,2,"33491_3,0,1_0.124_True",1.05634416298482,0.803247257850838
"dcgat-agm003289528","(1, 1, 0)",0,"Au-0.571-Pd-0.429","True","[0.12890649 0.13314396 0.13442796 0.13863999 0.14040083]","[0.08873419 0.08949281 0.08925088 0.08763072 0.0873469 ]",0.128906488418579,0.0873469,"[-1.27811193 -1.2778964  -1.27676964 -1.2766974  -1.2763201 ]","[-1.29068229 -1.28599955 -1.29522976 -1.29370521 -1.29524111]",-1.27811193466187,-1.29524111000001,"[-0.61243725 -0.61225533 -0.61118942 -0.61104751 -0.61084807]","[-0.63377029 -0.63467761 -0.63415014 -0.63334674 -0.63458129]",-0.612437248229981,-0.634677610000011,"[-0.5130226  -0.50485992 -0.50240117 -0.49869242 -0.49745554]","[-0.55206779 -0.53469861 -0.5559381  -0.54532306 -0.55304477]",-0.513022601604462,-0.555938099999992,"[-0.28274065 -0.28153202 -0.28148916 -0.28146434 -0.28068739]","[-0.31409931 -0.31019351 -0.31270865 -0.31211063 -0.31337754]",-0.282740652561188,-0.314099310000017,1.03291293999999,"[1.0302577  1.03324676 1.03436327 1.03473711 1.03499985]","[1.03552014 1.03372058 1.03291294 1.03524528 1.03406552]",1.03025770187378,2,"28632_1,1,0_0.0_True",0.784036874304148,0.805237083587727
"mp-1297","(3, 3, 2)",0.01867423125,"Pd-0.591-Tl-0.409","True","[-0.13443124  0.08676463  0.11284298  0.11378229  0.13268763]","[-0.33185521  0.1484758   0.15847427  0.1465898   0.18445252]",-0.13443124294281,-0.331855209999958,"[-1.46117401 -1.44947648 -1.44918585 -1.44880557 -1.44587564]","[-1.43105375 -1.42707623 -1.4261779  -1.40921246 -1.42249044]",-1.46117401123047,-1.43105375000005,"[-2.06779051 -1.77425218 -1.75631189 -1.54389334 -0.60986269]","[ 1.70644995  1.4047814   1.5041091   1.39932947 -0.52801498]",-2.06779050827026,-0.528014979999966,"[-0.64348686 -0.58855873 -0.58755606 -0.58210021 -0.56649464]","[-0.57093567 -0.61494357 -0.61838976 -0.61970683 -0.60827592]",-0.643486857414246,-0.619706830000041,"[-0.34080991 -0.33488312 -0.33460313 -0.33387998 -0.33379883]","[-0.31372558 -0.30414254 -0.3137879  -0.31339148 -0.31303624]",-0.340809911489487,-0.313787899999966,0.291072269999972,"[0.30528313 0.31772929 0.31947178 0.31998664 0.32009655]","[0.35495177 0.29196804 0.30428744 0.29940147 0.29107227]",0.305283129215241,2,"3921_3,3,2_0.019_True",0.725896968090828,1
"dcgat-agm002351118","(0, 0, 1)",0.25,"Pd-0.889-Sn-0.111","True","[-1.43410945 -1.43319869 -1.43303466 -1.4307245  -1.42953873]","[-1.36370183 -1.36545841 -1.36404474 -1.36116608 -1.36267668]",-1.4341094493866,-1.36545841000003,"[-1.65326881 -1.65128183 -1.65053046 -1.65036368 -1.64785957]","[-1.5200831  -1.51860368 -1.51684606 -1.51606663 -1.5189375 ]",-1.65326881408691,-1.52008309999999,"[-1.0484004  -1.04668951 -1.04041147 -1.03949916 -0.9501614 ]","[-0.83180675 -0.83777066 -0.83697349 -0.84023536 -0.84256902]",-1.04840040206909,-0.842569019999985,"[-1.70344138 -1.69796062 -1.69427109 -1.68985212 -1.6884352 ]","[-1.51282633 -1.51196494 -1.49798566 -1.47842142 -1.50953246]",-1.70344138145447,-1.51282633000002,"[-0.35942507 -0.35855103 -0.35811028 -0.35691977 -0.35681134]","[-0.31065291 -0.30861541 -0.31073491 -0.31262524 -0.30959503]",-0.359425067901611,-0.312625239999989,0.538413599999984,"[0.49045056 0.49442083 0.49577326 0.4979046  0.49816042]","[0.54034149 0.53870016 0.53907906 0.5384136  0.53927792]",0.4904505610466,2,"22397_0,0,1_0.25_True",1.17399927479206,0.0786495713452606
"dcgat-agm003292062","(3, 0, 1)",0.124912965817333,"Ag-0.556-Pd-0.444","True","[0.28353447 0.28385395 0.28414935 0.28790861 0.28811628]","[0.25229526 0.25302414 0.25238969 0.25153256 0.25212388]",0.283534467220306,0.251532560000001,"[-1.3796854  -1.37523973 -1.37256527 -1.37112284 -1.37096286]","[-1.38154971 -1.39717337 -1.39356319 -1.39576501 -1.39571903]",-1.3796854019165,-1.39717337000002,"[-0.58042842 -0.5627346  -0.56200635 -0.55914474 -0.55747312]","[-0.50515799 -0.52744092 -0.51011084 -0.5186682  -0.52775916]",-0.580428421497345,-0.527759160000016,"[-0.41426665 -0.41114238 -0.40174335 -0.39094552 -0.38687944]","[-0.36798348 -0.36068957 -0.36717906 -0.35705686 -0.37222584]",-0.414266645908356,-0.372225839999999,"[-0.31921858 -0.31903997 -0.31860763 -0.31827044 -0.31776088]","[-0.31231112 -0.31111315 -0.31215145 -0.31239918 -0.31240693]",-0.319218575954437,-0.312406929999995,0.771809399999995,"[0.78181404 0.7851457  0.78554708 0.78693515 0.78948587]","[0.77308712 0.77229423 0.7718094  0.77326361 0.772867  ]",0.78181403875351,2,"20063_3,0,1_0.125_True",0.772010786780966,0.717273089376648
"oqmd-1338658","(1, 1, 1)",0.128,"Cu-0.375-Pd-0.625","True","[-0.89606404 -0.89499259 -0.89311677 -0.71553302 -0.70325381]","[-0.62207647 -0.61976618 -0.61963415 -0.56980809 -0.57332829]",-0.896064043045044,-0.62207647000001,"[-1.51305246 -1.51139235 -1.5090096  -1.50848198 -1.50840759]","[-1.44499686 -1.44539499 -1.44512122 -1.44620761 -1.4424979 ]",-1.51305246353149,-1.44620761000003,"[-0.94551396 -0.93776834 -0.93468237 -0.93434572 -0.93054163]","[-0.86352703 -0.86526061 -0.86444139 -0.86472501 -0.86300799]",-0.945513963699341,-0.865260610000021,"[-0.9949106  -0.99364406 -0.96646619 -0.96304327 -0.96216083]","[-0.90464196 -0.90300729 -0.89433913 -0.89182001 -0.89159474]",-0.994910597801208,-0.904641959999978,"[-0.35190964 -0.35139853 -0.35039291 -0.35037854 -0.35021952]","[-0.30746401 -0.30991217 -0.30933623 -0.30731589 -0.3098708 ]",-0.351909637451172,-0.309912169999993,0.0570034000000418,"[0.0479793  0.05010426 0.0510028  0.05128986 0.05131674]","[0.0570034  0.0580416  0.05701585 0.06034508 0.05961911]",0.0479792952537536,2,"13478_1,1,1_0.128_True",1.30017836948493,0.572227408722511
"dcgat-agm003327785","(1, 1, 2)",0,"Ag-0.375-Cd-0.25-Pd-0.375","True","[0.76250786 0.76514405 0.7654019  0.76759297 0.76794595]","[0.84857017 0.84492724 0.84673023 0.84714403 0.84746796]",0.762507855892181,0.844927240000004,"[-1.17295825 -1.17087877 -1.17011809 -1.16914749 -1.16541839]","[-1.20942978 -1.21008624 -1.21122927 -1.20855014 -1.21091115]",-1.17295825481415,-1.21122926999999,"[-0.31930673 -0.31535214 -0.31075424 -0.30965295 -0.30666134]","[-0.32031127 -0.32094926 -0.31038481 -0.30109632 -0.31987456]",-0.31930673122406,-0.32094926000002,"[-0.07122147 -0.05859506 -0.0193426  -0.00670004 -0.00222099]","[-0.07798053 -0.05556528 -0.04143675 -0.02702987 -0.00328628]",-0.0712214708328247,-0.0779805299999907,"[-0.30908582 -0.30842808 -0.30831093 -0.30779734 -0.30704623]","[-0.30964158 -0.30905657 -0.30939108 -0.30748771 -0.30874515]",-0.309085816144943,-0.309641580000005,0.571552539999999,"[0.56912726 0.57141477 0.57183546 0.57236308 0.57248229]","[0.57213735 0.57268237 0.57211434 0.57409282 0.57155254]",0.569127261638641,3,"32831_1,1,2_0.0_True",0.729087806409713,0.753029980148682
"dcgat-agm003342451","(1, 1, 0)",0.25,"Ag-0.222-Cu-0.333-Pd-0.444","True","[-0.18216211 -0.17026234 -0.16950989 -0.16632318 -0.16373295]","[0.16020331 0.150161   0.15295238 0.15056153 0.15204698]",-0.18216210603714,0.150160999999997,"[-1.42067146 -1.41928887 -1.41669011 -1.41569805 -1.41474962]","[-1.33753762 -1.33940068 -1.33511209 -1.34013248 -1.33954184]",-1.4206714630127,-1.34013248000002,"[-1.23851085 -0.74561954 -0.74433202 -0.74173468 -0.74151224]","[ 1.37387183 -0.69136164 -0.69387488 -0.68263216 -0.69012743]",-1.23851084709167,-0.69387488000001,"[-0.63294601 -0.58642089 -0.58582842 -0.58405751 -0.55966491]","[-0.56269206 -0.49045853 -0.51053782 -0.50953885 -0.40354997]",-0.632946014404297,-0.562692060000018,"[-0.36710066 -0.36562935 -0.36558098 -0.36546862 -0.36531904]","[-0.30292801 -0.30388864 -0.30102962 -0.30719283 -0.30432063]",-0.367100656032562,-0.307192829999991,0.308683160000044,"[0.2741589  0.27471393 0.27497393 0.27618152 0.27856487]","[0.30995833 0.30868316 0.31008893 0.30997467 0.31955824]",0.274158895015717,3,"21211_1,1,0_0.25_True",1.04934473244972,0.410489267455677
"dcgat-agm001193057","(1, 0, 0)",0.25,"Cu-0.167-Pd-0.833","True","[-1.59549224 -1.5937531  -1.59293723 -1.59254575 -1.59079766]","[-1.57728013 -1.57890816 -1.57788694 -1.57776667 -1.5789459 ]",-1.59549224376679,-1.57894590000001,"[-1.6104691  -1.60579073 -1.60576761 -1.60571837 -1.60483336]","[-1.55250687 -1.56557933 -1.57060928 -1.56397815 -1.56138767]",-1.6104691028595,-1.57060928000004,"[-1.03905177 -1.03448868 -1.03317881 -1.03164792 -1.03114116]","[-0.99379101 -0.99599373 -1.00013508 -0.99927316 -0.99500348]",-1.03905177116394,-1.00013508000001,"[-1.69050002 -1.68821228 -1.68731618 -1.6843195  -1.68299067]","[-1.60492636 -1.62838591 -1.61690362 -1.57141306 -1.62092381]",-1.69050002098084,-1.62838591000002,"[-0.33154091 -0.3296904  -0.32927823 -0.32871121 -0.32865137]","[-0.26302812 -0.26062079 -0.26290807 -0.30565009 -0.26366431]",-0.331540912389755,-0.305650090000029,0.422361520000038,"[0.42445606 0.42489225 0.4251948  0.42531139 0.42611879]","[0.42307615 0.42521938 0.42236152 0.42403307 0.43697967]",0.424456059932709,2,"33044_1,0,0_0.25_True",1.28897097311891,0.0661000973518215
"dcgat-agm003289933","(2, -1, 2)",0.0264747274343541,"Cd-0.429-Pd-0.571","True","[-0.02318668 -0.01532966 -0.01162988 -0.01095146 -0.01029837]","[0.00740719 0.0199062  0.00963909 0.01031377 0.01428036]",-0.0231866836547851,0.0074071899999808,"[-1.58337593 -1.58035064 -1.57884574 -1.57723927 -1.57693648]","[-1.47465729 -1.47626374 -1.47854312 -1.47201293 -1.47632191]",-1.58337593078613,-1.47854312000004,"[-1.73525929 -1.21942401 -0.84063637 -0.83948272 -0.83007902]","[ 1.59236831  1.40388328 -0.74133003 -0.74307034 -0.74070201]",-1.73525929450989,-0.743070339999918,"[-0.66485727 -0.65891862 -0.65881437 -0.6264683  -0.59654969]","[-0.54831325 -0.53565902 -0.5486164  -0.50883644 -0.46792357]",-0.664857268333435,-0.548616400000014,"[-0.35305032 -0.35226136 -0.35136405 -0.35009333 -0.34928453]","[-0.29626873 -0.29762496 -0.29855303 -0.29639156 -0.30125137]",-0.353050321340561,-0.301251369999989,0.45150158000007,"[0.39059931 0.39139456 0.39180523 0.39241999 0.39287454]","[0.46160185 0.46417769 0.46300637 0.45150158 0.45896594]",0.390599310398102,2,"32029_2,-1,2_0.026_True",0.851479226896299,0.871587217633513
"dcgat-agm003604357","(1, 0, -1)",0,"Ag-0.333-Au-0.333-Pd-0.333","True","[0.97941428 1.00697351 1.09904599 1.10162497 1.10471272]","[1.21761585 1.16435846 0.87887329 0.88233487 0.87966291]",0.979414284229279,0.878873290000001,"[-1.07058275 -1.0699594  -1.06899333 -1.06865585 -1.06795299]","[-1.32285319 -1.32211456 -1.32345216 -1.31644605 -1.3241747 ]",-1.07058274745941,-1.32417469999999,"[-0.42445576 -0.4236899  -0.42235366 -0.42197236 -0.42135933]","[-0.7355612  -0.73354462 -0.7347069  -0.73067363 -0.73558472]",-0.424455761909485,-0.735584719999991,"[0.1565938  0.17585504 0.18524569 0.19329232 0.19468421]","[-0.1529042  -0.05232473 -0.05526445 -0.05158454 -0.05861993]",0.156593799591064,-0.152904199999995,"[-0.00253695  0.00056297  0.00435299  0.00539726  0.00542599]","[ 0.0016354   0.00277117 -0.29433545 -0.29704438 -0.29527579]",-0.0025369524955749,-0.297044379999988,0.61937180999999,"[0.92454535 0.92496449 0.92525715 0.92608565 0.92783886]","[0.62136878 0.61937181 0.62169846 0.62085171 0.62605467]",0.924545347690582,3,"30316_1,0,-1_0.0_True",0.653050206360364,0.253269249155708
"dcgat-agm003327794","(1, 1, 2)",0,"Au-0.375-Cd-0.25-Pd-0.375","True","[0.5076955  0.50873131 0.51018101 0.51173288 0.51549917]","[0.50115461 0.49902917 0.49811315 0.50206909 0.49836944]",0.507695496082306,0.498113149999966,"[-1.22607923 -1.22559798 -1.22216749 -1.22215462 -1.2220186 ]","[-1.20761184 -1.20739991 -1.20820605 -1.20731515 -1.20884556]",-1.22607922554016,-1.20884556000001,"[-0.35056981 -0.34305915 -0.34303164 -0.34219179 -0.33984721]","[-0.36979928 -0.36647818 -0.35837825 -0.35832197 -0.3521581 ]",-0.350569814443588,-0.369799279999995,"[-0.17800605 -0.12896925 -0.11570174 -0.09887475 -0.08690786]","[-0.16355231 -0.08689125 -0.07921078 -0.06160697 -0.06016024]",-0.178006052970886,-0.163552310000028,"[-0.32573307 -0.32310495 -0.3230716  -0.32273629 -0.32270357]","[-0.29398211 -0.29406989 -0.29506726 -0.29572365 -0.29456108]",-0.325733065605164,-0.295723650000014,0.710124589999992,"[0.71494716 0.71872431 0.71986169 0.7199406  0.72009033]","[0.71012459 0.71163892 0.71030047 0.71247155 0.71069429]",0.714947164058685,3,"31799_1,1,2_0.0_True",0.744928845173607,0.903430747677194
"dcgat-agm003643371","(1, 1, 0)",0.25,"Ag-0.1-Au-0.5-Pd-0.4","True","[-0.16183257 -0.16170973 -0.1616264  -0.16140503 -0.1610465 ]","[-0.2791517  -0.27852606 -0.27829912 -0.27902288 -0.28003773]",-0.161832571029663,-0.280037730000004,"[-1.2049154  -1.2045753  -1.20199203 -1.20025444 -1.1979444 ]","[-1.33531877 -1.33592415 -1.33414257 -1.33810419 -1.33698788]",-1.20491540431976,-1.33810419000002,"[-0.5802803  -0.57776141 -0.57752186 -0.57748222 -0.57726586]","[-0.6330926  -0.62760221 -0.62342107 -0.63377389 -0.63398576]",-0.580280303955078,-0.633985759999973,"[-0.54282045 -0.53227693 -0.46330029 -0.46204355 -0.4609246 ]","[-0.63613327 -0.63774836 -0.55249555 -0.53584696 -0.54641768]",-0.542820453643799,-0.637748359999989,"[-0.28076917 -0.28013286 -0.27938315 -0.27924126 -0.27897865]","[-0.29360255 -0.28995623 -0.29315198 -0.29393632 -0.29217041]",-0.280769169330597,-0.29393632,0.988499070000046,"[1.05427432 1.0597744  1.06156874 1.07124829 1.07500935]","[0.98849907 0.99114314 0.98892844 1.07827907 1.08098764]",1.05427432060242,3,"26155_1,1,0_0.25_True",0.813189175757528,0.95910852444427
"dcgat-agm002351119","(1, 1, 0)",0.0840908647604771,"Pd-0.889-Tl-0.111","False","[-0.5211277  -0.51259756 -0.5120095  -0.51198244 -0.51124406]","[-0.67127451 -0.67109736 -0.6730375  -0.67243926 -0.67126105]",-0.521127700805664,-0.673037500000021,"[-1.29819727 -1.29651475 -1.2962091  -1.29504681 -1.29367113]","[-1.3915286  -1.39111073 -1.3909972  -1.39137464 -1.39082972]",-1.2981972694397,-1.39152860000002,"[-0.57439095 -0.57435459 -0.57418364 -0.57394528 -0.57226163]","[-0.60813812 -0.60810985 -0.60814443 -0.60925994 -0.60778492]",-0.574390947818756,-0.609259939999959,"[-0.76052797 -0.75850832 -0.75822467 -0.75729436 -0.75456303]","[-0.83229475 -0.83367659 -0.83662262 -0.83013162 -0.82848078]",-0.760527968406677,-0.836622620000014,"[-0.2550211  -0.25324541 -0.25318223 -0.25225061 -0.2520417 ]","[-0.28693873 -0.29192833 -0.29195279 -0.29112047 -0.29129283]",-0.255021095275879,-0.291952790000039,0.63403138000001,"[0.67855185 0.68089026 0.68122715 0.68149108 0.68168885]","[0.64020965 0.63491035 0.63516766 0.63995722 0.63403138]",0.678551852703095,2,"28984_1,1,0_0.084_False",1.0778273419828,0.166216031888918
"dcgat-agm002379278","(0, 0, 1)",0.25,"Hg-0.167-Pd-0.833","True","[-0.88242799 -0.88202661 -0.88017744 -0.87781    -0.87773299]","[-0.86895899 -0.8689094  -0.86882459 -0.86626502 -0.87014073]",-0.882427990436554,-0.870140729999974,"[-1.42538047 -1.42534399 -1.42451763 -1.4235785  -1.42289579]","[-1.42571298 -1.42140698 -1.42460681 -1.425072   -1.42466996]",-1.42538046836853,-1.42571297999999,"[-0.6838004  -0.68330348 -0.68195206 -0.68128264 -0.68047446]","[-0.70015501 -0.70092284 -0.70039074 -0.69797747 -0.70051522]",-0.683800399303436,-0.700922840000004,"[-1.00972176 -1.00472617 -1.00413442 -1.00162339 -0.99961615]","[-0.97763084 -0.97445007 -0.9747751  -0.97592486 -0.97691231]",-1.00972175598145,-0.977630839999989,"[-0.2887204  -0.28868046 -0.28822824 -0.28729567 -0.28719643]","[-0.29116111 -0.29025144 -0.28771959 -0.28763403 -0.29079384]",-0.288720399141312,-0.29116110999999,0.723811539999986,"[0.76889151 0.77010256 0.77079076 0.77109247 0.77172881]","[0.73609956 0.72789598 0.7279472  0.72381154 0.73621519]",0.768891513347626,2,"21314_0,0,1_0.25_True",1.06702491329633,0.0768218338555388
"dcgat-agm003294509","(3, 1, 0)",0.993053794004555,"Ag-0.667-Pd-0.333","True","[0.1855371  0.51121765 0.51383299 0.51461118 0.51499075]","[0.27362165 0.67162869 0.6628633  0.68578383 0.68535682]",0.185537099838257,0.273621649999996,"[-1.25524282 -1.25140619 -1.23867607 -1.23114395 -1.18093562]","[-1.24985224 -1.24566935 -1.24545506 -1.23715644 -1.10489545]",-1.25524282455444,-1.24985224,"[-0.48480994 -0.48197836 -0.48046044 -0.48026755 -0.479765  ]","[-0.46322956 -0.47000561 -0.46142836 -0.46350534 -0.46060171]",-0.484809935092926,-0.470005609999987,"[-0.26385775 -0.2603316  -0.26007229 -0.25448585 -0.25344604]","[-0.14832298 -0.14740952 -0.17881249 -0.17499336 -0.18538196]",-0.263857752084732,-0.185381960000001,"[-0.29768783 -0.29751918 -0.2948063  -0.29362655 -0.29323256]","[-0.28752505 -0.2888923  -0.28922005 -0.289393   -0.28963071]",-0.297687828540802,-0.289630709999983,0.768447320000007,"[0.76483387 0.77087885 0.77123648 0.77176899 0.77413231]","[0.76844732 0.78123612 0.78028822 0.7723391  0.78138446]",0.764833867549896,2,"24858_3,1,0_0.993_True",0.720989944201518,0.743955248747949
"oqmd-1017228","(1, 0, 2)",0.083,"Au-0.25-In-0.25-Pd-0.5","False","[0.11140358 0.11160582 0.11401278 0.11401445 0.11460066]","[0.13703372 0.13568457 0.13380316 0.13740625 0.13604438]",0.111403584480286,0.133803159999985,"[-1.42012954 -1.41958117 -1.4168334  -1.41681767 -1.41523051]","[-1.34132101 -1.34054996 -1.33869961 -1.34135843 -1.33827046]",-1.4201295375824,-1.34135843000001,"[-0.75510192 -0.75358367 -0.75329626 -0.75263494 -0.75231618]","[-0.65174684 -0.65182674 -0.65726416 -0.65322437 -0.65540841]",-0.755101919174194,-0.657264160000011,"[-0.44345802 -0.4317548  -0.40052059 -0.39803046 -0.34663898]","[-0.41940234 -0.40408241 -0.33285063 -0.34942347 -0.28785141]",-0.443458020687103,-0.419402340000033,"[-0.36796501 -0.36700726 -0.36664742 -0.36648479 -0.36630663]","[-0.28530409 -0.28606286 -0.28560196 -0.28691445 -0.28771014]",-0.367965012788773,-0.287710140000002,0.46751070000002,"[0.42120284 0.42364186 0.42429274 0.4254753  0.42734188]","[0.4675107  0.46837464 0.46826775 0.4693831  0.47191854]",0.421202838420868,3,"12771_1,0,2_0.083_False",1.12409620695111,0
"dcgat-agm003290360","(2, 2, 1)",0.100520993402755,"Ag-0.625-Pd-0.375","True","[0.31063682 0.31091899 0.31253725 0.31303805 0.31307226]","[0.32894756 0.326975   0.32690588 0.32918912 0.32908702]",0.310636818408966,0.326905880000027,"[-1.34597015 -1.34546232 -1.34485388 -1.34408259 -1.34166574]","[-1.32299768 -1.3213862  -1.32534179 -1.32177165 -1.32382298]",-1.34597015380859,-1.32534178999998,"[-0.52932364 -0.5289309  -0.52810168 -0.52723926]","[-0.52771591 -0.52778834 -0.52392954 -0.52490279]",-0.529323637485504,-0.527788340000029,"[-0.33708429 -0.33465296 -0.33333194 -0.33280957 -0.32803994]","[-0.26954601 -0.26381203 -0.27453734 -0.27420937 -0.24222992]",-0.337084293365479,-0.274537339999995,"[-0.29625568 -0.29472172 -0.29406828 -0.29370585 -0.29363054]","[-0.28438099 -0.28169665 -0.28513467 -0.28418574 -0.28443218]",-0.296255677938461,-0.285134669999991,0.838419979999998,"[0.84167594 0.84262508 0.84290236 0.8436715  0.84518939]","[0.83841998 0.84191005 0.85647523 0.8453302  0.84739638]",0.841675937175751,2,"16616_2,2,1_0.101_True",0.726075239095391,0.868735623853608
"oqmd-1283322","(1, 1, 0)",0.25,"Pd-0.667-Sn-0.333","True","[0.71488553 0.71888572 0.72201103 0.72406644 0.72509855]","[0.7334755  0.75544797 0.7201313  0.73470673 0.72898577]",0.714885532855988,0.720131299999991,"[-0.93765193 -0.93717617 -0.93469346 -0.93318993 -0.93304372]","[-0.95597182 -0.95844742 -0.95833076 -0.95704135 -0.95307514]",-0.937651932239532,-0.958447420000027,"[-0.17383093 -0.17006963 -0.16954941 -0.16811103 -0.16747046]","[-0.15165719 -0.15679493 -0.16022676 -0.15839205 -0.15445902]",-0.173830926418304,-0.16022676,"[0.03874117 0.04235864 0.0476836  0.04976118]","[ 0.01126251 -0.02835076  0.05310548  0.05317643]",0.0387411713600158,-0.0283507600000234,"[-0.2240845  -0.22281176 -0.22195643 -0.22192842 -0.22113949]","[-0.2818941  -0.28389791 -0.27723267 -0.28294183 -0.28321088]",-0.224084496498108,-0.283897910000007,0.444970770000054,"[0.46097308 0.4631632  0.46398383 0.46418518 0.4654991 ]","[0.44497077 0.44644587 0.44497561 0.44648862 0.44558844]",0.460973083972931,2,"12423_1,1,0_0.25_True",0.861791829669709,1
"dcgat-agm003416339","(1, 1, 0)",0.25,"Ag-0.167-Cu-0.5-Pd-0.333","True","[-0.46219298 -0.45913118 -0.45866743 -0.45679015 -0.45487472]","[-0.31429886 -0.31608428 -0.31414885 -0.31543065 -0.31518625]",-0.462192982435226,-0.316084279999984,"[-1.19118464 -1.19111025 -1.19099998 -1.19091177 -1.18898726]","[-1.25048772 -1.24896991 -1.25080286 -1.25089103 -1.24681136]",-1.19118463993073,-1.25089102999999,"[-0.47094902 -0.46932596 -0.46922669 -0.46864048 -0.4674888 ]","[-0.48852195 -0.486443   -0.48849411 -0.49117619 -0.48326724]",-0.470949023962021,-0.491176190000004,"[-0.62907958 -0.62386382 -0.61888266 -0.61878574 -0.61569273]","[-0.60215861 -0.59027181 -0.59389505 -0.58875483 -0.59094123]",-0.629079580307007,-0.602158609999975,"[-0.24912345 -0.24890059 -0.24813414 -0.24654955 -0.24608612]","[-0.28289731 -0.28222214 -0.28243111 -0.28282294 -0.28322436]",-0.249123454093933,-0.283224359999991,0.318164929999995,"[0.29792935 0.29828948 0.30043167 0.30046064 0.30094045]","[0.3196326  0.31820947 0.3182021  0.31921289 0.31816493]",0.297929346561432,3,"23146_1,1,0_0.25_True",1.11244695115979,0.211705845448035
"dcgat-agm003264643","(1, 1, 0)",0.25,"Cu-0.625-Zn-0.375","True","[0.83980232 0.84653252 0.84878856 0.85042304 0.8529014 ]","[0.59649673 0.59646326 0.59980117 0.59158197 0.59856358]",0.839802324771881,0.591581970000021,"[-0.43325523 -0.43054226 -0.42978257 -0.42953101 -0.42840028]","[-0.65719662 -0.65738567 -0.65641476 -0.65515271 -0.65638901]",-0.433255225419998,-0.657385669999997,"[0.17479211 0.17646307 0.17766351 0.18106377 0.18253422]","[-0.06720289 -0.05889955 -0.05710586 -0.0504466  -0.05148191]",0.174792110919952,-0.0672028900000327,"[0.24487525 0.25169069 0.25181705 0.25208539 0.25539368]","[-0.01852769 -0.01451758 -0.0077897  -0.00570913 -0.00401595]",0.244875252246857,-0.0185276899999848,"[-0.02056736 -0.01996815 -0.01360548 -0.01136357 -0.01074582]","[-0.02831948 -0.27674829 -0.27999617 -0.28236106 -0.28172137]",-0.0205673575401306,-0.28236106,-0.151336750000013,"[0.16070229 0.16074032 0.16157424 0.16188967 0.16189975]","[-0.14818941 -0.15116383 -0.14402332 -0.15133675 -0.14590266]",0.160702288150787,2,"17193_1,1,0_0.25_True",0.940143758297266,0.857543541904785
"dcgat-agm003607445","(1, 1, 1)",0.0192008610803845,"Au-0.333-Pd-0.333-Tl-0.333","True","[0.62500674 0.62938374 0.70414978 0.70459837 0.70643336]","[0.94847695 0.94327018 1.14844136 1.15098311 1.14528444]",0.62500673532486,0.943270179999999,"[-1.46731877 -1.45734227 -1.45600438 -1.4552418  -1.45310235]","[-1.23197299 -1.22984775 -1.22588593 -1.2247588  -1.22834753]",-1.46731877326965,-1.23197299000002,"[-0.72382593 -0.70498133 -0.70447904 -0.70195192 -0.70085698]","[-0.38575553 -0.39457673 -0.34740482 -0.39333232 -0.35466067]",-0.723825931549072,-0.394576730000011,"[-0.43719119 -0.40543839 -0.36144799 -0.34264421 -0.32394132]","[-0.06596597 -0.09298076 -0.08422283 -0.06951002 -0.05877911]",-0.437191188335419,-0.092980759999989,"[-0.47712362 -0.47677147 -0.47408631 -0.47169176 -0.46931174]","[-0.18097935 -0.18578734 -0.1783138  -0.28196475 -0.18261418]",-0.477123618125916,-0.28196475,0.419976879999993,"[0.05252826 0.06036103 0.06845534 0.06948167 0.07215422]","[0.42578071 0.43310405 0.43516267 0.41997688 0.4375042 ]",0.0525282621383667,3,"30607_1,1,1_0.019_True",0.502291931333496,1
"oqmd-1017965","(1, 0, 0)",0.25,"Ag-0.25-Cd-0.25-Pd-0.5","True","[0.57823414 0.58634824 0.5863871  0.58721048 0.58882743]","[0.71215606 0.71609748 0.70833443 0.71548114 0.71235807]",0.578234136104584,0.708334429999979,"[-1.21897256 -1.21679974 -1.2151525  -1.21479547 -1.21201575]","[-1.22296654 -1.22228667 -1.21670469 -1.21853744 -1.21790739]",-1.21897256374359,-1.22296653999999,"[-0.37317544 -0.37297794 -0.37216961 -0.36996377 -0.36940348]","[-0.31631852 -0.31334858 -0.31722811 -0.30719298 -0.31492147]",-0.373175442218781,-0.317228110000002,"[-0.17805904 -0.16498953 -0.11589068 -0.11205328 -0.11198354]","[-0.12078609 -0.11859418 -0.08183003 -0.08125245 -0.06760052]",-0.178059041500092,-0.120786090000024,"[-0.33423385 -0.33397833 -0.33352306 -0.33347347 -0.33318281]","[-0.2805282  -0.27988067 -0.28020551 -0.27889297 -0.27884843]",-0.334233850240707,-0.280528199999992,0.634812629999999,"[0.61662263 0.61672384 0.6175074  0.61777395 0.61795408]","[0.63553167 0.63481263 0.63538579 0.63558586 0.63745899]",0.616622626781464,3,"16020_1,0,0_0.25_True",0.789525734587232,1
"dcgat-agm003632944","(1, 1, 2)",0.243859351940607,"Ag-0.5-Cu-0.25-Pd-0.25","True","[0.29929739 0.30972534 0.31443888 0.31865245 0.32117456]","[0.32907153 0.33057663 0.32758019 0.3302717  0.32395339]",0.299297392368317,0.323953389999986,"[-1.23504579 -1.2333498  -1.22887015 -1.22741497 -1.2271291 ]","[-1.24500328 -1.24233215 -1.24664046 -1.24381303 -1.24661504]",-1.2350457906723,-1.24664045999998,"[-0.49119499 -0.48634529 -0.48461393 -0.46937427 -0.46293163]","[-0.47301452 -0.47187971 -0.47287263 -0.4455289  -0.44551853]",-0.491194993257523,-0.473014519999992,"[-0.31908458 -0.31442767 -0.29783106 -0.28236225 -0.26795313]","[-0.28046743 -0.27841591 -0.27516395 -0.28899319 -0.26047822]",-0.319084584712982,-0.288993190000014,"[-0.29433024 -0.29346472 -0.29307458 -0.29304051 -0.2930063 ]","[-0.27965888 -0.27925454 -0.28035182 -0.27984069 -0.27872027]",-0.29433023929596,-0.280351819999993,0.397969410000002,"[0.37692136 0.37826246 0.38033897 0.38094634 0.38255781]","[0.40077171 0.39796941 0.39869624 0.39812614 0.39888029]",0.376921355724335,3,"18521_1,1,2_0.244_True",0.77691084630385,0.814820734201694
"dcgat-agm003596593","(0, 0, 1)",0.25,"Ag-0.111-Cu-0.444-Pd-0.444","True","[-0.7064653  -0.70474386 -0.70127165 -0.70102572 -0.70063967]","[-0.8140571  -0.81465247 -0.81256717 -0.8138409  -0.8154843 ]",-0.706465303897858,-0.815484300000009,"[-1.46578753 -1.46498322 -1.4627347  -1.46263027 -1.46168494]","[-1.4366968  -1.43519915 -1.43420496 -1.4344561  -1.4330964 ]",-1.46578752994537,-1.43669680000002,"[-0.87781721 -0.87760568 -0.87321228 -0.8714546  -0.8709445 ]","[-0.89084283 -0.89143661 -0.89182148 -0.89090015 -0.89122339]",-0.877817213535309,-0.891821480000004,"[-0.84344274 -0.83938634 -0.8384375  -0.83836222 -0.83598417]","[-0.85346331 -0.85493424 -0.85660216 -0.85548935 -0.8535854 ]",-0.843442738056183,-0.856602159999994,"[-0.26224169 -0.26158619 -0.26101601 -0.26089305 -0.26066282]","[-0.2771482  -0.2798712  -0.27719386 -0.27853316 -0.27883843]",-0.262241691350937,-0.279871200000002,0.0776513700000123,"[0.06742018 0.06815082 0.06854105 0.06855249 0.06860077]","[0.07814703 0.0778287  0.07990064 0.07765137 0.07807887]",0.0674201846122741,3,"26442_0,0,1_0.25_True",1.20634647288396,0.0443311307155321
"dcgat-agm003290557","(2, 2, 1)",0.0962019974300816,"Cu-0.625-Pd-0.375","True","[0.11845964 0.12481683 0.13044357 0.13205552 0.13268   ]","[0.18449952 0.18355267 0.18368613 0.18490899 0.18448429]",0.118459641933441,0.183552669999983,"[-1.26151192 -1.2609427  -1.25798428 -1.25779915 -1.25740409]","[-1.26537961 -1.26795193 -1.26842225 -1.26875361 -1.26948543]",-1.26151192188263,-1.26948543000003,"[-0.48519826 -0.48454913 -0.48100156 -0.47991329 -0.47985747]","[-0.46713765 -0.46893711 -0.46815665 -0.46935751 -0.45958872]",-0.485198259353638,-0.469357509999952,"[-0.4671753  -0.39994729 -0.39854369 -0.39790905 -0.39662951]","[-0.4198569  -0.3601367  -0.36096124 -0.33514927 -0.36007394]",-0.467175304889679,-0.419856900000013,"[-0.30214334 -0.29790193 -0.29771951 -0.29756662 -0.29751763]","[-0.27553724 -0.27621211 -0.25816813 -0.25707681 -0.25812865]",-0.302143335342407,-0.276212110000017,0.217496740000001,"[0.19955057 0.20036834 0.20119321 0.20122421 0.20126981]","[0.21749674 0.22017142 0.21768567 0.21793447 0.21835169]",0.199550569057465,2,"24731_2,2,1_0.096_True",1.08026324314297,0.906829785151409
"mp-718","(2, 1, 0)",0.083,"Pd-0.75-Sn-0.25","True","[0.17948705 0.18052715 0.18146157 0.18239498 0.18264848]","[0.41030505 0.4108837  0.41038331 0.41497613 0.41157017]",0.17948704957962,0.410305050000034,"[-1.34182715 -1.34179831 -1.34179449 -1.33941066 -1.33940005]","[-1.3268994  -1.32529828 -1.32778857 -1.32466276 -1.32703263]",-1.34182715415955,-1.32778857,"[-0.55690914 -0.55541193 -0.54387426 -0.54290348 -0.54075682]","[-0.48508446 -0.48459092 -0.4875567  -0.48755721 -0.48580627]",-0.556909143924713,-0.487557210000006,"[-0.54018009 -0.53713453 -0.50750393 -0.49234396 -0.48653597]","[-0.45891902 -0.4706099  -0.4177499  -0.42451921 -0.42928277]",-0.540180087089539,-0.470609899999971,"[-0.32966152 -0.32766783 -0.32746938 -0.3273308  -0.32691571]","[-0.27427156 -0.27379613 -0.27387221 -0.27352872 -0.27367664]",-0.329661518335342,-0.274271559999988,0.332472670000016,"[0.30528241 0.31060702 0.31104571 0.31116015 0.31141037]","[0.33247267 0.33423022 0.33530969 0.33288264 0.33258628]",0.305282413959503,2,"248_2,1,0_0.083_True",1.2405919353276,0
"oqmd-328322","(3, 0, -2)",0.0555555555555553,"Hg-0.5-Pd-0.5","True","[-0.74038982 -0.68690002 -0.66603035 -0.66521895 -0.65685123]","[0.22562647 0.24370782 0.23198813 0.25082691 0.23262179]",-0.740389823913574,0.225626470000009,"[-2.07046771 -2.02773595 -2.02196193 -2.0065093  -1.98739338]","[-1.26394896 -1.26364759 -0.91449975 -1.26610456 -1.2571187 ]",-2.070467710495,-1.26610456000003,"[-1.57662213 -1.50079882 -1.47385561 -1.46736526 -1.46507549]","[-0.47705991 -0.55861987 -0.47287604 -0.56467454 -0.48080866]",-1.57662212848663,-0.564674539999999,"[-1.24426019 -1.06573904 -1.0561769  -1.00595438 -0.98694748]","[ 0.47139305 -0.1812171  -0.18447598 -0.18168201 -0.17425501]",-1.24426019191742,-0.184475980000002,"[-1.20658159 -1.13389099 -1.12611246 -1.12227893 -1.1054368 ]","[-0.26574441 -0.26554533 -0.26985558 -0.27348108 -0.26629407]",-1.20658159255981,-0.273481080000011,0.844467140000006,"[-0.29198021 -0.15718621 -0.05308652 -0.04127985 -0.01433557]","[0.84446714 0.84913707 1.03903492 0.94394813 1.04058835]",-0.2919802069664,2,"11694_3,0,-2_0.056_True",0.47254055480767,1
"dcgat-agm001129664","(1, 0, 2)",0.166666666666667,"Ag-0.25-Cu-0.5-Pd-0.25","True","[0.43864793 0.43906456 0.43944937 0.43959695 0.44090909]","[0.47439008 0.473886   0.47446381 0.47633268 0.47528046]",0.438647925853729,0.473885999999993,"[-1.19387102 -1.19221234 -1.18982291 -1.18939626 -1.18885612]","[-1.17792721 -1.18227543 -1.17795833 -1.18176067 -1.18280352]",-1.19387102127075,-1.18280351999999,"[-0.39145795 -0.39017102 -0.38572446 -0.38365084 -0.38088384]","[-0.34737652 -0.34385215 -0.34124774 -0.34495778 -0.3294694 ]",-0.391457945108414,-0.34737652000004,"[-0.27335531 -0.26149511 -0.26076603 -0.26024592 -0.23284048]","[-0.22809864 -0.22079195 -0.21771333 -0.21327209 -0.20245864]",-0.273355305194855,-0.228098639999985,"[-0.30404529 -0.30380103 -0.30366787 -0.30258015 -0.30190435]","[-0.26270432 -0.26809354 -0.26756448 -0.26585398 -0.26689945]",-0.304045289754868,-0.268093539999995,0.238035879999984,"[0.31524152 0.31536406 0.31544036 0.31579429 0.31605023]","[0.24269009 0.23803588 0.23945057 0.23932205 0.23957868]",0.315241515636444,3,"17387_1,0,2_0.167_True",0.965335459748962,0.532623933045522
"dcgat-agm003489345","(2, 1, 0)",0.0595440723823765,"Ag-0.111-Au-0.222-Zn-0.667","True","[0.54443961 0.55047196 0.55268854 0.57308978 0.58292514]","[0.22747205 0.21114754 0.21488389 0.24165746 0.21857839]",0.544439613819122,0.211147540000013,"[-0.59305906 -0.56253076 -0.53181005 -0.51651782 -0.48497209]","[-0.38461138 -0.37888187 -0.45404537 -0.38992406 -0.49509193]",-0.593059062957764,-0.495091930000001,"[-1.82532406 -0.70412511 -0.67541558 -0.61528993 -0.61255848]","[ 1.19361355 -0.62920685 -0.63383499 -0.63835517 -0.64151845]",-1.82532405853271,-0.641518450000007,"[-0.67480457 -0.64492244 -0.62178433 -0.57894319 -0.57377768]","[-0.53110663 -0.4821766  -0.52214384 -0.59550075 -0.52485062]",-0.67480456829071,-0.595500749999985,"[-0.28377935 -0.23887801 -0.162817   -0.14179182 -0.13951522]","[-0.23367525 -0.20171382 -0.21374024 -0.20151657 -0.26584261]",-0.283779352903366,-0.265842609999993,-0.637627350000003,"[-0.68499404 -0.67007756 -0.64184994 -0.62309116 -0.58188224]","[-0.63762735 -0.58551238 -0.60843913 -0.51105312 -0.44214972]",-0.684994041919708,3,"28761_2,1,0_0.06_True",0.795937336966555,0.20346276815046
"mp-101","(1, 1, 1)",0.167,"Ir-1.0","True","[-1.10984683 -1.10840368 -1.10772932 -1.10711384 -1.10609698]","[-0.98676674 -0.98654706 -0.98714722 -0.98615867 -0.98621455]",-1.10984683036804,-0.98714722000004,"[-1.8005178  -1.80034351 -1.80030012 -1.80022526 -1.79996443]","[-1.68655648 -1.68759193 -1.6875068  -1.68712911 -1.68496232]",-1.80051779747009,-1.68759193000003,"[-1.00013137 -0.99646103 -0.9962492  -0.99512315 -0.99258745]","[-0.90628592 -0.89476911 -0.90894941 -0.90841582 -0.90573428]",-1.00013136863709,-0.908949410000005,"[-1.76606321 -1.72002125 -1.71964228 -1.71909451 -1.71746397]","[-1.70590473 -1.62626058 -1.62808064 -1.65486877 -1.65761778]",-1.76606321334839,-1.70590473000003,"[-0.37524378 -0.37511006 -0.37506095 -0.37467217 -0.37453285]","[-0.25879936 -0.25967044 -0.26051701 -0.26026448 -0.26027497]",-0.375243782997131,-0.260517010000032,0.660497510000027,"[0.62002522 0.62194306 0.62300283 0.62303561 0.62347072]","[0.66049751 0.66319123 0.66067849 0.6630592  0.66380828]",0.620025217533112,1,"7_1,1,1_0.167_True",2.09324292804491,0.838529353611391
"mp-580357","(1, 1, 1)",0.167,"Cu-0.75-Pd-0.25","True","[0.56816465 0.6472581  0.65642709 0.66069287 0.66204578]","[0.64668261 0.53101093 0.53108589 0.53012933 0.5411351 ]",0.568164646625519,0.53012932999998,"[-0.98445576 -0.98264015 -0.98181713 -0.97993195 -0.97901446]","[-1.04400589 -1.04339481 -1.0432296  -1.04206861 -1.0436269 ]",-0.984455764293671,-1.04400589000003,"[-0.26164183 -0.26164135 -0.26142079 -0.26052922 -0.26037878]","[-0.29642892 -0.29503834 -0.30239384 -0.29345773 -0.2935178 ]",-0.261641830205917,-0.30239384000005,"[-0.14121783 -0.03515202 -0.02724153 -0.02659643 -0.02562451]","[-0.20357626 -0.11822595 -0.14456359 -0.11579243 -0.11427634]",-0.141217827796936,-0.20357626000002,"[-0.19258857 -0.19210672 -0.19201696 -0.19194043 -0.19193482]","[-0.25736597 -0.25721148 -0.25804039 -0.25761173 -0.25537979]",-0.192588567733765,-0.25804039000005,0.157023330000015,"[0.12469268 0.12586039 0.12714165 0.12737387 0.12752438]","[0.15895895 0.15702333 0.15707327 0.15724732 0.15736152]",0.124692678451538,2,"334_1,1,1_0.167_True",1.0720839150855,1
"mp-1120774","(3, 2, 3)",0.192801126666667,"Cu-1.0","True","[-0.90164435 -0.51833576  0.29999083  0.39918441  0.40066773]","[3.29571364 3.34672339 0.7973573  0.83249835 0.81083446]",-0.901644349098206,0.797357299999987,"[-0.95486844 -0.95484167 -0.95244074 -0.95111406 -0.95070267]","[-0.85218886 -0.85286704 -0.85136881 -0.84747749 -0.85068663]",-0.95486843585968,-0.852867040000035,"[-0.46541527 -0.38676786 -0.37650239 -0.37394759 -0.36495095]","[-0.46540569 -0.32651322 -0.33300608 -0.30800571 -0.29577891]",-0.465415269136429,-0.465405690000011,"[-0.6441406  -0.6193276  -0.61081892 -0.54643118 -0.53759122]","[-0.68164846 -0.6702228  -0.64263899 -0.53201336 -0.52518976]",-0.644140601158142,-0.681648460000019,"[-0.26536268 -0.2610555  -0.26060417 -0.25991312 -0.25927907]","[-0.2561878  -0.25428681 -0.25596716 -0.25576301 -0.25620761]",-0.265362679958344,-0.256207610000047,-0.465844179999976,"[-0.4644717  -0.4636009  -0.45345369 -0.45144868 -0.45063335]","[-0.46584418 -0.46509857 -0.46178833 -0.4635846  -0.46334198]",-0.464471697807312,1,"76_3,2,3_0.193_True",0.703012065746622,0
"dcgat-agm003734812","(0, 1, 0)",0.125,"Au-0.167-Cd-0.167-Pd-0.667","False","[-0.76917332 -0.75718385 -0.75621641 -0.75561702 -0.7553913 ]","[-0.88103204 -0.87849733 -0.87787567 -0.88009222 -0.8782785 ]",-0.769173324108124,-0.881032040000036,"[-1.28924608 -1.28899014 -1.28687668 -1.28685963 -1.28465307]","[-1.22708725 -1.22474806 -1.22620851 -1.22565984 -1.22341544]",-1.28924608230591,-1.22708725000001,"[-0.82955074 -0.82880646 -0.82749993 -0.82741231 -0.82717741]","[-0.7926389  -0.79551045 -0.7944415  -0.79529649 -0.79548911]",-0.829550743103027,-0.795510449999995,"[-0.38166711 -0.37885901 -0.3699927  -0.36117539 -0.3556537 ]","[-0.36450655 -0.36646643 -0.37168128 -0.36053851 -0.3719788 ]",-0.381667107343674,-0.371978800000022,"[-0.28022125 -0.27975446 -0.27775192 -0.27718535 -0.27653855]","[-0.24634599 -0.25375136 -0.25177687 -0.2533789  -0.24816605]",-0.280221253633499,-0.253751360000024,0.463645500000041,"[0.4829796  0.48380536 0.48399562 0.48409694 0.48598713]","[0.47263741 0.4647022  0.4636455  0.46458165 0.47020105]",0.482979595661163,3,"25937_0,1,0_0.125_False",1.10546044606135,0.902655042566968
"dcgat-agm003306373","(1, 1, 2)",0.329797860714355,"Ag-0.429-Au-0.286-Pd-0.286","True","[0.57335132 0.57734734 0.58139867 0.58229429 0.58489579]","[0.67853152 0.67713375 0.68313954 0.6754282  0.67925646]",0.573351323604584,0.675428199999999,"[-1.26777852 -1.26670992 -1.26624799 -1.26477075 -1.26357925]","[-1.22325936 -1.22166897 -1.22397814 -1.22383717 -1.22229182]",-1.26777851581573,-1.22397813999999,"[-0.47899574 -0.47884285 -0.47698617 -0.47671893 -0.47441483]","[-0.47779094 -0.4773879  -0.48003207 -0.47929363 -0.47929523]",-0.478995740413666,-0.480032069999993,"[-0.21279073 -0.20975286 -0.20829016 -0.20745391 -0.19983482]","[-0.15567851 -0.15576981 -0.15708186 -0.15990286 -0.14160466]",-0.212790727615356,-0.159902859999988,"[-0.24808985 -0.2477966  -0.24736935 -0.24711359 -0.24590164]","[-0.25226406 -0.25068142 -0.25168564 -0.24962058 -0.25204071]",-0.248089849948883,-0.252264059999987,0.943958970000011,"[0.8951394  0.896846   0.89872462 0.89914566 0.90013188]","[0.94395897 0.9448007  0.94571282 0.94667537 0.94816617]",0.895139396190643,3,"17932_1,1,2_0.33_True",0.690805766618211,0.468577120889092
"dcgat-agm003294504","(1, 1, -2)",0.329015180197457,"Cu-0.667-Pd-0.333","True","[0.47019869 0.47353345 0.47914058 0.47915822 0.48022968]","[0.58822017 0.58914417 0.58855628 0.58949326 0.58924165]",0.470198690891266,0.58822017,"[-1.17275083 -1.16679907 -1.16658151 -1.16643751 -1.1663096 ]","[-1.15770917 -1.16063768 -1.15980805 -1.16030691 -1.15991388]",-1.17275083065033,-1.16063767999998,"[-0.42608365 -0.42137441 -0.42127138 -0.42070389 -0.42055482]","[-0.39161387 -0.39124086 -0.38565447 -0.39185871 -0.39170283]",-0.426083654165268,-0.391858709999951,"[-0.3077009  -0.25746217 -0.2572602  -0.25679031 -0.25551274]","[-0.32350443 -0.19251767 -0.2000356  -0.18345937 -0.19972568]",-0.307700902223587,-0.323504430000014,"[-0.26938373 -0.26931351 -0.26926881 -0.26889533 -0.2687808 ]","[-0.24935795 -0.25073444 -0.25027934 -0.25053213 -0.25098774]",-0.269383728504181,-0.250987740000028,0.261923740000043,"[0.25562316 0.25589436 0.25629085 0.25636798 0.25670856]","[0.26397132 0.26244803 0.26201868 0.26192374 0.26215459]",0.255623161792755,2,"19235_1,1,-2_0.329_True",1.07184267765127,0.589942456372963
"dcgat-agm002179612","(0, 1, 0)",0.25,"Pd-0.7-Sn-0.3","True","[-0.36668912 -0.3640393  -0.35954157 -0.35952786 -0.35613486]","[-0.28380331 -0.28957241 -0.29188778 -0.29072927 -0.2893293 ]",-0.366689115762711,-0.291887780000025,"[-1.16085005 -1.16009736 -1.15747368 -1.15615666 -1.15466607]","[-1.09724473 -1.09657329 -1.09447271 -1.09701059 -1.09600447]",-1.16085004806519,-1.09724473,"[-0.51143688 -0.49633056 -0.47001836 -0.39428127 -0.39256838]","[-0.47101159 -0.47240867 -0.45728214 -0.35054427 -0.3535968 ]",-0.511436879634857,-0.472408669999993,"[-0.9147377  -0.9114567  -0.9094426  -0.90658188 -0.89203399]","[-0.89356398 -0.89233197 -0.90179512 -0.90096133 -0.85881769]",-0.914737701416016,-0.901795120000031,"[-0.2499463  -0.248999   -0.24846375 -0.24815965 -0.24696189]","[-0.24676282 -0.24778386 -0.24382042 -0.24483697 -0.24158177]",-0.249946296215057,-0.247783860000027,0.344067880000011,"[0.32957441 0.33870357 0.34235591 0.3437584  0.34432083]","[0.35249463 0.34682433 0.34406788 0.37526504 0.3781197 ]",0.329574406147003,2,"21192_0,1,0_0.25_True",1.00312063413139,0.2163671573095
"dcgat-agm003374359","(0, 1, 0)",0.25,"Au-0.417-In-0.167-Pd-0.417","True","[-0.54038572 -0.53095198 -0.52478611 -0.52439487 -0.52299201]","[-0.31385077 -0.32481976 -0.32724891 -0.32528253 -0.32450691]",-0.540385723114014,-0.327248910000009,"[-1.46035469 -1.45464969 -1.4544909  -1.45427203 -1.45206785]","[-1.33841707 -1.33753312 -1.33817288 -1.33532628 -1.33934176]",-1.46035468578339,-1.33934176,"[-0.70045537 -0.6925295  -0.65847147 -0.65151763 -0.6057322 ]","[-0.5920585  -0.60943686 -0.54557241 -0.55356851 -0.52049513]",-0.700455367565155,-0.609436860000017,"[-1.1765157  -1.11442637 -1.11000538 -1.09244704 -1.09157932]","[-0.98158196 -0.93319027 -0.92790067 -0.9282132  -0.93025153]",-1.17651569843292,-0.98158196,"[-0.30019021 -0.29980993 -0.29940608 -0.29823154 -0.29787424]","[-0.24375273 -0.24358817 -0.24530462 -0.24656935 -0.24609332]",-0.300190210342407,-0.246569350000016,0.407642629999998,"[0.37184697 0.37288815 0.37352139 0.3744027  0.37491494]","[0.41067883 0.40764263 0.41973615 0.41661737 0.40927187]",0.371846973896027,3,"32850_0,1,0_0.25_True",0.948253758394449,0.0238536304754501
"dcgat-agm003291166","(1, 1, -2)",0.160257074148171,"Cu-0.7-Pd-0.3","True","[0.27515107 0.44838649 0.45217115 0.4523173  0.45693427]","[0.42312346 0.52116741 0.52178651 0.52001983 0.51984613]",0.275151073932648,0.423123459999999,"[-1.17019105 -1.16854584 -1.16710377 -1.16693616 -1.16692209]","[-1.16187188 -1.16140587 -1.16164932 -1.16262311 -1.16322295]",-1.17019104957581,-1.16322294999998,"[-0.40062106 -0.39841157 -0.39823842 -0.39686912 -0.39671013]","[-0.36239549 -0.35431611 -0.36055902 -0.36351355 -0.35499334]",-0.400621056556702,-0.363513549999993,"[-0.23763913 -0.23741353 -0.22435522 -0.22187799 -0.21853048]","[-0.20178414 -0.20224192 -0.19806591 -0.23733282 -0.2391698 ]",-0.237639129161835,-0.239169800000013,"[-0.24544722 -0.2438935  -0.24359661 -0.24313289 -0.24207622]","[-0.24448416 -0.24500966 -0.24548287 -0.24495312 -0.24446602]",-0.245447218418121,-0.245482869999989,0.187442200000021,"[0.20487106 0.20600748 0.20631844 0.20794165 0.20865452]","[0.18809993 0.1874422  0.18836276 0.18973014 0.18960138]",0.20487105846405,2,"21584_1,1,-2_0.16_True",1.08495727387532,0.363390289425116
"dcgat-agm003290207","(2, -1, 2)",0.0312901865644383,"Pd-0.571-Zn-0.429","True","[0.27821285 0.28018385 0.28387839 0.28563184 0.29307681]","[0.33037203 0.33131837 0.3370312  0.33370251 0.33714952]",0.27821284532547,0.330372030000035,"[-1.52319264 -1.51921988 -1.51908946 -1.51872873 -1.51813161]","[-1.4362058  -1.43890157 -1.43616038 -1.43759498 -1.43805351]",-1.52319264411926,-1.43890156999998,"[-1.5371058  -1.33998251 -0.75530291 -0.75265408 -0.74997014]","[ 1.5574822   1.52619472 -0.6541971  -0.65802291 -0.65644371]",-1.53710579872131,-0.65802291,"[-0.60756755 -0.60524762 -0.59357387 -0.57316577 -0.55366838]","[-0.49868021 -0.4974677  -0.4952114  -0.47824152 -0.46889782]",-0.607567548751831,-0.498680209999975,"[-0.29031271 -0.28993091 -0.28963917 -0.28962386 -0.28933388]","[-0.23901151 -0.24006266 -0.24156903 -0.23595289 -0.24181979]",-0.290312707424164,-0.241819789999909,0.202044880000017,"[0.17312336 0.17743909 0.17821968 0.18133676 0.182809  ]","[0.2041644  0.20204488 0.21282552 0.20228417 0.21388108]",0.173123359680176,2,"22985_2,-1,2_0.031_True",1.06731878758027,0.994872134697239
"dcgat-agm003289945","(2, 1, 2)",0.0765326632779951,"Cu-0.571-Zn-0.429","True","[0.38532203 0.39211673 0.392443   0.39247972 0.39460462]","[0.52263214 0.52694927 0.52496395 0.52553463 0.5246378 ]",0.385322034358978,0.522632139999985,"[-0.86807895 -0.86760569 -0.86689782 -0.86689132 -0.86657906]","[-0.72364578 -0.72398165 -0.72655793 -0.72892293 -0.72710848]",-0.868078947067261,-0.728922930000067,"[-0.36836982 -0.3532066  -0.34938833 -0.33967534 -0.33808109]","[-0.32096566 -0.3022911  -0.29970571 -0.29994399 -0.28905993]",-0.368369817733765,-0.320965660000013,"[-0.50818455 -0.50625396 -0.48047328 -0.47989714 -0.47979087]","[-0.42842804 -0.42804274 -0.42425208 -0.42288471 -0.41661553]",-0.508184552192688,-0.428428040000028,"[-0.26172835 -0.25999168 -0.25596666 -0.25595322 -0.25523376]","[-0.23252423 -0.2337839  -0.23093289 -0.23084767 -0.23201789]",-0.261728346347809,-0.233783900000049,-0.374149409999973,"[-0.38780442 -0.38721102 -0.38671693 -0.38668355 -0.38603532]","[-0.36085083 -0.36487644 -0.37414941 -0.3735513  -0.36457445]",-0.387804418802261,2,"29538_2,1,2_0.077_True",1.0988902735691,1
"oqmd-347713","(1, 1, 1)",0.167,"Cu-0.75-Zn-0.25","True","[0.58871788 0.59833437 0.60366982 0.60442966 0.6048519 ]","[0.65357961 0.65235469 0.65204892 0.65180945 0.65176575]",0.588717877864838,0.651765749999996,"[-0.57901019 -0.57756436 -0.57449734 -0.57434851 -0.57427257]","[-0.53855712 -0.53845025 -0.53823185 -0.53809958 -0.53742318]",-0.579010188579559,-0.538557119999988,"[0.15968108 0.16081154 0.16094702 0.16222328 0.16273725]","[0.12955851 0.13180769 0.14413044 0.13798072 0.12319134]",0.159681081771851,0.123191339999991,"[0.13099009 0.13655114 0.13672948 0.13711339 0.14694214]","[0.08861031 0.18169319 0.09523389 0.1062042  0.1517537 ]",0.130990087985992,0.0886103099999928,"[-0.19885707 -0.19785309 -0.19758582 -0.19663799 -0.19573867]","[-0.23197788 -0.23237663 -0.23162751 -0.23227688 -0.23176591]",-0.198857069015503,-0.232376630000007,0.167986930000041,"[0.13838321 0.13850874 0.13905644 0.13923681 0.13933051]","[0.16940383 0.17020954 0.16957123 0.16923337 0.16798693]",0.138383209705353,2,"13476_1,1,1_0.167_True",0.98496765118238,1
"dcgat-agm003193331","(1, 0, 2)",0.125,"Au-0.8-Tl-0.2","True","[0.86014217 0.91358453 0.92741519 0.95055264 0.96208709]","[1.42508495 1.55759446 1.57734124 1.42982468 1.45624976]",0.860142171382904,1.42508494999998,"[-0.90744692 -0.89784002 -0.89634109 -0.88516909 -0.8296541 ]","[-0.28482159 -0.23938142 -0.29418529 -0.29608536 -0.29090388]",-0.907446920871735,-0.296085360000006,"[-3.04540253 -2.02563453 -1.818537   -1.71684134 -0.92678583]","[ 1.61008902  1.6575202   1.51334496  1.69445893 -0.17111061]",-3.04540252685547,-0.171110609999971,"[-2.09031987 -0.42394501 -0.4216502  -0.4168874  -0.33210599]","[2.21711166 0.17615186 0.32154283 0.37681807 0.3718762 ]",-2.09031987190247,0.176151860000005,"[-0.65405917 -0.61279899 -0.48806822 -0.45462841 -0.42523584]","[-0.22978062 -0.04892836 -0.0478321  -0.03581398 -0.03547338]",-0.654059171676636,-0.229780620000042,0.320191960000045,"[-0.23680013 -0.04023689  0.03505284  0.16882014  0.17795664]","[0.32019196 0.56846008 0.47066713 0.76877669 0.76885427]",-0.236800134181976,2,"16824_1,0,2_0.125_True",0.438800988908803,1
"dcgat-agm003288323","(1, 1, 0)",0.5,"Pd-0.714-Sn-0.286","True","[0.76354891 0.76915377 0.77066952 0.77547437 0.77567559]","[0.71605782 0.71403376 0.71509529 0.71368199 0.71368197]",0.763548910617828,0.713681970000039,"[-1.03069913 -1.02944803 -1.02589869 -1.02562213 -1.02470493]","[-0.94452079 -0.9349455  -0.94973885 -0.93162303 -0.95332323]",-1.03069913387299,-0.953323230000024,"[-1.2074995  -0.43357587 -0.43111014 -0.430637   -0.42906186]","[ 1.55065266 -0.34500303 -0.34834235 -0.34559654 -0.34117788]",-1.20749950408936,-0.348342350000053,"[0.07480878 0.08183318 0.08625585 0.08779079 0.08911359]","[0.13928637 0.15838482 0.16887806 0.16423091 0.16102229]",0.0748087763786315,0.139286369999923,"[-0.25166982 -0.25078809 -0.24951977 -0.24919605 -0.2486282 ]","[-0.22853857 -0.22741921 -0.22310516 -0.2193597  -0.21818499]",-0.251669824123383,-0.228538569999955,0.372951969999917,"[0.26172608 0.26696056 0.26921397 0.26959747 0.26961356]","[0.3861532  0.3752074  0.37420652 0.37295197 0.38603812]",0.261726081371307,2,"25533_1,1,0_0.5_True",0.808513565180342,0.774188237970711
"oqmd-463324","(2, 1, 0)",0.042,"Cu-0.25-Pd-0.5-Sb-0.25","False","[0.54284602 0.5544197  0.56679434 0.56759697 0.56936985]","[0.58375665 0.59261576 0.61113694 0.57682006 0.60314275]",0.542846024036408,0.576820059999989,"[-0.8969062  -0.89610106 -0.89566576 -0.89531487 -0.89505637]","[-0.8114788  -0.7988992  -0.80947595 -0.80947713 -0.81464002]",-0.896906197071075,-0.814640020000013,"[-0.18868142 -0.18627423 -0.17908686 -0.17862386 -0.17080134]","[-0.15420518 -0.16255187 -0.15690553 -0.16294237 -0.1603521 ]",-0.188681423664093,-0.162942369999996,"[-0.22613347 -0.094482    0.01567632  0.09511822  0.10458118]","[-0.12071054 -0.04271218  0.08207433  0.13873562  0.15304366]",-0.226133465766907,-0.120710540000005,"[-0.50040478 -0.26876485 -0.2674838  -0.26495174 -0.26481128]","[ 2.33052463 -0.22818617 -0.22616646 -0.22372817 -0.2284332 ]",-0.50040477514267,-0.22843320000004,0.376727560000006,"[0.36172479 0.36937934 0.3696484  0.37039429 0.37110454]","[0.38226161 0.38303432 0.37973637 0.38359898 0.37672756]",0.36172479391098,3,"15648_2,1,0_0.042_False",,
"dcgat-agm001828551","(0, 1, 0)",0.25,"Au-0.75-Pd-0.25","True","[0.17102367 0.17191213 0.17246294 0.17253685 0.17350006]","[0.29061914 0.29057838 0.29151171 0.29047484 0.29516834]",0.171023666858673,0.290474839999973,"[-1.3207773  -1.3199451  -1.31916261 -1.31893826 -1.31876457]","[-1.24959377 -1.24581792 -1.24942789 -1.24689252 -1.24598084]",-1.32077729701996,-1.24959376999999,"[-0.56645054 -0.56556511 -0.5647971  -0.56475627 -0.56393695]","[-0.48484457 -0.48425167 -0.48250662 -0.4835117  -0.48348227]",-0.566450536251068,-0.484844569999979,"[-0.51458591 -0.51066941 -0.50789034 -0.50216007 -0.50162804]","[-0.36098857 -0.37049219 -0.37372668 -0.3656151  -0.36927088]",-0.514585912227631,-0.373726680000004,"[-0.3208406  -0.32053179 -0.32038909 -0.32011941 -0.31799698]","[-0.22799527 -0.22689796 -0.22828664 -0.22605403 -0.22794187]",-0.32084059715271,-0.228286639999993,0.991786439999998,"[0.98763365 0.98781532 0.98856848 0.9925943  0.99380571]","[0.99213957 0.99439273 0.99197759 0.9927356  0.99178644]",0.987633645534515,2,"24101_0,1,0_0.25_True",0.651588791216796,1
"dcgat-agm003736450","(1, 0, 0)",0.25,"Au-0.167-In-0.167-Pd-0.667","True","[0.50186068 0.51229495 0.51348966 0.51444656 0.51757544]","[0.48272779 0.48406142 0.48816555 0.48895765 0.48592683]",0.501860678195953,0.482727789999984,"[-1.04530311 -1.04494071 -1.04395783 -1.04240978 -1.04172325]","[-1.08754046 -1.08978164 -1.08683514 -1.0895294  -1.09020737]",-1.04530310630798,-1.09020736999997,"[-0.42344132 -0.42244071 -0.42024997 -0.41819742 -0.41778046]","[-0.45629416 -0.45452937 -0.45434015 -0.45289316 -0.45479772]",-0.42344132065773,-0.45629415999997,"[-0.30875883 -0.30832478 -0.30658492 -0.30474293 -0.2992501 ]","[-0.36583746 -0.36113181 -0.36237949 -0.36602482 -0.35861229]",-0.308758825063705,-0.366024820000007,"[-0.19018447 -0.18871242 -0.18846643 -0.18832844 -0.18799019]","[-0.22593008 -0.22688429 -0.22597297 -0.22705286 -0.22664952]",-0.190184473991394,-0.227052859999986,0.808529459999988,"[0.79136175 0.79304308 0.79365617 0.7938984  0.79480046]","[0.80924144 0.80852946 0.81534507 0.80932623 0.80947981]",0.791361749172211,3,"24361_1,0,0_0.25_True",0.855434587071059,0.219317213415439
"dcgat-agm003294527","(1, 1, -2)",0,"Au-0.667-Pd-0.333","True","[0.24914688 0.25271815 0.25660878 0.25752443 0.25752777]","[0.35646048 0.35148361 0.34763876 0.35282467 0.35052116]",0.24914687871933,0.347638759999995,"[-1.26207852 -1.26147211 -1.26080775 -1.25978148 -1.25925112]","[-1.23380702 -1.23508515 -1.23271478 -1.23392956 -1.23095968]",-1.26207852363586,-1.23508515,"[-0.51392365 -0.5136568  -0.51348448 -0.51161009 -0.5112012 ]","[-0.50190003 -0.5031319  -0.50362196 -0.5017643  -0.49987895]",-0.513923645019531,-0.503621960000032,"[-0.43211269 -0.43111593 -0.43009752 -0.42598739 -0.42197895]","[-0.34953637 -0.33078174 -0.34554487 -0.34470649 -0.32514267]",-0.432112693786621,-0.349536369999981,"[-0.25299841 -0.25169361 -0.25085014 -0.24987203 -0.24865299]","[-0.22576413 -0.2256989  -0.22624169 -0.22488252 -0.22556009]",-0.252998411655426,-0.226241689999995,1.05322396,"[1.04207325 1.04268646 1.0443027  1.04547071 1.04764128]","[1.05622236 1.05322396 1.05397769 1.05511625 1.05340862]",1.04207324981689,2,"17508_1,1,-2_0.0_True",0.721814815052152,0.47276509433032
"dcgat-agm003641229","(1, 1, 0)",0.25,"Au-0.1-Cd-0.4-Pd-0.5","True","[0.86521691 0.86684865 0.87483901 0.87665647 0.87692672]","[0.90260991 0.89890508 0.89914491 0.89875993 0.89644445]",0.865216910839081,0.89644444999999,"[-0.94956416 -0.94623822 -0.94619352 -0.94584924 -0.94505739]","[-0.9196116  -0.91734046 -0.9188486  -0.91564112 -0.91729849]",-0.949564158916473,-0.919611599999968,"[-0.35275319 -0.35120505 -0.35092425 -0.35090607 -0.35055622]","[-0.34271081 -0.34579926 -0.3414263  -0.33956556 -0.33859476]",-0.352753192186356,-0.345799259999978,"[0.08279592 0.08832306 0.0925293  0.09343857 0.10336775]","[0.15801612 0.06188864 0.0547446  0.05182331 0.06154293]",0.0827959179878234,0.0518233099999747,"[-0.25367939 -0.25339836 -0.25320727 -0.25287938 -0.2528376 ]","[-0.22476493 -0.22135797 -0.2231289  -0.22134352 -0.22092209]",-0.253679394721985,-0.224764929999992,0.444127949999995,"[0.46809548 0.46906704 0.47017115 0.47169    0.47172457]","[0.44769946 0.44823943 0.44474003 0.44412795 0.44569984]",0.468095481395721,3,"26878_1,1,0_0.25_True",0.733182932084347,0.956959915922443
"oqmd-1376146","(0, 0, 1)",0.25,"Co-0.111-Pt-0.889","True","[-1.48678541 -1.48620796 -1.48498201 -1.48276854 -1.48005021]","[-1.26683975 -1.26893248 -1.26422053 -1.26835421 -1.26822485]",-1.48678541183472,-1.26893248000002,"[-1.82308745 -1.82011414 -1.81893492 -1.7632575  -1.75513458]","[-1.58202877 -1.58348355 -1.58187647 -1.57922461 -1.5915042 ]",-1.82308745384216,-1.5915042,"[-1.47114444 -1.46724987 -1.45854914 -1.45752335 -1.39403832]","[-1.26589805 -1.27449037 -1.26445186 -1.25520787 -1.14721162]",-1.47114443778992,-1.27449037,"[-2.16432023 -2.16363668 -2.15916204 -2.05513382 -2.0531776 ]","[-1.91990018 -1.92382869 -1.9207706  -1.74009316 -1.74598264]",-2.16432023048401,-1.92382869000002,"[-0.45887184 -0.45856175 -0.45739007 -0.45660535 -0.45657182]","[-0.22220271 -0.22091325 -0.22278532 -0.22382057 -0.22433014]",-0.458871841430664,-0.224330140000006,-0.0118107099999917,"[-0.04889482 -0.04855233 -0.04800314 -0.04692447 -0.04497224]","[-0.01102259 -0.01119602 -0.01106696 -0.01181071 -0.01079835]",-0.0488948225975036,2,"14276_0,0,1_0.25_True",1.65754312512807,0.123173085954698
"oqmd-1125107","(1, 1, 0)",0.125,"Ag-0.25-Au-0.5-Pd-0.25","True","[0.58182031 0.58777815 0.5901776  0.59138113 0.5919798 ]","[0.51017742 0.5089727  0.51220647 0.51339179 0.50841311]",0.58182030916214,0.508413110000021,"[-1.083395   -1.0830338  -1.08087671 -1.0806396  -1.08028591]","[-1.19036948 -1.18417807 -1.18911586 -1.18026027 -1.18952966]",-1.08339500427246,-1.19036947999999,"[-0.44422778 -0.44371584 -0.4437032  -0.44220909 -0.44185254]","[-0.62085121 -0.61820109 -0.61804923 -0.62010062 -0.62100998]",-0.444227784872055,-0.621009979999997,"[-0.00426835  0.00123209  0.00689864  0.00873363  0.0092454 ]","[-0.2065245  -0.14408972 -0.13591805 -0.12367574 -0.14078402]",-0.0042683482170104,-0.206524499999972,"[-0.06004304 -0.05986828 -0.05947113 -0.05890977 -0.05870056]","[-0.21116091 -0.22115461 -0.22306371 -0.22429397 -0.21994656]",-0.0600430369377136,-0.224293969999991,0.812683020000009,"[0.90547186 0.90600485 0.90600616 0.90663785 0.90784866]","[0.81607297 0.81411397 0.81420443 0.81576903 0.81268302]",0.905471861362457,3,"11781_1,1,0_0.125_True",0.715887567683569,0.966120329743518
"oqmd-758963","(1, 2, 2)",0.038,"Cu-0.5-Zn-0.5","False","[0.5258376  0.53397578 0.53467828 0.5371713  0.54089123]","[0.59725054 0.59944199 0.60060139 0.59672649 0.60016633]",0.525837600231171,0.596726489999995,"[-0.88107359 -0.88004804 -0.87979782 -0.87873155 -0.87767255]","[-0.86080908 -0.85950522 -0.85884083 -0.85874174 -0.85364289]",-0.881073594093323,-0.860809080000005,"[-0.27133134 -0.26636699 -0.26340309 -0.26263687 -0.25839421]","[-0.27252855 -0.27221758 -0.2751929  -0.27036493 -0.27429401]",-0.271331340074539,-0.275192899999993,"[-0.60298806 -0.51315886 -0.51008362 -0.50935555 -0.50759029]","[-0.58154242 -0.51458177 -0.51332282 -0.53857645 -0.53785453]",-0.602988064289093,-0.581542419999963,"[-0.12584579 -0.12271166 -0.1218276  -0.121705   -0.12169802]","[-0.21585658 -0.21568757 -0.2178589  -0.21569794 -0.21578245]",-0.125845789909363,-0.217858899999984,-0.27320653000001,"[-0.33738294 -0.3348645  -0.33463714 -0.33245936 -0.33221146]","[-0.27320653 -0.26678063 -0.26889908 -0.27287385 -0.25915798]",-0.337382942438126,2,"11666_1,2,2_0.038_False",1.1013054347107,0
"mp-30594","(2, 1, 2)",0.0993982519999998,"Cu-0.8-Pd-0.2","True","[0.59358972 0.62601322 0.63362592 0.63708597 0.64412695]","[0.76210216 0.78017866 0.78392748 0.77868518 0.78718761]",0.593589723110199,0.762102159999984,"[-1.02014875 -1.01921093 -1.01862621 -1.01758003 -1.01728988]","[-0.97319136 -0.97432659 -0.97414991 -0.97416414 -0.97267904]",-1.02014875411987,-0.974326590000032,"[-0.35429889 -0.35356623 -0.35344708 -0.35126653 -0.34993866]","[-0.34815462 -0.34629465 -0.34792109 -0.34587254 -0.33901786]",-0.354298889636993,-0.348154620000003,"[-0.19261366 -0.14917058 -0.14138484 -0.10657686 -0.07610244]","[-0.17207576 -0.14910188 -0.15335133 -0.09273038 -0.07250932]",-0.192613661289215,-0.172075760000041,"[-0.22611481 -0.22606283 -0.22588444 -0.22456706 -0.22455633]","[-0.21653017 -0.21752699 -0.21604258 -0.21503059 -0.21687284]",-0.226114809513092,-0.217526990000067,0.0581481200000553,"[0.06403238 0.06443423 0.0654195  0.06546497 0.06558001]","[0.05877623 0.05824684 0.05831539 0.05814812 0.05903149]",0.0640323758125305,2,"309_2,1,2_0.099_True",1.08444150358302,1
"dcgat-agm003596719","(0, 0, 1)",0.25,"Au-0.444-Pd-0.444-Tl-0.111","True","[-0.09154409 -0.08583593 -0.08474308 -0.08252215 -0.08139277]","[-0.01076524 -0.01184125 -0.01338473 -0.01319049 -0.01323937]",-0.0915440917015075,-0.0133847300000127,"[-1.31698751 -1.3166883  -1.31627226 -1.31621635 -1.31616592]","[-1.25398624 -1.25573192 -1.25402547 -1.25553071 -1.25454878]",-1.31698751449585,-1.25573191999999,"[-0.50439769 -0.50048816 -0.49243221 -0.49080107 -0.48967957]","[-0.40012472 -0.39904569 -0.45541132 -0.45333072 -0.44816387]",-0.504397690296173,-0.455411319999996,"[-0.56278872 -0.54812682 -0.54706669 -0.54556483 -0.53818089]","[-0.45000246 -0.45008055 -0.44877523 -0.44782149 -0.43557857]",-0.562788724899292,-0.450080550000024,"[-0.23042333 -0.2303949  -0.22952819 -0.22882062 -0.2288121 ]","[-0.210655   -0.2131174  -0.21223128 -0.21386117 -0.21428458]",-0.230423331260681,-0.214284579999998,0.755751879999991,"[0.74195224 0.74225038 0.74353689 0.74429494 0.74515074]","[0.75929264 0.75677444 0.76176425 0.75794659 0.75575188]",0.741952240467072,3,"16976_0,0,1_0.25_True",0.736423305332821,0.0748561423141673
"dcgat-agm003285916","(2, -1, 0)",0.249512553961873,"Au-0.867-Pd-0.133","True","[0.32679611 0.32773978 0.33233708 0.33591145 0.33834344]","[0.44418304 0.43892211 0.44110333 0.44182032 0.43707247]",0.326796114444733,0.437072469999976,"[-1.22170901 -1.219854   -1.21967852 -1.21914279 -1.21836448]","[-1.13143886 -1.13424506 -1.13397238 -1.13172444 -1.13367478]",-1.22170901298523,-1.13424506000001,"[-0.47537795 -0.47302458 -0.47111502 -0.47020674 -0.46911469]","[-0.42852043 -0.42927036 -0.42737886 -0.42130336 -0.42304607]",-0.475377947092056,-0.429270359999975,"[-0.37292951 -0.37010491 -0.35941848 -0.35714915 -0.34719238]","[-0.30865439 -0.26257472 -0.267752   -0.30168197 -0.29845038]",-0.372929513454437,-0.308654390000015,"[-0.26923814 -0.26596811 -0.26056579 -0.25882584 -0.24081004]","[-0.21300647 -0.21416815 -0.21343398 -0.21383836 -0.18491996]",-0.269238144159317,-0.214168150000035,1.02808511000001,"[0.96601337 0.96993953 0.97106022 0.98061472 0.98498267]","[1.06031744 1.06063868 1.0620171  1.02808511 1.02884156]",0.966013371944428,2,"16834_2,-1,0_0.25_True",0.604773462748959,0.224784328974917
"oqmd-1520682","(1, 0, 0)",0,"Pd-0.667-Tl-0.333","True","[-0.09210622 -0.09068453 -0.08663481 -0.08576512 -0.08550817]","[0.17598234 0.17542943 0.17472907 0.17413289 0.17615422]",-0.0921062231063842,0.174132889999981,"[-1.24285901 -1.23733616 -1.23732948 -1.23537445 -1.23457289]","[-1.1890762  -1.19163812 -1.18847064 -1.19167773 -1.18892701]",-1.24285900592804,-1.19167773000001,"[-0.45537764 -0.45110211 -0.45031488 -0.44623685 -0.4444302 ]","[-0.40059518 -0.414814   -0.39887031 -0.41361823 -0.40216322]",-0.455377638339996,-0.414814000000007,"[-0.50517243 -0.44936422 -0.44468999 -0.44160706 -0.44126242]","[-0.44226461 -0.38298438 -0.38876662 -0.27664346 -0.30544022]",-0.505172431468964,-0.442264610000024,"[-0.26751924 -0.26699513 -0.26687622 -0.26669568 -0.26663697]","[-0.21075809 -0.20994418 -0.20749656 -0.20895489 -0.21127285]",-0.267519235610962,-0.21127285,0.537956559999998,"[0.48393112 0.48433727 0.48508257 0.48582178 0.48592013]","[0.53795656 0.54315932 0.53890459 0.5424742  0.54424878]",0.483931124210358,2,"13767_1,0,0_0.0_True",0.761963327820021,1
"dcgat-agm002496710","(2, 2, 1)",0.05,"Cu-0.6-H-0.2-Pd-0.2","True","[0.66532141 0.721829   0.74860531 0.76514143 0.77591044]","[0.13658271 0.2023585  0.17792408 0.20503137 0.20194779]",0.665321409702301,0.136582710000027,"[-0.27677304 -0.27331865 -0.25587347 -0.25346911 -0.25060201]","[-0.83989338 -0.84075346 -0.84074005 -0.83987271 -0.8382351 ]",-0.276773035526276,-0.84075346000003,"[0.47114247 0.47383326 0.47635847 0.47801656 0.47804993]","[-0.17169795  0.04751837 -0.18673595 -0.18701545  0.0803525 ]",0.471142470836639,-0.18701544999999,"[0.46349484 0.49529845 0.50968486 0.51702386 0.52345055]","[-0.26433825 -0.03339112 -0.00400782  0.0015052  -0.01811347]",0.463494837284088,-0.26433824999998,"[-0.20314676 -0.15497333 -0.15142524 -0.1405614  -0.12767929]","[-0.20732246 -0.20641429 -0.20601176 -0.20520309 -0.20744632]",-0.203146755695343,-0.207446320000031,0.176776410000059,"[0.66284972 0.67581958 0.68762547 0.68828732 0.69414991]","[0.17910485 0.17677641 0.18267723 0.18517779 0.17806258]",0.662849724292755,3,"26942_2,2,1_0.05_True",,
"dcgat-agm003408089","(0, 0, 1)",0.25,"Ag-0.5-Cd-0.167-Pd-0.333","True","[-0.11028636 -0.11003298 -0.10989779 -0.10413092 -0.10213405]","[-0.00244191 -0.00630813 -0.00519892 -0.01189823 -0.00940388]",-0.110286355018616,-0.0118982300000141,"[-1.27483416 -1.27313399 -1.27266908 -1.27225471 -1.27211571]","[-1.29528272 -1.29883481 -1.29376756 -1.29627661 -1.29451513]",-1.27483415603638,-1.29883481000002,"[-0.4851169  -0.48300305 -0.48053017 -0.47954938 -0.47831929]","[-0.46841761 -0.48189047 -0.46523898 -0.47882777 -0.47971882]",-0.485116899013519,-0.481890469999996,"[-0.60322082 -0.57008874 -0.56980753 -0.56502002 -0.5583986 ]","[-0.56826949 -0.53154242 -0.53692564 -0.52860363 -0.54158352]",-0.603220820426941,-0.568269490000006,"[-0.19841218 -0.19838518 -0.19835657 -0.19781739 -0.19707912]","[-0.19243353 -0.20380315 -0.19178517 -0.20738835 -0.19291815]",-0.198412179946899,-0.207388350000002,0.604156310000008,"[0.55623811 0.55959278 0.55982393 0.55997449 0.56062359]","[0.65047521 0.60859792 0.60415631 0.6491682  0.64972085]",0.556238114833832,3,"25812_0,0,1_0.25_True",0.755425727022206,0.0918298487219762
"dcgat-agm003196555","(1, 1, 0)",0.25,"Cd-0.167-Cu-0.833","True","[0.48544699 0.49634904 0.50109917 0.50990468 0.51204509]","[0.35443737 0.35034661 0.36869554 0.35368806 0.35903774]",0.485446989536285,0.350346610000003,"[-0.60217667 -0.60027289 -0.59365726 -0.58798647 -0.58760524]","[-0.69717057 -0.69785847 -0.69836661 -0.69412155 -0.61737239]",-0.602176666259766,-0.698366609999994,"[0.00686055 0.00781238 0.00872117 0.00988603 0.01100707]","[-0.10381105 -0.10549154 -0.09500991 -0.10247881 -0.09989185]",0.0068605542182922,-0.105491540000003,"[0.01445091 0.02359402 0.03090262 0.034621   0.0353924 ]","[-0.12693502 -0.11969071 -0.11385831 -0.10920676 -0.10858256]",0.0144509077072143,-0.126935019999991,"[-0.09916741 -0.09743464 -0.09739965 -0.09724361 -0.09520286]","[-0.2010473  -0.20644542 -0.2056347  -0.19294668 -0.19349359]",-0.0991674065589904,-0.206445419999994,-0.0063152499999716,"[0.1733371  0.17411852 0.1758095  0.17583585 0.17657501]","[ 0.00965759 -0.00336041 -0.00631525 -0.00453811 -0.00586392]",0.17333710193634,2,"17412_1,1,0_0.25_True",0.925390277611152,0.692704895105075
"oqmd-758981","(0, 1, 0)",0,"Cu-0.333-Zn-0.667","True","[0.69629675 0.69716257 0.69829839 0.70204192 0.70376235]","[0.75214674 0.75070351 0.75162737 0.75258889 0.74998128]",0.696296751499176,0.74998128,"[-0.56923461 -0.56887817 -0.56718087 -0.56707394 -0.56705439]","[-0.52917032 -0.53166174 -0.52890277 -0.52630183 -0.5281914 ]",-0.569234609603882,-0.531661740000013,"[0.1927408  0.21449101 0.21482772 0.21693265 0.21976149]","[0.13640249 0.1740177  0.17276034 0.17034549 0.1737631 ]",0.192740797996521,0.136402489999981,"[0.19512248 0.19532204 0.1956048  0.20444751 0.20504338]","[0.12393975 0.1245537  0.11985126 0.15250497 0.14764482]",0.195122480392456,0.119851260000004,"[-0.15546173 -0.15489507 -0.1546796  -0.1533218  -0.15325105]","[-0.19929504 -0.20331823 -0.20598931 -0.20228198 -0.20252818]",-0.155461728572845,-0.205989310000009,0.0366203099999893,"[-0.03871834 -0.03519058 -0.03506571 -0.03461272 -0.03258109]","[0.03873165 0.03662031 0.03902376 0.03712985 0.03815982]",-0.0387183427810668,2,"16086_0,1,0_0.0_True",0.701646115807332,1
"dcgat-agm003318562","(1, 0, 1)",0.125,"Ag-0.182-Cu-0.182-Zn-0.636","True","[0.67811638 0.6792863  0.69081432 0.69161016 0.69334084]","[0.26130265 0.25869993 0.25423455 0.25387676 0.25925437]",0.678116381168366,0.253876759999997,"[-0.88302553 -0.88209331 -0.88017583 -0.87993342 -0.87983549]","[-0.8507125  -0.85602624 -0.85155126 -0.85177344 -0.85797878]",-0.883025527000427,-0.857978779999996,"[-1.76399517 -1.69738674 -0.30458811 -0.26511377 -0.26210466]","[ 1.27549299  2.14809701 -0.48754705 -0.38249098 -0.37440566]",-1.76399517059326,-0.487547050000018,"[-0.35135597 -0.34073472 -0.33951226 -0.3378841  -0.32388687]","[-0.4834315  -0.44737284 -0.48806165 -0.51072693 -0.39957059]",-0.351355969905853,-0.510726930000004,"[-0.13312882 -0.13022041 -0.13015431 -0.13015157 -0.12952763]","[-0.19774338 -0.19998205 -0.20196563 -0.19843009 -0.20073438]",-0.133128821849823,-0.201965630000004,-0.283064479999979,"[-0.24324536 -0.24324489 -0.2424354  -0.24005318 -0.23972154]","[-0.28159183 -0.27827322 -0.28168167 -0.28306448 -0.2786586 ]",-0.243245363235474,3,"32206_1,0,1_0.125_True",0.80847389480494,0.476992834676366
"dcgat-agm003203709","(1, 1, 1)",0.0272283320648791,"Cu-0.833-Zn-0.167","False","[0.23803902 0.23899436 0.24097019 0.24111521 0.24224776]","[0.19935682 0.19866652 0.19858948 0.19977837 0.20006916]",0.238039016723633,0.19858948000001,"[-0.72636372 -0.72567528 -0.72473329 -0.7232123  -0.72214252]","[-0.62612954 -0.62200075 -0.62210425 -0.62683174 -0.6265553 ]",-0.726363718509674,-0.62683174,"[-0.14334881 -0.14208597 -0.14091897 -0.14031279 -0.13923907]","[-0.07108094 -0.06301392 -0.06826957 -0.06788786 -0.06762742]",-0.143348813056946,-0.0710809399999448,"[-0.26151884 -0.23994052 -0.23911572 -0.2387467  -0.23810458]","[-0.16182553 -0.19030926 -0.18884872 -0.18756697 -0.19031119]",-0.261518836021423,-0.190311189999989,"[-0.19145507 -0.19076794 -0.1905545  -0.19041026 -0.19006163]","[-0.19878795 -0.19825979 -0.1983622  -0.19867497 -0.19852495]",-0.191455066204071,-0.198787949999996,0.0118051500000433,"[-0.04085279 -0.04081368 -0.03747749 -0.03727788 -0.03717649]","[0.01180515 0.01191096 0.01882437 0.01247574 0.01869681]",-0.0408527851104736,2,"27595_1,1,1_0.027_False",1.12663861268915,0.553969803521523
"dcgat-agm003290716","(0, 0, 1)",0.25,"Pd-0.625-Zn-0.375","False","[-0.20615751 -0.20431018 -0.20154727 -0.19999218 -0.19949728]","[-0.0255488  -0.02038018 -0.02539032 -0.03032216 -0.0268868 ]",-0.206157505512238,-0.0303221599999972,"[-1.30189252 -1.30077171 -1.29892576 -1.29737663 -1.29659843]","[-1.23072547 -1.23215289 -1.22976443 -1.227616   -1.23266899]",-1.30189251899719,-1.23266898999998,"[-0.70503509 -0.70277226 -0.70143497 -0.70015705 -0.69962358]","[-0.65169697 -0.65311947 -0.64368748 -0.65216    -0.65677714]",-0.705035090446472,-0.656777140000003,"[-0.64618146 -0.58839953 -0.58180374 -0.57877511 -0.57445645]","[-0.57431406 -0.50039175 -0.50081768 -0.50426157 -0.49194444]",-0.646181464195252,-0.574314059999978,"[-0.23707318 -0.23478991 -0.23328859 -0.23328465 -0.23268223]","[-0.17426465 -0.17548506 -0.17539981 -0.19611129 -0.17636626]",-0.237073183059692,-0.196111290000005,0.381841479999991,"[0.33552879 0.33574468 0.33589321 0.33598739 0.33646923]","[0.38367998 0.38184148 0.38268497 0.38314492 0.38470452]",0.335528790950775,2,"16827_0,0,1_0.25_False",1.08772249651878,0.845373535568101
"dcgat-agm003289525","(2, 1, 0)",0.0523750436500904,"Au-0.571-Zn-0.429","True","[1.07517314 1.13386154 1.14729047 1.15124869 1.15245581]","[1.43548639 1.45380787 1.34757669 1.35609423 1.43218903]",1.07517313957214,1.34757668999998,"[-0.56714261 -0.43935609 -0.41127446 -0.410671   -0.40161082]","[-0.41741369 -0.46110631 -0.36462039 -0.2843334  -0.39603104]",-0.567142605781555,-0.461106310000048,"[-0.42223275 -0.35152745 -0.33959645 -0.32516435 -0.32001302]","[-0.50702861 -0.37870267 -0.37605865 -0.37858174 -0.43976406]",-0.422232747077942,-0.50702861000002,"[-0.18586284 -0.16386336 -0.16149932 -0.1577763  -0.15649974]","[-0.17260656 -0.25105442 -0.39107407 -0.22042559 -0.16217385]",-0.185862839221954,-0.391074070000002,"[-0.13959712 -0.1260646  -0.11716247 -0.10107356 -0.09555781]","[-0.19155051 -0.18987071 -0.19186529 -0.19384925 -0.1898826 ]",-0.139597117900848,-0.193849250000028,-0.347270869999988,"[-0.28083122 -0.27321914 -0.24730498 -0.24555337 -0.21434021]","[-0.23481042 -0.27697359 -0.26480336 -0.34727087 -0.26857713]",-0.280831217765808,2,"22065_2,1,0_0.052_True",0.653492421509188,1
"dcgat-agm003288479","(2, 0, 1)",0.166666666666667,"Au-0.714-Pd-0.286","True","[0.31310934 0.313299   0.31350416 0.31502503 0.31716925]","[0.40623122 0.40644681 0.40337014 0.40952207 0.40681426]",0.313109338283539,0.403370139999993,"[-1.24121237 -1.23767996 -1.2355727  -1.23513937 -1.23450172]","[-1.13244839 -1.13904401 -1.13926295 -1.13187624 -1.13861947]",-1.24121236801147,-1.13926295000005,"[-0.52058041 -0.51959735 -0.51664042 -0.51639271 -0.51382053]","[-0.45213043 -0.45539593 -0.44900071 -0.45075326 -0.44698519]",-0.520580410957336,-0.455395930000009,"[-0.38863668 -0.37238836 -0.36613867 -0.36402884 -0.36397752]","[-0.21453691 -0.22825605 -0.23264711 -0.2222533  -0.23583676]",-0.38863667845726,-0.235836760000041,"[-0.24000382 -0.23925483 -0.2389304  -0.23863715 -0.23729527]","[-0.19260357 -0.19351579 -0.19279859 -0.19335419 -0.19131189]",-0.240003824234009,-0.193515790000049,1.09537994999999,"[1.05288506 1.05755925 1.0585506  1.05858135 1.05879593]","[1.09537995 1.09916129 1.10200392 1.09609926 1.098384  ]",1.05288505554199,2,"20343_2,0,1_0.167_True",0.6332296979447,0.661351954854384
"dcgat-agm003318578","(1, 0, 1)",0.125,"Au-0.182-Cu-0.182-Zn-0.636","True","[0.58579987 0.59123129 0.59502894 0.59746569 0.60034007]","[0.43655515 0.44417784 0.42664652 0.44231363 0.43065141]",0.585799872875214,0.42664652000002,"[-0.89863336 -0.8974793  -0.89727151 -0.89592528 -0.89589471]","[-0.81470701 -0.81888821 -0.82186063 -0.81501801 -0.82358693]",-0.898633360862732,-0.823586930000005,"[-1.87196279 -0.8666178  -0.42546842 -0.42374706 -0.41150558]","[ 1.88300349  1.51067209 -0.39132257 -0.38148853 -0.39152676]",-1.87196278572082,-0.391526760000033,"[-0.44185275 -0.44123411 -0.40056339 -0.39193544 -0.39102104]","[-0.42469435 -0.43989536 -0.4166745  -0.41175305 -0.40154138]",-0.441852748394012,-0.43989535999998,"[-0.16166967 -0.16107404 -0.15940583 -0.15903723 -0.15838867]","[-0.18733021 -0.18792192 -0.19006864 -0.18648754 -0.18873758]",-0.161669671535492,-0.190068639999993,-0.356095100000005,"[-0.32386133 -0.32348865 -0.32051265 -0.32009402 -0.31920466]","[-0.35382534 -0.34594982 -0.3560951  -0.35436122 -0.34657322]",-0.323861330747604,3,"19662_1,0,1_0.125_True",0.827366394573121,0.645650807166187
"dcgat-agm003285819","(2, -1, 0)",0.250493194811987,"Ag-0.867-Pd-0.133","True","[0.65596133 0.65894288 0.65905112 0.66068357 0.66227168]","[0.81202126 0.8155662  0.81106679 0.81713008 0.80903016]",0.655961334705353,0.809030159999963,"[-1.15085351 -1.14827895 -1.14521921 -1.14375722 -1.14120471]","[-1.11146963 -1.11283412 -1.11151312 -1.11136955 -1.10786575]",-1.15085351467133,-1.11283412000006,"[-0.34601459 -0.34320715 -0.34198004 -0.33909014 -0.3383182 ]","[-0.31348356 -0.31319032 -0.31168675 -0.30840237 -0.30355952]",-0.346014589071274,-0.313483560000009,"[-0.10474724 -0.09962624 -0.09464109 -0.0929876  -0.09272534]","[-0.05116123 -0.04524237 -0.03341969 -0.05390503 -0.03789525]",-0.104747235774994,-0.0539050300000099,"[-0.22952807 -0.22357255 -0.22012722 -0.21904123 -0.21865267]","[-0.18354619 -0.18398871 -0.18437383 -0.18027012 -0.18470891]",-0.229528069496155,-0.18470891000004,0.603131819999987,"[0.60403782 0.60440606 0.60480899 0.60546225 0.60637873]","[0.60571551 0.60313851 0.60395641 0.60416517 0.60313182]",0.604037821292877,2,"22586_2,-1,0_0.25_True",0.611317064153276,0.193123540405705
"dcgat-agm003289505","(2, 2, 1)",0.686015489585182,"Ag-0.429-Au-0.571","False","[1.48188877 1.58358359 1.61783552 1.62391114 1.62731361]","[1.3129213  1.56928869 1.83333653 1.68721267 1.67874841]",1.48188877105713,1.31292129999997,"[-0.79123229 -0.77949208 -0.77857238 -0.77770668 -0.77627528]","[-0.69981431 -0.69523173 -0.69711547 -0.69439369 -0.69339506]",-0.791232287883759,-0.699814310000022,"[-0.49265748 -0.48257658 -0.47418129 -0.47301826 -0.45931852]","[-0.53642859 -0.53723607 -0.5378836  -0.54052235  1.03715195]",-0.492657482624054,-0.54052235000006,"[-3.19988728 -0.19829828 -0.1727457  -0.14310271 -0.13299364]","[ 1.20225186 -0.23524709 -0.18463921 -0.2321029  -0.13103806]",-3.1998872756958,-0.23524709000003,"[-0.09029078 -0.08540088 -0.08138669 -0.08133918 -0.07894158]","[-0.07633841 -0.18403953 -0.04602075 -0.18464999 -0.04390982]",-0.0902907848358154,-0.184649990000025,0.339398990000007,"[0.37409061 0.38029128 0.38793319 0.40033203 0.43876511]","[0.34953835 0.33939899 0.34450939 0.34278545 0.4139197 ]",0.374090611934662,2,"21951_2,2,1_0.686_False",0.636589750464712,0.429462923562358
"dcgat-agm003207266","(1, 0, 1)",0.260196875533628,"Cu-0.6-Zn-0.4","True","[0.42654938 0.42667407 0.43257862 0.43290883 0.43473834]","[0.50526598 0.50577821 0.50580412 0.50384904 0.50470083]",0.42654937505722,0.503849039999977,"[-0.9101907  -0.90224499 -0.90209717 -0.90202928 -0.90142983]","[-0.76902022 -0.76950775 -0.77257839 -0.7749834  -0.76959596]",-0.91019070148468,-0.774983399999996,"[-1.79690742 -1.47778654 -1.11582994 -0.46998763 -0.33575851]","[ 1.35997837  2.62831841  1.28137966  1.33091282 -0.29618592]",-1.79690742492676,-0.296185919999999,"[-0.4402422  -0.43716264 -0.42834193 -0.4272452  -0.42597103]","[-0.4062862  -0.40458826 -0.40933193 -0.40306692 -0.41103436]",-0.440242201089859,-0.411034360000031,"[-0.23476171 -0.23335797 -0.23189336 -0.23096812 -0.23078644]","[-0.18058441 -0.1772295  -0.18169233 -0.17765201 -0.17565456]",-0.234761714935303,-0.181692330000004,-0.117700190000022,"[-0.1076324  -0.10236639 -0.10226309 -0.10111356 -0.10103858]","[-0.11770019 -0.1125585  -0.11690214 -0.1167479  -0.11623333]",-0.107632398605347,2,"18973_1,0,1_0.26_True",1.15842091410551,1
"dcgat-agm003550452","(1, 0, 0)",0.25,"Ag-0.125-Au-0.5-Pd-0.375","True","[-0.35303113 -0.35261998 -0.35155079 -0.35085425 -0.34989971]","[-0.51674896 -0.51583309 -0.51748759 -0.51700446 -0.51694828]",-0.353031128644943,-0.517487590000002,"[-1.10232818 -1.09954095 -1.09950221 -1.09918439 -1.0990169 ]","[-1.06187923 -1.06488146 -1.06487059 -1.06029876 -1.06511753]",-1.10232818126679,-1.06511752999998,"[-0.59013921 -0.58973402 -0.58781606 -0.58387721 -0.58176738]","[-0.59772045 -0.59719834 -0.59598152 -0.5953879  -0.58989364]",-0.590139210224152,-0.597720449999997,"[-0.83631623 -0.78442949 -0.73971981 -0.73881495 -0.73823613]","[-0.9370341  -0.89476652 -0.82728342 -0.82878153 -0.82702836]",-0.836316227912903,-0.937034100000005,"[-0.14051038 -0.14035958 -0.13899076 -0.13866895 -0.13863462]","[-0.18003129 -0.17937404 -0.17931549 -0.17872132 -0.18092875]",-0.140510380268097,-0.180928749999993,0.903417200000007,"[0.91496438 0.91554433 0.91801006 0.91822857 0.91832978]","[0.90386565 0.9034172  0.90525976 0.90920542 0.90361064]",0.914964377880096,3,"21509_1,0,0_0.25_True",0.917403245592048,1
"dcgat-agm001833700","(1, 1, 0)",0.25,"Ag-0.333-Cu-0.333-Pd-0.333","True","[-0.3054682  -0.30292901 -0.30214944 -0.3019515  -0.30185995]","[-0.29568129 -0.29592695 -0.29450514 -0.29536136 -0.29595883]",-0.305468201637268,-0.295958829999961,"[-1.08823264 -1.08813906 -1.08805501 -1.08803725 -1.08748674]","[-1.0599224  -1.06003302 -1.05997228 -1.06016591 -1.05926685]",-1.08823263645172,-1.06016590999997,"[-0.44035089 -0.4400247  -0.43998247 -0.43822923 -0.43785688]","[-0.47203905 -0.47144229 -0.47633503 -0.47556557 -0.47651949]",-0.440350890159607,-0.476519490000015,"[-0.40425891 -0.39747179 -0.30881661 -0.30634138 -0.16176236]","[-0.47545221 -0.48579339 -0.38497908 -0.38300002 -0.24253288]",-0.404258906841278,-0.485793389999969,"[-0.19548512 -0.19348764 -0.19226485 -0.1916827  -0.19153768]","[-0.17616854 -0.17599474 -0.1781102  -0.17600316 -0.17768439]",-0.19548511505127,-0.178110199999992,0.403632310000006,"[0.41165978 0.41176206 0.4118765  0.41215712 0.41348499]","[0.40363231 0.40414761 0.40370408 0.41049189 0.40932807]",0.411659777164459,3,"18748_1,1,0_0.25_True",0.993617893831383,0.762561760513511
"dcgat-agm003207254","(1, 0, 1)",0.376734412337291,"Ag-0.4-Zn-0.6","True","[0.74501616 0.75971586 0.76172572 0.76433891 0.77037114]","[0.71120259 0.93826034 0.93756952 0.94313054 0.93856805]",0.745016157627106,0.711202589999999,"[-0.7920022  -0.7911793  -0.78888118 -0.78820097 -0.77995455]","[-0.66074168 -0.65163953 -0.6651551  -0.65744764 -0.66826762]",-0.792002201080322,-0.668267620000009,"[-1.98224878 -1.83363676 -1.71951759 -0.49989933 -0.48715052]","[ 1.46383516  1.62411264  1.59162128 -0.39025843 -0.38197865]",-1.98224878311157,-0.390258430000003,"[-0.44542637 -0.42865172 -0.42669645 -0.3651132  -0.36285621]","[-0.39646367 -0.38685511 -0.36686696 -0.2675501  -0.31654142]",-0.445426374673843,-0.396463669999974,"[-0.24847227 -0.24188352 -0.23306775 -0.19198555 -0.18882781]","[-0.14913241 -0.14896198 -0.17559875 -0.12440492 -0.07479852]",-0.248472273349762,-0.175598749999992,-0.481209890000002,"[-0.51660025 -0.51467937 -0.51433676 -0.51251239 -0.50898945]","[-0.48120989 -0.45282079 -0.4449982  -0.43002741 -0.44896111]",-0.516600251197815,2,"18695_1,0,1_0.377_True",0.703164791412817,1
"dcgat-agm003765843","(2, 0, 1)",0.0255474653558946,"Au-0.125-Cu-0.75-Zn-0.125","True","[0.10120964 0.10386693 0.10551095 0.10583699 0.10990167]","[0.03441258 0.03375029 0.03386051 0.03383266 0.03337055]",0.10120964050293,0.0333705499999723,"[-0.70468009 -0.70107114 -0.70101488 -0.70092726 -0.70006305]","[-0.59768171 -0.60256335 -0.59714665 -0.59692349 -0.59619009]",-0.70468008518219,-0.602563350000025,"[-0.16476107 -0.16303897 -0.16278458 -0.1609562  -0.1576708 ]","[-0.1114946  -0.1130035  -0.11363306 -0.11160641 -0.11519031]",-0.164761066436768,-0.115190310000003,"[-0.2884925  -0.22243851 -0.21240026 -0.19411278 -0.08948922]","[-0.27596689 -0.22618562 -0.22381807 -0.13276577 -0.08857926]",-0.288492500782013,-0.275966890000063,"[-0.14000475 -0.13957858 -0.13895297 -0.13850564 -0.13672197]","[-0.17382818 -0.17356197 -0.1736138  -0.17443375 -0.17419483]",-0.140004754066467,-0.174433750000048,-0.095116130000008,"[-0.09264064 -0.08869219 -0.08740199 -0.0867964  -0.08674031]","[-0.08980638 -0.09036216 -0.09049824 -0.09511613 -0.09193867]",-0.0926406383514404,3,"28259_2,0,1_0.026_True",1.03028067229851,1
"oqmd-468337","(1, 1, 0)",0.125,"Ag-0.25-Pd-0.5-Sb-0.25","True","[0.91987604 0.94218081 0.94436485 0.9492144  1.04749584]","[0.75972068 0.76336786 0.75917439 0.75908521 0.86354376]",0.919876039028168,0.759085209999967,"[-0.77345717 -0.77225137 -0.77136981 -0.771097   -0.77040738]","[-0.73234984 -0.85378712 -0.73482269 -0.84828797 -0.73403048]",-0.773457169532776,-0.85378712000005,"[-0.15561426 -0.15427756 -0.15255743 -0.15227139 -0.15208554]","[-0.1386274  -0.13835079 -0.13889236 -0.14047863 -0.13913344]",-0.155614256858826,-0.140478630000018,"[0.20103902 0.20401758 0.21081871 0.21623874 0.22910786]","[0.18563328 0.18312595 0.18770064 0.18365174 0.19146633]",0.201039016246796,0.183125949999976,"[-0.12426966 -0.12217146 -0.12084192 -0.12077183 -0.12069774]","[-0.16935092 -0.17368652 -0.17393494 -0.17000943 -0.17392526]",-0.124269664287567,-0.173934940000009,0.639438240000004,"[0.71741611 0.71746403 0.71748453 0.71992701 0.72016269]","[0.64067994 0.64260486 0.63943824 0.64127115 0.64104487]",0.717416107654572,3,"11549_1,1,0_0.125_True",,
"oqmd-758971","(0, 0, 1)",0,"Cu-0.429-Zn-0.571","True","[0.77502912 0.77580529 0.77626187 0.77657241 0.77726811]","[0.77462945 0.7710308  0.7668986  0.76876878 0.77153297]",0.775029122829437,0.766898599999976,"[-0.54017901 -0.53642356 -0.53428638 -0.53388828 -0.53349054]","[-0.49854935 -0.49924769 -0.49971537 -0.49976781 -0.50017275]",-0.540179014205933,-0.500172749999999,"[0.20199853 0.20325476 0.20340055 0.2034592  0.20428097]","[0.19771065 0.21468596 0.20008876 0.20311262 0.19682331]",0.20199853181839,0.196823309999999,"[0.20239723 0.20564067 0.21102661 0.21188152 0.21202719]","[0.23351207 0.23129175 0.22931509 0.23094571 0.22934873]",0.202397227287292,0.229315089999986,"[-0.18371391 -0.18212277 -0.17978692 -0.17949623 -0.1794793 ]","[-0.16959258 -0.16873518 -0.16844117 -0.16788141 -0.16977534]",-0.183713912963867,-0.169775340000004,0.113517339999987,"[0.04042387 0.04187739 0.04238898 0.04239357 0.0442034 ]","[0.11485241 0.11625389 0.11351734 0.11458448 0.11535642]",0.0404238700866699,2,"16004_0,0,1_0.0_True",0.812718878987096,1
"dcgat-agm003290578","(1, 1, 0)",0.25,"Cd-0.375-Pd-0.625","True","[-0.34396732 -0.34363362 -0.34207362 -0.34071895 -0.33920074]","[-0.34248882 -0.34125069 -0.34112039 -0.34154202 -0.34130557]",-0.343967318534851,-0.342488820000028,"[-1.08411002 -1.08359706 -1.08354211 -1.08267832 -1.08175206]","[-1.11393634 -1.11683112 -1.11571769 -1.11552674 -1.1178578 ]",-1.08411002159119,-1.1178578,"[-0.44466862 -0.44269013 -0.44267064 -0.44215703 -0.44196057]","[-0.46160849 -0.45510957 -0.4681801  -0.45480431 -0.45450859]",-0.444668620824814,-0.468180100000012,"[-0.40177909 -0.40176669 -0.4011842  -0.39592132 -0.38824749]","[-0.44378079 -0.41765806 -0.43726065 -0.423498   -0.43935419]",-0.40177908539772,-0.443780790000034,"[-0.14262271 -0.14215899 -0.14053833 -0.14053392 -0.14050126]","[-0.1691494  -0.16854852 -0.1692549  -0.16938882 -0.16934593]",-0.142622709274292,-0.169388820000023,0.477372829999979,"[0.39576989 0.39688104 0.3973034  0.39778203 0.39872879]","[0.4776155  0.47737283 0.47982996 0.47993097 0.478537  ]",0.395769894123077,2,"26837_1,1,0_0.25_True",0.886771952204002,1
"dcgat-agm003008667","(1, 1, 0)",0.180900473472269,"Au-0.2-In-0.4-Pd-0.4","False","[0.5579502  0.56427377 0.57384092 0.57436317 0.57549542]","[0.69753512 0.70587371 0.68883544 0.69220869 0.69046108]",0.55795019865036,0.688835439999991,"[-0.99483931 -0.99246031 -0.98919737 -0.98778081 -0.98701918]","[-0.99295369 -0.99391246 -0.99411427 -0.99362873 -0.99059761]",-0.994839310646057,-0.994114269999983,"[-0.37102568 -0.37026909 -0.36499801 -0.36245897 -0.36089444]","[-0.28658733 -0.28824812 -0.28713456 -0.27768556 -0.28255639]",-0.371025681495667,-0.288248119999963,"[-0.73958802 -0.7226752  -0.71915925 -0.70572931 -0.58222866]","[-0.62140016 -0.56303863 -0.55867608 -0.6097837  -0.45364515]",-0.739588022232056,-0.621400160000007,"[-0.17975283 -0.17972428 -0.1796819  -0.17721468 -0.17650598]","[-0.16646793 -0.16383435 -0.16672463 -0.16408842 -0.1653365 ]",-0.179752826690674,-0.166724629999976,0.10781621000001,"[0.08659351 0.094374   0.09458154 0.09663153 0.09703034]","[0.110453   0.11150433 0.10781621 0.12219537 0.10865529]",0.0865935087203979,3,"21648_1,1,0_0.181_False",0.905691890261927,1
"dcgat-agm003263889","(2, 2, 1)",0.025,"Au-0.25-Zn-0.75","True","[0.1835109  0.21193492 0.22956926 0.57717687 0.61540824]","[0.4589355  0.46218264 0.46453032 0.73302733 0.81315976]",0.183510899543762,0.458935499999996,"[-0.38520652 -0.32762206 -0.32426584 -0.31833556 -0.31113216]","[-0.19429755 -0.17065952 -0.18093137 -0.18250272 -0.18149363]",-0.385206520557404,-0.194297550000002,"[-2.26213551 -2.04112887 -1.78566647 -1.59406352 -0.49514315]","[ 1.67733125  1.82149409  1.46345544  1.89303813 -0.31759641]",-2.26213550567627,-0.317596410000007,"[-0.83003634 -0.71978152 -0.4382301  -0.43003756 -0.42168748]","[-0.48569924 -0.41322266 -0.18499825 -0.36972563 -0.19195154]",-0.830036342144013,-0.485699240000002,"[-0.58284616 -0.56645375 -0.50086093 -0.50020981 -0.1057694 ]","[-0.1592327  -0.16227818 -0.16469049 -0.16469157  0.13889556]",-0.582846164703369,-0.164691570000002,-0.633308830000004,"[-1.07672513 -1.02163208 -1.02010632 -1.01997828 -1.00296569]","[-0.62879078 -0.63330883 -0.63130157 -0.6302076  -0.58551634]",-1.07672512531281,2,"28463_2,2,1_0.025_True",0.671227108911355,0
"oqmd-746613","(1, 1, 0)",0.125,"Ag-0.25-Au-0.5-Zn-0.25","True","[1.3317883  1.34557819 1.34715819 1.35695672 1.3572464 ]","[1.22523435 1.21861794 1.13945186 1.13884954 1.15022361]",1.3317883014679,1.13884954,"[-0.18443125 -0.18202174 -0.17898411 -0.17868286 -0.17483443]","[-0.53861169 -0.53984932 -0.53327866 -0.53747053 -0.53555929]",-0.184431254863739,-0.539849320000002,"[-0.11404592 -0.09533906 -0.06899369 -0.06695312 -0.06616205]","[-0.15191435 -0.07455361 -0.04092781 -0.06025267 -0.08196713]",-0.114045917987823,-0.151914349999998,"[0.11126626 0.11536992 0.12958568 0.13221973 0.1373837 ]","[0.09193196 0.06425345 0.08911243 0.15815238 0.08840983]",0.111266255378723,0.0642534499999953,"[0.14412904 0.14425129 0.14453655 0.14481169 0.14545882]","[-0.16408768 -0.16315886 -0.16145712 -0.09661238 -0.16233022]",0.144129037857056,-0.164087679999994,-0.0025043900000127,"[-0.05218011 -0.0391686  -0.02464753 -0.01724654 -0.0091421 ]","[ 0.03825793  0.02506462  0.00760454 -0.00250439  0.00094283]",-0.0521801114082336,3,"12742_1,1,0_0.125_True",0.589964514425501,0.806027944277271
"dcgat-agm003196000","(2, 0, 1)",0.154460493055185,"Au-0.167-Cu-0.833","True","[0.22082603 0.22187299 0.22195899 0.22244596 0.22380251]","[0.28438215 0.28249832 0.28357371 0.28316775 0.28319184]",0.220826029777527,0.282498319999974,"[-0.7766059  -0.7745086  -0.77374858 -0.77373028 -0.77287638]","[-0.65369532 -0.65626633 -0.65647256 -0.65407798 -0.65637057]",-0.776605904102325,-0.656472559999997,"[-0.1603778  -0.15670007 -0.15618783 -0.15609324 -0.15600491]","[-0.11100249 -0.11131009 -0.11190961 -0.1109553  -0.11262704]",-0.16037780046463,-0.112627040000007,"[-0.20953727 -0.20950651 -0.20741457 -0.20737773 -0.20731169]","[-0.21271965 -0.21272837 -0.21250726 -0.21219165 -0.21299306]",-0.209537267684937,-0.212993060000002,"[-0.18191403 -0.18135393 -0.18105704 -0.18051761 -0.17989528]","[-0.16130888 -0.16234001 -0.16245581 -0.15971583 -0.16174002]",-0.181914031505585,-0.162455810000012,-0.0229089299999998,"[-0.02926558 -0.02791762 -0.02708226 -0.02665794 -0.02639282]","[-0.02241299 -0.02216053 -0.02290893 -0.02124179 -0.02235386]",-0.0292655825614929,2,"29977_2,0,1_0.154_True",0.95060274780543,0.437268579990484
"dcgat-agm003289932","(1, 1, 0)",0.25,"Cd-0.571-Pd-0.429","True","[1.13455534 1.13466954 1.13693452 1.14102435 1.14145374]","[1.21226147 1.21456904 1.20919464 1.21193753 1.20787464]",1.13455533981323,1.20787464000003,"[-0.92447072 -0.92428756 -0.92377734 -0.92375183 -0.92369568]","[-0.91805683 -0.92155722 -0.91986377 -0.9215887  -0.91753617]",-0.924470722675324,-0.921588699999972,"[-0.76397741 -0.23692745 -0.23527294 -0.23494971 -0.2341069 ]","[ 1.63608551 -0.23504367 -0.23555859 -0.23683508 -0.23082938]",-0.763977408409119,-0.23683508000002,"[0.1884734  0.18909597 0.18913686 0.19231224 0.19534689]","[0.11807234 0.18243962 0.1812263  0.18262945 0.15308818]",0.188473403453827,0.118072340000026,"[-0.18014675 -0.17998737 -0.17998683 -0.17890543 -0.17872924]","[-0.15340068 -0.15516583 -0.15414945 -0.15396254 -0.16158952]",-0.180146753787994,-0.161589519999978,0.367563189999999,"[0.36298913 0.36326033 0.36409587 0.36438996 0.36484569]","[0.36756319 0.37210221 0.36815511 0.37215989 0.3709891 ]",0.362989127635956,2,"23133_1,1,0_0.25_True",0.676203796498651,1
"dcgat-agm003292364","(1, 1, 0)",0.25,"Au-0.556-Pd-0.444","True","[0.18746519 0.18865979 0.1934886  0.1943692  0.19466645]","[0.03350758 0.03221266 0.03141901 0.03100871 0.03142843]",0.187465190887451,0.0310087099999805,"[-1.20620286 -1.20495486 -1.20437431 -1.20328689 -1.2028234 ]","[-1.19142205 -1.19431476 -1.19399257 -1.19293435 -1.19071966]",-1.20620286464691,-1.19431476000005,"[-0.62336105 -0.62237746 -0.62145108 -0.62128019 -0.62080854]","[-0.65983101 -0.65858922 -0.66170763 -0.65016783 -0.65544057]",-0.623361051082611,-0.661707630000024,"[-0.69040745 -0.66649151 -0.66639996 -0.65962368 -0.65667999]","[-0.80539865 -0.76800135 -0.76553722 -0.76694706 -0.7683942 ]",-0.690407454967499,-0.805398650000029,"[-0.11139089 -0.11076719 -0.11036253 -0.10969961 -0.10873067]","[-0.15829993 -0.16148432 -0.15791554 -0.16051373 -0.15928877]",-0.111390888690948,-0.16148432,0.914636500000029,"[0.95699233 0.96089882 0.96117979 0.96121269 0.96151918]","[0.9146365  0.91955441 0.91723409 0.91841698 0.91718632]",0.956992328166962,2,"25350_1,1,0_0.25_True",0.902928674486268,0.181264179417315
"dcgat-agm003266818","(3, 0, 1)",0.127521592799651,"Au-0.556-Cu-0.444","True","[0.85517269 0.86032683 0.86289471 0.86427587 0.86460835]","[0.8827843  0.88122141 0.88558832 0.88177205 0.88054315]",0.855172693729401,0.880543150000008,"[-0.57191491 -0.57145923 -0.56910801 -0.56900275 -0.56813979]","[-0.61437079 -0.61414225 -0.61425009 -0.61503344 -0.61319562]",-0.571914911270142,-0.615033440000005,"[0.00411189 0.00739002 0.00850528 0.01065081 0.01207215]","[-0.07504131 -0.07215022 -0.07462538 -0.05770013  0.01972644]",0.004111886024475,-0.0750413100000031,"[-0.01062071 -0.00798142 -0.00708729  0.06769019  0.0698812 ]","[-0.11875562 -0.09255367 -0.11011015 -0.0141034  -0.01039426]",-0.0106207132339477,-0.118755620000002,"[-0.12398648 -0.12396193 -0.12360412 -0.12255579 -0.12220204]","[-0.15839452 -0.15928178 -0.1595887  -0.15796594 -0.15931551]",-0.123986482620239,-0.159588699999986,-0.0895084600000046,"[-8.46385956e-05  6.88195229e-04  1.35666132e-03  2.68447399e-03
  3.21549177e-03]","[-0.08653704 -0.08595228 -0.08706364 -0.0862143  -0.08950846]",-8.46385955810547E-05,2,"20065_3,0,1_0.128_True",0.738513794739586,0.626776613810878
"dcgat-agm002973979","(2, 1, 1)",0.11060322588433,"Ag-0.2-Cu-0.4-Zn-0.4","True","[0.45977622 0.46153384 0.4783693  0.48353523 0.48490936]","[0.50542591 0.50856329 0.50573814 0.496287   0.51773306]",0.459776222705841,0.496287000000024,"[-0.83605057 -0.83405226 -0.82739997 -0.82435757 -0.82080078]","[-0.77456258 -0.77194651 -0.78036797 -0.77985548 -0.77053527]",-0.836050570011139,-0.780367969999986,"[-1.70395517 -0.27719072 -0.27308628 -0.26410925 -0.2514571 ]","[ 1.54198039 -0.30872498 -0.31323649 -0.19304759 -0.22441013]",-1.70395517349243,-0.313236490000008,"[-0.32498354 -0.27298805 -0.26923865 -0.26558688 -0.26365253]","[-0.38483928 -0.283991   -0.28471992 -0.28642507 -0.37502359]",-0.324983537197113,-0.384839279999994,"[-0.13811415 -0.1363371  -0.13401479 -0.11902434 -0.10087615]","[-0.1392335  -0.14795137 -0.15887782 -0.15660363 -0.13298491]",-0.138114154338837,-0.158877819999987,-0.240101629999998,"[-0.20828259 -0.20275939 -0.20199895 -0.20043421 -0.19842529]","[-0.23641259 -0.24010163 -0.23892777 -0.23790163 -0.23912318]",-0.208282589912415,3,"30518_2,1,1_0.111_True",0.930261589500459,1
"dcgat-agm003408276","(1, 1, 0)",0.25,"Ag-0.167-Au-0.5-Pd-0.333","True","[-0.35985178 -0.35965076 -0.35956424 -0.35884961 -0.35806546]","[-0.4475721  -0.44714243 -0.44799031 -0.44733771 -0.44631837]",-0.359851777553558,-0.447990309999994,"[-1.07367897 -1.07362628 -1.07356167 -1.07284272 -1.06979632]","[-1.07376315 -1.07435309 -1.07165129 -1.07602843 -1.0758114 ]",-1.07367897033691,-1.07602842999998,"[-0.5740388  -0.57371759 -0.57328105 -0.57298213 -0.57224786]","[-0.58080271 -0.58334795 -0.58430439 -0.58408538 -0.5831057 ]",-0.574038803577423,-0.58430439,"[-0.76196069 -0.75871003 -0.7539565  -0.7514326  -0.75091165]","[-0.8405091  -0.83348051 -0.84286453 -0.84235602 -0.84284839]",-0.761960685253143,-0.842864529999986,"[-0.13427263 -0.1330657  -0.13259137 -0.13257617 -0.13242173]","[-0.15606705 -0.15637848 -0.15770166 -0.15885328 -0.15798965]",-0.134272634983063,-0.158853279999988,0.883720449999998,"[0.86418325 0.8674379  0.87241298 0.87373322 0.88381797]","[0.91841568 0.91551625 0.91629066 0.91549889 0.88372045]",0.864183247089386,3,"18171_1,1,0_0.25_True",0.873644444462825,0.151748974777323
"dcgat-agm003200107","(1, 0, 1)",0.242041312069248,"Au-0.667-Cu-0.333","True","[0.95127815 0.95173734 0.95222765 0.95618588 0.95642608]","[0.95946064 0.96069424 0.96177514 0.95875515 0.9597936 ]",0.951278150081634,0.958755150000002,"[-0.64892513 -0.64810771 -0.64796585 -0.64703745 -0.64693248]","[-0.6441355  -0.64861392 -0.64699925 -0.64812056 -0.64448055]",-0.648925125598908,-0.648613919999974,"[-0.16760904 -0.15588725 -0.15419883 -0.15413487 -0.15072709]","[-0.13517504 -0.13542497 -0.13964731 -0.13096339 -0.1334871 ]",-0.167609035968781,-0.139647309999987,"[-0.13284743 -0.127096   -0.12589288 -0.12494534 -0.11007696]","[-0.17058665 -0.16970259 -0.16224495 -0.15545556 -0.15056956]",-0.132847428321838,-0.17058664999999,"[-0.17717028 -0.17661065 -0.17418748 -0.17400116 -0.17344695]","[-0.15597541 -0.15505979 -0.15580086 -0.15521822 -0.15787206]",-0.177170276641846,-0.157872059999988,-0.0875785000000064,"[-0.09080297 -0.08970469 -0.08855027 -0.08812559 -0.0877012 ]","[-0.08561388 -0.0875785  -0.0870938  -0.08440053 -0.0861451 ]",-0.0908029675483703,2,"26975_1,0,1_0.242_True",0.705162144285347,0.722374270041272
"dcgat-agm003195017","(2, 1, 1)",0.123878707793197,"Cu-0.8-Zn-0.2","True","[0.8207348  0.82135862 0.83148831 0.83516341 0.83983666]","[0.85212001 0.85192178 0.84975628 0.84999122 0.85366133]",0.820734798908234,0.84975627999998,"[-0.54714328 -0.54410625 -0.54374075 -0.54350668 -0.5431546 ]","[-0.55323716 -0.55166557 -0.55225253 -0.55436168 -0.55242978]",-0.547143280506134,-0.55436168,"[0.14548999 0.14586127 0.14603758 0.14647299 0.14658314]","[0.15135377 0.15285797 0.16401945 0.1515135  0.16631795]",0.145489990711212,0.151353770000014,"[0.0678218  0.07951152 0.09379411 0.0967924  0.09909356]","[0.07377482 0.08744526 0.08083569 0.09368998 0.08115704]",0.0678218007087707,0.0737748199999828,"[-0.13015312 -0.12653339 -0.1263662  -0.12444288 -0.12427574]","[-0.15420447 -0.15282682 -0.1528601  -0.15494057 -0.1554964 ]",-0.130153119564056,-0.155496400000004,0.146165359999998,"[0.15620393 0.15695381 0.15721619 0.15723932 0.15773404]","[0.1470327  0.14616536 0.14637879 0.1467549  0.1485978 ]",0.156203925609589,2,"23656_2,1,1_0.124_True",1.01473331704119,0.866703676205624
"dcgat-agm003677428","(1, 0, 0)",0.25,"Au-0.5-Pd-0.417-Tl-0.083","True","[-0.49590221 -0.4898527  -0.48900908 -0.48812699 -0.48790604]","[-0.47347171 -0.47714617 -0.47357834 -0.47159108 -0.4759652 ]",-0.495902210474014,-0.477146169999998,"[-1.14330196 -1.13721919 -1.1366415  -1.13571274 -1.08496642]","[-1.12084958 -1.11995692 -1.12133003 -1.12377899 -1.08346238]",-1.14330196380615,-1.12377898999998,"[-0.57813323 -0.57276762 -0.57235575 -0.57235336 -0.57228971]","[-0.6299792  -0.63530391 -0.63206495 -0.63394584 -0.63381635]",-0.578133225440979,-0.635303909999976,"[-0.61825496 -0.60497254 -0.59925956 -0.53687769 -0.52994412]","[-0.52922135 -0.51826799 -0.52945888 -0.51728053 -0.43243502]",-0.618254959583283,-0.529458879999993,"[-0.14642376 -0.14533418 -0.14419031 -0.14388508 -0.14366412]","[-0.14914279 -0.15013349 -0.15048742 -0.14859401 -0.14717272]",-0.146423757076263,-0.15048741999999,0.870678440000006,"[0.8226437  0.82691294 0.82834774 0.82872874 0.82993287]","[0.87493341 0.87499363 0.87092926 0.87067844 0.87690919]",0.82264369726181,3,"16684_1,0,0_0.25_True",0.821014994097526,0.0742336563388066
"dcgat-agm003387829","(1, 1, -2)",0.165612274025027,"Ag-0.4-Cd-0.2-Pd-0.4","True","[0.90876955 0.90910572 0.90976399 0.90978473 0.91026515]","[1.06522907 1.06195194 1.0624836  1.0710592  1.06798055]",0.9087695479393,1.06195194,"[-1.02983022 -1.02929759 -1.02908587 -1.0280838  -1.02761436]","[-0.89561959 -0.89390133 -0.89314501 -0.892341   -0.8934158 ]",-1.02983021736145,-0.895619589999996,"[-0.43396044 -0.37616503 -0.37227622 -0.37000182 -0.36980918]","[ 1.5417784  -0.32471755 -0.32797151 -0.32654675 -0.32582166]",-0.433960437774658,-0.327971509999969,"[-0.03984344 -0.03310937 -0.02805072 -0.02695382 -0.02597809]","[0.09553169 0.08243446 0.13306745 0.07375071 0.10535645]",-0.0398434400558471,0.0737507100000129,"[-0.18606508 -0.18201452 -0.18134207 -0.18086284 -0.18031347]","[-0.14777992 -0.14585471 -0.14861712 -0.1471638  -0.14867161]",-0.186065077781677,-0.14867160999998,0.66995996,"[0.62401921 0.62526482 0.62627798 0.6277619  0.62900048]","[0.67133208 0.67227115 0.66995996 0.67041329 0.67848994]",0.624019205570221,3,"20118_1,1,-2_0.166_True",0.673830965546028,0.696516782940786
"dcgat-agm003285789","(2, 2, -1)",0.126028110003036,"Au-0.133-Cu-0.867","True","[0.60131723 0.60463864 0.60541171 0.6112693  0.61133331]","[0.789799   0.78860931 0.78854037 0.78995101 0.74069667]",0.601317226886749,0.740696670000006,"[-0.59222519 -0.59062028 -0.58879447 -0.58797544 -0.58794969]","[-0.56789009 -0.56803854 -0.56745504 -0.56858467 -0.56872061]",-0.592225193977356,-0.568720609999986,"[0.03693855 0.0383215  0.04201573 0.04525685 0.05501425]","[0.03254585 0.03291118 0.03543138 0.02989557 0.05460355]",0.0369385480880737,0.0298955700000078,"[0.05697626 0.06016397 0.06478101 0.06611627 0.06909424]","[ 0.02265136  0.01089199 -0.00556178  0.02059097  0.01396227]",0.0569762587547302,-0.0055617799999936,"[-0.1283291  -0.1260134  -0.1252411  -0.1246953  -0.12406856]","[-0.14698791 -0.14693829 -0.14598893 -0.1476139  -0.14712059]",-0.12832909822464,-0.147613899999982,0.019815890000018,"[0.03587091 0.03677005 0.0370903  0.03896284 0.04111958]","[0.01981589 0.01997829 0.02034436 0.02239044 0.02023485]",0.0358709096908569,2,"17136_2,2,-1_0.126_True",0.978758391877905,0.31178834887368
"dcgat-agm002351199","(0, 1, 0)",0.25,"Pd-0.5-Tl-0.5","True","[1.62878752 1.6304307  1.63162804 1.63229275 1.63302255]","[1.68312658 1.68029948 1.68821184 1.68361213 1.68483382]",1.62878751754761,1.68029948,"[-0.92205077 -0.92145258 -0.92129219 -0.92038673 -0.91963685]","[-0.93079874 -0.93106556 -0.92510858 -0.93051027 -0.92719706]",-0.922050774097443,-0.931065560000008,"[-0.37886634 -0.37729576 -0.37708497 -0.37288994 -0.37252578]","[-0.28379758 -0.28486828 -0.28490263 -0.28400066 -0.28384164]",-0.378866344690323,-0.284902630000005,"[0.18627959 0.18783796 0.1906181  0.193407   0.19586837]","[0.22179853 0.22820195 0.2295689  0.23084175 0.23263644]",0.186279594898224,0.221798530000001,"[-0.17543066 -0.17533481 -0.17499131 -0.17462325 -0.17459679]","[-0.14712005 -0.14682558 -0.14544266 -0.14505127 -0.14244424]",-0.175430655479431,-0.147120049999998,0.923719289999994,"[0.77663201 0.85422951 0.85891861 0.86123246 0.86164373]","[1.04387573 0.92419621 0.92371929 0.92543702 0.9275698 ]",0.776632010936737,2,"32149_0,1,0_0.25_True",0.357377316800062,0.840488602894139
"dcgat-agm003329670","(1, 1, 2)",0,"Au-0.375-In-0.25-Pd-0.375","True","[1.15298319 1.15748072 1.15863514 1.16131401 1.16223884]","[1.28873608 1.2933262  1.29064948 1.30547419 1.28782104]",1.15298318862915,1.28782104000001,"[-0.87268966 -0.87026906 -0.8700738  -0.86887372 -0.86871076]","[-0.72809553 -0.72987894 -0.73056192 -0.73067234 -0.72839027]",-0.872689664363861,-0.730672340000012,"[-0.27346292 -0.20166898 -0.20083278 -0.19579631 -0.19537705]","[-0.06882611 -0.0880186  -0.12984779 -0.09538466 -0.13090867]",-0.273462921380997,-0.130908670000025,"[0.12360841 0.12838048 0.19329935 0.19589418 0.20196801]","[0.283001   0.27517449 0.30477332 0.29696403 0.3035766 ]",0.123608410358429,0.275174490000012,"[-0.21486253 -0.21467406 -0.21465099 -0.21407789 -0.21379656]","[-0.14632232 -0.14621206 -0.14638147 -0.14608732 -0.14499906]",-0.214862525463104,-0.146381470000023,0.761442689999996,"[0.60252362 0.60897046 0.60910207 0.61242265 0.6144945 ]","[0.76170063 0.76246632 0.76144269 0.76286639 0.76736721]",0.602523624897003,3,"27034_1,1,2_0.0_True",0.663470456829458,0.957460576776366
"oqmd-758516","(0, 1, 0)",0,"Ag-0.5-Zn-0.5","True","[1.10140157 1.10364008 1.10995269 1.11210966 1.11367345]","[0.68644949 0.69246249 0.68635416 0.68905805 0.68933527]",1.10140156745911,0.686354160000008,"[-0.04587674 -0.04349852 -0.04088682 -0.03974581 -0.01398927]","[-0.21080951 -0.19877536 -0.20562765 -0.20366987 -0.16695351]",-0.0458767414093017,-0.21080950999999,"[0.35756379 0.36343473 0.36566466 0.36715549 0.36816889]","[0.00763092 0.01226507 0.00636652 0.01534593 0.00919403]",0.35756379365921,0.0063665199999718,"[0.36283392 0.37096244 0.38528472 0.40897709 0.41205043]","[0.14477144 0.20561345 0.13958522 0.15723748 0.24073545]",0.362833917140961,0.139585220000015,"[0.20769411 0.21527576 0.21658719 0.21716988 0.21915531]","[-0.14387841 -0.1443831  -0.14127462 -0.14358012 -0.13992745]",0.207694113254547,-0.144383099999999,-0.124915170000008,"[-0.06216913 -0.05988437 -0.05860627 -0.05719316 -0.05676138]","[-0.12491517 -0.12081583 -0.12180695 -0.12055326 -0.11849247]",-0.0621691346168518,2,"13040_0,1,0_0.0_True",0.520589087785218,0.795095125080852
"dcgat-agm002146075","(1, 1, 0)",0.125,"Au-0.25-Cu-0.75","True","[0.54064459 0.54117769 0.54498249 0.54549867 0.54581064]","[0.49193897 0.49651067 0.49136548 0.50315204 0.48786747]",0.540644586086273,0.487867469999998,"[-0.57756478 -0.57318628 -0.57234794 -0.57143164 -0.57002681]","[-0.60117154 -0.60265132 -0.59487812 -0.60173353 -0.6027642 ]",-0.577564775943756,-0.602764199999996,"[0.0044356  0.00938231 0.01228571 0.01277149 0.01306897]","[0.03122483 0.03139374 0.03277384 0.03300348 0.03578763]",0.0044355988502502,0.0312248300000135,"[-0.01638949 -0.01306671 -0.01217705 -0.00273502  0.00165182]","[-0.04675425 -0.04391058 -0.01283488 -0.01058635  0.01807293]",-0.0163894891738891,-0.0467542499999922,"[-0.11394238 -0.11295295 -0.11281037 -0.11274266 -0.11271334]","[-0.14074894 -0.14370119 -0.13952781 -0.14099154 -0.14311679]",-0.113942384719849,-0.143701190000002,0.0092765699999972,"[-0.01211327 -0.01202321 -0.01161706 -0.01118851 -0.01094991]","[0.013685   0.01061096 0.00927657 0.01433399 0.01012801]",-0.0121132731437683,2,"19544_1,1,0_0.125_True",0.92338971210142,0.702917907418327
"dcgat-agm003291163","(1, 1, -2)",0.168987830603741,"Cu-0.7-Zn-0.3","True","[0.47267705 0.47457129 0.4764871  0.47922724 0.47947234]","[0.63380284 0.63372758 0.63391557 0.63382192 0.63690686]",0.472677052021027,0.633727580000027,"[-0.5197435  -0.51888847 -0.51839602 -0.51813197 -0.51733863]","[-0.48571601 -0.48509937 -0.48499578 -0.48418881 -0.48585224]",-0.519743502140045,-0.485852239999986,"[0.13388848 0.13464683 0.13841444 0.14053476 0.14361483]","[0.1851443  0.20191414 0.17145117 0.17196978 0.19532422]",0.133888483047485,0.171451170000012,"[0.11250985 0.11435473 0.1348536  0.15041333 0.15257007]","[0.14484213 0.12890862 0.16620568 0.16507592 0.17522905]",0.112509846687317,0.128908620000004,"[-0.14431751 -0.14209121 -0.14200991 -0.14179569 -0.14132315]","[-0.14112575 -0.14017993 -0.1397956  -0.1407767  -0.13987023]",-0.144317507743835,-0.141125750000015,0.118512170000031,"[0.11485046 0.11620766 0.11813176 0.11838102 0.11899555]","[0.12203047 0.11852894 0.11851217 0.12280743 0.11910074]",0.114850461483002,2,"20974_1,1,-2_0.169_True",0.997636473192376,0.463243438186346
"dcgat-agm003518750","(1, 1, 2)",0.0003732915040621,"Au-0.727-Cd-0.091-Pd-0.182","True","[0.41930062 0.41998833 0.42025    0.4267413  0.4272806 ]","[0.5091674  0.50338865 0.50908117 0.5060963  0.50996163]",0.419300615787506,0.503388649999977,"[-1.19852388 -1.197685   -1.19763088 -1.1966269  -1.19616914]","[-1.04671832 -1.04444721 -1.0458447  -1.03626158 -1.04480966]",-1.19852387905121,-1.04671832,"[-0.50166845 -0.49999151 -0.49752307 -0.4938361  -0.4925355 ]","[-0.40073506 -0.40169142 -0.40339289 -0.39734561 -0.39395919]",-0.501668453216553,-0.403392889999992,"[-0.33800146 -0.33435178 -0.33304173 -0.33267143 -0.32932758]","[-0.21051082 -0.19885114 -0.18921232 -0.21155834 -0.21061896]",-0.33800145983696,-0.211558340000011,"[-0.23985755 -0.23599833 -0.23505455 -0.23394257 -0.23392522]","[-0.13764774 -0.14092262 -0.14028702 -0.13771564 -0.13984635]",-0.23985755443573,-0.140922619999998,0.909630919999984,"[0.95339638 0.95348889 0.95788866 0.96256775 0.99625307]","[0.90963092 0.91071333 0.91294783 0.91382986 0.93843258]",0.953396379947662,3,"30245_1,1,2_0.0_True",0.607006505573796,0.763078802392901
"dcgat-agm003466380","(0, 1, 2)",0.0833333333333333,"Au-0.125-Cu-0.625-Zn-0.25","True","[0.0494495  0.0553394  0.05828941 0.0585497  0.06166112]","[0.22700506 0.22827628 0.23309099 0.22877556 0.22993245]",0.0494495034217834,0.22700506000001,"[-0.67463785 -0.67003143 -0.6685859  -0.66746455 -0.66723669]","[-0.57220472 -0.57207632 -0.5713667  -0.57052161 -0.57194437]",-0.674637854099274,-0.572204720000002,"[-0.11866403 -0.11364245 -0.11186236 -0.1064682  -0.10480314]","[-0.05484018 -0.05527334 -0.05929533 -0.05665857 -0.05357951]",-0.118664026260376,-0.0592953299999408,"[-0.36514825 -0.20653999 -0.16595846 -0.1655091  -0.1647827 ]","[-0.14030207 -0.12354386 -0.12176385 -0.12477202 -0.12152603]",-0.3651482462883,-0.140302069999962,"[-0.17789876 -0.17660868 -0.17465305 -0.17432731 -0.17397851]","[-0.13734993 -0.13576209 -0.13229065 -0.13454631 -0.13060197]",-0.177898764610291,-0.137349930000028,-0.215846229999954,"[-0.15882802 -0.15729088 -0.15354043 -0.15235382 -0.14906037]","[-0.21278212 -0.21279837 -0.20806035 -0.21584623 -0.21044779]",-0.158828020095825,3,"29995_0,1,2_0.083_True",0.944293972643657,1
"dcgat-agm003598352","(1, 0, 1)",0.0149717105783175,"Ag-0.333-Au-0.333-Cu-0.333","True","[0.92013007 0.93011838 0.93187124 0.93357748 0.93406671]","[0.88836201 0.88609882 0.88370487 0.88785974 0.89367385]",0.9201300740242,0.883704870000003,"[-0.5992732  -0.59597743 -0.59467661 -0.59379238 -0.59152663]","[-0.61296072 -0.61312801 -0.61573478 -0.61582967 -0.58795831]",-0.599273204803467,-0.615829670000011,"[-0.07983541 -0.07898879 -0.07076174 -0.04483747  0.00962234]","[-0.06686388 -0.06904442 -0.07331113 -0.03444889  0.00750503]",-0.0798354148864746,-0.0733111300000359,"[-0.0862655  -0.08555132 -0.05965173 -0.04068387 -0.04061526]","[-0.09375895 -0.09365852 -0.0637853  -0.06004176 -0.06034275]",-0.0862655043601989,-0.0937589499999944,"[-0.10642713 -0.10402435 -0.10385853 -0.10229349 -0.1021266 ]","[-0.13434137 -0.13399869 -0.13430546 -0.13353872 -0.13451462]",-0.106427133083344,-0.134514620000004,0.0118187799999986,"[0.01203215 0.01403612 0.01455897 0.01545477 0.01620561]","[0.01181878 0.01269994 0.01243045 0.01203286 0.01235049]",0.012032151222229,3,"30209_1,0,1_0.015_True",0.697108151848147,0.353591008865658
"dcgat-agm003287328","(1, 1, -2)",0.172362143426779,"Pd-0.4-Zn-0.6","True","[0.98917681 0.99295241 0.99404842 0.99445385 0.99447685]","[1.01201147 1.0089512  1.01290543 1.01292791 1.01142529]",0.98917680978775,1.00895119999996,"[-0.86433125 -0.86418384 -0.86330259 -0.85835421 -0.85618609]","[-0.79320331 -0.7923087  -0.78903444 -0.80020787 -0.79815062]",-0.864331245422363,-0.800207870000065,"[-0.16894662 -0.1667971  -0.16668576 -0.16602689 -0.16489053]","[-0.13164358 -0.13322214 -0.12672274 -0.12887761 -0.13252489]",-0.168946623802185,-0.133222139999987,"[0.13399327 0.16510093 0.18229353 0.18458682 0.18512964]","[0.12380173 0.17899574 0.179114   0.16747334 0.18723615]",0.133993268013001,0.123801729999968,"[-0.14961994 -0.14674771 -0.14670551 -0.14650673 -0.14617991]","[-0.12573945 -0.13384559 -0.12913044 -0.12540657 -0.13406174]",-0.149619936943054,-0.13406174000005,0.209170430000029,"[0.14053059 0.14223039 0.14249474 0.14327765 0.14843529]","[0.21195288 0.21163797 0.20917043 0.21044011 0.21220827]",0.140530586242676,2,"33034_1,1,-2_0.172_True",0.839714134794028,0.459552704736105
"dcgat-agm001193056","(1, 0, 0)",0.25,"Cu-0.833-Pd-0.167","True","[-0.02279609 -0.02244008 -0.02183312 -0.02125537 -0.01795197]","[0.08123942 0.08136677 0.08551115 0.0840943  0.08031488]",-0.022796094417572,0.080314880000003,"[-1.01331472 -1.01287544 -1.01270139 -1.012079   -1.01187491]","[-0.95932064 -0.96169195 -0.9619392  -0.96266487 -0.96227966]",-1.01331472396851,-0.962664869999998,"[-0.29767668 -0.29404268 -0.29379821 -0.29333419 -0.29330537]","[-0.2816823  -0.28611705 -0.28577648 -0.28300397 -0.28543487]",-0.297676682472229,-0.28611705000003,"[-0.46844065 -0.40601957 -0.39822757 -0.39761704 -0.39595079]","[-0.43495422 -0.33539588 -0.33454943 -0.33428719 -0.33541034]",-0.468440651893616,-0.434954220000009,"[-0.16264039 -0.16219974 -0.15996897 -0.15878421 -0.15841234]","[-0.1306611  -0.12896346 -0.13228576 -0.12946498 -0.1281475 ]",-0.162640392780304,-0.132285760000002,0.0765702299999873,"[0.017263   0.02385646 0.02482367 0.02518278 0.02588892]","[0.07754399 0.07657023 0.07894624 0.0776391  0.07749347]",0.0172629952430725,2,"18247_1,0,0_0.25_True",1.23534583244987,0.0857808848744907
"dcgat-agm003697067","(2, -1, 2)",0.0833333333333333,"Ag-0.533-Au-0.067-Cd-0.4","True","[-0.97315902 -0.8408047  -0.80285692 -0.79051888 -0.75592607]","[3.92427647 4.22826971 6.19253918 4.94205729 4.43372426]",-0.97315901517868,3.92427647,"[-0.52527213 -0.52292436 -0.52118009 -0.51944727 -0.51944155]","[-0.51966264 -0.51661246 -0.51945399 -0.50374531 -0.51431633]",-0.525272130966187,-0.519662640000007,"[-2.83035541 -2.57146811 -2.16454339 -2.12211728 -2.08207512]","[1.38457241 1.52872551 1.47322589 1.45867765 1.4447745 ]",-2.8303554058075,1.38457241,"[-0.31152856 -0.29482487 -0.2898638  -0.26269516 -0.25618884]","[-0.30335729 -0.31223408 -0.31490997 -0.21286144 -0.22563441]",-0.311528563499451,-0.314909970000002,"[-0.18514395 -0.1748389  -0.15263486 -0.15251553 -0.15167189]","[-0.13122112 -0.12021566 -0.1300855  -0.12212998 -0.1215199 ]",-0.185143947601318,-0.131221120000006,-0.193910599999981,"[-0.17102253 -0.14908522 -0.1334365  -0.12439078 -0.11423272]","[-0.18278818 -0.16616127 -0.1939106  -0.17837113 -0.16136562]",-0.171022534370422,3,"19806_2,-1,2_0.083_True",0.541427628121228,0.834203911270064
"dcgat-agm003327918","(0, 1, 0)",0.25,"Ag-0.25-Au-0.375-Pd-0.375","True","[-0.24623394 -0.24573308 -0.24508613 -0.24280357 -0.24239051]","[-0.17387995 -0.17897072 -0.17936716 -0.17891261 -0.17960247]",-0.246233940124512,-0.179602469999992,"[-1.21576691 -1.21254563 -1.21250522 -1.21236789 -1.2120558 ]","[-1.22183866 -1.22395084 -1.21834324 -1.22589958 -1.22498998]",-1.21576690673828,-1.22589958,"[-0.57439429 -0.57391214 -0.57332069 -0.57277441 -0.57074714]","[-0.51347969 -0.53036181 -0.53419764 -0.52972576 -0.53360647]",-0.574394285678864,-0.534197640000031,"[-0.58602691 -0.58521962 -0.58477914 -0.58070886 -0.57817161]","[-0.57175661 -0.57246251 -0.59421015 -0.59554269 -0.56856959]",-0.586026906967163,-0.595542689999974,"[-0.10034567 -0.09832036 -0.09753287 -0.09653014 -0.09590662]","[-0.12601897 -0.12346077 -0.11979876 -0.12522927 -0.12527258]",-0.10034567117691,-0.12601896999999,0.765707029999987,"[0.74202174 0.74231702 0.74356967 0.74447542 0.74491554]","[0.76570703 0.7705082  0.77099016 0.76805165 0.7687559 ]",0.74202173948288,3,"19658_0,1,0_0.25_True",0.909296552459467,0.570430578300818
"dcgat-agm003167268","(1, 0, -1)",0.251374716106737,"Ag-0.25-Cu-0.5-Zn-0.25","True","[0.93680352 0.98903686 0.99081737 0.9912346  0.99184245]","[0.95661418 0.92631139 0.92663111 0.92278562 0.92370898]",0.9368035197258,0.922785619999999,"[-0.54531837 -0.54471833 -0.54415905 -0.54414499 -0.54353631]","[-0.48244727 -0.48260951 -0.48198878 -0.48196319 -0.480138  ]",-0.545318365097046,-0.482609510000003,"[0.05885541 0.06203532 0.06387824 0.06402075 0.06838137]","[0.10513142 0.10687139 0.10675787 0.10775388 0.12253346]",0.0588554143905639,0.105131420000006,"[0.04301167 0.05373853 0.05534834 0.05580539 0.05891794]","[0.05554288 0.06081787 0.0562396  0.05513207 0.05313498]",0.0430116653442382,0.05313498000001,"[-0.09879017 -0.09831667 -0.0980916  -0.096048   -0.09569287]","[-0.12293322 -0.12459825 -0.12457482 -0.1244548  -0.12288608]",-0.098790168762207,-0.124598249999991,0.0744531499999965,"[0.05266684 0.05504912 0.05608517 0.05641729 0.05660135]","[0.0745695  0.07445315 0.07671287 0.07734456 0.07986309]",0.0526668429374694,3,"30615_1,0,-1_0.251_True",0.811848067055394,1
"mp-510099","(1, 1, 1)",0.089,"Au-0.769-In-0.231","True","[1.09590745 1.12557602 1.12680602 1.13130617 1.13424015]","[1.37542092 1.37431733 1.53914611 1.38007955 1.38343697]",1.09590744972229,1.37431733000003,"[-0.96377838 -0.91911477 -0.80440944 -0.8004567  -0.77725166]","[-0.60786754 -0.59700949 -0.42827206 -0.58525817 -0.56401867]",-0.963778376579285,-0.607867540000001,"[-0.59384114 -0.58341527 -0.53155363 -0.52771533 -0.51530218]","[-0.28071642 -0.31793636 -0.06922712 -0.11807463 -0.07243062]",-0.593841135501862,-0.317936360000004,"[-0.56669426 -0.50718194 -0.34811506 -0.20715791 -0.12232727]","[-0.14186191 -0.1207737   0.03815146  0.02165264  0.1555522 ]",-0.566694259643555,-0.141861909999989,"[-0.39365608 -0.36100402 -0.34642339 -0.32741696 -0.28781584]","[-0.12174085 -0.11630983 -0.08310765 -0.07542073 -0.04856322]",-0.393656075000763,-0.121740850000009,0.436241999999993,"[0.1281631  0.14294946 0.15647721 0.17484641 0.18344384]","[0.43628561 0.51549002 0.436242   0.45846255 0.52044809]",0.12816309928894,2,"564_1,1,1_0.089_True",0.581947335680147,0
"dcgat-agm003272990","(1, 0, -1)",0.25006025814387,"Au-0.25-Cu-0.5-Zn-0.25","True","[0.81360596 0.81918472 0.82006806 0.82056803 0.8208577 ]","[0.77680735 0.77632004 0.77720221 0.77673598 0.77618282]",0.813605964183807,0.776182819999988,"[-0.59727192 -0.59680063 -0.59642005 -0.59628832 -0.59615761]","[-0.55758561 -0.55889731 -0.55869405 -0.5582599  -0.55759009]",-0.597271919250488,-0.558897309999992,"[-0.05724937 -0.05650079 -0.05307877 -0.05307794 -0.03198731]","[-0.03359289 -0.03250068 -0.0344511  -0.0337545  -0.01409127]",-0.057249367237091,-0.034451099999984,"[-0.05380476 -0.05320066 -0.05182999 -0.03616369 -0.03351068]","[-0.10599004 -0.10639535 -0.10609243 -0.06897852 -0.07104996]",-0.0538047552108764,-0.106395350000014,"[-0.10845733 -0.10719001 -0.10700375 -0.10694718 -0.1066106 ]","[-0.12031164 -0.12092639 -0.12115872 -0.11787675 -0.12156589]",-0.108457326889038,-0.121565889999999,-0.0089583300000128,"[-0.04310411 -0.04154903 -0.04145533 -0.04104894 -0.0404793 ]","[-0.00895833 -0.00578553 -0.00631497 -0.0069171  -0.007081  ]",-0.0431041121482849,3,"20920_1,0,-1_0.25_True",0.834972324979442,0.974127570206803
"dcgat-agm003205022","(0, 1, 2)",0.0061070763905399,"Cd-0.4-Cu-0.6","False","[0.89865071 0.90101534 0.90282673 0.90770191 0.90817088]","[0.83447435 0.8302952  0.83347085 0.83217845 0.82766987]",0.898650705814362,0.827669870000023,"[-0.98981333 -0.98950267 -0.98774952 -0.98670709 -0.98631096]","[-0.88479375 -0.88376844 -0.88369177 -0.88413895 -0.88382537]",-0.989813327789307,-0.884793749999972,"[-2.01002121 -1.8690486  -1.81263208 -1.80021644 -1.57917261]","[1.30256944 1.29348254 1.39547828 1.32351593 1.47553577]",-2.0100212097168,1.29348253999999,"[-0.3469944  -0.34157318 -0.34134212 -0.3318806  -0.33041695]","[-0.41381128 -0.37542176 -0.38337784 -0.37591902 -0.39327249]",-0.346994400024414,-0.413811279999948,"[-0.16168988 -0.15787828 -0.15757591 -0.15623432 -0.15212804]","[-0.11305412 -0.11666163 -0.11509862 -0.12061488 -0.11711977]",-0.161689877510071,-0.120614879999977,-0.174524349999984,"[-0.10886633 -0.10850495 -0.10841113 -0.10583228 -0.10343397]","[-0.1694497  -0.17452435 -0.16401941 -0.16581107 -0.17025138]",-0.108866333961487,2,"16739_0,1,2_0.006_False",0.846276822663936,0.89872306751197
"dcgat-agm002179551","(1, 1, 1)",0.141427059004577,"Pd-0.429-Sn-0.571","True","[1.32002854 1.32790971 1.32979083 1.33380485 1.33518505]","[1.38690815 1.37148301 1.37518323 1.38738197 1.38757922]",1.32002854347229,1.37148300999996,"[-1.25127339 -1.24930155 -1.24900794 -1.24797916 -1.24792969]","[-1.15229045 -1.14574437 -1.15187425 -1.1539702  -1.15581819]",-1.25127339363098,-1.15581819000005,"[-1.9517808  -1.83099246 -1.53042424 -1.46248627 -1.28709531]","[1.53723918 1.432178   1.46752332 1.50208052 1.34124123]",-1.95178079605102,1.34124122999998,"[-0.3450051  -0.34306705 -0.34161925 -0.34020567 -0.33962271]","[-0.32644612 -0.32605734 -0.2916458  -0.29943919 -0.32429671]",-0.345005095005035,-0.326446120000014,"[-0.15727055 -0.15581191 -0.15574497 -0.154962   -0.15459484]","[-0.10535047 -0.11010407 -0.11290107 -0.11381542 -0.11603162]",-0.157270550727844,-0.116031620000058,0.323743030000003,"[0.27859825 0.2844587  0.28481966 0.28557819 0.28697795]","[0.33197951 0.32946794 0.32374303 0.32475019 0.33165576]",0.278598248958588,2,"19443_1,1,1_0.141_True",0.716695288382563,0.688468084313738
"dcgat-agm002179646","(0, 1, 0)",0,"Cd-0.5-Pd-0.5","True","[1.27382851 1.27678823 1.2777946  1.27832246 1.28279209]","[1.4243627  1.43103883 1.42953854 1.43006154 1.42445622]",1.27382850646973,1.42436269999996,"[-0.85720515 -0.85092419 -0.85024333 -0.84994715 -0.84901279]","[-0.83911613 -0.75177792 -0.7514848  -0.74616712 -0.80883658]",-0.857205152511597,-0.839116130000008,"[-0.21745408 -0.21691191 -0.216874   -0.21668833 -0.21663409]","[-0.14825887 -0.15339604 -0.14932911 -0.14487371 -0.14456525]",-0.217454075813293,-0.15339603999999,"[0.23177683 0.23929805 0.24032193 0.24210066 0.24495703]","[0.30324464 0.30886113 0.33096507 0.30072504 0.30098896]",0.231776833534241,0.300725039999975,"[-0.17458391 -0.17407846 -0.17397016 -0.17376268 -0.17356771]","[-0.11338165 -0.11178469 -0.11487239 -0.11248143 -0.11463618]",-0.174583911895752,-0.114872390000016,0.452366139999981,"[0.49710053 0.4983291  0.49930078 0.49938542 0.50087959]","[0.4549071  0.4565949  0.46108323 0.45526    0.45236614]",0.497100532054901,2,"31812_0,1,0_0.0_True",0.724905484046354,0.361592285989587
"dcgat-agm002335359","(1, 1, 0)",0.0841934136357915,"Cu-0.889-Pd-0.111","False","[-0.04505169 -0.04331529 -0.04330468 -0.04263628 -0.04001313]","[0.09809557 0.09923837 0.09737478 0.09867536 0.09793065]",-0.0450516939163208,0.0973747799999955,"[-0.98204881 -0.98180801 -0.98083591 -0.98017597 -0.97974277]","[-0.89904114 -0.89791026 -0.89719704 -0.89738732 -0.89652652]",-0.982048809528351,-0.899041140000009,"[-0.29238573 -0.28948796 -0.28893456 -0.28874612 -0.28840649]","[-0.25408425 -0.2526895  -0.25596105 -0.2520678  -0.25324687]",-0.29238572716713,-0.255961049999996,"[-0.37962303 -0.37727135 -0.37619209 -0.37589213 -0.37578651]","[-0.31767101 -0.31545716 -0.31896185 -0.32251979 -0.31539072]",-0.379623025655746,-0.322519790000001,"[-0.1526562  -0.15158546 -0.15074557 -0.15049773 -0.15009028]","[-0.10268675 -0.10741707 -0.10394954 -0.10460313 -0.10725003]",-0.152656197547913,-0.107417070000054,0.328781950000007,"[0.26185721 0.26654702 0.26698977 0.26724833 0.2675578 ]","[0.32986604 0.32878195 0.3288416  0.32960494 0.32914579]",0.261857211589813,2,"33358_1,1,0_0.084_False",1.22187436670433,0.18196101164118
"dcgat-agm002146077","(0, 0, 1)",0,"Cd-0.25-Cu-0.75","True","[0.27746755 0.27995962 0.28010076 0.28164464 0.28248137]","[0.42729298 0.42836308 0.42576761 0.4260109  0.42601118]",0.277467548847199,0.42576760999998,"[-0.50643104 -0.50368738 -0.50345826 -0.50334883 -0.50316197]","[-0.40301095 -0.40238531 -0.40184099 -0.39806479 -0.40283841]",-0.506431043148041,-0.403010949999981,"[0.09413445 0.09717619 0.09923738 0.10060483 0.10282546]","[0.14291913 0.12841876 0.14181979 0.13922579 0.12884781]",0.0941344499588012,0.128418760000017,"[0.16824096 0.17105085 0.17421424 0.17606258 0.1853351 ]","[0.18163788 0.18609593 0.19249606 0.19242552 0.16893779]",0.168240964412689,0.168937790000001,"[-0.11235392 -0.10950023 -0.10847086 -0.10753781 -0.107292  ]","[-0.10366058 -0.10098654 -0.10249719 -0.10244995 -0.10389614]",-0.112353920936584,-0.103896139999989,0.115156560000003,"[0.15151227 0.15691733 0.16072518 0.16119003 0.16402411]","[0.11740959 0.11516008 0.11593128 0.11544719 0.11515656]",0.151512265205383,2,"21339_0,0,1_0.0_True",0.839212879638539,0.50607774684101
"dcgat-agm003765842","(1, 0, 0)",0.166666666666667,"Au-0.125-Cu-0.125-Zn-0.75","True","[0.54950494 0.56380326 0.59066731 0.61692494 0.71816915]","[0.46880932 0.46793518 0.46177679 0.45254773 0.71867721]",0.549504935741425,0.452547730000006,"[-0.69336528 -0.68053281 -0.67549676 -0.67117912 -0.64941329]","[-0.608137   -0.65680344 -0.61541562 -0.63813816 -0.54302919]",-0.693365275859833,-0.656803440000005,"[-0.28971425 -0.14994532 -0.14663094 -0.13626105 -0.11904854]","[-0.41758017 -0.32952694 -0.07179593 -0.11607183 -0.15138495]",-0.289714246988297,-0.417580170000008,"[-0.26818043 -0.25944871 -0.19073492 -0.18881583 -0.18334502]","[-0.30533288 -0.30581563 -0.34062755 -0.21222059 -0.20840253]",-0.268180429935455,-0.340627549999994,"[-0.1086548  -0.07986391 -0.06854528 -0.06549126 -0.0652405 ]","[-0.10275257 -0.01511689 -0.02320878 -0.0421716  -0.02646439]",-0.108654797077179,-0.102752569999993,-0.384177080000001,"[-0.35756704 -0.3347255  -0.32495183 -0.32095012 -0.31317097]","[-0.38417708 -0.3362716  -0.32768533 -0.3347304  -0.32026597]",-0.35756704211235,3,"20454_1,0,0_0.167_True",0.774700160855686,1
"dcgat-agm003677438","(1, 0, 0)",0.25,"Au-0.5-In-0.083-Pd-0.417","True","[-0.42336169 -0.42173809 -0.42112795 -0.42012918 -0.41494226]","[-0.34761835 -0.34845096 -0.34878706 -0.34873969 -0.34836548]",-0.42336168885231,-0.348787059999978,"[-1.09285355 -1.08901    -1.08802617 -1.08731437 -1.08654904]","[-1.10326905 -1.10151745 -1.10306752 -1.10269605 -1.10182641]",-1.09285354614258,-1.10326904999999,"[-0.54594243 -0.54447871 -0.54210484 -0.54165846 -0.54018605]","[-0.57731306 -0.58032821 -0.5777065  -0.57885742 -0.57536478]",-0.545942425727844,-0.580328210000005,"[-0.54216319 -0.53554064 -0.51971447 -0.51069403 -0.49448663]","[-0.43659483 -0.49586284 -0.45094016 -0.3947389  -0.37934596]",-0.542163193225861,-0.495862839999973,"[-0.1269592  -0.12620962 -0.12608212 -0.12489992 -0.12477887]","[-0.099824   -0.10159646 -0.10154716 -0.09818617 -0.10145292]",-0.126959204673767,-0.101596459999996,0.624488180000014,"[0.57091397 0.57630605 0.57807487 0.57843775 0.57927006]","[0.62984876 0.6254005  0.62590316 0.62448818 0.62776191]",0.570913970470429,3,"20998_1,0,0_0.25_True",0.900855852704347,0.0664148590677258
"dcgat-agm003200086","(1, 1, 1)",0.179824168483631,"Au-0.5-Cu-0.5","True","[0.56109685 0.56358272 0.57480937 0.57643539 0.58369249]","[0.8385783  0.83862475 0.841299   0.84131718 0.83965643]",0.561096847057343,0.838578299999995,"[-0.95175165 -0.94907856 -0.94799924 -0.94758403 -0.94696766]","[-0.83995665 -0.84295431 -0.84524347 -0.84382999 -0.84365582]",-0.95175164937973,-0.845243469999986,"[-0.44828436 -0.44379032 -0.44321162 -0.44252214 -0.43995953]","[-0.32553944 -0.34061507 -0.34313707 -0.34689516 -0.36640727]",-0.448284357786179,-0.366407269999996,"[-0.57392067 -0.56270289 -0.56223452 -0.56138188 -0.55999547]","[-0.55133425 -0.55651958 -0.5626622  -0.55354644 -0.56467437]",-0.573920667171478,-0.564674370000006,"[-0.13185686 -0.13169396 -0.12872672 -0.12830484 -0.12792772]","[-0.09959103 -0.09958961 -0.09578977 -0.09457248 -0.09590975]",-0.131856858730316,-0.0995910299999991,-0.270380179999989,"[-0.29805762 -0.29643306 -0.29424167 -0.29400319 -0.29346752]","[-0.2676823  -0.27038018 -0.26894349 -0.26862248 -0.26737978]",-0.298057615756989,2,"32679_1,1,1_0.18_True",1.02701157037104,0
"dcgat-agm003289546","(0, 1, 0)",0.25,"Pd-0.429-Tl-0.571","True","[1.18361402 1.19448924 1.19898129 1.20385528 1.20570016]","[1.35013737 1.34462671 1.34721798 1.34257487 1.38975751]",1.18361401557922,1.34257486999999,"[-1.31410921 -1.30431986 -1.30113232 -1.29867864 -1.29842126]","[-1.08325338 -1.0852876  -1.08628989 -1.07769097 -1.08230186]",-1.31410920619965,-1.08628989000002,"[-1.03107893 -0.50730354 -0.44796991 -0.44254833 -0.42846411]","[ 1.41049229  1.55046116 -0.32872251 -0.33060971 -0.34199438]",-1.03107893466949,-0.341994380000045,"[-0.47905743 -0.4410007  -0.43730801 -0.38935083 -0.38596356]","[-0.23107169 -0.22841938 -0.22260004 -0.22810275 -0.20552598]",-0.479057431221008,-0.231071689999993,"[-0.29530728 -0.2908566  -0.2890552  -0.28887549 -0.2844356 ]","[-0.08571334 -0.09293968 -0.09637156 -0.09094793 -0.09290625]",-0.295307278633118,-0.0963715600000227,0.457830959999995,"[0.33217329 0.33690554 0.3450051  0.35760754 0.36316651]","[0.47072258 0.46216525 0.47040441 0.45783096 0.46786752]",0.3321732878685,2,"31523_0,1,0_0.25_True",0.437165154651878,1
"dcgat-agm003341738","(0, 1, 0)",0.25,"Au-0.222-Cu-0.333-Zn-0.444","True","[0.31495517 0.3188948  0.31972283 0.3200354  0.32014078]","[0.27572105 0.27696455 0.27676366 0.27404376 0.27730708]",0.314955174922943,0.274043760000012,"[-0.81490201 -0.81412613 -0.81391072 -0.8133055  -0.81311959]","[-0.70535024 -0.70591321 -0.70444812 -0.70516783 -0.70513695]",-0.814902007579804,-0.705913209999977,"[-0.88197839 -0.36338484 -0.35752812 -0.35652727 -0.35648677]","[ 1.51483127 -0.26129128 -0.25791558 -0.26528392 -0.26419797]",-0.881978392601013,-0.265283920000002,"[-0.45129621 -0.45079175 -0.44271499 -0.44082218 -0.43044558]","[-0.37818674 -0.3757844  -0.37466479 -0.37928247 -0.37527589]",-0.451296210289001,-0.379282469999964,"[-0.15950644 -0.06841916 -0.02671593 -0.02473623 -0.01931816]","[-0.09564583 -0.03894563 -0.00412886 -0.00247487  0.00026311]",-0.159506440162659,-0.0956458299999951,-0.248347029999991,"[-0.22774047 -0.22619814 -0.22605205 -0.22580886 -0.2240836 ]","[-0.24677238 -0.23482616 -0.23870784 -0.24834703 -0.23439238]",-0.227740466594696,3,"31723_0,1,0_0.25_True",0.914223529465939,0.0155616580667978
"dcgat-agm003194946","(2, 1, 1)",0.125,"Au-0.2-Cu-0.8","True","[1.05156326 1.05898428 1.05978894 1.0601263  1.06919193]","[1.23767129 1.23753662 1.23932608 1.11123501 1.11294935]",1.05156326293945,1.11123501,"[-0.54174799 -0.54079247 -0.54065108 -0.54020345 -0.53964037]","[-0.49792046 -0.49124394 -0.4979279  -0.4990428  -0.49550354]",-0.541747987270355,-0.499042800000012,"[0.06845546 0.07223177 0.09448451 0.09980738 0.10875076]","[0.1121739  0.11243953 0.15286294 0.15752076 0.15539594]",0.0684554576873779,0.112173899999959,"[0.0699569  0.08022624 0.08044952 0.09368026 0.09928608]","[0.07986045 0.08593099 0.08888715 0.09775054 0.10470706]",0.06995689868927,0.0798604500000124,"[-0.08390367 -0.08338225 -0.08133602 -0.08120269 -0.08086866]","[-0.09357833 -0.09448046 -0.09391661 -0.09442238 -0.09450186]",-0.0839036703109741,-0.0945018600000082,0.138862099999983,"[0.11144704 0.11231732 0.11307716 0.11412537 0.11525905]","[0.1388621  0.14003096 0.13961523 0.1389283  0.13975175]",0.111447036266327,2,"30368_2,1,1_0.125_True",0.930134969882506,0.929775379778699
"dcgat-agm003289962","(2, 1, 0)",0.125,"Pd-0.429-Zn-0.571","True","[0.59495109 0.59641844 0.60199863 0.60318381 0.60493356]","[0.71603073 0.71272118 0.71369685 0.71500637 0.71383665]",0.594951093196869,0.712721180000017,"[-1.28185797 -1.28059554 -1.2805779  -1.28048372 -1.28028035]","[-1.16439793 -1.15654304 -1.16195353 -1.16414672 -1.16023043]",-1.28185796737671,-1.16439793000001,"[-2.2200911  -1.8095274  -1.13054383 -0.56116784 -0.55852187]","[ 1.36717155  1.53761132  1.52067291 -0.48321311 -0.4860014 ]",-2.22009110450745,-0.486001399999964,"[-0.53169197 -0.52850151 -0.51602983 -0.51391256 -0.49231014]","[-0.44503225 -0.44560465 -0.44162712 -0.43510187 -0.43444145]",-0.53169196844101,-0.445604650000007,"[-0.14889205 -0.14779884 -0.14744323 -0.14679903 -0.14578688]","[-0.0867669  -0.08935934 -0.09012032 -0.08888474 -0.08943821]",-0.148892045021057,-0.0901203199999827,-0.233503679999956,"[-0.27808717 -0.27476272 -0.27263924 -0.27209651 -0.27179846]","[-0.23350368 -0.23344834 -0.23237693 -0.22904231 -0.23113205]",-0.278087168931961,2,"32246_2,1,0_0.125_True",1.06374570563406,0.0130697585708404
"dcgat-agm003196022","(1, 1, 1)",0.0056778700668236,"Au-0.667-In-0.333","True","[1.51442266 1.51656103 1.52120614 1.53239799 1.54491043]","[1.09529732 1.03046612 1.03328444 1.27309725 1.29946096]",1.51442265510559,1.03046612,"[-0.19390285 -0.08079141 -0.07092541 -0.05681753 -0.04896754]","[-0.50900356 -0.36817381 -0.0125802  -0.00291819  0.00173509]",-0.193902850151062,-0.509003559999997,"[-2.03976822 -1.27446246 -0.07620758 -0.02761161 -0.00781423]","[ 1.63568346  1.56042084 -0.34698557 -0.37332268 -0.29646931]",-2.03976821899414,-0.37332268000003,"[0.35795861 0.36922711 0.37475723 0.38533837 0.38896853]","[ 0.31902384  0.18321803 -0.00814688  0.23717503  0.18040642]",0.357958614826202,-0.0081468799999981,"[0.21132571 0.21286124 0.21527046 0.21800041 0.22115612]","[-0.02288787 -0.08829286  0.00461884  0.03608341  0.14551897]",0.211325705051422,-0.0882928599999957,-0.026592700000009,"[0.18962854 0.19006497 0.19314438 0.19389725 0.19716728]","[-0.00219451 -0.0265927   0.11224388  0.00437618  0.01414311]",0.189628541469574,2,"26242_1,1,1_0.006_True",0.338925743111433,0.957980962640943
"oqmd-1338569","(2, 0, 1)",0.064,"Au-0.308-Cd-0.692","False","[1.62111402 1.63659883 1.7635541  1.77371001 1.77706051]","[1.37524862 1.3835466  1.6373906  1.84184787 1.87568049]",1.62111401557922,1.37524862000001,"[-0.62347078 -0.54926366 -0.53757429 -0.5051291  -0.47488624]","[-0.70714892 -0.79645857 -0.75819195 -0.8185715  -0.39953649]",-0.623470783233643,-0.81857149999999,"[-0.2726846  -0.26079416 -0.26042825 -0.26042819 -0.25899941]","[-0.56272377 -0.30354501 -0.59857508 -0.38920945 -0.37189903]",-0.27268460392952,-0.598575079999989,"[-0.05561471 -0.05520803 -0.05123407 -0.04295599 -0.03722566]","[-0.11599524 -0.06150716 -0.34062153 -0.09715876 -0.20635664]",-0.0556147098541259,-0.340621530000021,"[0.08817965 0.12477392 0.18557417 0.1879974  0.19033146]","[-0.07988683 -0.08428331  0.18261579  0.02456453  0.01857475]",0.0881796479225158,-0.0842833099999893,-0.415424490000021,"[-0.2097463  -0.20423144 -0.19911504 -0.19711393 -0.18517625]","[-0.41542449 -0.37430036 -0.40414362 -0.32852627 -0.17096131]",-0.209746301174164,2,"15884_2,0,1_0.064_False",0.504245474162319,0
"dcgat-agm003414180","(1, 1, 0)",0.25,"Ag-0.167-Cd-0.5-Pd-0.333","True","[0.98031622 0.98185557 0.98440605 0.98457438 0.9850958 ]","[1.0274705  1.02657221 1.02478406 1.02366709 1.02501372]",0.98031622171402,1.02366709,"[-0.91983658 -0.91880548 -0.91873568 -0.91861498 -0.91826129]","[-0.89115055 -0.89138103 -0.89021718 -0.89119762 -0.89118813]",-0.919836580753326,-0.891381030000005,"[-0.21387076 -0.2138471  -0.21157473 -0.21156609 -0.21149695]","[-0.21749218 -0.22015547 -0.22107387 -0.21931357 -0.21426208]",-0.213870763778687,-0.221073870000012,"[0.14682865 0.19147253 0.19540638 0.1957224  0.19808155]","[0.17757273 0.23996564 0.24092268 0.23754272 0.24013607]",0.146828651428223,0.177572730000009,"[-0.11396623 -0.11352515 -0.11149198 -0.11148083 -0.11086386]","[-0.08028135 -0.08004945 -0.08107653 -0.07988968 -0.08036258]",-0.113966226577759,-0.0810765300000042,0.295467619999997,"[0.28322846 0.28401321 0.28473932 0.28483802 0.28504115]","[0.29942425 0.2970249  0.29623918 0.29546762 0.29558432]",0.28322845697403,3,"16933_1,1,0_0.25_True",0.696558135749446,0.0057618054505859
"dcgat-agm003289222","(1, 1, 1)",0.16680549360109,"Cu-0.812-Zn-0.188","False","[0.53580362 0.53867728 0.53884667 0.54261726 0.54965132]","[0.81835107 0.81848208 0.81908727 0.81880633 0.85361963]",0.535803616046906,0.818351069999949,"[-0.58194178 -0.57599676 -0.57536721 -0.57460332 -0.57400548]","[-0.50958656 -0.50868179 -0.50916644 -0.50997162 -0.50836011]",-0.581941783428192,-0.509971620000044,"[0.11978447 0.12333632 0.127518   0.1362856  0.13836753]","[0.17287815 0.17262156 0.17141749 0.19196595 0.21337637]",0.119784474372864,0.17141749000001,"[0.12591684 0.14801937 0.1488713  0.15362185 0.16724068]","[0.16429087 0.19311403 0.18443257 0.18508944 0.19183114]",0.125916838645935,0.164290869999945,"[-0.10435987 -0.1021899  -0.10185659 -0.10114872 -0.10112888]","[-0.0809763  -0.08070666 -0.08053305 -0.07978788 -0.08060858]",-0.104359865188599,-0.0809763000000316,0.202196329999992,"[0.16080552 0.16402853 0.16536492 0.1674571  0.16746616]","[0.20309722 0.20233742 0.20219633 0.20346502 0.20366502]",0.160805523395538,2,"29419_1,1,1_0.167_False",0.99459544253817,1
"dcgat-agm003679570","(1, 0, 0)",0.125552373751355,"Au-0.077-Cu-0.385-Zn-0.538","False","[0.360807   0.36129159 0.36169142 0.36270863 0.36514324]","[0.544273   0.54619242 0.54260447 0.55799854 0.54722931]",0.360807001590729,0.542604470000001,"[-1.06433702 -1.05840087 -1.05509114 -1.05479407 -1.05041683]","[-0.87869138 -0.87658693 -0.88088544 -0.88299277 -0.88511215]",-1.06433701515198,-0.885112150000012,"[-0.57176667 -0.55845183 -0.5570268  -0.55616969 -0.53740454]","[-0.38658499 -0.38330663 -0.38497512 -0.38460153 -0.36733713]",-0.571766674518585,-0.386584990000003,"[-0.47513127 -0.47294489 -0.47010991 -0.46777123 -0.46645358]","[-0.50109314 -0.48775827 -0.45252655 -0.49473271 -0.4959873 ]",-0.475131273269653,-0.501093139999995,"[-0.17859578 -0.17755139 -0.17544883 -0.17495936 -0.17446691]","[-0.08050747 -0.0745301  -0.07693355 -0.0710016  -0.05384197]",-0.178595781326294,-0.0805074700000005,-0.200088840000006,"[-0.24979067 -0.24087942 -0.23659563 -0.23652661 -0.23389703]","[-0.12637809 -0.12967282 -0.19529269 -0.19796289 -0.20008884]",-0.249790668487549,3,"32186_1,0,0_0.126_False",0.930295707809491,1
"mp-865232","(1, 1, 0)",0.125,"Au-0.25-Pd-0.5-Tl-0.25","True","[0.79835385 0.85328358 0.86094815 0.87249988 0.87628716]","[0.93907373 0.85493519 0.85124522 0.85105288 0.8563008 ]",0.798353850841522,0.851052880000026,"[-0.83203554 -0.82985979 -0.82826054 -0.82751691 -0.823892  ]","[-0.8127368  -0.81339111 -0.81046443 -0.81044778 -0.81176693]",-0.832035541534424,-0.813391109999998,"[-0.24724543 -0.24707341 -0.2454406  -0.2446745  -0.24459422]","[-0.20841179 -0.21042564 -0.20697793 -0.20449764 -0.20953012]",-0.24724543094635,-0.210425640000011,"[0.00691873 0.0244506  0.02516162 0.02640265 0.04897445]","[0.08565672 0.08436176 0.0810174  0.07873699 0.09758212]",0.006918728351593,0.0787369900000101,"[-0.10238981 -0.10160649 -0.09870481 -0.09761268 -0.09741724]","[-0.07987641 -0.08005072 -0.07647664 -0.07733278 -0.07474373]",-0.102389812469482,-0.0800507200000026,0.862857079999998,"[0.81944495 0.82073468 0.82156688 0.82658321 0.82664448]","[0.86456789 0.86285708 0.8684926  0.8636148  0.86319356]",0.819444954395294,3,"10531_1,1,0_0.125_True",0.614653296975146,1
"dcgat-agm003466381","(1, 0, 0)",0.25,"Au-0.25-Cu-0.625-Zn-0.125","True","[0.22066647 0.22170234 0.22292739 0.22581357 0.22842222]","[0.34378425 0.34537481 0.34380307 0.33923557 0.34107947]",0.220666468143463,0.33923557,"[-0.61194944 -0.608518   -0.60400695 -0.60257041 -0.60249501]","[-0.54727731 -0.546539   -0.5116478  -0.51473875 -0.54717753]",-0.611949443817139,-0.547277309999998,"[-0.07717252 -0.07106    -0.06786036 -0.0450592  -0.02785283]","[ 0.01530781  0.01454211  0.02020611  0.06512729 -0.00215501]",-0.0771725177764892,-0.002155010000024,"[-0.41444975 -0.31366086 -0.30446133 -0.30211952 -0.30064979]","[-0.33982993 -0.21959348 -0.21968352 -0.21918612 -0.20843767]",-0.414449751377106,-0.339829929999979,"[-0.09913909 -0.09895593 -0.09856957 -0.09787005 -0.0971576 ]","[-0.07661068 -0.07833734 -0.07759352 -0.07804665 -0.07740661]",-0.0991390943527221,-0.0783373399999902,0.0833877199999904,"[0.02678454 0.02913004 0.03031689 0.03051996 0.03133786]","[0.08960786 0.08472156 0.08556442 0.0852578  0.08338772]",0.0267845392227172,3,"18647_1,0,0_0.25_True",0.953959718095768,0.835335655730108
"mp-1652","(1, 0, 1)",0.25,"Pd-0.5-Zn-0.5","True","[1.37044907 1.37520385 1.37803411 1.37842298 1.37919617]","[1.60343868 1.60642666 1.60231917 1.6038813  1.6029189 ]",1.37044906616211,1.60231916999999,"[-0.82199192 -0.82179117 -0.82097757 -0.82092834 -0.82062149]","[-0.67288801 -0.67289366 -0.67342963 -0.67294811 -0.67469084]",-0.821991920471191,-0.674690839999983,"[-0.17800838 -0.17721176 -0.17472333 -0.17395484 -0.1737957 ]","[-0.13302906 -0.12727033 -0.13010905 -0.13041387 -0.13177316]",-0.178008377552032,-0.133029059999984,"[0.16373122 0.16504508 0.16663629 0.16771615 0.17575443]","[0.17109393 0.16819536 0.16635732 0.1677898  0.17206608]",0.163731217384338,0.166357320000003,"[-0.13044584 -0.13033307 -0.13005507 -0.12965739 -0.12827903]","[-0.07649619 -0.07827694 -0.07648376 -0.07791803 -0.07776357]",-0.130445837974548,-0.0782769399999949,0.253472130000006,"[0.22591686 0.22635067 0.22868347 0.22917402 0.22918701]","[0.25417808 0.25347213 0.25380976 0.25732277 0.25463392]",0.225916862487793,2,"1115_1,0,1_0.25_True",0.97590667298218,0.750065612468284
"oqmd-1142417","(1, 1, 0)",0.125,"Ag-0.5-Au-0.25-Pd-0.25","True","[0.67358369 0.67534631 0.68120939 0.68487626 0.68503398]","[0.64340425 0.64331031 0.64212008 0.64342167 0.64331628]",0.673583686351776,0.642120080000012,"[-1.0599916  -1.05905819 -1.05788887 -1.05672193 -1.05658722]","[-1.0863449  -1.08458539 -1.08317254 -1.08662442 -1.08253004]",-1.05999159812927,-1.08662441999999,"[-0.41012928 -0.40696573 -0.40621793 -0.40592706 -0.40582576]","[-0.47781282 -0.47282183 -0.47701801 -0.47473087 -0.46948874]",-0.410129278898239,-0.477812819999997,"[0.07061654 0.07569832 0.08731741 0.09298658 0.15778035]","[-0.06737355 -0.07196747 -0.05144316 -0.05405448  0.03685979]",0.0706165432929992,-0.0719674699999757,"[-0.01551163 -0.01432151 -0.01305908 -0.01233977 -0.00966692]","[-0.06566647 -0.06885164 -0.06696483 -0.06524949 -0.06544453]",-0.0155116319656372,-0.0688516399999912,0.735884020000015,"[0.71417242 0.71515435 0.7153967  0.71559221 0.7156834 ]","[0.73588402 0.73867994 0.74418704 0.73890899 0.75034684]",0.714172422885895,3,"12912_1,1,0_0.125_True",0.697652979773481,1
"dcgat-agm001219115","(1, 1, 1)",0,"Ag-0.5-Cd-0.25-Pd-0.25","True","[1.82737803 1.82751918 1.83084655 1.83478451 1.83614421]","[1.88998508 1.88762187 1.89658458 1.89073895 1.88649193]",1.82737803459167,1.88649192999999,"[-0.97774959 -0.97672111 -0.97612381 -0.97611296 -0.97563291]","[-0.94350299 -0.93832598 -0.94363318 -0.9429755  -0.94400652]",-0.977749586105347,-0.944006520000016,"[-0.26241657 -0.26206884 -0.26177952 -0.26151645 -0.2614269 ]","[-0.27303557 -0.27793414 -0.2784451  -0.27633498 -0.27520998]",-0.262416571378708,-0.278445100000027,"[0.27885777 0.28038782 0.28219336 0.28349668 0.28496331]","[0.27641883 0.27991589 0.27837245 0.27624385 0.28667017]",0.27885776758194,0.276243850000014,"[-0.04442978 -0.04434586 -0.04316998 -0.0429064  -0.04281813]","[-0.06428503 -0.0650849  -0.06489066 -0.06501524 -0.06443685]",-0.0444297790527343,-0.0650849000000022,0.588403249999999,"[0.57389289 0.57538456 0.57547635 0.57608122 0.57642883]","[0.58964817 0.58973377 0.58840325 0.5899166  0.58887092]",0.573892891407013,3,"20018_1,1,1_0.0_True",0.657187133755771,0.7700223584394
"dcgat-agm003264513","(1, 1, 0)",0.0624999999999999,"Au-0.125-Cu-0.875","False","[0.61450189 0.61530119 0.61637694 0.61702424 0.61843318]","[0.42168171 0.42167821 0.42203876 0.42052328 0.42253919]",0.614501893520355,0.420523279999998,"[-0.75225401 -0.75178075 -0.75111789 -0.75083011 -0.75047404]","[-0.65950483 -0.65654109 -0.65762104 -0.65981992 -0.66246594]",-0.752254009246826,-0.662465940000061,"[-0.17081416 -0.16730231 -0.16270453 -0.16179973 -0.16058189]","[-0.13919532 -0.13655276 -0.1382026  -0.13566664 -0.1373907 ]",-0.170814156532288,-0.139195319999999,"[-0.41019851 -0.40605646 -0.40564466 -0.40425247 -0.40325651]","[-0.43128569 -0.42831084 -0.43082232 -0.43047739 -0.42964   ]",-0.410198509693146,-0.431285690000038,"[-0.0608784  -0.05879015 -0.05877358 -0.0587008  -0.05817699]","[-0.06264251 -0.06203384 -0.06102258 -0.06269488 -0.06168209]",-0.0608783960342407,-0.0626948800000377,-0.0835361299999704,"[-0.08325452 -0.08263642 -0.08229417 -0.0814811  -0.0808242 ]","[-0.08353613 -0.08171704 -0.08160476 -0.08267993 -0.08211752]",-0.0832545161247253,2,"34486_1,1,0_0.062_False",1.17457843489219,0.562641067586073
"dcgat-agm003289104","(2, 1, 2)",0.416666666666667,"Ag-0.778-Pd-0.222","True","[0.39852923 0.41578656 0.4353711  0.44204837 0.44897634]","[0.74361298 0.74651713 0.7454061  0.74604953 0.74512331]",0.398529231548309,0.743612980000023,"[-1.25415635 -1.25270057 -1.25164652 -1.25120282 -1.251109  ]","[-1.22424883 -1.22464643 -1.2252337  -1.2241814  -1.2262861 ]",-1.25415635108948,-1.22628609999998,"[-0.55943334 -0.55836344 -0.55658603 -0.55534965 -0.55360436]","[-0.53984415 -0.54100407 -0.54046053 -0.52926444 -0.54113819]",-0.559433341026306,-0.541138190000027,"[-0.15126753 -0.14328432 -0.14140743 -0.14013994 -0.13744658]","[-0.14993799 -0.15424079 -0.15285822 -0.1443773  -0.15343015]",-0.151267528533936,-0.154240789999989,"[-0.07756722 -0.07557541 -0.07357436 -0.07251436 -0.07246166]","[-0.05974472 -0.05799937 -0.05654178 -0.05879364 -0.05973874]",-0.0775672197341919,-0.0597447199999976,0.541096479999993,"[0.53360623 0.53581148 0.53602284 0.53662258 0.53665513]","[0.54215939 0.54218031 0.54109648 0.54305624 0.57079639]",0.533606231212616,2,"25971_2,1,2_0.417_True",0.700174253847893,0.666238282761577
"dcgat-agm003166233","(2, 2, 1)",0.05,"Ag-0.25-Au-0.25-Cu-0.5","True","[1.15370607 1.1563108  1.15917015 1.17385244 1.17521882]","[1.19910896 1.20114146 1.20014741 1.19823187 1.19861071]",1.15370607376099,1.19823186999997,"[-0.80647349 -0.80630058 -0.80627137 -0.80606937 -0.80595934]","[-0.70940355 -0.71024445 -0.70885901 -0.71109316 -0.70829559]",-0.80647349357605,-0.71109315999999,"[-0.26221797 -0.25780097 -0.25705293 -0.25643912 -0.2562471 ]","[-0.28156836 -0.27784584 -0.27924712 -0.27954175 -0.27697448]",-0.262217968702316,-0.281568359999994,"[-0.31629038 -0.29589987 -0.28890517 -0.28770798 -0.28758076]","[-0.37268396 -0.3110892  -0.31457682 -0.31450989 -0.31291904]",-0.316290378570557,-0.372683960000018,"[-0.03248477 -0.03214431 -0.03175223 -0.03122449 -0.03053576]","[-0.05799604 -0.05852851 -0.05879646 -0.05857063 -0.05388769]",-0.0324847698211669,-0.0587964599999963,-0.136760370000019,"[-0.12868845 -0.12530595 -0.12506682 -0.12478399 -0.12299657]","[-0.13637526 -0.13570493 -0.13496646 -0.13203404 -0.13676037]",-0.128688454627991,3,"28278_2,2,1_0.05_True",0.852143433129653,0.827067810049574
"dcgat-agm003264510","(2, 2, 1)",0.106028405504847,"Au-0.375-Cu-0.625","True","[1.1391027  1.14280772 1.14837909 1.14920616 1.15360546]","[1.21955136 1.2189819  1.21968437 1.21771721 1.2196262 ]",1.13910269737244,1.21771721000002,"[-0.55900073 -0.55791336 -0.55675411 -0.55639136 -0.55561602]","[-0.47851785 -0.4791975  -0.47788344 -0.48107984 -0.47981589]",-0.559000730514526,-0.481079840000007,"[0.00394088 0.00676996 0.0081327  0.01061344 0.01283646]","[0.0552935  0.0481136  0.05164086 0.05013354 0.05588864]",0.0039408802986145,0.0481135999999651,"[0.10099459 0.13149768 0.16082835 0.16338277 0.18913782]","[0.13884159 0.16142917 0.17977552 0.17700804 0.19195986]",0.10099458694458,0.138841590000027,"[-0.07364708 -0.0719142  -0.07104284 -0.07101935 -0.07087052]","[-0.05598642 -0.05398742 -0.05714582 -0.05633711 -0.0567591 ]",-0.0736470818519592,-0.0571458199999881,0.115742170000004,"[0.07498944 0.07548571 0.07551557 0.0760709  0.07633197]","[0.11631031 0.11574217 0.11649967 0.11601024 0.11697231]",0.0749894380569458,2,"28952_2,2,1_0.106_True",0.818989882771071,0.877493074446575
"dcgat-agm003643368","(1, 1, 0)",0.25,"Ag-0.4-Au-0.5-Pd-0.1","True","[-0.0279628  -0.02678788 -0.02393192 -0.02162653 -0.01942408]","[-0.03664803 -0.03970734 -0.03974748 -0.03990114 -0.03812369]",-0.0279628038406372,-0.0399011400000119,"[-1.01138973 -1.00798583 -1.00779927 -1.00775361 -1.00637746]","[-1.00349016 -1.00705877 -1.00600411 -1.00515433 -1.00263633]",-1.01138973236084,-1.00705876999999,"[-0.4710184  -0.467448   -0.46554649 -0.46160859 -0.46086016]","[-0.5291728  -0.52958422 -0.52854397 -0.52852812 -0.52785057]",-0.471018403768539,-0.529584219999975,"[-0.25744519 -0.25703183 -0.24445331 -0.24014789 -0.0497635 ]","[-0.39735504 -0.39708114 -0.39186175 -0.39979006 -0.11716078]",-0.257445186376572,-0.399790059999987,"[-0.01004583 -0.00920022 -0.00867927 -0.00860929 -0.00856179]","[-0.05636338 -0.05667247 -0.05534594 -0.05643819 -0.05691295]",-0.0100458264350891,-0.0569129499999974,0.812293720000014,"[0.78934675 0.7899701  0.79015571 0.79091018 0.79144877]","[0.81229372 0.81428171 0.81239873 0.81479771 0.81383622]",0.789346754550934,3,"34372_1,1,0_0.25_True",0.708028811788075,1
"dcgat-agm003642720","(2, 1, 0)",0.0833333333333332,"Au-0.5-Cu-0.4-Zn-0.1","True","[0.69760126 0.71052557 0.71919578 0.7271468  0.72949725]","[0.54026138 0.55472664 0.53804047 0.53930103 0.47629618]",0.69760125875473,0.476296179999963,"[-0.89929664 -0.89793408 -0.89416939 -0.89335829 -0.89320058]","[-0.8135972  -0.81029696 -0.81117111 -0.81159922 -0.80836733]",-0.899296641349793,-0.813597200000004,"[-0.36199468 -0.35559395 -0.34344229 -0.32211676 -0.31866476]","[-0.39331876 -0.39087178 -0.38979512 -0.34213667 -0.34850649]",-0.361994683742523,-0.39331876,"[-0.3875106  -0.36488244 -0.35325855 -0.34392974 -0.34103972]","[-0.46412515 -0.411794   -0.41110319 -0.40849434 -0.4068355 ]",-0.387510597705841,-0.464125150000029,"[-0.02704054 -0.02503264 -0.024993   -0.02411658 -0.02408546]","[-0.05625872 -0.0538108  -0.05374634 -0.0512709  -0.0513762 ]",-0.0270405411720275,-0.0562587200000166,-0.454581340000004,"[-0.36341786 -0.31113678 -0.30693024 -0.30592409 -0.30303296]","[-0.45458134 -0.34750783 -0.36448385 -0.3676414  -0.35969441]",-0.363417863845825,3,"19056_2,1,0_0.083_True",0.893043992740528,0
"dcgat-agm003204270","(1, 0, -2)",0.0085854709748753,"Ag-0.833-Cu-0.167","False","[1.21008062 1.21069789 1.2124598  1.21322632 1.21407366]","[1.11822997 1.13382918 1.11596523 1.11412025 1.13036029]",1.21008062362671,1.11412024999999,"[-0.83276856 -0.83233249 -0.83140463 -0.83077276 -0.83069575]","[-0.72035587 -0.71896108 -0.71745018 -0.71890749 -0.71686278]",-0.832768559455872,-0.720355870000049,"[-0.8864395  -0.32219005 -0.31931424 -0.3171441  -0.31407258]","[ 1.4455057  -0.32907805 -0.33136395 -0.32719803 -0.33071113]",-0.886439502239227,-0.331363949999968,"[-0.39760974 -0.39617646 -0.39371952 -0.39247587 -0.39174575]","[-0.43199443 -0.43264861 -0.42762184 -0.42886497 -0.41916272]",-0.397609740495682,-0.432648610000001,"[-0.06601608 -0.06408983 -0.06378192 -0.06235349 -0.06188017]","[-0.05434702 -0.05528184 -0.05522255 -0.05380321 -0.05395136]",-0.0660160779953002,-0.0552818400000205,-0.20612553999996,"[-0.15792483 -0.15418851 -0.15378344 -0.15367097 -0.15331584]","[-0.2009527  -0.205638   -0.20213849 -0.20612554 -0.19195727]",-0.157924830913544,2,"19422_1,0,-2_0.009_False",0.684918559833196,0.407692883880482
"dcgat-agm003327920","(1, 0, 0)",0.25,"Ag-0.375-Au-0.375-Pd-0.25","True","[-0.23779333 -0.2356751  -0.23433739 -0.23429477 -0.23330224]","[-0.14764294 -0.15063366 -0.15101255 -0.15044332 -0.1502899 ]",-0.237793326377869,-0.15101254999999,"[-1.12671375 -1.12590885 -1.12399435 -1.12303627 -1.12273121]","[-1.10476073 -1.10465943 -1.10234531 -1.10471149 -1.10556695]",-1.12671375274658,-1.10556695,"[-0.5221045  -0.51971531 -0.51849186 -0.51731175 -0.51710945]","[-0.53993124 -0.54094062 -0.53968142 -0.53882404 -0.54037705]",-0.522104501724243,-0.540940620000015,"[-0.4011803  -0.40038925 -0.39485177 -0.39383432 -0.3923178 ]","[-0.36349887 -0.37047159 -0.37146606 -0.37095618 -0.37042047]",-0.401180297136307,-0.37146605999996,"[-0.08544701 -0.08150738 -0.0803557  -0.07965881 -0.07938731]","[-0.02972196 -0.02863757 -0.05433148 -0.05332304 -0.02797464]",-0.0854470133781433,-0.0543314800000018,0.804888120000015,"[0.80317503 0.80360752 0.805767   0.8068909  0.80973893]","[0.80732106 0.80711469 0.80488812 0.80629487 0.80949264]",0.803175032138825,3,"26647_1,0,0_0.25_True",0.800673831948682,0.480046188928772
"oqmd-1340415","(1, 2, 1)",0.207,"Cd-0.667-Pd-0.333","False","[-0.88349259 -0.64897877  1.14174819  1.14430165  1.15002298]","[4.21398938 5.85059876 1.15004252 1.14973272 1.15318738]",-0.883492588996887,1.14973272,"[-1.28415585 -1.27930617 -1.27747011 -1.27449334 -1.27168512]","[-1.24152644 -1.22607881 -1.24046249 -1.21364506 -1.22305835]",-1.28415584564209,-1.24152643999997,"[-0.54602385 -0.54054987 -0.5353775  -0.53071237 -0.53057921]","[-0.50488035 -0.51502002 -0.51179446 -0.52381345 -0.50431471]",-0.546023845672607,-0.523813449999977,"[-0.25933653 -0.22569728 -0.21421045 -0.14641631 -0.13625753]","[-0.22578982 -0.19532986 -0.18535405 -0.08517148 -0.0879682 ]",-0.259336531162262,-0.225789820000017,"[-0.09300131 -0.09041673 -0.08974129 -0.08283675 -0.08195496]","[-0.05230147 -0.04996142 -0.05390161 -0.0428786  -0.04961964]",-0.0930013060569763,-0.0539016099999969,-0.137146350000023,"[-0.13641274 -0.13519263 -0.13337535 -0.13145542 -0.13126034]","[-0.13553181 -0.13366466 -0.13714635 -0.13111006 -0.13484242]",-0.136412739753723,2,"16120_1,2,1_0.207_False",0.70469232777996,0
"dcgat-agm003416204","(1, 1, 0)",0.25,"Au-0.167-Cd-0.5-Pd-0.333","True","[0.89565295 0.89901477 0.90006477 0.90125114 0.90283853]","[0.93970924 0.93847944 0.93881459 0.93825077 0.93770141]",0.895652949810028,0.937701410000002,"[-0.92131639 -0.92115533 -0.9208926  -0.92079413 -0.92049128]","[-0.87579207 -0.87641278 -0.87108125 -0.87448017 -0.87279146]",-0.921316385269165,-0.87641278000001,"[-0.20521671 -0.2051968  -0.20507342 -0.20489985 -0.20454335]","[-0.18939764 -0.19155799 -0.18972874 -0.19078262 -0.19054694]",-0.205216705799103,-0.191557989999978,"[0.11159188 0.12380707 0.12672687 0.1717391  0.17312241]","[0.15694495 0.16282121 0.16560108 0.20759741 0.21429287]",0.111591875553131,0.156944949999996,"[-0.13455248 -0.13387555 -0.13353491 -0.13192445 -0.13186407]","[-0.04983691 -0.05092736 -0.05031431 -0.05161677 -0.0521204 ]",-0.134552478790283,-0.0521203999999926,0.410322489999999,"[0.3690806  0.37082416 0.37225753 0.37248689 0.37337202]","[0.41135896 0.41097381 0.41064624 0.41032249 0.4106832 ]",0.369080603122711,3,"20249_1,1,0_0.25_True",0.677595907747917,0.218385831474297
"dcgat-agm003299718","(1, 0, 0)",0.125,"Cu-0.875-Pd-0.125","True","[0.19299167 0.2034393  0.20786339 0.2080285  0.20973355]","[0.17479361 0.17903818 0.17526521 0.17347089 0.17910473]",0.192991673946381,0.173470890000004,"[-0.66793448 -0.66725683 -0.66724932 -0.667171   -0.66691077]","[-0.61111182 -0.61390646 -0.61519132 -0.61489247 -0.61583522]",-0.667934477329254,-0.61583521999998,"[-0.13403344 -0.13055587 -0.1285032  -0.12666082 -0.12632382]","[-0.11595056 -0.11865153 -0.11424562 -0.11560914 -0.11533748]",-0.134033441543579,-0.118651529999966,"[-0.53646588 -0.43735901 -0.43515223 -0.43412042 -0.43404114]","[-0.57714555 -0.47206588 -0.46999548 -0.47254254 -0.47183914]",-0.536465883255005,-0.577145550000012,"[-0.0708968  -0.07010871 -0.06967056 -0.06964678 -0.06891024]","[-0.05134871 -0.05038839 -0.04949241 -0.04919244 -0.05058381]",-0.0708968043327331,-0.0513487099999849,-0.0360730499999988,"[-0.01416004 -0.01392412 -0.01379579 -0.01056617 -0.0099051 ]","[-0.03607305 -0.03443706 -0.03431072 -0.03303907 -0.03540849]",-0.0141600370407104,2,"32223_1,0,0_0.125_True",1.23439093285934,1
"dcgat-agm003266903","(0, 0, 1)",0.25,"Cd-0.111-Cu-0.889","True","[0.09093058 0.09106845 0.0955503  0.09601575 0.09641963]","[-0.01253755 -0.01415349 -0.01468265 -0.01522798 -0.01398327]",0.0909305810928344,-0.0152279800000059,"[-0.72798151 -0.72778988 -0.72750264 -0.72737259 -0.72724789]","[-0.66528579 -0.66554299 -0.6645016  -0.66499613 -0.66567419]",-0.727981507778168,-0.665674190000019,"[-0.21485835 -0.21066308 -0.21035844 -0.2099843  -0.20959264]","[-0.18349022 -0.18463791 -0.18297931 -0.18327841 -0.17437198]",-0.21485835313797,-0.184637910000006,"[-0.41798571 -0.41143554 -0.38989773 -0.35191226 -0.34500083]","[-0.38125672 -0.38451754 -0.37099855 -0.28284119 -0.28202447]",-0.417985707521439,-0.384517540000019,"[-0.02850473 -0.02638912 -0.02579981 -0.02557969 -0.025159  ]","[-0.05035934 -0.04971555 -0.05091446 -0.04939362 -0.05013868]",-0.028504729270935,-0.0509144600000013,-0.0790236000000135,"[-0.06407803 -0.06382078 -0.06372404 -0.06343633 -0.06268018]","[-0.0780521  -0.07894049 -0.07885832 -0.0790236  -0.0789394 ]",-0.0640780329704284,2,"21176_0,0,1_0.25_True",1.08520866089372,0.0936025825254834
"dcgat-agm003185248","(1, 1, 0)",0.167101351997982,"Au-0.75-Cd-0.25","False","[1.50096822 1.50665164 1.50712609 1.50874877 1.51068377]","[1.59881244 1.65408837 1.65457334 1.65486654 1.6662797 ]",1.50096821784973,1.59881244000002,"[-0.25195307 -0.25173318 -0.24861711 -0.2476095  -0.24701059]","[-0.01300452 -0.02867298 -0.02454812 -0.03003012 -0.02844612]",-0.251953065395355,-0.0300301199999921,"[-0.02972668 -0.02951407 -0.02871782 -0.02815449 -0.02727073]","[0.07775821 0.08669302 0.07293644 0.09822485 0.07054424]",-0.0297266840934753,0.0705442399999753,"[0.35428923 0.38689393 0.39335829 0.39825147 0.40404433]","[0.5032433  0.54697516 0.58744036 0.5818696  0.61263091]",0.35428923368454,0.503243300000008,"[-0.14126861 -0.11093891 -0.10522151 -0.1007731  -0.09930056]","[-0.02613345 -0.04396758 -0.0368532  -0.04605335 -0.05030624]",-0.141268610954285,-0.0503062399999976,0.895471569999984,"[0.75132018 0.75757867 0.76040012 0.76256734 0.76336831]","[0.93887597 0.93005761 0.89547157 0.92804473 0.92156565]",0.75132018327713,2,"21542_1,1,0_0.167_False",0.409286905706772,0.642726415152848
"dcgat-agm003542978","(0, 0, 1)",0,"Au-0.429-Cu-0.429-Zn-0.143","True","[0.397129   0.40336138 0.40858084 0.41212374 0.41328925]","[0.42995336 0.43073852 0.43241462 0.43368023 0.4311062 ]",0.397128999233246,0.429953359999956,"[-0.49307388 -0.48768237 -0.48691392 -0.48596805 -0.48482034]","[-0.47240603 -0.47034164 -0.46825305 -0.46967705 -0.47170318]",-0.493073880672455,-0.472406030000059,"[0.06180853 0.0632996  0.06339258 0.06342804 0.0639571 ]","[0.06895946 0.07023152 0.07096206 0.06892175 0.07022792]",0.0618085265159606,0.0689217500000154,"[0.11118305 0.1195038  0.12324756 0.12536842 0.21728551]","[0.14331923 0.14852859 0.15156179 0.16043976 0.20803606]",0.111183047294617,0.143319229999975,"[-0.07402551 -0.07360631 -0.07296348 -0.07279027 -0.07272756]","[-0.04900432 -0.048012   -0.04420384 -0.04673341 -0.04758899]",-0.0740255117416381,-0.0490043200000513,0.121718600000008,"[0.04481494 0.04501706 0.04584366 0.04621184 0.04747558]","[0.12416323 0.12248814 0.12424144 0.1223248  0.1217186 ]",0.0448149442672729,3,"26271_0,0,1_0.0_True",0.755103187442357,0.924777431730669
"oqmd-1416134","(1, 1, 0)",0.125,"Au-0.333-Zn-0.667","True","[1.30619478 1.32091641 1.32433009 1.32793093 1.33938479]","[1.3224528  1.31035475 1.31325786 1.31960611 1.31648034]",1.30619478225708,1.31035475,"[-0.4445931  -0.44047859 -0.43889123 -0.42742732 -0.42397091]","[-0.1982536  -0.19804377 -0.19839421 -0.20324169 -0.20349764]",-0.444593101739883,-0.203497640000009,"[-0.30663148 -0.30178565 -0.30147853 -0.30120778 -0.30051965]","[-0.0784211  -0.08590939 -0.08617482 -0.07278082 -0.09172035]",-0.306631475687027,-0.0917203500000027,"[-0.38043442 -0.37515244 -0.36927393 -0.36639601 -0.36430281]","[-0.32215708 -0.32965373 -0.32242735 -0.32846066 -0.3298753 ]",-0.380434423685074,-0.329875299999998,"[-0.20342994 -0.18818247 -0.17363566 -0.17070407 -0.16740495]","[-0.03611868 -0.0387476  -0.04602092 -0.0456316  -0.04466   ]",-0.203429937362671,-0.0460209199999894,-0.459766700000003,"[-0.62041312 -0.60265219 -0.60210943 -0.59348476 -0.58519703]","[-0.44737335 -0.45503706 -0.45290891 -0.4514744  -0.4597667 ]",-0.62041312456131,2,"11456_1,1,0_0.125_True",0.530641571951134,0.254132516806264
"dcgat-agm003193287","(1, 1, 2)",0.25,"Au-0.4-Cu-0.6","True","[0.70100909 0.82906538 0.83521873 0.83839613 0.83968204]","[0.85871839 1.00688369 1.00875437 1.01070885 1.01494788]",0.701009094715118,0.858718389999979,"[-0.52629197 -0.52211171 -0.52093315 -0.5203799  -0.52031362]","[-0.37439564 -0.36568049 -0.37043138 -0.36946771 -0.36635692]",-0.526291966438294,-0.374395639999989,"[-0.19407308 -0.19153076 -0.1892823  -0.18710864 -0.18684828]","[-0.12349272 -0.1274404  -0.12673545 -0.1131076  -0.1243235 ]",-0.194073081016541,-0.127440399999983,"[-0.03809291 -0.03187925 -0.02974451 -0.02789587 -0.02439338]","[0.03840795 0.03682917 0.03275471 0.03650972 0.03652565]",-0.0380929112434387,0.032754710000006,"[-0.06497908 -0.06479168 -0.06425244 -0.06362778 -0.06300139]","[-0.04505105 -0.04573388 -0.04405683 -0.04314034 -0.04545656]",-0.064979076385498,-0.0457338800000002,0.313024789999986,"[0.30888706 0.31055433 0.31113261 0.31264502 0.31328446]","[0.31645143 0.31415911 0.31359116 0.31302479 0.31438471]",0.30888706445694,2,"27003_1,1,2_0.25_True",0.872023531143727,0.91815207827586
"oqmd-759863","(2, 0, 1)",0,"Pd-0.333-Zn-0.667","True","[0.62412041 0.63040727 0.63075274 0.63076621 0.6323939 ]","[0.51803853 0.68107979 0.5270186  0.52505635 0.52071249]",0.62412041425705,0.518038529999956,"[-0.99287391 -0.9927721  -0.99084127 -0.98766035 -0.9875145 ]","[-1.01419991 -1.00868261 -1.01010506 -0.99734159 -1.00799725]",-0.992873907089233,-1.01419991,"[-0.41484675 -0.41119131 -0.41113099 -0.41001725 -0.40564701]","[-0.4221179  -0.42537152 -0.4246991  -0.44006746 -0.42449525]",-0.414846748113632,-0.440067460000023,"[-0.22677726 -0.22447801 -0.21951032 -0.21751231 -0.21716607]","[-0.28387695 -0.2833649  -0.28119619 -0.27929342 -0.27124349]",-0.226777255535126,-0.283876950000035,"[-0.0400607  -0.03703636 -0.03532827 -0.03046167 -0.02998984]","[-0.02802693 -0.0271526  -0.04133646 -0.04357205 -0.03731301]",-0.0400606989860534,-0.0435720500000229,-0.216281390000006,"[-0.20718431 -0.20629013 -0.20398819 -0.20273691 -0.20262736]","[-0.21347007 -0.21628139 -0.21228895 -0.20642823 -0.21122029]",-0.207184314727783,2,"12635_2,0,1_0.0_True",0.938898929303744,0.0854269826741571
"dcgat-agm003327859","(1, 1, 2)",0.180839624916521,"Ag-0.375-Au-0.375-Cu-0.25","False","[1.16924882 1.17021489 1.17293954 1.17425656 1.17483783]","[1.13088966 1.13248148 1.13397349 1.13491565 1.13391451]",1.1692488193512,1.13088965999998,"[-0.85994512 -0.85796767 -0.85779554 -0.85698509 -0.85669488]","[-0.71842472 -0.71830587 -0.71661877 -0.71867485 -0.71839901]",-0.859945118427277,-0.718674849999985,"[-0.28884891 -0.28569311 -0.28444773 -0.2837888  -0.28261599]","[-0.26251533 -0.26139068 -0.27025238 -0.26372883 -0.26721852]",-0.288848906755447,-0.270252379999988,"[-0.37366962 -0.37190771 -0.37115285 -0.37078789 -0.3695012 ]","[-0.38741056 -0.38755387 -0.38417797 -0.41885598 -0.41987547]",-0.373669624328613,-0.419875469999994,"[0.00276065 0.00402856 0.00640339 0.00649691 0.00654179]","[-0.04185471 -0.04124566 -0.03943482 -0.04212085 -0.04141108]",0.0027606487274169,-0.0421208500000034,-0.106664310000014,"[-0.10716814 -0.10715985 -0.10663474 -0.10556519 -0.1053049 ]","[-0.10597269 -0.10618574 -0.10454603 -0.10666431 -0.10451641]",-0.107168138027191,3,"33258_1,1,2_0.181_False",0.721885643729315,0.517776077344761
"dcgat-agm002335366","(0, 0, 1)",0.25,"Cu-0.889-Zn-0.111","True","[0.1061548  0.10815018 0.11148608 0.11377311 0.11398566]","[0.11577543 0.11722254 0.1153292  0.11764366 0.11574371]",0.106154799461365,0.115329199999962,"[-0.69067574 -0.69038367 -0.69021249 -0.69017577 -0.68980664]","[-0.60289027 -0.59952876 -0.60028579 -0.6011231  -0.6020337 ]",-0.690675735473633,-0.602890270000046,"[-0.13765132 -0.13575292 -0.13198054 -0.13166529 -0.12998015]","[-0.07819979 -0.07660448 -0.0777294  -0.07580882 -0.07661623]",-0.137651324272156,-0.0781997899999851,"[-0.36604273 -0.36187148 -0.36143404 -0.35866284 -0.35685647]","[-0.28281397 -0.28161348 -0.28105554 -0.28870103 -0.24547551]",-0.366042733192444,-0.288701030000027,"[-0.01169276 -0.01140863 -0.01067626 -0.01001275 -0.00778204]","[-0.04006184 -0.04005982  0.01900418 -0.0377345   0.01818296]",-0.0116927623748779,-0.0400618400000212,0.0090654900000117,"[-0.02141851 -0.01845366 -0.01728618 -0.01673633 -0.01596105]","[0.00979707 0.01039587 0.01144022 0.00906549 0.01116254]",-0.0214185118675231,2,"29329_0,0,1_0.25_True",1.19115134907883,0.0909567158206684
"dcgat-agm003261040","(2, 2, 1)",0.0249999999999999,"Au-0.125-Cd-0.875","True","[1.46127343 1.4741981  1.4776392  1.4830687  1.49430871]","[1.51181501 1.51163027 1.50905709 1.52620253 1.53052708]",1.46127343177795,1.50905709,"[-0.22079843 -0.20683181 -0.20620716 -0.20388716 -0.20261902]","[-0.31438285 -0.3051446  -0.31287376 -0.29813641 -0.30764793]",-0.220798432826996,-0.314382850000001,"[-1.24395323 -0.15460116 -0.14585382 -0.13945532 -0.06846476]","[ 1.23620432 -0.25653269 -0.26940586 -0.26279318 -0.23230981]",-1.24395322799683,-0.269405860000006,"[-0.03236145 -0.01396781  0.04004222  0.05980575  0.0827198 ]","[-0.08182033 -0.12830019 -0.09071063 -0.13340744 -0.04258576]",-0.0323614478111267,-0.133407439999985,"[0.21929616 0.21937895 0.23111266 0.23402548 0.23610681]","[-0.03684288  0.01735082  0.03378424 -0.00111377 -0.02125825]",0.219296157360077,-0.0368428799999946,-0.250852989999999,"[-0.12340051 -0.09885979 -0.09070575 -0.0906992  -0.08606637]","[-0.24996214 -0.25085299 -0.20936696 -0.23144436 -0.1939627 ]",-0.123400509357452,2,"19251_2,2,1_0.025_True",0.260120736872242,0
"dcgat-agm003158901","(1, 1, 0)",0.25,"Au-0.333-Cu-0.333-Zn-0.333","True","[0.38709623 0.38821715 0.39169663 0.39170116 0.393861  ]","[0.30987934 0.30888486 0.31116321 0.3097649  0.31148371]",0.387096226215363,0.308884860000006,"[-0.617899   -0.61688691 -0.61581498 -0.61253995 -0.61190575]","[-0.77187486 -0.77806034 -0.59556919 -0.58947302 -0.60215769]",-0.617899000644684,-0.778060339999996,"[-0.16129696 -0.15937316 -0.15710366 -0.15489489 -0.14863235]","[-0.15581734 -0.14948125 -0.15479611 -0.15603512 -0.15674725]",-0.161296963691711,-0.156747250000024,"[-0.2933645  -0.29295996 -0.28613627 -0.27569705 -0.26884249]","[-0.28581905 -0.28335343 -0.28828047 -0.29101098 -0.27605309]",-0.293364495038986,-0.291010979999982,"[0.01136762 0.01147258 0.0115611  0.012658   0.0141837 ]","[ 0.02474979  0.01937703 -0.03593294  0.0265899   0.0227857 ]",0.0113676190376281,-0.0359329400000092,-0.339296219999994,"[-0.37971467 -0.37249383 -0.3603999  -0.35501856 -0.35437638]","[-0.33929622 -0.33531572 -0.32475334 -0.32422967 -0.32545128]",-0.379714667797089,3,"33733_1,1,0_0.25_True",0.832428991591339,1
"dcgat-agm001193224","(1, 0, 0)",0.25,"Ag-0.833-Pd-0.167","True","[0.52360064 0.52578753 0.53379589 0.53466135 0.53826815]","[0.64508423 0.64224139 0.63733217 0.6365512  0.6315347 ]",0.52360063791275,0.631534700000003,"[-1.05102837 -1.05031669 -1.05031598 -1.05001366 -1.04972935]","[-0.99136507 -0.99530615 -0.98690747 -0.99309378 -0.99448491]",-1.05102837085724,-0.995306150000005,"[-0.33583668 -0.33535343 -0.33495978 -0.33444971 -0.33298138]","[-0.33410839 -0.33423056 -0.33312649 -0.33135944 -0.33101221]",-0.335836678743362,-0.334230560000009,"[-0.10321259 -0.09345776  0.20103222  0.20394927  0.20489639]","[-0.08426939 -0.08521314  0.23790904  0.23475267  0.23814393]",-0.103212594985962,-0.0852131399999791,"[-0.00182074 -0.00175011  0.00258332  0.00332308  0.00338382]","[-0.0337207  -0.03557852 -0.03472413 -0.03521288 -0.03440456]",-0.0018207430839538,-0.0355785199999871,0.57237207,"[0.48841196 0.48928934 0.4896099  0.49022502 0.49049169]","[0.57237207 0.57347359 0.5736635  0.57276917 0.57397332]",0.488411962985992,2,"32898_1,0,0_0.25_True",0.716105815406314,0.102247445098658
"dcgat-agm003218543","(1, 1, 0)",0.25,"Cu-0.25-Zn-0.75","True","[0.57790524 0.57984203 0.58510607 0.5887652  0.59591442]","[0.60613918 0.60071698 0.59314864 0.59788492 0.60991851]",0.577905237674713,0.59314864000001,"[-0.65972435 -0.61870492 -0.59413147 -0.58483142 -0.57941061]","[-0.63203205 -0.56667198 -0.53697615 -0.47742219 -0.48054141]",-0.659724354743958,-0.632032049999992,"[-0.18185955 -0.17625713 -0.13039571 -0.06779277 -0.00382739]","[-0.11772796 -0.1128731  -0.10112394 -0.04380307  0.06749283]",-0.18185955286026,-0.117727960000025,"[-0.25833181 -0.25249469 -0.20488012 -0.19665337 -0.19414324]","[-0.17017094 -0.17528095 -0.12678605 -0.13973695 -0.12948451]",-0.258331805467606,-0.175280950000001,"[-0.08606803 -0.07743388 -0.07719624 -0.07615203 -0.0736903 ]","[-0.02278636 -0.03399889 -0.03065758 -0.03083909 -0.0348419 ]",-0.0860680341720581,-0.0348419000000035,-0.298513750000012,"[-0.29988039 -0.29640329 -0.28756371 -0.28753266 -0.28341502]","[-0.29642147 -0.2954202  -0.29104363 -0.29848384 -0.29851375]",-0.299880385398865,2,"20889_1,1,0_0.25_True",0.788301489182338,1
"dcgat-agm003300117","(2, 0, 1)",0.0852472632199112,"Ag-0.889-Pd-0.111","True","[0.86557263 0.87053996 0.87058336 0.87428325 0.87538856]","[0.95323571 0.96236864 0.95104516 0.94584711 0.95164221]",0.8655726313591,0.945847109999988,"[-1.31229508 -1.31200314 -1.3119545  -1.31103873 -1.31088448]","[-1.22640943 -1.23007074 -1.22894259 -1.22980003 -1.22986195]",-1.31229507923126,-1.23007074,"[-0.53996074 -0.53916848 -0.53829283 -0.53579146 -0.53450882]","[-0.50259538 -0.5037429  -0.50195147 -0.50185943 -0.50181749]",-0.539960741996765,-0.503742899999992,"[-0.15537786 -0.14948785 -0.14921939 -0.14855081 -0.14852536]","[-0.11039184 -0.11272232 -0.09937749 -0.10892127 -0.10884   ]",-0.155377864837646,-0.112722319999989,"[-0.06587887 -0.06434101 -0.06419754 -0.06345165 -0.0625338 ]","[-0.0255828  -0.026194   -0.02653475 -0.02613412 -0.02714432]",-0.0658788681030273,-0.0271443200000049,0.298117840000003,"[0.34458035 0.34625345 0.34737939 0.34774345 0.34914964]","[0.30048205 0.29986744 0.29991941 0.29902241 0.29811784]",0.344580352306366,2,"29616_2,0,1_0.085_True",0.684748704026614,0.539684685626691
"dcgat-agm003551800","(1, 1, -1)",0,"Ag-0.5-Au-0.375-Pd-0.125","True","[0.78174824 1.20680571 1.21057153 1.21132016 1.2132678 ]","[0.82238213 1.25870216 1.25835892 1.25666132 1.2564822 ]",0.781748235225678,0.822382130000023,"[-1.05529261 -1.05446565 -1.05420887 -1.05324948 -1.05250299]","[-0.98558658 -0.98693629 -0.98732605 -0.98866423 -0.98705376]",-1.05529260635376,-0.988664229999984,"[-0.38742951 -0.38725194 -0.38684496 -0.38374704 -0.383286  ]","[-0.34127052 -0.34374044 -0.34393571 -0.34355062 -0.335863  ]",-0.387429505586624,-0.343935710000011,"[0.16849726 0.17378038 0.17552841 0.17565888 0.17789811]","[0.20658278 0.20749984 0.21118259 0.28046501 0.2802955 ]",0.168497264385223,0.206582780000019,"[-0.06864798 -0.06840777 -0.06830317 -0.06822568 -0.0670625 ]","[-0.01918982 -0.02369528 -0.02186399 -0.02158465 -0.02112575]",-0.0686479806900024,-0.0236952799999841,0.80903189,"[0.76164466 0.76168388 0.76218981 0.76220113 0.76314837]","[0.81255654 0.81176881 0.80903189 0.81036831 0.81036726]",0.761644661426544,3,"20995_1,1,-1_0.0_True",0.570156203757832,1
"dcgat-agm003373692","(0, 0, 1)",0.126476510430153,"Au-0.417-Cd-0.167-Pd-0.417","True","[0.12410027 0.12852377 0.13102406 0.13182616 0.13281846]","[0.13525357 0.13439775 0.13527258 0.13873693 0.13936545]",0.124100267887115,0.134397750000005,"[-1.08194423 -1.08174098 -1.08116925 -1.08114862 -1.08105361]","[-1.03566562 -1.03604328 -1.03432545 -1.03627997 -1.03599174]",-1.08194422721863,-1.03627996999998,"[-0.4550249  -0.45496875 -0.45423347 -0.45410925 -0.45333791]","[-0.49578453 -0.49338552 -0.49890825 -0.49887491 -0.4955233 ]",-0.455024898052216,-0.498908250000028,"[-0.29373088 -0.28486514 -0.2842178  -0.28388876 -0.28209013]","[-0.32152982 -0.31110515 -0.31961751 -0.32002171 -0.31956504]",-0.293730884790421,-0.321529819999995,"[-0.00731349 -0.00686157 -0.0068258  -0.00661111 -0.00651884]","[-0.02198764 -0.02048956 -0.02016359 -0.02175639 -0.02010771]",-0.0073134899139404,-0.0219876399999918,0.629098519999985,"[0.61673123 0.61701149 0.6207307  0.62263221 0.62280267]","[0.63825683 0.64039208 0.63133137 0.62909852 0.63930135]",0.616731226444244,3,"33401_0,0,1_0.126_True",0.826611560383626,0.146583673122584
"dcgat-agm003408090","(1, 0, 2)",0.233968190475332,"Ag-0.333-Cd-0.5-Pd-0.167","True","[1.38164401 1.38525605 1.39151168 1.39212108 1.39452481]","[1.36401777 1.36615814 1.37047898 1.36072733 1.36394816]",1.38164401054382,1.36072732999999,"[-0.57970703 -0.57959902 -0.57784492 -0.5778265  -0.57772338]","[-0.53733847 -0.53798409 -0.53726453 -0.53964384 -0.53848662]",-0.579707026481628,-0.539643840000011,"[-0.99821198 -0.24085802 -0.04142767 -0.03852952 -0.03811318]","[ 1.50668361  1.5270664  -0.06789154 -0.00649096 -0.06291099]",-0.998211979866028,-0.067891540000005,"[0.13799274 0.14166081 0.14585423 0.14967179 0.23799181]","[0.16357083 0.15956288 0.16274853 0.1600239  0.27797475]",0.137992739677429,0.159562879999996,"[-0.03238904 -0.03012091 -0.02959788 -0.02930802 -0.02863318]","[-0.01688707 -0.01963029 -0.01907162 -0.01959871 -0.020704  ]",-0.0323890447616577,-0.0207039999999949,0.300088389999999,"[0.2828247  0.28365928 0.28528649 0.28562349 0.28591841]","[0.30100241 0.30726879 0.30047643 0.30008839 0.30645513]",0.282824695110321,3,"23427_1,0,2_0.234_True",0.619407827214862,0.0622288270613386
"dcgat-agm003207260","(2, 1, 0)",0.0460581604981653,"Au-0.6-Zn-0.4","False","[1.4074862  1.40962601 1.41184378 1.4211266  1.43954563]","[1.2922044  1.29305957 1.28694217 1.29627635 1.35416592]",1.40748620033264,1.28694217,"[-0.44628918 -0.44584221 -0.44545719 -0.44477853 -0.44439998]","[-0.32950941 -0.32885667 -0.32390943 -0.32880525 -0.33143901]",-0.44628918170929,-0.331439009999968,"[-0.35572323 -0.35230049 -0.34941056 -0.33567381 -0.31664604]","[-0.33842457 -0.34481752 -0.34743077 -0.29487963 -0.20693674]",-0.355723232030869,-0.347430769999988,"[-0.20689058 -0.20267135 -0.19976193 -0.19563287 -0.19425875]","[-0.27908113 -0.27271351 -0.27427262 -0.26665016 -0.27511532]",-0.20689058303833,-0.279081130000009,"[0.02736717 0.02736813 0.02896053 0.02973753 0.03088647]","[-0.01092215 -0.0132855  -0.01417887 -0.01629104 -0.01253953]",0.0273671746253967,-0.0162910399999987,0.0035933700000043,"[0.06532043 0.06578648 0.07137716 0.07169765 0.07440525]","[0.01441028 0.25332672 0.00470719 0.00374615 0.00359337]",0.0653204321861267,2,"22449_2,1,0_0.046_False",0.709230005621688,1
"dcgat-agm003374025","(0, 1, 0)",0.25,"Au-0.167-Cu-0.417-Zn-0.417","True","[0.29087871 0.29333085 0.29426223 0.29800802 0.29972261]","[0.27086508 0.26739094 0.26575351 0.26878906 0.27105439]",0.290878713130951,0.265753509999996,"[-0.7522732  -0.74818861 -0.74778444 -0.74711394 -0.74673742]","[-0.64554513 -0.6468943  -0.64774204 -0.64639136 -0.6453468 ]",-0.752273201942444,-0.647742039999997,"[-0.26662377 -0.25786248 -0.25651819 -0.25552225 -0.23751688]","[-0.15427759 -0.15749275 -0.15478843 -0.15189171 -0.15326649]",-0.266623765230179,-0.157492750000003,"[-0.3111842  -0.30784112 -0.30763382 -0.30729607 -0.2991567 ]","[-0.28845638 -0.26885402 -0.26542876 -0.28816753 -0.30431979]",-0.311184197664261,-0.30431978999998,"[-0.01226491 -0.01216054 -0.01036477 -0.01024872 -0.00950849]","[-0.01408501 -0.0147218  -0.01437996 -0.01382521 -0.01252302]",-0.0122649073600769,-0.0147217999999895,-0.176721099999995,"[-0.15344805 -0.15269947 -0.15205747 -0.15035981 -0.15012616]","[-0.16072634 -0.16920198 -0.1767211  -0.1632873  -0.16451163]",-0.153448045253754,3,"19959_0,1,0_0.25_True",0.969755752734561,0.0649098590829416
"dcgat-agm001125325","(1, 0, 2)",0.333333333333333,"Au-0.25-Cd-0.5-Pd-0.25","True","[1.16845751 1.17785883 1.18054938 1.18078065 1.18184614]","[1.21971062 1.22107292 1.22489346 1.21866461 1.23010728]",1.16845750808716,1.21866461,"[-0.81277549 -0.81227529 -0.81114453 -0.81051552 -0.81017488]","[-0.71027829 -0.71345105 -0.71268427 -0.71366416 -0.71316649]",-0.812775492668152,-0.713664159999993,"[-0.23567104 -0.2346155  -0.23457205 -0.23456705 -0.23440164]","[-0.15139497 -0.1528192  -0.1502779  -0.15007437 -0.15170835]",-0.235671043395996,-0.152819199999996,"[0.18925834 0.18954754 0.19376582 0.19418138 0.19560349]","[0.29328058 0.29283457 0.30013578 0.2802014  0.28665016]",0.189258337020874,0.28020140000001,"[-0.07309014 -0.06837267 -0.06801665 -0.06444895 -0.06392139]","[-0.01244787 -0.01157128 -0.0122002  -0.01215779 -0.01164881]",-0.0730901360511779,-0.0124478699999883,0.408045319999999,"[0.34726375 0.35058814 0.35096937 0.35394889 0.35446125]","[0.41040062 0.41004923 0.4101257  0.40804532 0.40865105]",0.347263753414154,3,"18175_1,0,2_0.333_True",0.602365397633091,0.540106369579809
"dcgat-agm003203420","(1, 1, 1)",0.0285541426717137,"Au-0.167-Cd-0.833","True","[1.98301506 1.98404479 1.98416591 1.98592591 1.98655534]","[1.47314792 1.46826329 1.46344569 1.46776466 1.47265707]",1.98301506042481,1.46344569,"[0.0164184  0.01729447 0.02293777 0.03159362 0.03386325]","[-0.36321646 -0.35915873 -0.36395172 -0.36575438 -0.36057764]",0.0164183974266052,-0.365754379999999,"[0.09943038 0.11235267 0.11316735 0.12772995 0.13657886]","[-0.24446955 -0.24783923 -0.35083213 -0.25000022 -0.34280458]",0.0994303822517395,-0.350832130000001,"[0.24761909 0.26575381 0.27272564 0.30116445 0.30720764]","[-0.03373628 -0.03537196 -0.04777083 -0.03632384 -0.03671787]",0.247619092464447,-0.0477708299999903,"[0.36347741 0.3789764  0.38778824 0.39886826 0.401375  ]","[-0.00365836 -0.00241793 -0.00735962 -0.01165681  0.01015991]",0.363477408885956,-0.011656809999998,-0.160533290000004,"[0.14309824 0.14391661 0.15442991 0.16023433 0.16617334]","[-0.1527293  -0.1585094  -0.14207428 -0.15212242 -0.16053329]",0.14309823513031,2,"19398_1,1,1_0.029_True",0.382075801332881,0
"dcgat-agm003766409","(0, 0, 1)",0.25,"Ag-0.75-Au-0.125-Pd-0.125","False","[1.61794329 1.62205315 1.62308002 1.62348366 1.62474442]","[1.74554324 1.74423082 1.74969779 1.74683496 1.74429241]",1.61794328689575,1.74423082000001,"[-1.0949707  -1.09092474 -1.09085608 -1.09059262 -1.09040046]","[-0.95199776 -0.95368995 -0.95273637 -0.95516098 -0.9528514 ]",-1.094970703125,-0.955160979999988,"[-0.39331916 -0.39209154 -0.39177087 -0.39159492 -0.39112344]","[-0.36254097 -0.36449727 -0.36122784 -0.36318695 -0.36247184]",-0.39331915974617,-0.364497270000015,"[0.18753332 0.19203168 0.19224286 0.19329453 0.19359976]","[0.28529097 0.28936018 0.30474127 0.2993261  0.29815995]",0.187533318996429,0.285290970000034,"[-0.04163152 -0.04134172 -0.04104531 -0.0404532  -0.04044944]","[-0.01093063  0.00046505 -0.00955287  0.00952043  0.00997634]",-0.0416315197944641,-0.01093062999999,0.735352640000002,"[0.73986727 0.73999876 0.74079794 0.74086791 0.74091309]","[0.73603448 0.73550007 0.73535264 0.7353794  0.736517  ]",0.739867269992828,3,"30427_0,0,1_0.25_False",0.594818112465834,1
"oqmd-758620","(2, 2, 1)",0.024,"Au-0.167-Zn-0.833","True","[0.36769408 0.39517659 0.44877833 0.4488551  0.44904226]","[0.68813076 0.60624647 0.57989976 0.5694751  0.57511892]",0.367694079875946,0.569475099999998,"[-0.37337467 -0.37267807 -0.37027341 -0.3702231  -0.36922443]","[-0.30961754 -0.31414377 -0.32675611 -0.32298295 -0.32826655]",-0.373374670743942,-0.328266550000002,"[-0.46412247 -0.44392097 -0.44094115 -0.43100822 -0.20561671]","[-0.33346011 -0.3339444  -0.36072625 -0.36157707 -0.32358562]",-0.464122474193573,-0.36157707000001,"[-0.44453245 -0.39248356 -0.30591124 -0.29900339 -0.2003023 ]","[-0.44090449 -0.33498187 -0.28232917 -0.25625053 -0.13054399]",-0.444532454013824,-0.440904490000008,"[-0.03295851 -0.03129065 -0.03090644 -0.03031057 -0.02978891]","[-0.00183763 -0.00114191 -0.00747191 -0.00470324 -0.00804583]",-0.0329585075378418,-0.0080458300000003,-0.669325459999996,"[-0.59528571 -0.59335554 -0.59235299 -0.59140074 -0.59137058]","[-0.66932546 -0.66669455 -0.6687213  -0.66872567 -0.6663667 ]",-0.595285713672638,2,"14114_2,2,1_0.024_True",0.818168994584203,0
"dcgat-agm003697726","(2, 1, 1)",0.0230536365894634,"Ag-0.067-Au-0.533-Zn-0.4","True","[-0.89304674 -0.89055175 -0.82989448 -0.80049258 -0.78015906]","[3.73092835 3.91983776 4.5520246  5.12163938 4.21555973]",-0.893046736717224,3.73092835,"[-0.63857645 -0.53264838 -0.53015494 -0.52842706 -0.52298659]","[-0.1447133   0.02915309 -0.20019968 -0.19459901 -0.18996093]",-0.638576447963715,-0.200199679999997,"[-2.34000826 -2.12721658 -1.86408234 -1.11875713 -0.47766128]","[ 2.23391876  1.658895    1.94814208  2.97738808 -0.05075426]",-2.34000825881958,-0.0507542600000192,"[-0.44126627 -0.43790433 -0.41042501 -0.4079937  -0.39232993]","[-0.1482119  -0.143377   -0.01800928 -0.09954114 -0.06738136]",-0.441266268491745,-0.148211899999978,"[-0.24296647 -0.22477728 -0.20932025 -0.20414549 -0.20258939]","[ 0.13445858  0.13469645 -0.00697737  0.13372338  0.11767483]",-0.24296647310257,-0.0069773699999871,-0.198540300000019,"[-0.47405928 -0.45297864 -0.43698794 -0.42411646 -0.40581322]","[-0.19027522 -0.1981561  -0.11625545 -0.12503467 -0.1985403 ]",-0.474059283733368,3,"19897_2,1,1_0.023_True",0.58602178991353,1
"dcgat-agm002371389","(0, 0, 1)",0.25,"Au-0.111-Cu-0.889","True","[0.14990616 0.15075308 0.15464985 0.15526438 0.15536469]","[0.08332188 0.0831382  0.08085119 0.08398995 0.08113278]",0.149906158447266,0.0808511899999757,"[-0.73500007 -0.73224306 -0.7313661  -0.73064578 -0.73061842]","[-0.66634974 -0.66520356 -0.66358696 -0.66677936 -0.66568269]",-0.73500007390976,-0.666779360000021,"[-0.21812409 -0.21262634 -0.21237516 -0.2117973  -0.21143103]","[-0.17423978 -0.17744708 -0.177582   -0.17505252 -0.17763275]",-0.218124091625214,-0.177632750000043,"[-0.3841438  -0.37551847 -0.3623811  -0.34474295 -0.34384215]","[-0.35267587 -0.35056779 -0.34953573 -0.31272045 -0.30459844]",-0.384143799543381,-0.352675870000041,"[0.02911359 0.02986711 0.03027314 0.03072631 0.0312978 ]","[ 0.01899066 -0.0051335   0.01956031  0.01966237 -0.00448952]",0.0291135907173156,-0.0051335000000563,-0.0678478199999972,"[-0.07182759 -0.06983072 -0.06945598 -0.06836897 -0.06610084]","[-0.06701753 -0.06784782 -0.0647094  -0.06605085 -0.06651863]",-0.0718275904655456,2,"31780_0,0,1_0.25_True",1.1540676085976,0.0621183399003267
"dcgat-agm003551798","(1, 0, 0)",0.25,"Ag-0.375-Au-0.5-Pd-0.125","True","[0.55499107 0.55576509 0.55606538 0.55627519 0.55810088]","[0.46543793 0.46565586 0.46446799 0.46573475 0.46598956]",0.554991066455841,0.464467990000031,"[-0.96005589 -0.95652491 -0.95589465 -0.95474046 -0.95465887]","[-0.95539426 -0.95754005 -0.95706483 -0.95753125 -0.95638213]",-0.960055887699127,-0.957540049999977,"[-0.37344983 -0.37313116 -0.37184027 -0.37078336 -0.36875728]","[-0.40633789 -0.40245184 -0.40617945 -0.40389305 -0.40935163]",-0.373449832201004,-0.409351630000003,"[-0.19959998 -0.19874728 -0.19720811  0.03457695  0.04179341]","[-0.30890859 -0.3095336  -0.30967311  0.03379547  0.04022006]",-0.199599981307983,-0.309673109999977,"[0.00314623 0.00447714 0.00492263 0.00509274 0.00525028]","[-0.00265346 -0.00235589 -0.00184362 -0.00297298 -0.00287528]",0.0031462311744689,-0.0029729799999813,0.754858890000008,"[0.78268677 0.78556019 0.78558463 0.78637654 0.78654724]","[0.75592292 0.75485889 0.75575492 0.75532263 0.76711336]",0.782686769962311,3,"28174_1,0,0_0.25_True",0.719248016642454,1
"dcgat-agm001125032","(1, 0, 2)",0,"Ag-0.25-Cd-0.5-Pd-0.25","True","[1.12701821 1.12727237 1.12823749 1.1307683  1.13304973]","[1.14436233 1.16051041 1.14730597 1.14655272 1.14421603]",1.12701821327209,1.14421603000001,"[-0.78334218 -0.78253269 -0.78170526 -0.78075594 -0.78061962]","[-0.66306343 -0.66664669 -0.65938554 -0.66177292 -0.66228302]",-0.783342182636261,-0.666646689999993,"[-0.17642111 -0.17637348 -0.17585135 -0.17551774 -0.17527509]","[-0.10502781 -0.10687853 -0.10546407 -0.10649064 -0.10469363]",-0.176421105861664,-0.106878530000003,"[0.2591756  0.28272301 0.28861958 0.29104608 0.29145509]","[0.31887864 0.33633277 0.32803898 0.33487158 0.32776467]",0.259175598621368,0.318878640000008,"[-0.06526536 -0.06352139 -0.06173217 -0.06135201 -0.06132543]","[-0.00193008 -0.00153997  0.00203759  0.00158633 -0.00177426]",-0.0652653574943542,-0.0019300799999939,0.321049279999997,"[0.33108789 0.33117181 0.33155829 0.33205622 0.33251959]","[0.32104928 0.32363031 0.32600886 0.32109417 0.32490333]",0.33108788728714,3,"23435_1,0,2_0.0_True",0.607597033309125,0.673328417893553
"dcgat-agm003318798","(0, 0, 1)",0.080076374060436,"Ag-0.182-Au-0.182-Zn-0.636","True","[1.24677062 1.24895644 1.25170732 1.25914979 1.2619462 ]","[1.32950719 1.32690003 1.33395909 1.32978339 1.33325006]",1.24677062034607,1.32690002999999,"[-0.49382776 -0.49373665 -0.48904839 -0.48851529 -0.48686188]","[-0.34951881 -0.34434218 -0.35208261 -0.33691903 -0.35057403]",-0.493827760219574,-0.352082609999968,"[-1.98551798 -1.6927352  -1.59453511 -1.21193409 -0.55960023]","[1.52459429 1.5334112  1.54937863 1.58751352 1.50047679]",-1.98551797866821,1.50047679000002,"[-0.36748323 -0.36298323 -0.36134475 -0.35993463 -0.35392538]","[-0.34195154 -0.3508165  -0.3450561  -0.34852527 -0.34996264]",-0.367483228445053,-0.350816500000008,"[-0.00345129 -0.00281453 -0.00248986 -0.00241578 -0.00219506]","[ 0.00355255  0.00769018  0.01045991  0.00931495 -0.00169519]",-0.0034512877464294,-0.0016951899999924,-0.352054579999987,"[-0.34651688 -0.33872038 -0.33805478 -0.33722475 -0.33639812]","[-0.33754937 -0.34655787 -0.33244507 -0.34281094 -0.35205458]",-0.346516877412796,3,"24076_0,0,1_0.08_True",0.74681449841936,0.662283820141814
"dcgat-agm002350919","(0, 0, 1)",0.25,"Cd-0.833-Pd-0.167","False","[1.57110286 1.57509947 1.57883692 1.58034897 1.58077741]","[1.47369948 1.45661819 1.46646702 1.47249868 1.47322758]",1.57110285758972,1.45661819,"[-0.82036859 -0.81661272 -0.8162486  -0.81607497 -0.80924779]","[-0.75796964 -0.75621548 -0.76178429 -0.7517948  -0.75313362]",-0.820368587970734,-0.761784289999994,"[-0.21409982 -0.2075631  -0.20410991 -0.18702638 -0.17579478]","[-0.20397872 -0.20494958 -0.19812012 -0.19228873 -0.18984316]",-0.214099824428558,-0.204949580000005,"[0.24889904 0.25897962 0.27692884 0.28253943 0.29274434]","[0.14809415 0.20508591 0.13893751 0.13503205 0.16287026]",0.248899042606354,0.135032049999992,"[0.04208553 0.04974699 0.05957824 0.05987096 0.06457937]","[-0.0013162   0.01485686 -0.00155513  0.05227104  0.07328418]",0.0420855283737182,-0.0015551299999998,0.157715730000007,"[0.18161875 0.22610605 0.22742009 0.23306423 0.23406976]","[0.15771573 0.16434534 0.1643478  0.16516786 0.17121828]",0.181618750095367,2,"21277_0,0,1_0.25_False",0.427262483536169,1
"dcgat-agm002179504","(1, 1, 0)",0.25,"Pd-0.4-Tl-0.6","True","[1.35197401 1.35957146 1.36939859 1.37153196 1.37432885]","[1.45251958 1.47182898 1.46232793 1.45050868 1.43479744]",1.35197401046753,1.43479744000001,"[-0.74554795 -0.74355888 -0.74204791 -0.71811992 -0.71493506]","[-0.71127086 -0.70841134 -0.70932784 -0.62806813 -0.63355381]",-0.745547950267792,-0.711270860000013,"[-0.18915594 -0.18888205 -0.18840438 -0.1877296  -0.18634528]","[-0.19331765 -0.19115262 -0.19738746 -0.18821183 -0.1946184 ]",-0.18915593624115,-0.197387459999987,"[0.22514826 0.22543305 0.22811848 0.23853368 0.24421716]","[0.22231823 0.22315946 0.22494816 0.23238028 0.2461561 ]",0.225148260593414,0.222318230000013,"[0.02083331 0.02426535 0.02853328 0.02859747 0.02870333]","[ 0.01185773 -0.00131514  0.02883323  0.00334764  0.01392009]",0.0208333134651184,-0.0013151399999884,0.489386040000028,"[0.38360196 0.38656873 0.39352423 0.39611632 0.40168387]","[0.49236243 0.49473891 0.49098471 0.49535794 0.48938604]",0.38360196352005,2,"24849_1,1,0_0.25_True",0.358453292892173,0.927322032657339
"dcgat-agm003483262","(1, 0, 0)",0.0833251428588854,"Ag-0.111-Au-0.667-Zn-0.222","False","[1.80956841 1.81794453 1.81877375 1.83723307 1.84513879]","[1.69048599 1.76614488 1.75909552 1.70267974 1.76623408]",1.80956840515137,1.69048599,"[-0.33546925 -0.33510432 -0.3326802  -0.33194122 -0.33156812]","[-0.29200184 -0.29268234 -0.29191502 -0.33218013 -0.29059566]",-0.335469245910645,-0.332180130000012,"[-0.23063761 -0.16735131 -0.16697448 -0.16572362 -0.16323864]","[-0.33523248 -0.15718889 -0.19477337 -0.16030581 -0.19762376]",-0.230637609958649,-0.335232480000002,"[-0.02825904 -0.01080233 -0.0045585  -0.00350362 -0.00290471]","[-0.14052402 -0.0815457  -0.07166706 -0.07158685 -0.14121734]",-0.0282590389251709,-0.141217339999997,"[0.08808333 0.10174495 0.10248274 0.10784179 0.11195517]","[-0.00085747  0.06541413  0.06358567  0.05799158  0.05985225]",0.0880833268165588,-0.0008574699999996,-0.0096753300000074,"[0.10250741 0.12152147 0.13360339 0.14471656 0.1521014 ]","[-0.00967533  0.02513218  0.02713251  0.03288366  0.03288658]",0.102507412433624,3,"31876_1,0,0_0.083_False",0.692904460931719,0.0581651642660693
"dcgat-agm003466208","(1, 2, 0)",0.166666666666667,"Ag-0.625-Cd-0.25-Pd-0.125","True","[1.88873029 1.8887887  1.89281797 1.9015944  1.90389228]","[1.95598388 1.95355685 1.95519916 1.95180036 1.96012463]",1.88873028755188,1.95180036000001,"[-0.88689071 -0.88628435 -0.88577604 -0.88567579 -0.88509589]","[-0.79860104 -0.8030997  -0.80481292 -0.80306102 -0.80275065]",-0.886890709400177,-0.804812920000003,"[-0.96460295 -0.24470103 -0.24415243 -0.24240929 -0.24124163]","[ 1.58170269 -0.2166567  -0.21229699 -0.21281736 -0.21396895]",-0.964602947235107,-0.216656700000001,"[0.3044669  0.31161386 0.31198329 0.31271082 0.31638271]","[0.39637627 0.39176852 0.37695733 0.37753913 0.40643442]",0.304466903209686,0.37695733000001,"[0.00336051 0.00657469 0.0069328  0.00781703 0.00789034]","[ 0.00380573  0.00428142  0.00524319  0.00549971 -0.00019563]",0.0033605098724365,-0.0001956299999932,0.498482429999996,"[0.47034949 0.47266358 0.47352225 0.47569972 0.47595531]","[0.49878531 0.49848243 0.50004717 0.50114044 0.50076885]",0.470349490642548,3,"22427_1,2,0_0.167_True",0.573965820695133,0.575808949622233
"dcgat-agm001282645","(0, 1, 1)",0.288081140242303,"Pd-0.25-Zn-0.75","False","[0.71444649 0.71601242 0.7179293  0.71800262 0.71825176]","[0.67362584 0.67390774 0.67481262 0.67181834 0.67280782]",0.714446485042572,0.671818340000002,"[-0.6785897  -0.67208481 -0.669554   -0.66867411 -0.6684317 ]","[-0.54020704 -0.53682764 -0.53861533 -0.54014737 -0.53706614]",-0.678589701652527,-0.540207040000013,"[-0.2745997  -0.27376854 -0.27294627 -0.27277881 -0.27146176]","[-0.25674301 -0.25388167 -0.25757392 -0.25597541 -0.24679291]",-0.274599701166153,-0.257573920000013,"[-0.16502786 -0.16351038 -0.1607303  -0.15850502 -0.15644586]","[-0.13299491 -0.13096947 -0.1278374  -0.13476343 -0.13727822]",-0.165027856826782,-0.137278219999999,"[-0.0352385  -0.03442609 -0.03344464 -0.03271484 -0.03232324]","[0.00292714 0.0019355  0.00424006 0.00557414 0.00461007]",-0.03523850440979,0.0019355000000018,-0.178976850000012,"[-0.26764283 -0.26632673 -0.26587248 -0.26208106 -0.25920036]","[-0.17428867 -0.17816957 -0.17613404 -0.17897685 -0.17354025]",-0.267642825841904,2,"18801_0,1,1_0.288_False",0.867150399061191,0.985798180415548
"dcgat-agm003193530","(2, 2, 1)",0.0109874209569866,"Cu-0.2-Zn-0.8","True","[0.56173426 0.56180865 0.56613868 0.56649548 0.56712765]","[0.63341297 0.63442332 0.63312162 0.64305793 0.63407096]",0.561734259128571,0.633121619999997,"[-0.78585082 -0.78528064 -0.78435153 -0.78328097 -0.78295577]","[-0.64687569 -0.64056516 -0.64773995 -0.64612341 -0.645541  ]",-0.785850822925568,-0.647739950000016,"[-0.18636245 -0.18187237 -0.18147969 -0.16913307 -0.16105831]","[-0.09620777 -0.09487513 -0.09723525 -0.1511189  -0.14990822]",-0.186362445354462,-0.1511189,"[-0.30740282 -0.30628827 -0.30356413 -0.30140114 -0.29941127]","[-0.23911995 -0.22834436 -0.2512762  -0.21970061 -0.2505173 ]",-0.307402819395065,-0.251276199999992,"[-0.0849995  -0.0843848  -0.08174348 -0.07948399 -0.07876915]","[0.00850389 0.00610939 0.00901749 0.01079504 0.00522874]",-0.0849995017051696,0.0052287399999997,-0.264419820000001,"[-0.33417082 -0.33009529 -0.32764208 -0.32431051 -0.3242515 ]","[-0.25972424 -0.25955577 -0.26252602 -0.26279778 -0.26441982]",-0.334170818328857,2,"19053_2,2,1_0.011_True",0.590493972898087,0.883282909928973
"dcgat-agm003414459","(1, 1, 0)",0.25,"Au-0.167-Cu-0.333-Zn-0.5","True","[0.62234217 0.62327546 0.62934619 0.63021773 0.63379198]","[0.53398097 0.5481415  0.54365671 0.53785047 0.5332936 ]",0.622342169284821,0.533293600000008,"[-0.42559123 -0.42556122 -0.42495567 -0.42494747 -0.42463282]","[-0.3490833  -0.34676202 -0.34746512 -0.35120611 -0.34427232]",-0.425591230392456,-0.351206110000007,"[0.13320327 0.13618064 0.13651371 0.13735622 0.13962221]","[0.19263207 0.19470023 0.19579019 0.19315997 0.19462449]",0.133203268051147,0.192632070000002,"[0.21596462 0.2160418  0.21714848 0.22798771 0.2280153 ]","[0.20280854 0.19884011 0.1974789  0.23811479 0.2514145 ]",0.215964615345001,0.197478900000007,"[0.01335472 0.0137915  0.01384848 0.01434404 0.0144245 ]","[0.00604048 0.00628089 0.00530754 0.00640625 0.00670876]",0.0133547186851501,0.0053075400000039,0.114121850000004,"[0.15018094 0.1505428  0.15071023 0.15125912 0.15156311]","[0.11412185 0.1162402  0.11595321 0.11580102 0.11473413]",0.15018093585968,3,"31042_1,1,0_0.25_True",0.786314863663226,0.279267146753692
"oqmd-1340113","(1, 1, 0)",0.25,"Ag-0.667-Au-0.333","True","[2.15384007 2.23983788 2.24311638 2.36157513 2.36429095]","[1.95227709 2.2163465  2.21962915 2.09843924 2.09872218]",2.15384006500244,1.95227709,"[-0.11005718 -0.06413585 -0.05702454 -0.05628115 -0.05577469]","[-0.30235282 -0.28063471 -0.2758736  -0.28264865 -0.28541245]",-0.110057175159454,-0.30235282000001,"[0.08360189 0.08479661 0.08590966 0.08632529 0.08908272]","[-0.17492184 -0.17345988 -0.16792132 -0.17354372 -0.17541134]",0.0836018919944763,-0.175411339999997,"[0.57970101 0.5818947  0.59294683 0.5935393  0.59461731]","[0.33146518 0.33201123 0.3597094  0.3480341  0.3589564 ]",0.579701006412506,0.331465179999981,"[0.28217274 0.28509623 0.28590363 0.28794521 0.28926116]","[0.24942111 0.24579313 0.00794891 0.24772717 0.24805365]",0.282172739505768,0.0079489100000103,0.726980690000005,"[0.93669683 0.9434436  0.9452365  0.94589752 0.94680697]","[0.72698069 0.73132966 0.72847459 0.72836096 0.73301111]",0.936696827411652,2,"13424_1,1,0_0.25_True",0.506170502616623,0.359151087783983
"dcgat-agm003609472","(1, 1, -2)",0.160773306231554,"Ag-0.333-Cu-0.333-Zn-0.333","True","[0.884453   0.88565809 0.88945776 0.88978297 0.8901034 ]","[0.92345319 0.92438653 0.92663808 0.92388106 0.92629818]",0.884452998638153,0.923453190000004,"[-0.46304101 -0.46202075 -0.46124589 -0.46096399 -0.46081832]","[-0.37496175 -0.37910547 -0.37591121 -0.37762169 -0.37798594]",-0.463041007518768,-0.379105470000013,"[0.05593622 0.06027502 0.09013802 0.09454906 0.09488702]","[0.11013241 0.11278582 0.15451764 0.15520352 0.11617042]",0.0559362173080444,0.110132409999977,"[0.1471929  0.14897937 0.16327959 0.16476679 0.17114067]","[0.1588021  0.15441254 0.18039028 0.17798985 0.14811397]",0.147192895412445,0.148113969999997,"[0.01056242 0.01109654 0.0114969  0.01150614 0.01227009]","[0.0095834  0.01105039 0.01206005 0.01242473 0.00909536]",0.0105624198913574,0.0090953600000034,0.0156019599999979,"[0.01910597 0.02117628 0.02208418 0.02523708 0.02566916]","[0.01566364 0.01560196 0.01691742 0.01680682 0.01587227]",0.0191059708595275,3,"23608_1,1,-2_0.161_True",0.74052289746836,0.380591092791016
"dcgat-agm003736011","(1, 1, 2)",0.169750240279467,"Ag-0.167-Au-0.667-Pd-0.167","True","[0.4442156  0.44541675 0.45147949 0.45191127 0.45248395]","[0.57201253 0.571872   0.57410269 0.57287411 0.57368511]",0.444215595722199,0.571871999999985,"[-0.9977079  -0.99705362 -0.99627674 -0.99586874 -0.99562162]","[-0.94933892 -0.95059587 -0.95056376 -0.95213203 -0.94964147]",-0.997707903385162,-0.952132029999973,"[-0.44401085 -0.44277743 -0.44009852 -0.43959099 -0.438535  ]","[-0.41390767 -0.41618213 -0.41658961 -0.41386946 -0.41581794]",-0.444010853767395,-0.416589609999988,"[-0.14144224 -0.133439   -0.13300174 -0.12357253 -0.04241633]","[-0.1572364  -0.15359129 -0.16030464 -0.15090744 -0.00834473]",-0.141442239284515,-0.160304639999993,"[-0.00717008 -0.00669611 -0.00527769 -0.00497711 -0.00490123]","[0.0121086  0.01052696 0.01315908 0.01073335 0.01042164]",-0.0071700811386108,0.0104216400000041,1.03334077,"[1.00326109 1.00755191 1.01122117 1.0121448  1.01433945]","[1.05599166 1.05552914 1.06031174 1.06656884 1.03334077]",1.00326108932495,3,"18443_1,1,2_0.17_True",0.676363397336383,0.264070580090942
"dcgat-agm003735996","(1, 0, -1)",0.127369870621498,"Ag-0.167-Au-0.667-Zn-0.167","True","[1.59739256 1.60005665 1.60126948 1.60337901 1.60339999]","[1.40788248 1.43964386 1.40773162 1.40409588 1.42893012]",1.59739255905151,1.40409588,"[-0.1168915  -0.10033655 -0.09942067 -0.08024359 -0.07661629]","[-0.25358569 -0.23731974  0.00210289 -0.05953318 -0.06030335]",-0.116891503334045,-0.253585689999994,"[0.03964299 0.04113179 0.0412783  0.04175949 0.04186553]","[ 0.07118529 -0.16711113 -0.1851696  -0.18398022 -0.16930527]",0.0396429896354675,-0.185169599999995,"[0.38892549 0.39745706 0.40098935 0.41611046 0.43830651]","[0.22899499 0.26296853 0.22336092 0.19457128 0.41327119]",0.388925492763519,0.194571280000019,"[0.19120562 0.19385254 0.19683987 0.21006072 0.21096295]","[0.25175452 0.24964821 0.26285224 0.01051483 0.01877409]",0.191205620765686,0.0105148300000053,0.472610380000006,"[0.59576851 0.63043338 0.64189225 0.64519495 0.65370172]","[0.62473815 0.61153674 0.48683179 0.62514818 0.47261038]",0.595768511295319,3,"26528_1,0,-1_0.127_True",0.46332546470147,0.3267465291217
"dcgat-agm003273028","(1, 0, -1)",0.23990802473942,"Ag-0.25-Cu-0.25-Zn-0.5","True","[0.89513856 0.89898568 0.8999179  0.90606266 0.90741414]","[0.8709852  0.86983268 0.86895458 0.87502436 0.87303612]",0.895138561725617,0.868954579999993,"[-0.46862707 -0.46832705 -0.46825287 -0.4680489  -0.46782491]","[-0.40535742 -0.40594224 -0.40350042 -0.40261231 -0.40484609]",-0.468627065420151,-0.405942240000016,"[0.12831497 0.13062757 0.13351518 0.1517036  0.15516102]","[0.19089577 0.19687153 0.19073466 0.1983184  0.20095518]",0.128314971923828,0.19073465999999,"[0.23953265 0.24833888 0.24871916 0.24876815 0.25002319]","[0.27132653 0.27219695 0.27981778 0.27322632 0.27394029]",0.239532649517059,0.271326529999996,"[0.04701912 0.0473814  0.04805475 0.04868197 0.05192643]","[0.01606813 0.01544218 0.01329412 0.01241044 0.01284805]",0.0470191240310668,0.0124104399999964,0.0388641999999919,"[-0.00462049 -0.00378001 -0.00373119 -0.00293344 -0.00121093]","[0.04215629 0.03967201 0.05154055 0.05254972 0.0388642 ]",-0.0046204924583435,3,"24146_1,0,-1_0.24_True",0.699247815827536,0.77241124302803
"dcgat-agm003642721","(1, 1, 0)",0.25,"Au-0.1-Cu-0.4-Zn-0.5","True","[0.70750064 0.70945376 0.71451885 0.71581644 0.71589917]","[0.70510968 0.69850552 0.7113371  0.69513514 0.703604  ]",0.707500636577606,0.695135140000019,"[-0.428698   -0.42776713 -0.42664275 -0.42657375 -0.42589733]","[-0.34280676 -0.33912778 -0.34160655 -0.34347898 -0.34513149]",-0.428698003292084,-0.34513149,"[0.13283938 0.13484979 0.14062881 0.1541791  0.15627998]","[0.21415471 0.2125272  0.21310506 0.21920725 0.23181295]",0.132839381694794,0.212527199999982,"[0.1864928  0.19191039 0.2009275  0.20602316 0.20789444]","[0.22754139 0.22922814 0.24182484 0.22209882 0.22604509]",0.186492800712585,0.222098820000014,"[-0.00012153  0.00028372  0.00061125  0.00099468  0.00197148]","[0.01482504 0.01363409 0.01363413 0.01504104 0.01797705]",-0.000121533870697,0.0136340900000107,0.169171799999987,"[0.14172435 0.14467961 0.14485854 0.14531773 0.14621168]","[0.1691718  0.17873335 0.18062556 0.16968352 0.18138589]",0.141724348068237,3,"28203_1,1,0_0.25_True",0.811957905169732,0.565642334541726
"oqmd-1368982","(2, 1, 1)",0.028,"Pd-0.167-Zn-0.833","True","[0.59511238 0.60575873 0.61215502 0.61241525 0.61431497]","[0.55496066 0.55410919 0.54765365 0.55343732 0.54962522]",0.595112383365631,0.547653650000001,"[-0.53613544 -0.53551942 -0.53535986 -0.53443187 -0.53425384]","[-0.49045145 -0.49821514 -0.4894691  -0.48982413 -0.48591809]",-0.53613543510437,-0.498215139999999,"[-0.12827396 -0.11675423 -0.09247017 -0.08332527 -0.05998898]","[-0.12676874 -0.12926702 -0.12573606 -0.09319006 -0.11152025]",-0.128273963928223,-0.12926702,"[-0.18399483 -0.11919481 -0.08100194 -0.05439538  0.01129282]","[-0.30836001 -0.17717744 -0.17819771 -0.09495968 -0.06588868]",-0.183994829654694,-0.308360009999973,"[0.10519075 0.10559195 0.10746205 0.10820085 0.10823071]","[0.01750038 0.01675696 0.01933493 0.02623619 0.02288852]",0.105190753936768,0.0167569600000092,-0.260093100000006,"[-0.28752053 -0.28623378 -0.28524971 -0.28392318 -0.2819666 ]","[-0.2600931  -0.25391066 -0.25624464 -0.25566799 -0.25937802]",-0.287520527839661,2,"13414_2,1,1_0.028_True",0.812637537240809,0
"oqmd-746715","(1, 1, 0)",0.125,"Au-0.5-In-0.25-Pd-0.25","True","[1.01787758 1.0252049  1.13720727 1.13966393 1.13976431]","[1.20378513 1.20139664 1.12291869 1.10968683 1.11517345]",1.01787757873535,1.10968683000002,"[-0.8385703  -0.83816904 -0.83794147 -0.83635217 -0.83572596]","[-0.74709317 -0.75016365 -0.75459642 -0.7580411  -0.752643  ]",-0.838570296764374,-0.758041099999986,"[-0.25501007 -0.25494516 -0.25209707 -0.25198382 -0.25149316]","[-0.19329514 -0.19679179 -0.19770567 -0.19431681 -0.19325749]",-0.255010068416595,-0.197705670000033,"[0.10759294 0.11752164 0.12329525 0.13934696 0.14832312]","[0.20632897 0.20639495 0.20786605 0.19938474 0.2255226 ]",0.107592940330505,0.199384740000028,"[0.01348966 0.01429951 0.01486373 0.01593077 0.01683635]","[0.02161806 0.02201152 0.02739826 0.01707904 0.01743852]",0.0134896636009216,0.0170790399999987,0.482236330000006,"[0.50675756 0.51069552 0.51246661 0.51447433 0.51449209]","[0.48769602 0.48273373 0.48438403 0.48452542 0.48223633]",0.50675755739212,3,"14268_1,1,0_0.125_True",0.629044044351732,0.976876518250662
"oqmd-1339899","(2, 1, 2)",0.028,"Au-0.667-Cd-0.333","False","[1.39810872 1.39991951 1.40047431 1.42503548 1.42542434]","[1.57194807 1.57406218 1.57301749 1.57860023 1.57863921]",1.39810872077942,1.57194807,"[-0.42371073 -0.41678926 -0.39002404 -0.38219938 -0.35948107]","[-0.27969126 -0.2675499  -0.26020043 -0.23876638 -0.14702775]",-0.423710733652115,-0.279691260000007,"[-0.30867067 -0.30190387 -0.28566927 -0.27228498 -0.26110891]","[-0.04479799 -0.04882499 -0.08552432 -0.05615345 -0.04528603]",-0.308670669794083,-0.0855243200000046,"[0.05763018 0.07410395 0.08848417 0.09127098 0.10652691]","[0.18068736 0.24116892 0.19539478 0.24138023 0.22705801]",0.057630181312561,0.180687360000007,"[0.01333189 0.02080482 0.02429283 0.0253458  0.0259192 ]","[0.02072345 0.04335159 0.01916388 0.02310399 0.02420491]",0.0133318901062011,0.0191638800000077,0.532751419999997,"[0.36603612 0.38972074 0.39681393 0.40885061 0.48652583]","[0.56825501 0.53275142 0.56157847 0.59450223 0.71198115]",0.366036117076874,2,"12691_2,1,2_0.028_False",0.511822556321342,0
"dcgat-agm003761827","(1, 0, 0)",0.25,"Au-0.714-Cd-0.143-Ga-0.143","False","[1.50893879 1.51066637 1.51420164 1.53189468 1.53269029]","[0.95493787 0.95535782 0.93793322 1.03006591 0.95099665]",1.50893878936768,0.937933219999991,"[-0.49958801 -0.49282685 -0.49204066 -0.48985717 -0.48984063]","[-0.87652119 -0.87083332 -0.87947901 -0.87688361 -0.86908299]",-0.499588012695313,-0.879479009999983,"[-0.29459071 -0.27773583 -0.27334815 -0.24938619 -0.15941244]","[-0.30370239 -0.31900882 -0.30965344 -0.29249403 -0.21411293]",-0.294590711593628,-0.319008819999993,"[-0.00851959 -0.00524104 -0.00348854 -0.0013684   0.00576282]","[-0.07501294 -0.07166193 -0.07071116 -0.07021354 -0.06804334]",-0.0085195899009704,-0.0750129400000219,"[0.09111136 0.09370929 0.09621626 0.09629852 0.09949219]","[0.02167711 0.02489035 0.02038621 0.02164639 0.03286433]",0.0911113619804382,0.020386209999998,0.615631710000002,"[0.68080491 0.68112069 0.68143564 0.68157905 0.68198043]","[0.61818458 0.65069261 0.61563171 0.63531483 0.62136763]",0.680804908275604,3,"17332_1,0,0_0.25_False",0.555353883075886,1
"dcgat-agm003194917","(0, 0, 1)",0.0516174639168729,"Ag-0.2-Zn-0.8","False","[0.40725559 0.41109699 0.41151208 0.41250187 0.41291183]","[0.3487598  0.34290394 0.33582488 0.33301991 0.33720298]",0.407255589962006,0.333019910000004,"[-0.17350978 -0.17084515 -0.17044246 -0.16898298 -0.16844946]","[-0.13736737 -0.16934416 -0.16910363 -0.13780141 -0.17217008]",-0.173509776592255,-0.172170080000001,"[-0.31472003 -0.30965614 -0.30956888 -0.30856255 -0.30733991]","[-0.28635527 -0.28561943 -0.29334391 -0.31723642 -0.29520132]",-0.314720034599304,-0.31723642,"[-0.34421355 -0.34214312 -0.34006658 -0.34000868 -0.33859047]","[-0.34306451 -0.34970505 -0.35557567 -0.37337061 -0.35752683]",-0.344213545322418,-0.373370609999995,"[0.05385286 0.05453688 0.05521244 0.05561    0.05568916]","[0.05289619 0.02851239 0.04731949 0.0534583  0.02414019]",0.0538528561592102,0.0241401900000113,-0.491739469999999,"[-0.43924403 -0.43891174 -0.43537122 -0.43485251 -0.43368608]","[-0.46722901 -0.49155    -0.49173947 -0.46698536 -0.46670918]",-0.439244031906128,2,"28993_0,0,1_0.052_False",0.77052816470787,0.567632666737548
"dcgat-agm003388222","(1, 1, -2)",0.166666666666667,"Au-0.2-Cu-0.4-Zn-0.4","True","[0.99320525 1.00391912 1.00523233 1.00573897 1.00655198]","[1.01143043 1.01044234 1.0096226  1.01071274 1.00956045]",0.99320524930954,1.00956044999998,"[-0.4546999  -0.45427048 -0.45410451 -0.45376891 -0.45361656]","[-0.40356228 -0.40583278 -0.4059884  -0.40436377 -0.40512521]",-0.454699903726578,-0.405988400000012,"[0.12116909 0.12524712 0.14811128 0.14857244 0.14951837]","[0.20098303 0.20348692 0.22332315 0.22617822 0.22769193]",0.121169090270996,0.200983030000032,"[0.11708033 0.11902517 0.17993194 0.19586915 0.20000678]","[0.19214201 0.19387836 0.21642855 0.22893358 0.22625809]",0.117080330848694,0.192142009999998,"[0.03086501 0.03141135 0.03157985 0.03161502 0.03246784]","[0.02458576 0.02444792 0.02478409 0.02555167 0.02763998]",0.0308650135993957,0.02444792,0.0464977100000396,"[0.03312296 0.03343916 0.03387958 0.03388733 0.03442824]","[0.04958452 0.04649771 0.052211   0.04862576 0.0481016 ]",0.0331229567527771,3,"32416_1,1,-2_0.167_True",0.741473289015135,0.401437973595878
"dcgat-agm003466577","(1, 2, 0)",0.178734848839701,"Au-0.625-In-0.125-Pd-0.25","True","[1.27838683 1.27875829 1.27921939 1.27948713 1.27998066]","[1.26750697 1.26481708 1.26614622 1.26362303 1.2716932 ]",1.27838683128357,1.26362303000002,"[-0.95115781 -0.9504652  -0.95021486 -0.94956517 -0.94938433]","[-0.91675169 -0.91420937 -0.91551909 -0.91698813 -0.91774157]",-0.951157808303833,-0.917741569999976,"[-0.33042309 -0.33040151 -0.32960719 -0.32747304 -0.32600328]","[-0.32604401 -0.33156878 -0.32822312 -0.32616446 -0.32366258]",-0.330423086881638,-0.331568780000026,"[0.26681894 0.27464062 0.28980714 0.29376847 0.29452759]","[0.27212909 0.19873893 0.33243561 0.27454236 0.28067572]",0.266818940639496,0.198738930000019,"[-0.2044611   0.03053504  0.03167719  0.03247434  0.03279245]","[0.14682523 0.02690411 0.02549958 0.02565702 0.02522637]",-0.204461097717285,0.0252263700000128,0.635192480000001,"[0.68725413 0.68862432 0.68988854 0.69049877 0.69102544]","[0.63976387 0.63519248 0.65201801 0.63899768 0.63568833]",0.687254130840302,3,"27567_1,2,0_0.179_True",0.653795900683213,0.673154402922436
"dcgat-agm003766410","(2, 2, 1)",0.150246998129429,"Ag-0.125-Au-0.75-Pd-0.125","False","[0.9036985  0.90708202 0.90819806 0.90912992 0.91231579]","[0.87169432 0.86768606 0.86809549 0.86771885 0.87169399]",0.9036985039711,0.867686060000011,"[-1.0799197  -1.07805026 -1.0777185  -1.07741785 -1.07735372]","[-1.01657778 -1.01990956 -1.01828537 -1.01998837 -1.02055215]",-1.07991969585419,-1.02055215000001,"[-0.47100353 -0.4690524  -0.46706665 -0.46546736 -0.46467453]","[-0.43378456 -0.43523649 -0.43536207 -0.43534764 -0.43728718]",-0.471003532409668,-0.437287180000027,"[0.04643565 0.08340263 0.08824778 0.08837909 0.09014523]","[0.01399414 0.01932529 0.01966621 0.01815328 0.10695698]",0.0464356541633605,0.0139941399999941,"[0.00882828 0.00904316 0.00981224 0.01214421 0.0122149 ]","[0.02736503 0.02828479 0.02724708 0.02793536 0.02726217]",0.0088282823562622,0.027247079999995,1.00093523999999,"[0.98249942 0.98362058 0.98493403 0.9867478  0.98929983]","[1.00104115 1.0021142  1.00148416 1.00138634 1.00093524]",0.982499420642853,3,"32236_2,2,1_0.15_False",0.653633088951935,0.511892522643087
"dcgat-agm003223402","(1, 0, 1)",0.0407127085333367,"Au-0.556-Zn-0.444","False","[0.88324648 0.91118497 0.91918331 0.92645794 0.93801254]","[1.27418892 1.26834687 1.2693503  1.26307159 1.28726545]",0.88324648141861,1.26307159000001,"[-0.58283001 -0.57937437 -0.5522244  -0.55025518 -0.53932607]","[-0.31968275 -0.3262123  -0.32079473 -0.32360402 -0.32723065]",-0.582830011844635,-0.32723064999999,"[-2.6705451  -1.65184212 -1.64813137 -0.43437311 -0.43162027]","[ 1.66335013  1.97650971  4.22005868 -0.38084201 -0.3790767 ]",-2.67054510116577,-0.380842010000009,"[-0.28785434 -0.22817796 -0.22622204 -0.21994662 -0.21953613]","[-0.13074351 -0.09793784 -0.23578952 -0.04746693 -0.23794681]",-0.287854343652725,-0.237946809999983,"[-0.02184057 -0.01505816 -0.01374829 -0.00825602 -0.00791109]","[0.0274536  0.04100346 0.03712005 0.03693774 0.05345244]",-0.0218405723571777,0.0274536000000011,-0.29758406000002,"[-0.45053214 -0.41417241 -0.41410497 -0.41177508 -0.39407337]","[-0.21211    -0.29089683 -0.29758406 -0.28160006 -0.28715757]",-0.450532138347626,2,"31072_1,0,1_0.041_False",0.642294971702904,0.716816706219844
"dcgat-agm003186275","(1, 0, 2)",0.166666666666666,"Au-0.25-Cu-0.25-Zn-0.5","True","[0.45806867 0.46391088 0.46419638 0.46434993 0.46440452]","[0.37640815 0.37545857 0.37953488 0.37778022 0.38095759]",0.458068668842316,0.375458570000006,"[-0.46261451 -0.46176702 -0.46129024 -0.46094391 -0.46050709]","[-0.42116169 -0.42520211 -0.42585749 -0.42478645 -0.42587968]",-0.462614506483078,-0.42587967999998,"[-0.01831716 -0.0183121  -0.01737714 -0.01736307 -0.01308352]","[0.01937337 0.01488394 0.01558299 0.01710632 0.01550928]",-0.01831716299057,0.0148839399999758,"[0.05068868 0.0514428  0.06043285 0.06265092 0.06387061]","[-0.01005496 -0.01281322 -0.00440292 -0.01173933 -0.00848152]",0.0506886839866638,-0.0128132199999697,"[0.07630187 0.07650959 0.07685071 0.07768995 0.07829642]","[0.02935671 0.02780202 0.02826189 0.02844734 0.02959735]",0.0763018727302551,0.0278020199999957,-0.0442566899999974,"[-0.04482681 -0.04152578 -0.04082912 -0.03930646 -0.03774726]","[-0.0426942  -0.04323412 -0.04077414 -0.04420986 -0.04425669]",-0.0448268055915832,3,"21790_1,0,2_0.167_True",0.784967456510357,0.467386469349113
"dcgat-agm003292052","(1, 0, 0)",0.25,"Cu-0.556-Zn-0.444","True","[0.49283844 0.50234741 0.50350243 0.50823718 0.51069087]","[0.57475088 0.57360423 0.57453018 0.57616979 0.57384326]",0.492838442325592,0.573604230000001,"[-0.77231675 -0.77096277 -0.77047724 -0.76872736 -0.76860887]","[-0.69932603 -0.70022594 -0.69967275 -0.69982488 -0.69933654]",-0.772316753864288,-0.70022594000001,"[-0.29749766 -0.2915622  -0.2910665  -0.29063997 -0.29020968]","[-0.30781215 -0.30980958 -0.30989026 -0.30857518 -0.31113785]",-0.297497659921646,-0.311137849999994,"[-0.427674   -0.42094246 -0.41948032 -0.41927195 -0.41843852]","[-0.40225252 -0.40118586 -0.40654254 -0.39899627 -0.40747231]",-0.427673995494843,-0.407472310000003,"[-5.66482544e-04  8.24928284e-05  1.06155872e-03  1.49399042e-03
  2.28214264e-03]","[0.02809699 0.0287602  0.02844933 0.02781255 0.02929618]",-0.0005664825439453,0.0278125500000072,-0.421435509999995,"[-0.40002945 -0.39976075 -0.39915875 -0.39883372 -0.39797723]","[-0.42006654 -0.42143551 -0.42017271 -0.42083722 -0.41969869]",-0.400029450654984,2,"19455_1,0,0_0.25_True",1.05999706455325,0.0745642649121256
"dcgat-agm003416198","(1, 1, 0)",0.25,"Ag-0.167-Cd-0.333-Pd-0.5","True","[0.54407996 0.54464883 0.54479498 0.54637367 0.54904872]","[0.68812877 0.68688435 0.68891904 0.68930934 0.68774724]",0.544079959392548,0.686884350000014,"[-1.0108372  -1.01071477 -1.01036036 -1.01029837 -1.00964522]","[-0.95688541 -0.95396546 -0.95331478 -0.95507037 -0.95809563]",-1.01083719730377,-0.958095630000002,"[-0.29724908 -0.28971124 -0.28940722 -0.28895232 -0.28724268]","[-0.28040474 -0.27285428 -0.27462365 -0.27392627 -0.2746845 ]",-0.29724907875061,-0.280404740000023,"[0.08896214 0.09402525 0.10305989 0.10353732 0.12122184]","[0.09513876 0.12366858 0.11584028 0.09509322 0.12748735]",0.0889621376991272,0.0950932199999954,"[-0.02206963 -0.02090448 -0.02078015 -0.0205369  -0.02030575]","[0.03045751 0.0305257  0.02998954 0.02969742 0.02999494]",-0.0220696330070495,0.0296974199999908,0.32202707999997,"[0.36584121 0.36734146 0.36939198 0.36988372 0.36990577]","[0.32373791 0.32273789 0.32202708 0.3246958  0.32342708]",0.365841209888458,3,"25186_1,1,0_0.25_True",0.82417448257337,0.256314035675167
"dcgat-agm003167258","(1, 1, 1)",0.0610628985738592,"Ag-0.5-Cu-0.25-Zn-0.25","False","[0.92842513 0.9337526  0.93469471 0.93512684 0.93614966]","[0.82786257 0.82245137 0.81753775 0.81980466 0.82076462]",0.928425133228302,0.817537749999985,"[-0.69003135 -0.68944788 -0.68900859 -0.68820947 -0.68693233]","[-0.62807356 -0.62819026 -0.62464577 -0.62764268 -0.62495956]",-0.690031349658966,-0.628190259999997,"[-1.05427742  0.01669186  0.02023166  0.02202284  0.02248561]","[1.46486037 0.03189474 0.05051225 0.05138051 0.04201597]",-1.05427742004395,0.0318947399999842,"[-0.0035184  -0.0015108  -0.00061685  0.00107211  0.00121039]","[0.02183267 0.01999549 0.02125856 0.01654018 0.01723065]",-0.0035184025764465,0.0165401799999926,"[0.02665699 0.03103739 0.03152806 0.03216147 0.03228998]","[0.03288398 0.03439948 0.03315669 0.03382221 0.02985996]",0.0266569852828979,0.029859959999996,0.144765510000013,"[0.13050175 0.13163447 0.13232929 0.13330942 0.13535863]","[0.14476551 0.14813843 0.14967639 0.1534341  0.14904909]",0.130501747131348,3,"27175_1,1,1_0.061_False",0.698827321282412,0.674166434086313
"dcgat-agm003765032","(2, 0, 1)",0.193733159936578,"Au-0.75-Cd-0.125-Pd-0.125","True","[0.9324072  0.93254644 0.93322951 0.93324    0.93421656]","[0.96781704 0.97124923 0.96650479 0.96542437 0.96774931]",0.932407200336456,0.965424370000022,"[-1.0547936  -1.05438614 -1.05340242 -1.05279899 -1.05275118]","[-0.97958184 -0.97997147 -0.98064461 -0.98055724 -0.97997923]",-1.0547935962677,-0.980644609999956,"[-0.45024121 -0.44980288 -0.44843259 -0.44776556 -0.44697246]","[-0.4142988  -0.41729473 -0.41972375 -0.41677814 -0.4128997 ]",-0.450241208076477,-0.419723750000003,"[0.04984677 0.05894876 0.08741337 0.13803887 0.14732164]","[0.1105331  0.12678316 0.13438414 0.21678246 0.20768421]",0.0498467683792114,0.110533100000055,"[0.00370651 0.00479591 0.00488931 0.00544178 0.00580746]","[0.04472769 0.03588225 0.03646811 0.04360513 0.04423067]",0.0037065148353576,0.0358822500000144,0.72781329999998,"[0.69998759 0.70011526 0.70023459 0.70136505 0.7019555 ]","[0.72930836 0.72922563 0.72913509 0.7278133  0.7280147 ]",0.699987590312958,3,"25776_2,0,1_0.194_True",0.628871724874791,0.541916001480571
"dcgat-agm003689033","(2, 0, 1)",0.0613135655626276,"Ag-0.632-Cd-0.316-Pd-0.053","True","[1.56110001 1.60847998 1.61955333 1.6226449  1.62787986]","[1.89600643 1.84510198 1.84296691 1.83784951 1.84040792]",1.56110000610352,1.83784951000001,"[-1.00838244 -1.00768924 -1.00240493 -1.00008988 -0.99958038]","[-0.84905038 -0.84798634 -0.85933536 -0.85559266 -0.85937462]",-1.00838243961334,-0.859374620000011,"[-1.8513515  -1.71095395 -1.62916231 -1.51687026 -1.51508546]","[2.89210255 1.63568696 1.90635138 1.532065   1.62990498]",-1.8513514995575,1.53206499999996,"[0.01232308 0.02585626 0.02670133 0.03642428 0.03723937]","[0.19648246 0.06139534 0.0620815  0.06385099 0.04585661]",0.0123230814933776,0.0458566100000155,"[-0.05709094 -0.0561536  -0.05243814 -0.04748654 -0.04468733]","[0.04028338 0.04694681 0.04143339 0.04487799 0.0365348 ]",-0.057090938091278,0.0365347999999983,0.0231566799999711,"[0.01655799 0.02378279 0.02632749 0.02652454 0.02733701]","[0.03313467 0.02315668 0.04322395 0.0303532  0.03411418]",0.0165579915046691,3,"33580_2,0,1_0.061_True",0.60454167104632,0
"dcgat-agm003642623","(1, 1, 0)",0.25,"Ag-0.1-Cu-0.4-Zn-0.5","True","[0.74681133 0.75031012 0.75211245 0.7526589  0.75345534]","[0.76275287 0.76623244 0.76060726 0.76339412 0.76499791]",0.746811330318451,0.760607259999972,"[-0.4424735  -0.44165614 -0.44130534 -0.44052073 -0.44028455]","[-0.36513313 -0.36965304 -0.37053201 -0.36919935 -0.36728446]",-0.442473500967026,-0.370532010000005,"[0.08970928 0.09146583 0.09266162 0.09599876 0.09924293]","[0.13602239 0.13366203 0.13770362 0.13551167 0.13149833]",0.0897092819213867,0.131498329999999,"[0.19177431 0.19594157 0.19597197 0.19725847 0.19931203]","[0.20481691 0.21005118 0.25473916 0.21664744 0.20774921]",0.191774308681488,0.204816909999977,"[0.02256888 0.02449518 0.02456069 0.02475238 0.02524543]","[0.04232793 0.04271905 0.03684267 0.038064   0.03744062]",0.0225688815116882,0.0368426699999986,0.108222530000006,"[0.15159911 0.15175724 0.15202373 0.15306073 0.1541335 ]","[0.11860378 0.1153072  0.10862445 0.10822253 0.11710439]",0.151599109172821,3,"23165_1,1,0_0.25_True",0.856308526573331,0.968403534472727
"dcgat-agm002335354","(1, 0, 0)",0.125,"Cu-0.875-Zn-0.125","False","[0.30136734 0.30261678 0.30676407 0.30835837 0.30957407]","[0.28801689 0.28873438 0.28886111 0.28662442 0.28720894]",0.301367342472076,0.28662442000001,"[-0.66228426 -0.66219634 -0.66144937 -0.66078454 -0.66060346]","[-0.62381419 -0.62407833 -0.62448369 -0.62167396 -0.61844067]",-0.662284255027771,-0.624483690000005,"[-0.08396959 -0.08260745 -0.08208954 -0.08125681 -0.08034104]","[-0.04846986 -0.05368552 -0.05202286 -0.05306858 -0.05231844]",-0.0839695930480957,-0.0536855200000161,"[-0.17336577 -0.17269915 -0.17103261 -0.16635835 -0.1660943 ]","[-0.15857767 -0.16191064 -0.16346569 -0.16212741 -0.16202972]",-0.173365771770477,-0.163465689999981,"[0.02275056 0.02284902 0.02336115 0.02350014 0.02350295]","[0.03763756 0.03821117 0.03888636 0.03829132 0.03741005]",0.0227505564689636,0.0374100500000054,0.0052594699999986,"[0.00533575 0.00670296 0.00779253 0.00860262 0.00977528]","[0.00525947 0.00653523 0.01015633 0.00567735 0.00604895]",0.0053357481956481,2,"25848_1,0,0_0.125_False",1.19533344034446,1
"dcgat-agm003267076","(2, 1, 1)",0.0528546340980019,"In-0.111-Zn-0.889","True","[0.3618378  0.36434525 0.36449844 0.36572605 0.36830777]","[0.47537177 0.4748748  0.46999221 0.48270474 0.46960186]",0.361837804317474,0.469601860000005,"[-0.12676138 -0.12255901 -0.11962575 -0.11922419 -0.11630601]","[-0.15148227 -0.14621276 -0.00415607 -0.14882121 -0.15095918]",-0.126761376857758,-0.151482269999995,"[-0.24140757 -0.23802346 -0.22758257 -0.22436309 -0.2238847 ]","[-0.18620727 -0.19274138 -0.19019116 -0.21003787 -0.19084861]",-0.241407573223114,-0.210037870000001,"[-0.3359772  -0.32706913 -0.32226172 -0.3222234  -0.32162139]","[-0.33220128 -0.33457832 -0.33325834 -0.33780965 -0.3222925 ]",-0.33597719669342,-0.337809649999997,"[0.07153332 0.07215965 0.07374847 0.07377446 0.07503593]","[0.04186742 0.037554   0.03951505 0.04358029 0.04123869]",0.0715333223342895,0.0375540000000071,-0.465083019999994,"[-0.42962423 -0.42300224 -0.41619208 -0.41460091 -0.41416684]","[-0.45485504 -0.46427627 -0.46338891 -0.46042486 -0.46508302]",-0.429624229669571,2,"16925_2,1,1_0.053_True",0.458232494037186,0
"dcgat-agm003596603","(1, 0, 1)",0.5,"Au-0.444-Cu-0.444-Zn-0.111","True","[1.24128461 1.24185634 1.25076151 1.25172687 1.2536397 ]","[1.55373425 1.56001082 1.55053342 1.55314079 1.5576647 ]",1.24128460884094,1.55053342000002,"[-0.81829697 -0.81789207 -0.81717318 -0.81699294 -0.81651765]","[-0.71794005 -0.71777238 -0.71598901 -0.71736387 -0.71564467]",-0.81829696893692,-0.71794005000001,"[-0.29737604 -0.29086179 -0.29044631 -0.28961942 -0.28957218]","[-0.20065945 -0.20102049 -0.19797775 -0.19840754 -0.198256  ]",-0.297376036643982,-0.201020490000019,"[-0.46115893 -0.45614386 -0.45551327 -0.45304105 -0.44736165]","[-0.38299246 -0.38644936 -0.38814183 -0.37720436 -0.37499433]",-0.461158931255341,-0.388141829999995,"[-0.05007184 -0.04395264 -0.0437184  -0.04360861 -0.04232955]","[0.04424092 0.03877252 0.03797523 0.0390793  0.03849747]",-0.0500718355178833,0.0379752300000006,-0.120318620000006,"[-0.18544567 -0.18469584 -0.18458945 -0.18401998 -0.18380237]","[-0.11897114 -0.12031862 -0.11735961 -0.11938551 -0.11282838]",-0.185445666313171,3,"23767_1,0,1_0.5_True",0.908419540372178,0.0706468496386757
"dcgat-agm003203423","(1, 1, 1)",0.5,"Au-0.333-Cu-0.667","True","[1.10376    1.10942698 1.11017847 1.11117625 1.11120796]","[1.16060839 1.16105364 1.16136976 1.16191062 1.16163354]",1.10376000404358,1.16060838999999,"[-0.68984419 -0.68747401 -0.68594587 -0.68582833 -0.6854021 ]","[-0.59132528 -0.58930202 -0.58957458 -0.58871641 -0.59077745]",-0.689844191074371,-0.591325280000007,"[-0.04902089 -0.04821318 -0.04806376 -0.04636055 -0.04538792]","[-0.02257173 -0.02295085 -0.02533447 -0.02637815 -0.02131998]",-0.0490208864212036,-0.0263781500000277,"[-0.08022302 -0.07964778 -0.07868367 -0.07853854 -0.07793725]","[-0.06182676 -0.0605637  -0.05757429 -0.05671189 -0.05951199]",-0.0802230238914489,-0.0618267600000024,"[0.00810868 0.00812918 0.00851506 0.00877255 0.00900286]","[0.0430909  0.04129428 0.04041454 0.04061379 0.0419454 ]",0.0081086754798889,0.0404145400000004,0.197101899999979,"[0.17368561 0.17390889 0.17416817 0.17443633 0.1747641 ]","[0.1971019  0.19810256 0.19825032 0.20014797 0.19751887]",0.173685610294342,2,"32455_1,1,1_0.5_True",0.902219985835011,0.913178145059199
"mp-980109","(2, 2, 1)",0,"Au-0.75-Sn-0.25","True","[1.32910824 1.59189296 1.64764142 1.64853978 1.65616441]","[1.54153936 1.49284641 1.41672061 1.41810059 1.41566971]",1.32910823822021,1.41566970999997,"[-0.30260742 -0.29910415 -0.29889935 -0.2890892  -0.2835156 ]","[-0.20406545 -0.02126594 -0.21856711 -0.03940259 -0.05386418]",-0.302607417106628,-0.218567110000009,"[-0.20747834 -0.20102674 -0.17298687 -0.14873308 -0.14221448]","[-0.14075521 -0.15424527 -0.15381971 -0.11435262  0.36050855]",-0.20747834444046,-0.15424526999999,"[0.12978762 0.33263808 0.34943718 0.37892121 0.38157314]","[0.15120641 0.57170684 0.39033303 0.62425665 0.33573571]",0.129787623882294,0.151206409999986,"[-0.66041708 -0.41869664 -0.01524591  0.14300501  0.16792411]","[0.04173945 0.29662259 0.41597957 0.41201487 0.4114863 ]",-0.660417079925537,0.0417394499999943,0.138038159999979,"[-8.49366188e-04  9.87648964e-05  2.83187628e-03  1.42331123e-02
  1.81761384e-02]","[0.23255912 0.25273923 0.19112665 0.22774986 0.13803816]",-0.0008493661880493,2,"417_2,2,1_0.0_True",0.416810572247266,0
"dcgat-agm003293173","(1, 1, 2)",0.401868478475342,"Ag-0.417-Cd-0.583","False","[1.4509871  1.45998859 1.47305918 1.48186541 1.48743463]","[1.5742101  1.53387137 1.68489133 1.5330531  1.59628508]",1.4509871006012,1.53305309999999,"[-0.54812664 -0.53490525 -0.53118539 -0.52586436 -0.52270472]","[-0.54212876 -0.54383406 -0.54233009 -0.54206655 -0.54709823]",-0.548126637935638,-0.547098230000017,"[-2.2867496  -0.86233366 -0.13094282 -0.11061722 -0.10484928]","[ 1.25311984  1.23760046  0.05937282  0.06678861 -0.11315726]",-2.28674960136414,-0.113157260000008,"[-0.09909666 -0.06316829 -0.04444933 -0.03081435 -0.02563834]","[-0.08983002 -0.10098352 -0.03322385 -0.02668507  0.00460085]",-0.099096655845642,-0.10098352,"[0.03864181 0.0518952  0.05437952 0.05523217 0.05637109]","[0.04460681 0.04840821 0.04462735 0.04696858 0.04344168]",0.0386418104171752,0.0434416800000008,-0.121996390000007,"[-0.14168978 -0.12104803 -0.09964305 -0.0889222  -0.07964438]","[-0.11751733 -0.12199639 -0.10657225 -0.11891251 -0.11818704]",-0.141689777374268,2,"32554_1,1,2_0.402_False",0.539006692212267,0
"oqmd-1340842","(1, 1, 1)",0.491,"Ag-0.222-Au-0.778","True","[1.50138116 1.51424694 1.51426029 1.51960349 1.5280776 ]","[1.47528058 1.47630662 1.47527602 1.48407764 1.50883411]",1.50138115882874,1.47527602,"[-0.65167272 -0.6492976  -0.64760143 -0.64709175 -0.64661807]","[-0.65248846 -0.64963655 -0.65030576 -0.65283401 -0.6529515 ]",-0.651672720909119,-0.652951499999972,"[-0.35378572 -0.35259709 -0.35156474 -0.35009643 -0.34835988]","[-0.39435228 -0.39568882 -0.39248826 -0.39547371 -0.39505762]",-0.3537857234478,-0.395688819999975,"[-0.01542062  0.03161055  0.03452528  0.03812116  0.08303285]","[-0.04369825  0.03593023 -0.0108249   0.01169789  0.07330205]",-0.0154206156730651,-0.0436982500000056,"[0.08431268 0.08444452 0.08688956 0.08731604 0.08735478]","[0.04966078 0.04637661 0.04668988 0.04899093 0.05152758]",0.0843126773834228,0.04637661000001,0.686688430000004,"[0.70918566 0.71000332 0.71090525 0.71128839 0.71204692]","[0.69049657 0.68912063 0.68881889 0.69642963 0.68668843]",0.709185659885407,2,"16101_1,1,1_0.491_True",0.694288356684058,0
"dcgat-agm003767417","(2, 0, 1)",0.304404722597019,"Au-0.75-In-0.125-Pd-0.125","True","[0.971003   0.97476465 0.97606057 0.97625929 0.97740167]","[0.9982587  1.00251166 0.99747587 0.99623189 0.99872535]",0.971002995967865,0.99623188999999,"[-1.0528965  -1.05205727 -1.05158055 -1.05093145 -1.05055761]","[-0.97213215 -0.97541755 -0.97248798 -0.97159634 -0.97504534]",-1.05289649963379,-0.975417550000032,"[-0.43454427 -0.43408674 -0.43365502 -0.43318248 -0.43223709]","[-0.39079137 -0.39133074 -0.38963254 -0.38966753 -0.38979533]",-0.434544265270233,-0.391330740000001,"[-0.00086045  0.02263999  0.04218465  0.05629003  0.06026947]","[0.01427446 0.05060358 0.09631656 0.06692508 0.11076441]",-0.0008604526519775,0.0142744599999673,"[0.0114249  0.01275963 0.01317185 0.01361185 0.01484889]","[0.0466733  0.05392006 0.05086351 0.04859823 0.05367579]",0.0114248991012573,0.0466732999999521,0.490392900000018,"[0.45290464 0.45493394 0.45541006 0.45588511 0.45588785]","[0.49040634 0.49366806 0.49404069 0.49278026 0.4903929 ]",0.452904641628265,3,"30303_2,0,1_0.304_True",0.613117414944051,0.966608256914821
"dcgat-agm003203297","(2, 2, 1)",0.278988757563349,"Ag-0.167-Au-0.833","False","[1.52985144 1.5355823  1.53665733 1.53823256 1.54234076]","[1.4889205  1.54009917 1.54009215 1.53700775 1.53616784]",1.52985143661499,1.48892049999998,"[-0.67313999 -0.67293537 -0.67252403 -0.67242151 -0.67237955]","[-0.62486432 -0.62536192 -0.62923773 -0.62644578 -0.62785324]",-0.673139989376068,-0.62923773,"[-0.30710015 -0.30650365 -0.30075294 -0.29794076 -0.29756182]","[-0.32190018 -0.3214403  -0.32641401 -0.32275656 -0.32676422]",-0.307100147008896,-0.326764219999973,"[-0.02148902 -0.01327151 -0.00831646 -0.00067914 -0.00067586]","[-0.0137035  -0.00946249 -0.00925202 -0.00983277  0.03308624]",-0.0214890241622924,-0.0137034999999912,"[0.05821556 0.06413543 0.06471479 0.06497186 0.06558794]","[0.08044941 0.04985982 0.04828543 0.04774041 0.04716202]",0.0582155585289001,0.0471620200000018,0.612524890000003,"[0.64265627 0.642667   0.64269143 0.64313823 0.64376992]","[0.61252489 0.61565423 0.6129871  0.61415903 0.61308677]",0.642656266689301,2,"27493_2,2,1_0.279_False",0.700079414276871,0
"oqmd-1339090","(1, 2, 2)",0.053,"Au-0.75-In-0.25","False","[1.30814934 1.31814408 1.32962728 1.38200426 1.39259601]","[1.69170964 1.52456007 1.70838279 1.58205902 1.45679792]",1.30814933776856,1.45679791999999,"[-0.68354571 -0.63295394 -0.60609841 -0.56231916 -0.55592316]","[-0.40443157 -0.34750527 -0.38128817 -0.39035162 -0.37961057]",-0.683545708656311,-0.404431569999986,"[-0.53982127 -0.5248028  -0.45874774 -0.45453721 -0.45107004]","[-0.14022427 -0.13117804  0.06256825  0.0544779   0.13571455]",-0.539821267127991,-0.140224269999976,"[-0.35960156 -0.28416196 -0.24604458 -0.23640698 -0.0538516 ]","[0.27289096 0.31324218 0.20659922 0.35029127 0.42423648]",-0.359601557254791,0.206599220000015,"[-0.08809829 -0.06420344 -0.04036057 -0.03528124 -0.03456706]","[0.10662669 0.04824126 0.08333064 0.04946288 0.1100844 ]",-0.0880982875823974,0.0482412600000259,0.61396603999998,"[-0.04738712 -0.03961605 -0.02923125 -0.01660848 -0.00303715]","[0.61396604 0.61932798 0.63089426 0.63012826 0.63573228]",-0.0473871231079101,2,"15850_1,2,2_0.053_False",0.460548101192236,0
"dcgat-agm003612387","(1, 1, 2)",0.125,"Au-0.5-Cd-0.25-Pd-0.25","True","[1.24904537 1.25148773 1.25579071 1.25629997 1.25739694]","[1.2971087  1.30127796 1.29420673 1.29767986 1.29843174]",1.24904537200928,1.29420672999998,"[-0.86943561 -0.86792362 -0.86787271 -0.86755502 -0.86745691]","[-0.77219227 -0.77266465 -0.77256835 -0.7748146  -0.7739375 ]",-0.869435608386993,-0.774814599999985,"[-0.26613209 -0.2634702  -0.26206106 -0.26199499 -0.26197213]","[-0.2080424  -0.20217682 -0.20682573 -0.20815855 -0.20421342]",-0.266132086515427,-0.208158549999979,"[0.2854467  0.32912165 0.33245832 0.34525508 0.37286133]","[0.33967329 0.37726039 0.386607   0.38751339 0.42848616]",0.285446703433991,0.339673289999979,"[0.02337795 0.02544266 0.02545506 0.02568287 0.0258311 ]","[0.05807676 0.05923368 0.05807151 0.05916186 0.05712572]",0.0233779549598693,0.0571257199999877,0.796007509999981,"[0.78422827 0.78783387 0.78786224 0.78889138 0.78921515]","[0.79938947 0.79870398 0.79600751 0.79875225 0.7961838 ]",0.784228265285492,3,"19569_1,1,2_0.125_True",0.63460816963379,0.829444053992448
"dcgat-agm003162782","(0, 1, 2)",0.141452922111697,"Au-0.75-Cu-0.25","False","[0.92457777 0.93353814 0.93459111 0.93856996 0.93910676]","[0.88092423 0.88271399 0.88214693 0.88252028 0.88490266]",0.92457777261734,0.880924230000005,"[-0.72010934 -0.72008848 -0.7195065  -0.71947181 -0.71929294]","[-0.66367013 -0.66515898 -0.66363937 -0.66476217 -0.66293516]",-0.720109343528748,-0.665158980000001,"[-0.19460809 -0.19433498 -0.19062585 -0.19025105 -0.18965203]","[-0.14661371 -0.1435473  -0.14751384 -0.14287555 -0.14619387]",-0.194608092308044,-0.147513840000016,"[-0.04801774  0.02963144  0.03199041  0.03401101  0.03444254]","[-0.05398081  0.02700894  0.0241446   0.02538654  0.02330782]",-0.0480177402496337,-0.0539808099999845,"[0.08533478 0.08737105 0.08788979 0.0902825  0.09098428]","[0.05796053 0.05913366 0.05953518 0.05963178 0.05850754]",0.0853347778320312,0.0579605300000025,0.0938588200000083,"[0.09085202 0.09109282 0.09122771 0.09138328 0.0926674 ]","[0.09443299 0.09665462 0.09804868 0.09385882 0.09517301]",0.0908520221710205,2,"19919_0,1,2_0.141_False",0.67520555860714,0.563752999319489
"dcgat-agm003306402","(1, 1, 2)",0.0010345924720951,"Au-0.429-In-0.286-Pd-0.286","True","[1.14319372 1.18952727 1.19081235 1.19322872 1.19427633]","[1.50482628 1.23772751 1.22881453 1.23342983 1.23416238]",1.14319372177124,1.22881453000002,"[-0.80466568 -0.80403811 -0.80398715 -0.80392599 -0.80379671]","[-0.71696071 -0.7179539  -0.71523642 -0.71522932 -0.71610275]",-0.804665684700012,-0.717953899999969,"[-0.29589194 -0.29513314 -0.29509234 -0.29485589 -0.29475164]","[-0.25366077 -0.25378782 -0.25132906 -0.25329266 -0.25511487]",-0.29589194059372,-0.25511487,"[0.12105823 0.12438411 0.13369018 0.18026769 0.18611687]","[0.17371306 0.17627905 0.17351307 0.19691357 0.20785461]",0.121058225631714,0.173513070000041,"[0.05340278 0.05480486 0.05495948 0.05496395 0.05515891]","[0.05864057 0.06164002 0.06278194 0.06053228 0.05839852]",0.0534027814865112,0.0583985200000256,0.377799659999994,"[0.36315829 0.37098485 0.37552387 0.37741166 0.37983495]","[0.37966384 0.38002346 0.38535571 0.37944168 0.37779966]",0.363158285617828,3,"31154_1,1,2_0.001_True",0.574252793571926,0.413596536246
"dcgat-agm003380944","(0, 1, 0)",0.25,"Au-0.273-In-0.364-Pd-0.364","True","[0.61889321 0.62139386 0.62463874 0.6252715  0.62671763]","[0.81526683 0.80302349 0.79322991 0.81552235 0.7987301 ]",0.618893206119537,0.79322990999998,"[-0.89295143 -0.89073789 -0.88621962 -0.88477039 -0.88364708]","[-0.76984873 -0.77481058 -0.78668549 -0.7860389  -0.79049955]",-0.892951428890228,-0.79049955000005,"[-0.18598777 -0.18586582 -0.18249094 -0.18191099 -0.18138856]","[-0.15309115 -0.17423624 -0.16560923 -0.1635483  -0.16280304]",-0.185987770557404,-0.174236240000027,"[-0.19500315 -0.1875003  -0.17686337 -0.17580104 -0.17559928]","[-0.13088818 -0.13611247 -0.12336686 -0.12888113 -0.13011425]",-0.195003151893616,-0.13611247,"[-0.01665145 -0.01272666 -0.01138395 -0.01018399 -0.01008666]","[0.06455351 0.06414177 0.0606953  0.05884512 0.06574772]",-0.016651451587677,0.058845119999944,-0.0115029599999729,"[-0.16119969 -0.16098368 -0.15988868 -0.15905529 -0.15753418]","[-0.00869433 -0.01040417 -0.00145675 -0.00495485 -0.01150296]",-0.161199688911438,3,"25391_0,1,0_0.25_True",0.73358015756572,0.705453895672008
"dcgat-agm003290580","(2, 2, 1)",0.0984582039512507,"Cu-0.375-Zn-0.625","True","[0.68428057 0.68672293 0.68706983 0.68924159 0.6900354 ]","[0.79558194 0.79704246 0.80223838 0.79761759 0.79902447]",0.684280574321747,0.795581940000005,"[-0.40843698 -0.40739915 -0.40700379 -0.40662539 -0.40631253]","[-0.30730706 -0.3102703  -0.30650004 -0.31027141 -0.30966849]",-0.408436983823776,-0.310271409999984,"[0.14531058 0.14946985 0.14973253 0.16155845 0.16523826]","[0.18789816 0.18921712 0.18766621 0.24367424 0.25006857]",0.145310580730438,0.187666209999975,"[0.05315071 0.16941535 0.18374544 0.19149637 0.19446117]","[0.13210773 0.25975511 0.26910044 0.28964048 0.29022713]",0.0531507134437561,0.132107730000001,"[0.0471611  0.04855847 0.04971236 0.04997665 0.05036241]","[0.0588922  0.08442039 0.08265535 0.08354201 0.08392969]",0.0471611022949218,0.0588922000000025,0.179954569999978,"[0.08441502 0.08911359 0.09404463 0.09436858 0.09502929]","[0.18337756 0.17995457 0.18035395 0.18151119 0.18036263]",0.0844150185585022,2,"18692_2,2,1_0.098_True",0.758158550382664,0.891022179914643
"oqmd-1105539","(2, 2, 1)",0.05,"Au-0.5-Sn-0.5","True","[1.19601297 1.20509148 1.21830845 1.22732282 1.23363829]","[1.167426   1.16901095 1.16771376 1.16312564 1.16066214]",1.1960129737854,1.16066213999997,"[-0.22677344 -0.22173047 -0.20440137 -0.1972059  -0.19255942]","[-0.33927502 -0.34293589 -0.13180117 -0.13240595 -0.12869252]",-0.22677344083786,-0.342935890000007,"[-0.10954106 -0.0611394  -0.05064893 -0.05035448 -0.04604143]","[-0.20416838 -0.17200136 -0.14476781 -0.2218551  -0.19542306]",-0.109541058540344,-0.221855099999999,"[0.0570426  0.06187195 0.06255198 0.09153146 0.10448921]","[0.08175301 0.05336068 0.08311671 0.0783493  0.02718261]",0.0570425987243652,0.0271826099999827,"[0.18047309 0.18241882 0.18484068 0.18664223 0.18987644]","[0.07513404 0.07263333 0.06809848 0.07137647 0.05903463]",0.18047308921814,0.0590346299999993,-0.0651182200000164,"[0.07430226 0.07834578 0.07906795 0.08422542 0.08481598]","[-0.05998269 -0.04549618 -0.04472406 -0.06511822 -0.0640105 ]",0.0743022561073303,2,"11448_2,2,1_0.05_True",0.515799517353136,0
"dcgat-agm002383092","(2, 1, 1)",0.119418709252724,"Au-0.8-Sn-0.2","True","[1.20777512 1.2408011  1.25078845 1.25324225 1.2629931 ]","[1.10337073 0.9462697  0.95139453 1.09041139 0.96290417]",1.2077751159668,0.946269699999988,"[-0.27377859 -0.26234114 -0.25344902 -0.25055552 -0.25014979]","[-0.34742708 -0.29108475 -0.29503124 -0.39531607 -0.29327379]",-0.273778587579727,-0.395316070000007,"[-0.14496237 -0.14348435 -0.14012027 -0.13848388 -0.13838667]","[-0.24473657 -0.24433617 -0.23760552 -0.24362777 -0.24881237]",-0.14496237039566,-0.248812369999996,"[0.18924159 0.25954169 0.27252501 0.28204268 0.29497415]","[0.12341711 0.16539523 0.28843103 0.19120108 0.25630406]",0.189241588115692,0.123417109999991,"[0.00238401 0.01905012 0.01997542 0.0259223  0.02919811]","[0.07202774 0.07495211 0.05953118 0.08082119 0.09376865]",0.0023840069770812,0.0595311799999933,0.264683880000007,"[0.21592349 0.22135687 0.22351593 0.23588389 0.23672742]","[0.2781267  0.27496943 0.30395425 0.28165441 0.26468388]",0.215923488140106,2,"27562_2,1,1_0.119_True",0.394155767286251,0.731497724175305
"oqmd-1340465","(0, 1, 0)",0.25,"Cd-0.765-Pd-0.235","True","[1.13883877 1.13909912 1.14164042 1.14327717 1.14660835]","[1.23197727 1.23158745 1.2258718  1.22654879 1.22740424]",1.13883876800537,1.22587179999999,"[-0.87117177 -0.86968505 -0.86962128 -0.86868864 -0.868038  ]","[-0.73338912 -0.72992739 -0.73006857 -0.73132626 -0.72888327]",-0.871171772480011,-0.733389120000012,"[-0.17861861 -0.16402227 -0.15878868 -0.15291947 -0.15290421]","[-0.14118835 -0.12187002 -0.12228741 -0.1189418  -0.12406733]",-0.178618609905243,-0.141188350000007,"[0.18658471 0.188811   0.19532341 0.23402476 0.24384314]","[0.37279808 0.37645915 0.38864073 0.40884044 0.42172894]",0.186584711074829,0.372798079999996,"[0.02181476 0.02313185 0.03100038 0.12120986 0.12178236]","[0.0688232  0.06045105 0.06432727 0.1551064  0.15642902]",0.0218147635459899,0.0604510499999975,-0.0603490500000134,"[0.04285157 0.04495323 0.04579967 0.04650414 0.04723597]","[-0.05296842 -0.06034905 -0.05341296 -0.05732916 -0.0552948 ]",0.0428515672683715,2,"15774_0,1,0_0.25_True",0.549857157120605,0.320589045629692
"dcgat-agm003642626","(1, 1, 0)",0.25,"Ag-0.1-Cu-0.5-Zn-0.4","True","[0.70298618 0.70632643 0.70796639 0.71461695 0.71560091]","[0.68965503 0.68965745 0.69076309 0.69118838 0.68872684]",0.702986180782318,0.688726839999987,"[-0.59079236 -0.58942348 -0.58864838 -0.58823693 -0.58783573]","[-0.53913313 -0.53655923 -0.5329952  -0.53359276 -0.53493846]",-0.5907923579216,-0.539133129999982,"[0.04784399 0.07385123 0.07500356 0.07649618 0.07669306]","[0.02364661 0.13015018 0.12843325 0.12912449 0.13099035]",0.0478439927101135,0.0236466100000143,"[0.14093    0.15326613 0.15344667 0.15621853 0.15653753]","[0.1736788  0.1827486  0.18384629 0.17223753 0.18011043]",0.140929996967316,0.17223752999999,"[0.04403627 0.04600048 0.04616487 0.04632586 0.0470891 ]","[0.06368296 0.06324092 0.0609024  0.06477343 0.06758901]",0.0440362691879272,0.0609024000000033,0.161259779999995,"[0.13648087 0.14750987 0.14785737 0.14979577 0.14994824]","[0.1638707  0.16383603 0.16125978 0.1731836  0.16569526]",0.136480867862701,3,"34412_1,1,0_0.25_True",0.898277902119804,0.905832829664522
"dcgat-agm003207258","(0, 2, 1)",0.0347744778338749,"Au-0.6-Cd-0.4","False","[1.32622814 1.32880592 1.33630896 1.34367371 1.363585  ]","[1.31707014 1.31731071 1.32072705 1.31837427 1.33291795]",1.32622814178467,1.31707014,"[-0.36120254 -0.35999086 -0.35986164 -0.35980368 -0.35909593]","[-0.25134679 -0.25787928 -0.25770928 -0.26953981 -0.2506308 ]",-0.361202538013458,-0.269539809999969,"[-1.4139936  -0.4576039  -0.37579331 -0.3466239  -0.29562515]","[ 1.36966066 -0.38699204 -0.29907632 -0.33436133 -0.22625434]",-1.41399359703064,-0.386992039999967,"[0.03047758 0.04581153 0.07002074 0.16664231 0.19978434]","[0.18205024 0.09811612 0.12513692 0.16425916 0.19915226]",0.0304775834083557,0.0981161200000144,"[0.05905843 0.06378317 0.0647012  0.06844485 0.07697409]","[0.06241863 0.07054877 0.06506016 0.06996352 0.07383927]",0.0590584278106689,0.0624186300000246,0.296737480000019,"[0.24895138 0.30748707 0.30995888 0.3236416  0.32986277]","[0.36617941 0.29673748 0.30285954 0.30137037 0.30348489]",0.248951375484467,2,"26446_0,2,1_0.035_False",0.575149359499002,0.920213525629603
"dcgat-agm001850807","(1, 0, 0)",0.25,"Pd-0.333-Tl-0.667","True","[1.06558871 1.07226562 1.34762526 1.34774637 1.34903812]","[1.2812824  1.28081981 1.38332739 1.37570352 1.37730427]",1.06558871269226,1.28081981000003,"[-0.86431009 -0.86406171 -0.86267567 -0.86257076 -0.86256027]","[-0.70553172 -0.70422581 -0.70208739 -0.71231467 -0.70784966]",-0.864310085773468,-0.712314669999984,"[-0.34880415 -0.34603259 -0.34546921 -0.34544501 -0.34512642]","[-0.31825006 -0.30852507 -0.30799315 -0.31518167 -0.31333512]",-0.348804146051407,-0.318250060000025,"[0.05659431 0.05733269 0.06452286 0.06457067 0.06720823]","[0.11133742 0.11809888 0.08469258 0.10286714 0.10650043]",0.0565943121910095,0.0846925800000235,"[-0.06820059 -0.06675667 -0.06494004 -0.06159931 -0.0594551 ]","[0.06755584 0.06422259 0.06640118 0.06281448 0.07496008]",-0.0682005882263183,0.0628144800000143,0.163136609999981,"[0.26927108 0.26937395 0.27328271 0.27376419 0.27491587]","[0.17742597 0.17138606 0.16313661 0.16650727 0.16841499]",0.269271075725555,2,"32275_1,0,0_0.25_True",0.310879053547918,1
"dcgat-agm003194951","(2, -1, 2)",0.0705574226161404,"Au-0.8-Cu-0.2","True","[0.97844535 1.0172224  1.09192991 1.10817266 1.12285137]","[1.24272141 1.323716   1.38143566 1.39061897 1.40333751]",0.97844535112381,1.24272140999994,"[-0.72933924 -0.72821695 -0.72700763 -0.72681516 -0.72671336]","[-0.56193014 -0.56440117 -0.55470066 -0.55803498 -0.56289621]",-0.729339241981506,-0.564401170000053,"[-0.29709578 -0.29639035 -0.29574734 -0.29445356 -0.29429498]","[-0.24922699 -0.24445791 -0.22972661 -0.24969977 -0.24742794]",-0.297095775604248,-0.249699770000007,"[-0.19700789 -0.19237536 -0.19129157 -0.18943048 -0.18816864]","[-0.13095892 -0.12977725 -0.1295328  -0.1326248  -0.13392364]",-0.197007894515991,-0.133923640000035,"[0.03239423 0.03394574 0.03418809 0.03444767 0.03571475]","[0.0685342  0.06843788 0.06541358 0.06864531 0.06662891]",0.0323942303657531,0.0654135799999267,0.528883549999989,"[0.41553634 0.43730801 0.43889123 0.45825154 0.46307963]","[0.52888355 0.54118599 0.54467847 0.54151978 0.53368752]",0.415536344051361,2,"23956_2,-1,2_0.071_True",0.776463436709989,0.835800395281072
"dcgat-agm003327780","(1, 0, 0)",0.25,"Ag-0.375-Au-0.375-Cd-0.25","True","[1.62120342 1.63179016 1.63871884 1.65332222 1.65802264]","[1.51202276 1.33078341 1.38868804 1.51435587 1.45323983]",1.62120342254639,1.33078341,"[-0.13491637 -0.0191837  -0.01833594 -0.01238495 -0.01152164]","[0.001475   0.03706569 0.03936776 0.03135094 0.04187814]",-0.134916365146637,0.0014749999999992,"[0.12439519 0.13236642 0.13634706 0.13656253 0.13736159]","[ 0.16844735  0.10363774 -0.0856234  -0.00581217 -0.07000177]",0.124395191669464,-0.0856234000000313,"[0.58430868 0.58785099 0.5879876  0.594531   0.59845656]","[0.410258   0.41994579 0.37026621 0.4295635  0.43633186]",0.584308683872223,0.370266210000011,"[0.28910309 0.29030329 0.29197997 0.29231662 0.29281765]","[0.30223779 0.29296477 0.0733547  0.06646413 0.06690865]",0.289103090763092,0.0664641299999999,0.486560029999993,"[0.67672306 0.68086654 0.6819604  0.68679816 0.68831903]","[0.48656003 0.49234003 0.5020555  0.50423237 0.49193559]",0.676723062992096,3,"19613_1,0,0_0.25_True",0.429071342040021,0.846064447783863
"dcgat-agm002234392","(2, 1, 0)",0.0416666666666666,"Cd-0.8-Pd-0.2","True","[1.62079334 1.62646365 1.6366961  1.64679384 1.64886546]","[1.71713899 1.71242687 1.7732748  1.80631541 1.71611763]",1.62079334259033,1.71242687,"[-1.24085176 -1.21903551 -1.19446182 -1.19407892 -1.19402194]","[-1.04054595 -1.03989035 -1.03646837 -1.03110199 -1.0231389 ]",-1.24085175991058,-1.04054595000001,"[-2.34938979 -1.19111204 -0.46221465 -0.46192011 -0.4507589 ]","[ 1.71491042  1.50272175 -0.38043266 -0.39081572 -0.38756808]",-2.34938979148865,-0.390815720000006,"[-0.2587795  -0.2562803  -0.24642903 -0.24571598 -0.24128366]","[-0.08456839 -0.04073953 -0.09104139  0.11176771 -0.04269259]",-0.258779495954514,-0.0910413900000008,"[0.04453087 0.04590774 0.04659128 0.04661471 0.0479632 ]","[0.06931787 0.06912998 0.06731517 0.0721681  0.07005778]",0.0445308685302734,0.0673151700000005,-0.0843306700000141,"[-0.12776524 -0.12577236 -0.12367415 -0.12294894 -0.12205249]","[-0.08433067 -0.0786125  -0.07779202 -0.07393194 -0.06767347]",-0.127765238285065,2,"30158_2,1,0_0.042_True",0.536960583263458,0.901099621641561
"dcgat-agm002208334","(1, 1, 1)",0.166666666666667,"Cd-0.667-Cu-0.333","True","[1.26328397 1.26449752 1.26939559 1.27570724 1.27748513]","[1.43931211 1.13384281 1.13808208 1.13156306 1.1315938 ]",1.2632839679718,1.13156305999999,"[-0.64892232 -0.64374375 -0.64350516 -0.63975114 -0.63973629]","[-0.57717075 -0.57885858 -0.57849429 -0.57777055 -0.5799597 ]",-0.648922324180603,-0.579959700000018,"[-0.13954246 -0.13572913 -0.13563669 -0.13471252 -0.13450837]","[-0.10008522 -0.11565286 -0.11255206 -0.11619201 -0.11563179]",-0.139542460441589,-0.116192010000006,"[-0.05364794 -0.05099308 -0.04750884 -0.04495519 -0.04476702]","[-0.00215668  0.00787218 -0.01220344 -0.01182583  0.00060827]",-0.0536479353904724,-0.0122034400000075,"[0.09834576 0.09867549 0.09942901 0.10017639 0.10034174]","[0.06742072 0.0761121  0.07497878 0.07437688 0.07926896]",0.0983457565307617,0.0674207200000012,-0.0069736000000091,"[0.01945293 0.01956064 0.02080208 0.02085274 0.02333885]","[-0.00222335 -0.00459314 -0.00441529 -0.00589832 -0.0069736 ]",0.0194529294967651,2,"25590_1,1,1_0.167_True",0.55512918640267,0.511780716339778
"dcgat-agm003166236","(1, 0, 0)",0.121560997752666,"Ag-0.5-Au-0.25-Cu-0.25","True","[1.16456294 1.1647892  1.16497588 1.1651628  1.16620278]","[1.11790106 1.11783344 1.11571559 1.11587647 1.11994817]",1.16456294059753,1.11571558999999,"[-0.62156487 -0.62003684 -0.61938602 -0.6192497  -0.61884284]","[-0.55377007 -0.55487065 -0.55243434 -0.55558226 -0.55266864]",-0.621564865112305,-0.555582259999994,"[0.02099496 0.02172011 0.02250791 0.02463669 0.02538967]","[0.11706411 0.09822213 0.10150444 0.1037292  0.0982328 ]",0.0209949612617492,0.0982221299999821,"[0.15348548 0.15705186 0.15906495 0.17030507 0.18073565]","[0.13910342 0.13617596 0.13508553 0.13710895 0.18478607]",0.153485476970673,0.135085530000026,"[0.05511659 0.05626261 0.05654758 0.0565998  0.05664188]","[0.07167255 0.06791072 0.06884731 0.07590346 0.07017149]",0.055116593837738,0.0679107200000004,0.178841269999992,"[0.19389635 0.19786143 0.19875425 0.19887078 0.199211  ]","[0.18726303 0.17916853 0.17884127 0.18080856 0.18856707]",0.193896353244782,3,"17759_1,0,0_0.122_True",0.64422849713586,0.923913273654766
"dcgat-agm003203426","(0, 0, 1)",0.25,"Au-0.833-Cu-0.167","True","[1.03324056 1.03940201 1.07038593 1.07876945 1.07887554]","[1.16693628 1.16826702 1.12750931 1.12411719 1.12212908]",1.03324055671692,1.12212908000001,"[-0.52246296 -0.52127755 -0.52120554 -0.52118921 -0.52104169]","[-0.45664891 -0.45618112 -0.45597307 -0.45309179 -0.45504933]",-0.522462964057922,-0.456648909999984,"[-0.10129011 -0.09265286 -0.09264565 -0.09253162 -0.09234273]","[-0.03146161 -0.06250015 -0.06359555 -0.03219552 -0.06310814]",-0.101290106773376,-0.0635955499999738,"[0.11996537 0.14813352 0.15899682 0.16406178 0.16519189]","[0.13882255 0.1707545  0.22042445 0.21100534 0.20970021]",0.119965374469757,0.138822550000015,"[0.06270242 0.06272948 0.06440717 0.06441218 0.06445855]","[0.0719892  0.07052539 0.07038565 0.07023331 0.07019764]",0.0627024173736572,0.0701976400000035,0.305302400000016,"[0.25498074 0.2566455  0.25702935 0.25703567 0.25719911]","[0.30786907 0.30790316 0.3053024  0.30978563 0.30604244]",0.254980742931366,2,"23206_0,0,1_0.25_True",0.558488521409315,0.604898192462916
"dcgat-agm003268421","(0, 0, 1)",0.25,"Ag-0.333-Au-0.667","False","[1.85942388 1.98080564 1.98171401 1.98176003 1.98277307]","[1.94896489 1.90399975 1.91205937 1.9113323  1.91521842]",1.85942387580872,1.90399975000001,"[-0.59746671 -0.59598124 -0.59595048 -0.59544533 -0.59522164]","[-0.57036969 -0.56532252 -0.56741823 -0.56982826 -0.57258519]",-0.597466707229614,-0.572585189999998,"[-0.32381502 -0.32130817 -0.32073843 -0.32073066 -0.31990975]","[-0.24785716 -0.2502723  -0.24722529 -0.24535529 -0.24509293]",-0.323815017938614,-0.250272299999992,"[0.04809487 0.04991764 0.0508967  0.0526908  0.05322075]","[0.01849863 0.0115954  0.00908867 0.00300782 0.03149209]",0.0480948686599731,0.0030078200000076,"[0.084001   0.08503902 0.08697724 0.08840162 0.08874136]","[0.08353903 0.07991876 0.07255709 0.08415833 0.08350376]",0.0840010046958923,0.0725570899999894,0.637136820000009,"[0.67931479 0.6810413  0.68142527 0.68236357 0.68275625]","[0.63713682 0.64618449 0.64369287 0.64927538 0.64569323]",0.67931479215622,2,"19988_0,0,1_0.25_False",0.67234478265913,1
"dcgat-agm003299760","(1, 1, 1)",0.0833333333333333,"Au-0.875-Pd-0.125","True","[1.05189729 1.05213737 1.05227566 1.05271769 1.0528748 ]","[1.11868234 1.13220694 1.12102215 1.13089854 1.12273546]",1.05189728736877,1.11868233999996,"[-0.93789399 -0.93782681 -0.93777609 -0.9373197  -0.9367435 ]","[-0.90487404 -0.90551441 -0.90446877 -0.90478561 -0.90390506]",-0.937893986701965,-0.905514410000023,"[-0.3593052  -0.35722199 -0.35614303 -0.35575143 -0.3548806 ]","[-0.33803407 -0.34022862 -0.33620166 -0.33543098 -0.33733645]",-0.359305202960968,-0.340228620000005,"[0.17731261 0.18237108 0.18278509 0.18468893 0.1853385 ]","[0.23881465 0.26951168 0.25667968 0.25449217 0.22065275]",0.177312612533569,0.220652749999999,"[0.01976502 0.01999968 0.02044266 0.02051699 0.02056742]","[0.07294729 0.07276987 0.07590033 0.07609307 0.07656492]",0.019765019416809,0.072769869999945,1.29268809000001,"[1.23373508 1.23404908 1.23463154 1.23587489 1.23659945]","[1.29279457 1.29356567 1.29373138 1.29268809 1.29360638]",1.23373508453369,2,"23175_1,1,1_0.083_True",0.580843625864998,1
"dcgat-agm003484575","(2, 1, 0)",0.0832804999973454,"Au-0.667-In-0.222-Pd-0.111","True","[1.30500817 1.35684276 1.35992575 1.36084867 1.37218261]","[1.39332877 1.28057731 1.26803249 1.26859414 1.26605447]",1.30500817298889,1.26605447,"[-0.72769463 -0.72322458 -0.72175759 -0.71969754 -0.71899843]","[-0.57585909 -0.57241517 -0.56967446 -0.57327987 -0.56497105]",-0.727694630622864,-0.575859089999995,"[-0.19265831 -0.18863946 -0.18750983 -0.18712413 -0.18701482]","[-0.12303652 -0.11984333 -0.12030374 -0.11319977 -0.11430114]",-0.192658305168152,-0.123036520000028,"[-0.10771626 -0.10217786 -0.09800935 -0.06324488 -0.05452877]","[-0.11912225 -0.11667375 -0.11043453 -0.1025397  -0.05196455]",-0.107716262340546,-0.119122250000004,"[0.05134863 0.05186284 0.0521487  0.0526011  0.05398434]","[0.07437361 0.07643233 0.07358493 0.07731366 0.07277692]",0.0513486266136169,0.0727769199999954,0.365411749999993,"[0.34204549 0.34287053 0.34702939 0.34786075 0.36107391]","[0.36587834 0.36549688 0.36541175 0.36561061 0.3811732 ]",0.342045485973358,3,"25344_2,1,0_0.083_True",0.556504511499463,0.037537563156653
"dcgat-agm003551663","(1, 0, 0)",0.25,"Au-0.5-Cd-0.375-Pd-0.125","True","[0.83009738 0.83959049 1.16987944 1.17038584 1.17046428]","[0.91763291 0.91776583 1.31974829 1.31310305 1.31593566]",0.830097377300263,0.91763290999998,"[-0.92243326 -0.92207193 -0.91981602 -0.91936123 -0.91801471]","[-0.76860323 -0.76644639 -0.7638723  -0.77061754 -0.76276927]",-0.922433257102966,-0.770617539999989,"[-0.26983884 -0.26586598 -0.26583654 -0.2628569  -0.26060775]","[-0.20978552 -0.21064116 -0.19738409 -0.20233914 -0.20281491]",-0.269838839769363,-0.210641159999994,"[-0.03750849  0.09317607  0.09925282  0.1390112   0.15491277]","[-0.01195439  0.16954111  0.15164391  0.22207873  0.20253194]",-0.037508487701416,-0.0119543899999996,"[0.01061398 0.01089853 0.01140302 0.0116964  0.01196057]","[0.07406619 0.07679735 0.07672777 0.08034152 0.07577606]",0.0106139779090881,0.0740661899999963,0.536889790000004,"[0.51423186 0.51484066 0.516527   0.51740283 0.52280444]","[0.5437448  0.53913861 0.54452669 0.53688979 0.53882407]",0.514231860637665,3,"31586_1,0,0_0.25_True",0.635825782822591,1
"dcgat-agm003194919","(0, 1, 0)",0.25,"Ag-0.6-Zn-0.4","True","[0.39933938 0.40552443 0.40750605 0.41111928 0.41301268]","[0.44243043 0.44379261 0.44257252 0.43852251 0.44545457]",0.399339377880096,0.438522510000013,"[-0.26505914 -0.26340505 -0.2627897  -0.26175648 -0.26169643]","[-0.14165744 -0.14274527 -0.14723686 -0.14240345 -0.14442454]",-0.265059143304825,-0.147236860000007,"[-0.35513642 -0.35248217 -0.34969175 -0.3480604  -0.33737278]","[-0.38155342 -0.38194026 -0.38450088 -0.38253882 -0.36819461]",-0.355136424303055,-0.38450087999999,"[-0.27594331 -0.24173409 -0.2361511  -0.22617441 -0.20332628]","[-0.31030559 -0.26245304 -0.37511562 -0.24495761 -0.25647077]",-0.27594330906868,-0.375115619999988,"[0.09345925 0.0959956  0.09675449 0.09790659 0.10002244]","[0.07908202 0.07761029 0.07480068 0.07568612 0.07731323]",0.0934592485427856,0.0748006800000098,-0.413440919999999,"[-0.39591718 -0.39318934 -0.39233306 -0.39149776 -0.39073882]","[-0.41022044 -0.40858891 -0.4071229  -0.41067445 -0.41344092]",-0.395917177200317,2,"20851_0,1,0_0.25_True",0.721153433996432,0.170959109369788
"dcgat-agm003771622","(1, 0, 2)",0.0790263238781672,"Au-0.75-Cd-0.125-Ga-0.125","False","[1.69334221 1.71074605 1.78497362 1.8154068  1.81619596]","[1.80921244 1.80925527 1.91058377 1.83999471 1.83083972]",1.69334220886231,1.80921244000001,"[-0.34465915 -0.34439811 -0.34283847 -0.3424297  -0.34073505]","[-0.28708753 -0.28427607 -0.27659069 -0.2792567  -0.28696888]",-0.344659149646759,-0.287087530000008,"[-0.19851333 -0.19582123 -0.19535607 -0.19512367 -0.19464588]","[-0.16126898 -0.17571396 -0.17999053 -0.17004775 -0.17596764]",-0.198513329029083,-0.179990529999998,"[0.07253069 0.08360636 0.08699369 0.08993053 0.09664285]","[0.0324684  0.1552253  0.01497716 0.15352563 0.15136515]",0.0725306868553161,0.0149771600000008,"[0.08410907 0.08610922 0.08737206 0.08952415 0.0914849 ]","[0.07655606 0.081687   0.07999076 0.07731359 0.07887539]",0.0841090679168701,0.0765560600000014,0.0278516000000053,"[-0.08147776 -0.04057825 -0.03486115 -0.03477037 -0.00723881]","[0.0278516  0.03849068 0.03735462 0.03825314 0.06571573]",-0.0814777612686157,3,"33492_1,0,2_0.079_False",0.505617904681972,0.0176228740255206
"dcgat-agm001125024","(1, 1, 0)",0.25,"Ag-0.5-Au-0.25-Cd-0.25","True","[2.1000967  2.10836887 2.11304212 2.11368227 2.11448574]","[2.09077455 2.09051792 2.09357406 2.07115286 2.09894716]",2.10009670257568,2.07115286,"[-0.15160418  0.03895158  0.04249257  0.04594785  0.04637122]","[-0.01095031 -0.16405619 -0.15358003 -0.16773527 -0.16312225]",-0.151604175567627,-0.16773526999998,"[0.16335088 0.16486955 0.16516685 0.16620612 0.16653353]","[-0.10170281  0.17656108 -0.10176168  0.17223868 -0.10330196]",0.163350880146027,-0.10330196000001,"[0.56760782 0.56866139 0.58195096 0.58255011 0.58351797]","[0.34739394 0.35064372 0.34000589 0.33852797 0.34585288]",0.567607820034027,0.33852797000003,"[0.32759064 0.33194333 0.33225507 0.33288425 0.33302039]","[0.08004894 0.34431049 0.08040899 0.09838065 0.07686877]",0.327590644359589,0.0768687700000043,0.277467039999991,"[0.50436419 0.5089882  0.5106191  0.51116687 0.51202363]","[0.27976414 0.27902254 0.2842706  0.27746704 0.27849345]",0.504364192485809,3,"26413_1,1,0_0.25_True",0.44062648967239,0.504869950048875
"dcgat-agm003489092","(2, 1, 1)",0.0281998826169673,"Ag-0.667-Au-0.222-Cu-0.111","True","[1.52500129 1.58177304 1.5861733  1.59615445 1.59621763]","[1.74255172 1.66686618 1.66338516 1.67128604 1.66736838]",1.52500128746033,1.66338515999999,"[-0.48423538 -0.48230842 -0.48104125 -0.48042545 -0.48038232]","[-0.41568806 -0.4155041  -0.41914054 -0.41534842 -0.3995749 ]",-0.484235376119614,-0.419140540000001,"[-1.42228889 -0.32322681 -0.22710007 -0.22489345 -0.22480792]","[ 1.4579751   1.45286458 -0.21686233 -0.21314784 -0.21332425]",-1.42228889465332,-0.216862330000026,"[0.01737034 0.02438778 0.0263986  0.0288837  0.02938873]","[0.02226457 0.0069156  0.0092323  0.01673369 0.01634281]",0.0173703432083129,0.0069156000000134,"[0.08080232 0.08234566 0.08264744 0.08306891 0.08427155]","[0.08053747 0.08706667 0.08139429 0.07829292 0.08089499]",0.080802321434021,0.0782929199999955,0.409482579999974,"[0.43868929 0.43872422 0.44048971 0.44050723 0.44209069]","[0.44019835 0.4503249  0.40948258 0.41359232 0.40952029]",0.438689291477203,3,"16843_2,1,1_0.028_True",0.69982936435055,0.0004166237767809
"dcgat-agm002341537","(1, 0, 2)",0.124461674130674,"Au-0.889-In-0.111","True","[1.47067261 1.47670341 1.47784066 1.50043154 1.5020504 ]","[1.59561478 1.59866761 1.60044035 1.60421521 1.47417375]",1.47067260742188,1.47417374999998,"[-0.44299421 -0.43830359 -0.43426648 -0.4310185  -0.43008646]","[-0.32680385 -0.32077208 -0.32172801 -0.31092948 -0.31516555]",-0.442994207143784,-0.326803850000005,"[-0.20986307 -0.20708007 -0.2069428  -0.20680481 -0.20646524]","[-0.12696665 -0.1303006  -0.13112667 -0.12714703 -0.11935927]",-0.209863066673279,-0.131126669999986,"[-0.08307689 -0.08269227 -0.07599282 -0.07400995 -0.07143956]","[-0.02860162 -0.01519216 -0.01144728 -0.02576868 -0.01618983]",-0.0830768942832946,-0.0286016200000176,"[0.09279013 0.09412473 0.09487963 0.10032094 0.10126603]","[0.08508879 0.07839526 0.09132571 0.13561538 0.13247994]",0.0927901268005371,0.0783952600000077,0.440038119999997,"[0.36369354 0.37620407 0.37629038 0.38208336 0.38293821]","[0.44003812 0.45435134 0.45251024 0.44683693 0.45658457]",0.363693535327911,2,"27934_1,0,2_0.124_True",0.534270482842597,0.203487406133465
"dcgat-agm003646031","(1, 1, 0)",0.25,"Au-0.1-In-0.4-Pd-0.5","True","[0.96687061 0.97321874 0.97766834 0.9803856  0.98550135]","[1.0074016  1.00953672 1.0109261  1.00702848 1.00910477]",0.966870605945587,1.00702847999997,"[-0.73527569 -0.73526287 -0.73425204 -0.73405904 -0.73323339]","[-0.62992156 -0.63440081 -0.63908713 -0.64062107 -0.63538979]",-0.735275685787201,-0.640621070000009,"[-0.1589039  -0.1584093  -0.15821081 -0.15651548 -0.15568537]","[-0.09736986 -0.10231466 -0.10100275 -0.10222338 -0.09311212]",-0.158903896808624,-0.10231465999999,"[0.33128995 0.33314127 0.33852464 0.34855181 0.34887081]","[0.40802092 0.4034957  0.40966581 0.35319652 0.35916002]",0.331289947032928,0.353196519999983,"[0.03745085 0.03807628 0.03841579 0.03853649 0.03919798]","[0.07938299 0.07865014 0.07900067 0.08190712 0.07956562]",0.0374508500099182,0.0786501399999792,0.38207237000006,"[0.45517951 0.45563143 0.45725209 0.45818597 0.45914704]","[0.38480552 0.38312669 0.38270637 0.38207237 0.38371514]",0.455179512500763,3,"18496_1,1,0_0.25_True",0.645324473987442,0.760331580498164
"dcgat-agm003567633","(0, 0, 1)",0.125,"Au-0.111-In-0.333-Pd-0.556","True","[-0.00670099  0.00669247  0.01679134  0.02390569  0.02416933]","[0.70460411 0.70552003 0.71304287 0.69133558 0.71299146]",-0.0067009925842285,0.691335579999986,"[-1.2947737  -1.29040623 -1.29038942 -1.29005194 -1.29003251]","[-1.2120116  -1.21107968 -1.21078214 -1.21087098 -1.2119985 ]",-1.29477369785309,-1.21201159999998,"[-0.53676087 -0.53271639 -0.5024066  -0.50150561 -0.50100726]","[-0.35279698 -0.44363106 -0.40773845 -0.39815683 -0.40790746]",-0.536760866641998,-0.443631059999973,"[-0.37364045 -0.08140701 -0.07911128 -0.07910073 -0.07860589]","[-0.12841247 -0.0342269  -0.02574944 -0.03215554 -0.03506194]",-0.373640447854996,-0.128412470000001,"[0.02605355 0.02726787 0.02734804 0.02784449 0.02799022]","[0.08338076 0.08440785 0.08017551 0.08290056 0.08194423]",0.0260535478591918,0.0801755100000036,0.457250039999991,"[0.50168425 0.50359303 0.50487965 0.50536686 0.50724596]","[0.47183338 0.47765296 0.45725004 0.4598994  0.46147342]",0.501684248447418,3,"17542_0,0,1_0.125_True",0.858872472445725,0.314783037778759
"dcgat-agm003641230","(1, 1, 0)",0.25,"Au-0.5-Cd-0.4-Pd-0.1","True","[0.07203919 0.08350909 0.08539051 0.09599829 0.09784609]","[0.22210162 0.21470767 0.21447419 0.21257111 0.21381508]",0.0720391869544982,0.212571109999999,"[-0.88379806 -0.88342702 -0.88314235 -0.88266462 -0.88249218]","[-0.81618279 -0.82485777 -0.80608059 -0.83017244 -0.876952  ]",-0.883798062801361,-0.876951999999989,"[-0.31589413 -0.31576622 -0.31501207 -0.31411037 -0.31225809]","[-0.29767292 -0.25324772 -0.22645726 -0.28301855 -0.23129301]",-0.31589412689209,-0.297672920000025,"[0.31524092 0.3166905  0.31841975 0.32094723 0.32338053]","[0.35629344 0.31073172 0.29269784 0.34866712 0.36858113]",0.315240919589996,0.292697840000017,"[0.10595274 0.10919213 0.11029577 0.11074322 0.11459124]","[0.08063025 0.08192664 0.09087462 0.08403541 0.08558606]",0.105952739715576,0.0806302499999844,0.384294579999988,"[0.36606652 0.36892682 0.38665479 0.39363796 0.39772815]","[0.39527706 0.40466016 0.39740941 0.40349539 0.38429458]",0.366066515445709,3,"24705_1,1,0_0.25_True",0.457898172381876,1
"dcgat-agm003195137","(2, 2, 1)",0.0113815405887161,"Ag-0.8-Cu-0.2","True","[1.31872368 1.32253218 1.32445765 1.32581949 1.32597446]","[1.3360428  1.33621399 1.33313961 1.33423912 1.33516362]",1.31872367858887,1.33313961,"[-0.86667603 -0.86239982 -0.86199856 -0.8616854  -0.86096311]","[-0.73645174 -0.7380785  -0.73716843 -0.73304281 -0.72871457]",-0.866676032543182,-0.7380785,"[-0.18277043 -0.17917156 -0.17890805 -0.17345119 -0.15695846]","[-0.14133825 -0.13844298 -0.13905694 -0.13828456 -0.10617945]",-0.182770431041718,-0.14133824999999,"[-0.20433784 -0.20424259 -0.20145041 -0.20067823 -0.19316918]","[-0.18980685 -0.19209861 -0.19304816 -0.18544067 -0.17987052]",-0.20433783531189,-0.193048159999989,"[0.03716499 0.03821498 0.03978091 0.04021955 0.04070801]","[0.08287302 0.08311614 0.08131908 0.0809369  0.08182137]",0.0371649861335754,0.0809369000000117,0.0613064700000052,"[0.02760369 0.02830493 0.03013319 0.031075   0.03140652]","[0.06130647 0.06393447 0.0631621  0.06667481 0.06800845]",0.0276036858558654,2,"33382_2,2,1_0.011_True",0.702992425225127,0.141430650583838
"dcgat-agm003289947","(1, 1, 0)",0.25,"Au-0.429-Cu-0.571","True","[1.1356442  1.13739848 1.16995811 1.2560358  1.26403475]","[1.34538044 1.3510969  1.37014221 1.41855482 1.46405376]",1.13564419746399,1.34538044000001,"[-0.47087491 -0.47013813 -0.4700585  -0.46984568 -0.46912095]","[-0.41886239 -0.42140363 -0.42253434 -0.42054998 -0.42223958]",-0.470874905586243,-0.422534339999999,"[0.0523867  0.05418873 0.05451494 0.05459875 0.05538422]","[0.0812238  0.08252194 0.08420337 0.07984478 0.09207678]",0.0523867011070251,0.0798447799999735,"[0.2995556  0.3035962  0.3206256  0.3562147  0.35701638]","[0.32807784 0.32770594 0.33522629 0.35951068 0.38314306]",0.299555599689484,0.327705940000016,"[0.0627932  0.06519693 0.0657481  0.06624448 0.06630188]","[0.08431051 0.0836675  0.08378854 0.10036447 0.08488878]",0.0627931952476501,0.08366749999999,0.515764450000006,"[0.51489037 0.51491934 0.51522881 0.51570314 0.51650554]","[0.51632263 0.51874628 0.51868384 0.51960333 0.51576445]",0.514890372753143,2,"26226_1,1,0_0.25_True",0.784187650067045,0.953208373454558
"dcgat-agm002360575","(2, 0, 1)",0.026801272447148,"Au-0.889-Zn-0.111","False","[1.54359579 1.55248427 1.55571437 1.55631995 1.5584681 ]","[1.53441373 1.54705055 1.75214462 1.54844    1.7520291 ]",1.54359579086304,1.53441373000001,"[-0.52012742 -0.51853931 -0.51830375 -0.51472139 -0.51465964]","[-0.42792446 -0.43181918 -0.43121638 -0.42915228 -0.43202351]",-0.520127415657044,-0.432023509999993,"[-0.22019011 -0.21760088 -0.21639884 -0.21635675 -0.21609133]","[-0.16180573 -0.15825483 -0.16290636 -0.16213952 -0.16149313]",-0.220190107822418,-0.162906359999994,"[-0.04557824 -0.04422504 -0.03546524 -0.03217119  0.03760386]","[0.04007155 0.03087356 0.02551355 0.02783716 0.08834761]",-0.0455782413482666,0.0255135499999994,"[0.10237378 0.10261428 0.10267055 0.10393858 0.10439324]","[0.08604975 0.08420428 0.08381938 0.085673   0.08584129]",0.102373778820038,0.0838193799999942,0.733047950000014,"[0.77012247 0.77021044 0.77187735 0.77309185 0.77473086]","[0.73395012 0.73878163 0.73304795 0.82587596 0.83155252]",0.770122468471527,2,"26142_2,0,1_0.027_False",0.591128999914434,0.0205190845100974
"dcgat-agm003267017","(2, 0, 1)",0.0265498321907108,"Cu-0.111-Zn-0.889","True","[0.428397   0.43380767 0.43711692 0.44468385 0.44504648]","[0.48686673 0.48396041 0.52733571 0.48297626 0.48098278]",0.428396999835968,0.480982779999998,"[-0.691459   -0.69101971 -0.69090366 -0.69055361 -0.69013953]","[-0.58509683 -0.5885804  -0.58435247 -0.58722948 -0.55800769]",-0.691459000110626,-0.588580400000005,"[-0.22224939 -0.22126031 -0.21435088 -0.21276331 -0.20822376]","[-0.1554185  -0.15508283 -0.11902906 -0.12248048 -0.12262248]",-0.222249388694763,-0.155418499999996,"[-0.27062029 -0.2582202  -0.25752708 -0.25670701 -0.25223899]","[-0.17143655 -0.1928427  -0.18679554 -0.1994927  -0.17865315]",-0.270620286464691,-0.199492699999993,"[0.07006437 0.07098556 0.07187551 0.07196951 0.07356143]","[0.08392315 0.08480777 0.0872468  0.09286551 0.08851117]",0.0700643658638,0.0839231500000039,-0.30937351,"[-0.34915584 -0.34221333 -0.33251137 -0.3263489  -0.32550177]","[-0.30732006 -0.29927424 -0.30331906 -0.30667731 -0.30937351]",-0.349155843257904,2,"22383_2,0,1_0.027_True",0.480341517029228,0.0068448491236832
"dcgat-agm003330833","(0, 1, 0)",0.25,"Au-0.25-Cu-0.375-Zn-0.375","True","[0.88726801 0.88892144 0.88901538 0.89057666 0.89455432]","[0.66062935 0.65818068 0.66333257 0.65752219 0.66927606]",0.887268006801605,0.657522190000009,"[-0.42109555 -0.41896448 -0.41856399 -0.41843399 -0.41842619]","[-0.38922956 -0.38558831 -0.38887374 -0.38339633 -0.36368143]",-0.421095550060272,-0.38922955999999,"[0.09818065 0.10186404 0.10972822 0.11287981 0.11465675]","[0.14536585 0.13344176 0.12565683 0.14089645 0.12401263]",0.0981806516647338,0.124012629999982,"[0.21887583 0.25555867 0.26748747 0.271465   0.27729076]","[0.24536905 0.29651841 0.26894768 0.27327455 0.26929202]",0.218875825405121,0.245369050000022,"[0.07815391 0.07989573 0.08109468 0.08283108 0.08431572]","[0.09128121 0.08849724 0.08500468 0.08809079 0.08782756]",0.078153908252716,0.0850046799999972,0.0125349599999822,"[0.02236652 0.02529615 0.02567947 0.02667689 0.02688217]","[0.01335137 0.02020823 0.01586925 0.017541   0.01253496]",0.0223665237426757,3,"27252_0,1,0_0.25_True",0.674789714091114,0.455112222696799
"dcgat-agm003485961","(0, 1, 0)",0.25,"Au-0.667-Cu-0.111-Zn-0.222","True","[1.14761209 1.14934802 1.15335608 1.15425563 1.15508175]","[1.17602056 1.17612152 1.17682045 1.17561191 1.17664314]",1.14761209487915,1.17561191,"[-0.64357412 -0.6426363  -0.64259231 -0.64255416 -0.64217567]","[-0.53478311 -0.53491706 -0.53406732 -0.53441714 -0.53330192]",-0.643574118614197,-0.534917060000012,"[-0.19994205 -0.1975475  -0.19592088 -0.19564247 -0.16251063]","[-0.13807837 -0.14189026 -0.13983196 -0.13979609 -0.16417269]",-0.199942052364349,-0.164172690000001,"[0.01676458 0.01880395 0.02479458 0.04651928 0.04806334]","[0.0766401  0.07597252 0.08032177 0.08073556 0.1052073 ]",0.0167645812034606,0.0759725200000076,"[0.08235514 0.08250606 0.08255696 0.08346456 0.08365589]","[0.08672531 0.08666786 0.08607619 0.08678845 0.08821427]",0.0823551416397094,0.08607619,0.306786529999997,"[0.29895526 0.29958564 0.30037254 0.30047268 0.30271727]","[0.30819851 0.30746587 0.30791719 0.30937709 0.30678653]",0.298955261707306,3,"25238_0,1,0_0.25_True",0.757037696907139,0.0325063973405219
"dcgat-agm003584386","(1, 0, 1)",0.433915900768407,"Ag-0.273-Au-0.636-Pd-0.091","True","[1.4394753  1.44544721 1.44550276 1.44931722 1.4521277 ]","[1.60598236 1.60403376 1.60904592 1.60461396 1.60268045]",1.43947529792786,1.60268045000001,"[-0.62032747 -0.56538659 -0.54499054 -0.53593254 -0.52516532]","[-0.3168305  -0.32475016 -0.33598865 -0.33422057 -0.33569261]",-0.620327472686768,-0.335988650000004,"[-0.16089618 -0.09514296 -0.08946323 -0.08729768 -0.0857656 ]","[-0.042159   -0.03583135 -0.03822514  0.00170953 -0.03121086]",-0.160896182060242,-0.042158999999998,"[-0.02215356 -0.01040465  0.00417006  0.01814842  0.02271026]","[0.46033711 0.4313228  0.47793153 0.47916937 0.42883005]",-0.0221535563468933,0.428830050000016,"[0.04128104 0.04183817 0.04366779 0.04372132 0.04460645]","[0.08612317 0.08632484 0.08830782 0.08907892 0.08876184]",0.0412810444831848,0.0861231700000075,0.784329689999993,"[0.80036587 0.80486912 0.80574495 0.80591673 0.80773336]","[0.7929179  0.78647011 0.78500655 0.78432969 0.78856764]",0.80036586523056,3,"18076_1,0,1_0.434_True",0.672612311046734,0.7588729916674
"dcgat-agm003289212","(2, 1, 2)",0.191349824864694,"Cd-0.812-In-0.188","True","[1.53502703 1.53768873 1.55741167 1.5696342  1.57540989]","[1.4678507  1.47121506 1.47369269 1.2108798  1.22851342]",1.53502702713013,1.2108798,"[-0.00408506  0.10449475  0.130916    0.13354039  0.14311326]","[-0.18148401 -0.12795721 -0.16720286 -0.05566768 -0.11919543]",-0.0040850639343261,-0.181484010000005,"[-1.72371936  0.05722153  0.1601643   0.16886938  0.1800521 ]","[ 3.57271898  4.75996239 -0.11945786  0.06736558 -0.15188824]",-1.72371935844421,-0.151888240000005,"[0.15303165 0.1579693  0.16118354 0.16141385 0.16142899]","[-0.02967242  0.0393614  -0.00651792 -0.0385315   0.0708634 ]",0.153031647205353,-0.0385314999999906,"[0.44077307 0.44078988 0.46257502 0.46622533 0.46719128]","[0.39255473 0.08676319 0.14613541 0.37200195 0.16675601]",0.440773069858551,0.0867631899999992,-0.27054459,"[0.03148133 0.04115766 0.05127054 0.05315357 0.05716538]","[-0.01863265 -0.01552058  0.02723824 -0.27054459  0.04426168]",0.0314813256263732,2,"28865_2,1,2_0.191_True",0.348799807249808,0
"dcgat-agm003285203","(1, 2, 1)",0.0944800079281176,"Au-0.333-Cd-0.667","True","[1.61384225 1.62802982 1.62807536 1.62849498 1.63161802]","[1.72119903 1.52794739 1.52545662 1.53340347 1.52769671]",1.61384224891663,1.52545662,"[-0.30321801 -0.29376689 -0.29245198 -0.29202002 -0.29185924]","[-0.35004345 -0.35803953 -0.37579973 -0.37764507 -0.37638257]",-0.303218007087708,-0.37764507,"[-0.35682231 -0.34235096 -0.3116357  -0.29981822 -0.29277372]","[-0.18915303 -0.36095445 -0.37197214 -0.38499825 -0.36197393]",-0.356822311878204,-0.384998249999995,"[0.09732383 0.1334244  0.15866655 0.1600877  0.1783179 ]","[-0.0130993   0.02326819  0.03979661  0.03034852  0.03263061]",0.0973238348960876,-0.0130992999999648,"[0.20389783 0.20824802 0.21013129 0.21473962 0.21522474]","[0.08829222 0.09907538 0.13632064 0.088896   0.14079239]",0.203897833824158,0.0882922200000138,0.0196299400000015,"[0.18323594 0.20002967 0.20408851 0.20508891 0.20727628]","[0.20793491 0.01962994 0.10212441 0.10316843 0.11097372]",0.183235943317413,2,"21237_1,2,1_0.094_True",0.346173443177858,0.775820761974056
"mp-1229092","(1, 0, 3)",0.0833333333333332,"Ag-0.5-Au-0.5","False","[1.6510601  1.6609273  1.66130805 1.66201711 1.66210222]","[1.7152372  1.71669335 1.68092356 1.71457829 1.71537843]",1.65106010437012,1.68092356000003,"[-0.3849023  -0.38152441 -0.38018036 -0.37308207 -0.36606863]","[-0.3570588  -0.35799547 -0.35685572 -0.35568556 -0.35801742]",-0.38490229845047,-0.358017419999982,"[-0.2032662  -0.20160443 -0.20019215 -0.20006883 -0.19960219]","[-0.17297969 -0.17702123 -0.17687163 -0.17849274 -0.17761973]",-0.203266203403473,-0.178492740000024,"[0.06525642 0.06602299 0.07320952 0.07634431 0.08058041]","[0.01083413 0.01481994 0.01220592 0.03444167 0.01369213]",0.0652564167976379,0.0108341300000063,"[0.05736375 0.06128877 0.06232291 0.06248832 0.062576  ]","[0.09072138 0.09090875 0.09049282 0.09040531 0.09095063]",0.057363748550415,0.0904053099999941,0.755819889999998,"[0.7169674  0.71753401 0.71760601 0.71964639 0.72043866]","[0.75581989 0.75598407 0.7570921  0.75651667 0.75744706]",0.716967403888702,2,"3486_1,0,3_0.083_False",0.649930871432416,1
"dcgat-agm002136626","(1, 0, 3)",0.0104166666666667,"Au-1.0","True","[1.49765182 1.50863886 1.51297355 1.54385805 1.54531431]","[1.4689904  1.46071852 1.46129745 1.47826597 1.47283514]",1.49765181541443,1.46071852,"[-0.43839759 -0.43817642 -0.43817505 -0.43814707 -0.43687192]","[-0.36928373 -0.37076087 -0.36911171 -0.36601171 -0.37355519]",-0.438397586345673,-0.373555189999991,"[-0.2103309  -0.2092579  -0.20796227 -0.20763683 -0.20697969]","[-0.17846651 -0.1770065  -0.17687524 -0.17758773 -0.17776607]",-0.210330903530121,-0.178466509999993,"[-0.0208506  -0.01711065 -0.01473737 -0.01108414 -0.01064008]","[-0.05322297 -0.05398204 -0.05456161 -0.05360129 -0.04928623]",-0.0208505988121032,-0.054561609999979,"[0.11120427 0.11289895 0.11359793 0.11363828 0.11497676]","[0.09173019 0.09086422 0.09305809 0.09219177 0.09123313]",0.111204266548157,0.0908642200000002,0.764644780000012,"[0.79825598 0.79976159 0.79977578 0.80020243 0.80036551]","[0.7650582  0.76591188 0.76464478 0.76558727 0.76641887]",0.798255980014801,1,"33416_1,0,3_0.01_True",0.658994954503649,0.529032553185276
"dcgat-agm003258692","(1, 1, 0)",0.25,"Au-0.571-Cu-0.429","True","[0.4721666  0.47296447 0.47410852 0.47417098 0.47525579]","[0.79259446 0.79214873 0.7908506  0.79161216 0.79241093]",0.47216659784317,0.790850600000027,"[-0.53830957 -0.53799367 -0.53792983 -0.53772998 -0.53758907]","[-0.47696116 -0.47635575 -0.47624504 -0.47824921 -0.47715134]",-0.538309574127197,-0.478249209999973,"[0.02250576 0.02467281 0.02517724 0.02526146 0.02553105]","[0.09606382 0.0961956  0.09641168 0.09347351 0.09509668]",0.022505760192871,0.0934735099999954,"[0.04421329 0.04613876 0.0499689  0.05168968 0.06115186]","[0.14281905 0.14792247 0.14317275 0.14479193 0.16649143]",0.0442132949829101,0.142819050000014,"[0.03181314 0.03209823 0.03231508 0.03235078 0.03251588]","[0.10694964 0.09299705 0.09155761 0.0914612  0.09158002]",0.0318131446838378,0.0914611999999976,0.47686010000001,"[0.36147743 0.36202115 0.36387938 0.36491972 0.36545938]","[0.47823344 0.47849512 0.4768601  0.48462395 0.47732816]",0.361477434635162,2,"17069_1,1,0_0.25_True",0.750125796953958,0.550454711876976
"dcgat-agm003481574","(0, 1, 0)",0.25,"Au-0.667-Cu-0.222-Zn-0.111","True","[0.87195498 0.87550002 0.87681657 0.87718385 0.87923485]","[0.93894462 0.94178966 0.94619895 0.94192422 0.94093934]",0.87195497751236,0.938944620000001,"[-0.67282701 -0.66988063 -0.66649902 -0.66593087 -0.66591007]","[-0.55800498 -0.56085321 -0.5536911  -0.55962895 -0.55939019]",-0.672827005386353,-0.560853210000005,"[-0.13522047 -0.13085437 -0.13040411 -0.12856531 -0.12465447]","[-0.14014381 -0.13778408 -0.13469914 -0.14038872 -0.13530958]",-0.135220468044281,-0.140388720000004,"[0.11628747 0.12168866 0.12376243 0.12408012 0.12516546]","[0.12941667 0.14906449 0.14301134 0.14341144 0.14298376]",0.116287469863892,0.129416669999998,"[0.10866499 0.10954571 0.11301559 0.11351365 0.1138745 ]","[0.12306636 0.123072   0.1241446  0.09213418 0.09231637]",0.108664989471436,0.0921341800000021,0.334730879999995,"[0.36417907 0.36702687 0.37081164 0.37134081 0.37142128]","[0.33473088 0.3377162  0.33706117 0.33488101 0.33783509]",0.364179074764252,3,"26952_0,1,0_0.25_True",0.768227150069448,0.0376099274147714
"dcgat-agm003268285","(1, 0, 2)",0.125314310228142,"Ag-0.111-Au-0.889","True","[1.52487803 1.53490829 1.53585362 1.53692031 1.53935933]","[1.48495683 1.49204564 1.48432433 1.47441052 1.48366001]",1.52487802505493,1.47441051999999,"[-0.50483775 -0.50445569 -0.50390041 -0.50196481 -0.50106514]","[-0.38492448 -0.38583368 -0.3857325  -0.38667624 -0.38507849]",-0.50483775138855,-0.386676239999986,"[-0.20351028 -0.20178646 -0.19854718 -0.19740534 -0.19720817]","[-0.14017535 -0.13937779 -0.14061784 -0.13965637 -0.14005831]",-0.203510284423828,-0.140617839999976,"[-0.06583953 -0.06444323 -0.06400204 -0.06394911 -0.06365132]","[-0.02253802 -0.01710918 -0.01987499 -0.02205208 -0.01614773]",-0.0658395290374755,-0.0225380199999847,"[0.07083684 0.07087755 0.07106513 0.07578981 0.075876  ]","[0.09248844 0.09604099 0.09225665 0.09679981 0.0933779 ]",0.0708368420600891,0.0922566500000243,0.723338790000014,"[0.6523239  0.65251881 0.65274781 0.65490204 0.65530723]","[0.72563041 0.72333879 0.72454925 0.72624387 0.72467092]",0.65232390165329,2,"25905_1,0,2_0.125_True",0.682213646683364,0.024812790805801
"dcgat-agm003332699","(1, -1, 1)",0.25824391637673,"Au-0.333-Cu-0.444-Zn-0.222","True","[0.9584257  0.9644925  0.96493047 0.96612018 0.9663896 ]","[1.01004131 1.00686644 1.00493542 1.0069576  1.04389975]",0.95842570066452,1.00493541999998,"[-0.52479368 -0.52365887 -0.52076209 -0.52037621 -0.52002144]","[-0.42681238 -0.42922551 -0.42824723 -0.43190184 -0.43143929]",-0.524793684482575,-0.431901839999995,"[-1.56989217  0.06824642  0.10323876  0.11709887  0.11732948]","[1.68291724 0.15094205 0.16600759 0.16559868 0.17008856]",-1.56989216804504,0.150942049999998,"[0.09080929 0.12321335 0.12708777 0.12813979 0.12894756]","[0.11073147 0.13473399 0.14346319 0.12636548 0.1414534 ]",0.0908092856407165,0.11073146999999,"[0.05825013 0.0584774  0.05854917 0.05993122 0.0600934 ]","[0.09621907 0.09949018 0.09752573 0.09577472 0.09696763]",0.0582501292228698,0.0957747200000085,-0.0260855100000014,"[-0.09063381 -0.08786386 -0.08448231 -0.08375311 -0.08339953]","[-0.02391444 -0.02292126 -0.02608551 -0.02476761 -0.02484997]",-0.0906338095664978,3,"20243_1,-1,1_0.258_True",0.802210650409575,0.309736321115663
"dcgat-agm003203322","(2, 1, 2)",0.0137082242157,"Ag-0.167-Cd-0.833","True","[1.45297027 1.46331334 1.46596074 1.4820621  1.48888373]","[1.14456467 1.29324423 1.31471206 1.31054429 1.31509867]",1.45297026634216,1.14456467000001,"[-0.2018894  -0.20179778 -0.20125383 -0.19839245 -0.19605398]","[-0.32770789 -0.3234993  -0.34326136 -0.3438763  -0.33403293]",-0.201889395713806,-0.343876300000005,"[-2.1653533  -2.0042007  -1.76690722 -1.59556389  0.14524245]","[ 3.76059941  1.51564727  1.44799564  1.46139542 -0.09156093]",-2.16535329818726,-0.0915609299999999,"[0.03392422 0.05533826 0.06389934 0.07893747 0.08196938]","[-0.19472019 -0.14038386 -0.0764441  -0.04941228 -0.0991349 ]",0.0339242219924926,-0.194720189999998,"[0.36830193 0.37202972 0.37545747 0.37736434 0.38192302]","[0.11104305 0.09601179 0.096301   0.15066318 0.097691  ]",0.368301928043366,0.0960117900000057,-0.139392299999997,"[-0.0319823  -0.01795816 -0.01788509 -0.01439112 -0.01055425]","[-0.12829723 -0.1393923  -0.10413935 -0.13059621 -0.12302188]",-0.0319823026657104,2,"32535_2,1,2_0.014_True",0.399577223468683,0.0269288297825023
"oqmd-1472382","(2, 1, 1)",0.055,"Pd-0.111-Zn-0.889","False","[0.99403578 0.99636859 1.00435781 1.0059886  1.01007795]","[1.06697895 1.02803101 1.02849761 1.03342372 1.03533659]",0.99403578042984,1.02803100999999,"[-0.93342727 -0.93180305 -0.93091369 -0.93017977 -0.93000692]","[-0.74880717 -0.74940421 -0.74850216 -0.75125642 -0.74753434]",-0.933427274227142,-0.751256420000004,"[-0.26513028 -0.25942427 -0.23540765 -0.23332006 -0.23285306]","[-0.16803624 -0.1693045  -0.13975239 -0.13955856 -0.13939877]",-0.265130281448364,-0.16930450000001,"[-0.28752181 -0.28168848 -0.25936252 -0.16911143 -0.14960212]","[-0.2600287  -0.26225189 -0.22866603 -0.10331376 -0.08461674]",-0.287521809339523,-0.262251890000002,"[0.03482896 0.03977907 0.03990471 0.03994054 0.04228717]","[0.10243327 0.09805761 0.10039167 0.09860999 0.09736407]",0.0348289608955383,0.0973640699999975,-0.374284599999996,"[-0.37587109 -0.37228134 -0.37151337 -0.3713693  -0.36985704]","[-0.36757452 -0.36776968 -0.3742846  -0.36940535 -0.36742083]",-0.37587109208107,2,"15063_2,1,1_0.055_False",0.623768838452892,0
"oqmd-1013391","(1, 0, 2)",0.169,"Au-0.5-Cu-0.25-Zn-0.25","True","[1.15794611 1.15951037 1.16488624 1.16640687 1.16813922]","[1.14878519 1.15194529 1.15210837 1.14598623 1.144076  ]",1.15794610977173,1.144076,"[-0.52235544 -0.52109903 -0.520504   -0.52037627 -0.52021408]","[-0.47538538 -0.47341382 -0.48257491 -0.47310526 -0.47904191]",-0.522355437278748,-0.482574909999991,"[0.15900326 0.15950418 0.15980017 0.15996081 0.16066408]","[0.18580449 0.18749638 0.18575728 0.18611849 0.18610321]",0.159003257751465,0.185757280000004,"[0.27133352 0.28554469 0.29394358 0.32946795 0.33221561]","[0.23348078 0.3311825  0.32848472 0.31456964 0.32463003]",0.271333515644074,0.233480779999994,"[0.10118252 0.10156441 0.10207349 0.10422927 0.10740429]","[0.09738186 0.10360884 0.1033373  0.10307855 0.10453033]",0.101182520389557,0.0973818600000102,0.263573519999994,"[0.21598846 0.2179538  0.21972173 0.22019821 0.22088838]","[0.26963475 0.26357352 0.26630111 0.26668757 0.26658372]",0.215988457202911,3,"14323_1,0,2_0.169_True",0.673170488800898,0.658969109849658
"dcgat-agm003641039","(1, 1, 0)",0.25,"Ag-0.4-Cd-0.5-Pd-0.1","True","[1.23802948 1.24102235 1.26371741 1.59290242 1.59541559]","[1.24034927 1.23699102 1.23755928 1.71065413 1.71523082]",1.23802947998047,1.23699102000001,"[-0.85629433 -0.85521603 -0.85515273 -0.8548314  -0.85394973]","[-0.81147489 -0.81635318 -0.81298392 -0.81577269 -0.81442461]",-0.856294333934784,-0.816353179999993,"[-0.88396072 -0.16460502 -0.16373879 -0.16227025 -0.16144419]","[ 2.66616299 -0.16985086 -0.16477435 -0.15784608 -0.1616682 ]",-0.883960723876953,-0.169850859999997,"[0.27532119 0.27797419 0.2812013  0.28201109 0.2834695 ]","[0.35018724 0.36287925 0.35369444 0.35106488 0.34983373]",0.275321185588837,0.34983373,"[0.09867758 0.09881586 0.09926832 0.09941494 0.09984809]","[0.1000429  0.10124543 0.10122726 0.10063741 0.09787076]",0.0986775755882263,0.0978707600000063,0.38871930000002,"[0.29725617 0.29856318 0.30086154 0.3013615  0.30190593]","[0.3887193  0.39149141 0.39212958 0.3914821  0.39099016]",0.297256171703339,3,"22277_1,1,0_0.25_True",0.536434816336126,0.998245324235461
"dcgat-agm003193386","(1, 1, 0)",0.25,"Cd-0.6-Cu-0.4","True","[1.23605704 1.2408464  1.24085855 1.2412641  1.24166131]","[1.26944383 1.26114453 1.27185328 1.25999443 1.26639737]",1.23605704307556,1.25999443000001,"[-0.56438541 -0.56372845 -0.56074965 -0.56058902 -0.56052899]","[-0.4732325  -0.47436961 -0.47549141 -0.47435013 -0.47388351]",-0.564385414123535,-0.475491410000004,"[-1.65662873 -1.61962676 -1.34527349 -0.07529968 -0.07286328]","[ 1.63176674  1.62225427  1.54423651 -0.05315372 -0.05357768]",-1.6566287279129,-0.0535776800000036,"[0.03109407 0.03201252 0.03370416 0.04026818 0.04233032]","[0.0798196  0.09118546 0.07775371 0.08308797 0.07985262]",0.0310940742492675,0.077753709999996,"[0.11463529 0.11472577 0.11543202 0.11637813 0.11681443]","[0.10087557 0.09904581 0.09859127 0.09927979 0.0993772 ]",0.114635288715363,0.09859127,0.0539148000000011,"[0.0661521  0.06652606 0.06668621 0.06856948 0.06868458]","[0.05421822 0.05432898 0.05701624 0.05775484 0.0539148 ]",0.0661520957946777,2,"28867_1,1,0_0.25_True",0.544252187297637,0.82381583047507
"dcgat-agm003262499","(1, 2, 0)",0.166666666666667,"Sn-0.25-Zn-0.75","True","[0.66748208 0.67212158 0.752235   0.75321132 0.75403613]","[0.78223614 0.82374187 0.70235283 0.69599915 0.69521353]",0.667482078075409,0.69521352999999,"[-0.0930205  -0.09299916 -0.09061468 -0.09017116 -0.089993  ]","[-0.06080789 -0.06548691 -0.05801873 -0.06419673 -0.05788216]",-0.093020498752594,-0.0654869100000041,"[-1.03526032 -0.98333716 -0.97432351 -0.14741087 -0.14338642]","[ 1.53613533  1.5904052   1.59739642 -0.13603027 -0.14288121]",-1.03526031970978,-0.142881210000013,"[-0.0952695  -0.09335047 -0.08597469 -0.07636851 -0.03301263]","[-0.07503078 -0.11117854 -0.09477374 -0.10020298 -0.03403633]",-0.095269501209259,-0.111178539999997,"[0.03992975 0.08152777 0.08165807 0.08221036 0.08240616]","[0.12658735 0.09928379 0.0998277  0.10519332 0.10055101]",0.0399297475814819,0.0992837900000012,-0.400014169999992,"[-0.39891115 -0.3971417  -0.39639583 -0.39528421 -0.39517188]","[-0.37988217 -0.40001417 -0.39275578 -0.39438264 -0.39579038]",-0.398911148309708,2,"20336_1,2,0_0.167_True",0.47814879618909,0.36706397838121
"dcgat-agm003257826","(2, 2, 1)",0.034293227595901,"Cd-0.571-Cu-0.429","True","[0.62342995 0.62849182 0.62882823 0.62993973 0.62999994]","[0.74646176 0.84841181 0.84280318 0.8437197  0.85040684]",0.623429954051971,0.746461759999988,"[-0.56878328 -0.56846124 -0.56834972 -0.56829858 -0.56800187]","[-0.56699099 -0.56961529 -0.56284522 -0.56998298 -0.57232774]",-0.568783283233643,-0.572327740000048,"[-1.35478234 -0.19663268 -0.19517535 -0.19234687 -0.19177169]","[ 1.58450343 -0.2665391  -0.28460618 -0.25710851 -0.25080255]",-1.35478234291077,-0.284606180000026,"[-0.06658167 -0.06644559 -0.05860043 -0.01259786 -0.00314075]","[-0.1083564  -0.14970468 -0.10925496 -0.0882417  -0.08998524]",-0.0665816664695739,-0.149704680000013,"[0.09556973 0.09851056 0.0994724  0.10068166 0.10137397]","[0.1114445  0.09928857 0.10153394 0.11663219 0.11046675]",0.0955697298049926,0.0992885699999419,0.0438326099999812,"[0.01883578 0.02516061 0.02674425 0.0312174  0.03217167]","[0.05407819 0.04383261 0.04865135 0.0537471  0.06348319]",0.0188357830047607,2,"16752_2,2,1_0.034_True",0.617531299406924,0.61551636110613
"dcgat-agm003676647","(0, 1, 0)",0.0853468018924059,"Ag-0.083-Cu-0.417-Zn-0.5","False","[0.2971217  0.29909533 0.29936248 0.30042154 0.30097443]","[0.35672085 0.3551865  0.3544989  0.35575272 0.35208601]",0.297121703624725,0.352086009999994,"[-0.69812822 -0.6914199  -0.69135058 -0.69124854 -0.69008338]","[-0.58958821 -0.59018    -0.58835971 -0.59042465 -0.58711383]",-0.69812822341919,-0.590424649999989,"[-0.25066447 -0.25031787 -0.24970704 -0.24908054 -0.24748898]","[-0.17542231 -0.17261766 -0.1756644  -0.17450955 -0.17767448]",-0.250664472579956,-0.177674480000036,"[-0.15579653 -0.15396398 -0.15360981 -0.14862102 -0.14825243]","[-0.13522688 -0.12860489 -0.12866923 -0.08098208 -0.11343626]",-0.155796527862549,-0.135226880000005,"[0.12135416 0.12141937 0.12193644 0.12245965 0.12269247]","[0.10333971 0.10050759 0.1019431  0.10348061 0.10311688]",0.121354162693024,0.100507590000007,-0.0040969200000233,"[-0.05511469 -0.05247951 -0.05212939 -0.05151975 -0.05145103]","[-0.00028722 -0.00182989 -0.00409692  0.00086053  0.00102767]",-0.0551146864891052,3,"29813_0,1,0_0.085_False",0.909564089007223,0.117795776501377
"mp-2369","(1, 0, 0)",0,"Pd-0.5-Sn-0.5","True","[1.09890842 1.10529184 1.1077106  1.10800147 1.10928965]","[1.17286861 1.17591318 1.17233376 1.17567136 1.17633696]",1.09890842437744,1.17233376000002,"[-0.68665612 -0.67266577 -0.67146099 -0.67096424 -0.6693787 ]","[-0.52862423 -0.56698036 -0.57531349 -0.5695563  -0.57620425]",-0.68665611743927,-0.576204249999989,"[-0.11940312 -0.10925537 -0.10783333 -0.1037668  -0.09468615]","[-0.01723948 -0.02349348 -0.02333718 -0.07063877 -0.06291868]",-0.119403123855591,-0.0706387699999595,"[0.13191253 0.13215303 0.13868982 0.19193918 0.19726819]","[0.19409392 0.20601251 0.23144472 0.23659743 0.24704725]",0.131912529468536,0.19409392,"[-1.38233352 -1.26465428 -0.72757387 -0.70899892  0.053738  ]","[2.04001641 1.71623833 2.08910141 2.06736142 0.1008241 ]",-1.38233351707459,0.100824100000011,0.07508021000001,"[0.02032536 0.02130187 0.02227271 0.02570498 0.02875257]","[0.08758853 0.07890643 0.07508021 0.08265383 0.07660687]",0.0203253626823425,2,"268_1,0,0_0.0_True",0.842175942270508,1
"dcgat-agm003261039","(2, 1, 0)",0.0124944118846573,"Au-0.375-Cd-0.625","False","[1.31930232 1.32001519 1.32312202 1.32594872 1.32600188]","[1.45813102 1.4581494  1.47250219 1.48513721 1.4708158 ]",1.31930232048035,1.45813102,"[-0.47958982 -0.45450065 -0.43193319 -0.41738889 -0.39752096]","[-0.16245981 -0.16000419 -0.17013856 -0.18403085 -0.16855005]",-0.479589819908142,-0.184030849999999,"[-2.1971848  -1.70792031 -0.54471409 -0.30535448 -0.30411103]","[ 1.71925345  1.43922704  1.27725529 -0.11381795 -0.09156549]",-2.19718480110169,-0.113817949999998,"[-0.13679558 -0.07788897 -0.07181555 -0.06432515 -0.04934984]","[0.09039468 0.08976336 0.04920115 0.10776584 0.0679903 ]",-0.136795580387115,0.0492011500000018,"[0.03964156 0.04026371 0.07280487 0.08474344 0.08585435]","[0.10199753 0.10697094 0.1531731  0.20093818 0.21000967]",0.0396415591239929,0.101997530000006,-0.122372150000004,"[-0.19553304 -0.18147421 -0.17287505 -0.17186576 -0.16992903]","[ 0.0030178  -0.12237215 -0.09193736 -0.07741874 -0.00639693]",-0.195533037185669,2,"31622_2,1,0_0.012_False",0.457586878688786,0
"dcgat-agm003642628","(2, 2, 1)",0.215395715366092,"Ag-0.4-Au-0.5-Cu-0.1","False","[0.93536073 0.94818801 0.94968194 0.95045274 0.95052356]","[0.98829038 0.9847071  0.9869803  0.98689947 0.98640571]",0.935360729694367,0.98470709999998,"[-0.54953021 -0.54818779 -0.54721332 -0.5457232  -0.54500353]","[-0.46303982 -0.46481401 -0.46778444 -0.46331512 -0.46358354]",-0.549530208110809,-0.46778444000006,"[-0.21144062 -0.21120417 -0.2107296  -0.2098313  -0.20890898]","[-0.26026365 -0.26112085 -0.25773672 -0.26002152 -0.25678826]",-0.211440622806549,-0.261120849999998,"[0.05426276 0.05746442 0.05767035 0.06154823 0.07026511]","[-0.00097952  0.00649825  0.00226596  0.00856628 -0.01290703]",0.0542627573013305,-0.012907030000008,"[0.11889422 0.11911821 0.11986691 0.12004793 0.12030852]","[0.1041869  0.1058172  0.10421707 0.1037777  0.10545912]",0.118894219398499,0.103777699999966,0.507309620000001,"[0.53214604 0.5331704  0.53431314 0.5350911  0.53511125]","[0.50730962 0.51301349 0.51324661 0.5138042  0.51232554]",0.532146036624908,3,"19362_2,2,1_0.215_False",0.701322545205206,0.530028906145587
"oqmd-758613","(2, 2, 1)",0.192,"Au-0.5-Zn-0.5","True","[1.23324251 1.24264359 1.24872756 1.26166224 1.26189899]","[1.15299386 1.1475343  1.14964086 1.14944839 1.14829936]",1.23324251174927,1.1475343,"[-0.13904178 -0.13833714 -0.13782126 -0.13772851 -0.13724345]","[-0.21058358 -0.2108653  -0.19874755 -0.21437111 -0.18842013]",-0.139041781425476,-0.214371110000002,"[-0.12617421 -0.11730242 -0.11577052 -0.11487353 -0.11438817]","[-0.13136297 -0.12888393 -0.16991542 -0.1554506  -0.22473762]",-0.126174211502075,-0.224737619999985,"[0.108724   0.1188134  0.14271069 0.16296142 0.16343158]","[0.02528866 0.03787917 0.04591249 0.13066969 0.11604027]",0.108723998069763,0.025288660000001,"[0.22126651 0.22165507 0.22321087 0.22351408 0.22834563]","[0.11051622 0.11046739 0.11639448 0.11489747 0.24851306]",0.221266508102417,0.110467389999997,-0.181530050000006,"[-0.13001442 -0.12963456 -0.12175441 -0.12121588 -0.11927074]","[-0.17726755 -0.18153005 -0.17117517 -0.17677088 -0.17565748]",-0.130014419555664,2,"12683_2,2,1_0.192_True",0.546962508885947,1
"dcgat-agm003598299","(1, 1, 0)",0,"Au-0.333-Cd-0.333-Pd-0.333","True","[1.6583209  1.6592164  1.65952539 1.66184688 1.66366935]","[1.68555344 1.68129226 1.68852061 1.69302106 1.68693119]",1.65832090377808,1.68129225999999,"[-0.84128344 -0.84098935 -0.8406139  -0.83999181 -0.83989853]","[-0.79949317 -0.80187676 -0.8006563  -0.80193615 -0.80019213]",-0.841283440589905,-0.801936149999989,"[-0.22863406 -0.22855175 -0.22789872 -0.22674143 -0.22614765]","[-0.17109171 -0.17074342 -0.16797188 -0.16699592 -0.16939962]",-0.228634059429169,-0.171091709999985,"[0.36231381 0.36482829 0.36514074 0.36519235 0.36522895]","[0.38114597 0.39956461 0.40213082 0.41491842 0.39775443]",0.362313807010651,0.381145970000006,"[0.05944037 0.0601266  0.06060058 0.06075519 0.06081808]","[0.1125275  0.11063706 0.1108795  0.11723139 0.11393268]",0.0594403743743896,0.110637059999988,0.741747520000018,"[0.76291043 0.76373571 0.76375312 0.76386636 0.76455396]","[0.74194201 0.74356759 0.74415767 0.74174752 0.7433736 ]",0.762910425662994,3,"24768_1,1,0_0.0_True",0.597425747072496,0.938496212771605
"dcgat-agm003488401","(2, 2, -1)",0.166666666666667,"Au-0.667-Cd-0.222-Pd-0.111","True","[1.38832736 1.38971162 1.38978434 1.39050984 1.39155722]","[1.35419267 1.35742715 1.35824462 1.35913373 1.35484576]",1.3883273601532,1.35419267,"[-0.82636189 -0.82577932 -0.82557636 -0.82502431 -0.82486963]","[-0.726569   -0.73601863 -0.73137129 -0.73063736 -0.73539812]",-0.826361894607544,-0.73601862999999,"[-0.24433827 -0.24355364 -0.24318779 -0.24300557 -0.24287206]","[-0.2192529  -0.22083551 -0.21795527 -0.22124087 -0.22395687]",-0.244338274002075,-0.223956870000023,"[0.37740606 0.37783104 0.37946135 0.38182575 0.38556367]","[0.45113587 0.45355892 0.4506863  0.44252967 0.45764004]",0.377406060695648,0.442529670000027,"[0.05014735 0.05205697 0.05386466 0.0581038  0.05820531]","[0.11667035 0.11178939 0.11938501 0.11257253 0.11199661]",0.0501473546028137,0.111789390000013,0.817579770000009,"[0.81977171 0.81988496 0.82077867 0.82087666 0.82242996]","[0.81757977 0.82124014 0.81852775 0.81963242 0.8180491 ]",0.819771707057953,3,"27886_2,2,-1_0.167_True",0.447374033077638,0.491305625919516
"dcgat-agm003194879","(1, 1, 0)",0.25,"Ag-0.6-Au-0.4","True","[1.95994806 1.96113181 1.96119714 1.96122503 1.96131992]","[1.99115899 1.98992498 1.99066298 1.99231325 1.98934451]",1.95994806289673,1.98934451000002,"[-0.48057011 -0.47833776 -0.4781118  -0.47784412 -0.47742781]","[-0.37601668 -0.3752133  -0.37447878 -0.3738439  -0.3750584 ]",-0.480570107698441,-0.376016679999992,"[-0.28567606 -0.28549695 -0.28335238 -0.2831299  -0.28182802]","[-0.25640626 -0.25776331 -0.25661183 -0.25635551 -0.25865475]",-0.285676062107086,-0.258654750000005,"[-0.00168264 -0.00075573 -0.00074685  0.00202173  0.00264025]","[0.02037189 0.02371912 0.02193153 0.02835554 0.01700885]",-0.0016826391220092,0.0170088500000247,"[0.09463167 0.0989216  0.09934765 0.09940064 0.09943038]","[0.1161356  0.11418978 0.11446853 0.11588122 0.11620688]",0.0946316719055175,0.114189780000004,0.542622340000008,"[0.51872379 0.51936287 0.51982528 0.52003533 0.52064413]","[0.54262234 0.54609958 0.54411448 0.54836953 0.54642304]",0.518723785877228,2,"26989_1,1,0_0.25_True",0.686026605115404,0.528687597473891
"dcgat-agm003585838","(1, 0, 2)",0.014599589947958,"Ag-0.083-Au-0.667-Tl-0.25","False","[0.89564949 0.90145546 0.91607052 0.91906649 0.93273383]","[1.08367007 1.08271365 1.0777537  1.087315   1.07097658]",0.895649492740631,1.07097657999998,"[-0.5567463  -0.51584387 -0.51298523 -0.51259506 -0.4947992 ]","[-0.03825737 -0.05402089 -0.0504905  -0.03124228 -0.03783392]",-0.556746304035187,-0.0540208900000038,"[-1.29067719 -0.73539418 -0.40759245 -0.36886895 -0.33394212]","[1.67083916 1.55725636 0.0360739  0.20390019 0.23799118]",-1.29067718982697,0.0360739000000194,"[-0.18785089 -0.18230033 -0.1643489  -0.11838621 -0.0962466 ]","[0.15819606 0.09454569 0.14994653 0.22674854 0.16741292]",-0.187850892543793,0.0945456899999612,"[-0.34240535 -0.2982879  -0.27121326 -0.05032426 -0.04586339]","[0.11665938 0.13341192 0.19162135 0.21788625 0.12199426]",-0.34240534901619,0.116659379999987,0.732978349999996,"[0.3066991  0.32427663 0.3369351  0.35126179 0.38898617]","[0.73297835 0.78304353 0.75949478 0.7630457  0.77489616]",0.306699097156525,3,"23251_1,0,2_0.015_False",0.345808916073796,0.760012467996701
"dcgat-agm003213594","(0, 0, 1)",0.068835629484681,"Ag-0.462-Zn-0.538","True","[1.93331218 2.11715031 2.14041615 2.15945697 2.16972303]","[1.97366844 2.07224413 2.077378   1.96953261 1.96106195]",1.93331217765808,1.96106195000002,"[-0.36622989 -0.36405027 -0.36402678 -0.36028704 -0.36010575]","[-0.34306746 -0.33679401 -0.3319904  -0.36417039 -0.34710719]",-0.366229891777039,-0.36417038999997,"[0.101924   0.10691869 0.10817879 0.10960412 0.11047751]","[0.07920324 0.0829375  0.08310924 0.07606072 0.08527265]",0.101924002170563,0.0760607199999867,"[0.05728406 0.06242615 0.07003266 0.07171601 0.07314676]","[0.0308043  0.03118377 0.04879735 0.03318129 0.03723109]",0.0572840571403503,0.0308043000000282,"[0.1206221  0.12268364 0.12725616 0.1300258  0.13147676]","[0.13556951 0.13010815 0.12774011 0.11673355 0.13712864]",0.120622098445892,0.116733550000021,0.179520510000003,"[0.25175065 0.25220996 0.2548725  0.25592285 0.25632554]","[0.18394249 0.18227529 0.17952051 0.18462767 0.18496426]",0.251750648021698,2,"21708_0,0,1_0.069_True",0.779438222347954,1
"dcgat-agm002383352","(1, 2, 0)",0.0840947886221534,"Au-0.889-Sn-0.111","True","[1.31389856 1.31748581 1.31847262 1.32457471 1.32490468]","[1.64587337 1.65737523 1.65517752 1.66599152 1.46661209]",1.31389856338501,1.46661209000001,"[-0.77860075 -0.77190822 -0.76805288 -0.76757884 -0.76723266]","[-0.48236595 -0.49080137 -0.46336968 -0.45716585 -0.46992567]",-0.778600752353668,-0.490801369999986,"[-0.44101134 -0.4369233  -0.42627913 -0.42564836 -0.42402053]","[-0.21633752 -0.19791085 -0.21371184 -0.21376551 -0.21495079]",-0.441011339426041,-0.216337520000025,"[-0.05155116 -0.04411912 -0.03946489 -0.03911269 -0.03348529]","[0.09801818 0.09060205 0.08826484 0.21830223 0.0765838 ]",-0.0515511631965637,0.0765838000000371,"[-0.09805888 -0.09760875 -0.09512508 -0.09427989 -0.09244078]","[0.11732249 0.13270342 0.15620209 0.15144321 0.16696945]",-0.0980588793754577,0.117322490000021,0.0037431099999878,"[-0.09088588 -0.08948714 -0.08061737 -0.06897616 -0.06833267]","[0.08247441 0.08059842 0.00374311 0.09108079 0.00485084]",-0.0908858776092529,2,"28358_1,2,0_0.084_True",0.53053398725425,0.0364815883432876
"oqmd-1338615","(0, 0, 1)",0,"Au-0.4-Cd-0.6","True","[1.75108314 1.75121617 1.75582838 1.76079822 1.76753545]","[1.64564795 1.65439997 1.65657076 1.64794614 1.64842748]",1.75108313560486,1.64564795,"[-0.05499667 -0.04584688 -0.04298872 -0.03865618 -0.02868533]","[-0.15059166 -0.14687251 -0.14543609 -0.13521886 -0.12805279]",-0.0549966692924499,-0.150591660000003,"[0.15552783 0.15691376 0.15976548 0.16010672 0.16130185]","[0.19845975 0.19989504 0.20729791 0.19928838 0.20034202]",0.155527830123901,0.198459749999998,"[0.46573728 0.47182959 0.47323138 0.48033637 0.49590665]","[0.52994205 0.4860619  0.53050352 0.48559024 0.53606826]",0.465737283229828,0.485590240000008,"[0.13943863 0.14639229 0.14854103 0.15373105 0.15799993]","[0.12475271 0.11746414 0.12414635 0.11882474 0.12473587]",0.139438629150391,0.117464140000003,0.381092440000003,"[0.40081567 0.40795892 0.40825015 0.40826768 0.41205317]","[0.43871544 0.424955   0.38109244 0.42879908 0.44953234]",0.400815665721893,2,"15271_0,0,1_0.0_True",0.387366280847408,0.999861742886292
"dcgat-agm003194874","(1, 1, 0)",0.25,"Ag-0.2-Au-0.8","True","[1.65198207 1.65198994 1.65577221 1.65720415 1.65727186]","[1.71097507 1.71903834 1.7125767  1.71225244 1.71575052]",1.6519820690155,1.71097507000002,"[-0.51361394 -0.51336765 -0.51322216 -0.51308274 -0.51288784]","[-0.3823839  -0.37897723 -0.38039359 -0.38098171 -0.37997949]",-0.513613939285278,-0.382383900000008,"[-0.27548945 -0.27298042 -0.27232561 -0.27135572 -0.27019522]","[-0.22118194 -0.22079874 -0.220192   -0.2212167  -0.22085484]",-0.275489449501038,-0.221216700000014,"[-0.0181095  -0.01397121 -0.0072211  -0.00502634 -0.0035131 ]","[0.00730918 0.00155326 0.02381132 0.0327329  0.03035495]",-0.0181095004081726,0.0015532600000085,"[0.11381501 0.11389136 0.11399555 0.11485279 0.11546034]","[0.12006945 0.11856825 0.11883928 0.11747544 0.11836698]",0.113815009593964,0.117475439999993,0.732950379999977,"[0.71591371 0.71639675 0.71719402 0.71721298 0.7176277 ]","[0.73628665 0.73331927 0.73295038 0.73444974 0.73423451]",0.715913712978363,2,"33700_1,1,0_0.25_True",0.701912588468035,0.21206423167869
"dcgat-agm003481564","(0, 1, 0)",0.25,"Ag-0.111-Au-0.667-Cu-0.222","True","[1.16372442 1.16680646 1.17026615 1.17101383 1.17219973]","[1.11184407 1.1101893  1.11035893 1.11140819 1.11204721]",1.16372442245483,1.1101893,"[-0.69144797 -0.6912992  -0.69090724 -0.69071311 -0.69045603]","[-0.65128671 -0.65072451 -0.65016563 -0.65042592 -0.65146492]",-0.691447973251343,-0.651464920000009,"[-0.18655485 -0.18578541 -0.18474209 -0.18469709 -0.18152118]","[-0.18789553 -0.19115488 -0.19199949 -0.1917547  -0.19033366]",-0.186554849147797,-0.191999490000001,"[0.07906997 0.08518583 0.08539146 0.09095752 0.098454  ]","[0.03053506 0.03478624 0.03122237 0.03570645 0.06128079]",0.079069972038269,0.0305350600000053,"[0.10376424 0.10577101 0.10612959 0.1063059  0.10649604]","[0.12203274 0.12140119 0.11867348 0.12016457 0.11834937]",0.103764235973358,0.118349370000004,0.41464766,"[0.43220121 0.43272799 0.43417388 0.43422097 0.43426734]","[0.41494221 0.41674725 0.41827685 0.4182614  0.41464766]",0.432201206684113,3,"18936_0,1,0_0.25_True",0.758467591107023,0.0110823011452113
"dcgat-agm003264511","(2, 2, 1)",0.109252011343349,"Au-0.625-Cu-0.375","True","[1.25120115 1.25395727 1.2551465  1.25641584 1.25665474]","[1.37395465 1.37433946 1.37532381 1.37629818 1.37576893]",1.25120115280151,1.37395465000003,"[-0.52894449 -0.52835202 -0.52826118 -0.52803379 -0.52801222]","[-0.45155895 -0.45054145 -0.4514608  -0.45219068 -0.4515064 ]",-0.528944492340088,-0.452190679999973,"[-0.00931996 -0.0078848  -0.00743783 -0.00735939 -0.00556588]","[0.02378539 0.0205357  0.02134041 0.01894271 0.01989257]",-0.0093199610710144,0.0189427100000045,"[0.26486832 0.28898305 0.29410893 0.30618602 0.31500334]","[0.29792555 0.34662322 0.36356867 0.30686848 0.34499057]",0.264868319034576,0.297925550000031,"[0.08652025 0.08840758 0.08844602 0.0886364  0.0895915 ]","[0.12010206 0.1206531  0.1200994  0.12033686 0.12063333]",0.086520254611969,0.120099400000015,0.429423579999991,"[0.40257496 0.40386587 0.40407997 0.40479165 0.4048236 ]","[0.42942358 0.43026818 0.429627   0.42958719 0.42996529]",0.402574956417084,2,"17430_2,2,1_0.109_True",0.678228373492096,0.775816032369467
"dcgat-agm003166254","(1, 1, 0)",0.125,"Ag-0.25-Au-0.5-Cu-0.25","True","[1.27221107 1.27365041 1.28075314 1.28236485 1.28350377]","[1.36759534 1.37321117 1.39344693 1.35610698 1.36720907]",1.2722110748291,1.35610697999996,"[-0.67295104 -0.67266673 -0.67238629 -0.67184532 -0.67059696]","[-0.56639424 -0.56703704 -0.56664616 -0.56348182 -0.56807281]",-0.67295104265213,-0.56807280999999,"[-0.17895949 -0.17531615 -0.17312771 -0.17197615 -0.16962743]","[-0.09567384 -0.09540047 -0.11792646 -0.12029999 -0.11521339]",-0.178959488868713,-0.120299990000007,"[-0.08918184 -0.08347511 -0.08249265 -0.08200109 -0.07409042]","[-0.05403834 -0.0498485  -0.04594764 -0.05014419 -0.05897287]",-0.0891818404197692,-0.0589728700000193,"[0.09398431 0.0945856  0.09540808 0.09572643 0.0957613 ]","[0.16670004 0.12015385 0.12124301 0.1217104  0.12155987]",0.093984305858612,0.120153850000008,0.380276859999981,"[0.38129526 0.38448626 0.38453227 0.38505715 0.38644356]","[0.38094152 0.38027686 0.38065155 0.38127413 0.38093006]",0.381295263767242,3,"17528_1,1,0_0.125_True",0.698750507448331,1
"dcgat-agm003374023","(2, 0, -1)",0.0996603103055633,"Au-0.417-Cu-0.167-Zn-0.417","False","[1.05472374 1.0573771  1.05879712 1.06422877 1.06625748]","[1.16327048 1.15928338 1.15522031 1.15593907 1.15719402]",1.05472373962402,1.15522031,"[-0.73404068 -0.73291618 -0.73225987 -0.73211592 -0.73183435]","[-0.63269116 -0.63482542 -0.63415754 -0.62955823 -0.63495407]",-0.734040677547455,-0.634954069999992,"[-0.11248696 -0.10806876 -0.10605782 -0.10364908 -0.10146415]","[-0.08327494 -0.07390617 -0.08315958 -0.08830732 -0.08542791]",-0.112486958503723,-0.0883073200000126,"[-0.14206725 -0.14191401 -0.13872623 -0.13582438 -0.13577962]","[-0.07747386 -0.08935312 -0.06764313 -0.08082605 -0.08595804]",-0.14206725358963,-0.0893531199999984,"[0.12088925 0.12148815 0.12155724 0.122738   0.12455434]","[0.12137847 0.12028394 0.12151987 0.12026463 0.12391521]",0.120889246463776,0.120264630000008,0.314568839999993,"[0.22201902 0.22871202 0.22918069 0.23152059 0.23362941]","[0.3167343  0.3162591  0.31456884 0.31491144 0.31533004]",0.222019016742706,3,"30565_2,0,-1_0.1_False",0.814433014345363,0.0872446216220379
"dcgat-agm003292826","(1, 0, 0)",0.25,"Cu-0.455-Zn-0.545","True","[0.42244953 0.42542404 0.42674023 0.43024224 0.43087476]","[0.51657    0.51040356 0.51068312 0.51184984 0.51073874]",0.42244952917099,0.510403560000015,"[-0.59030557 -0.58834869 -0.58662736 -0.58620846 -0.5856548 ]","[-0.4628178  -0.46285913 -0.46188111 -0.46019482 -0.46291467]",-0.59030556678772,-0.462914670000004,"[-1.17021847 -0.07282847 -0.07268715 -0.06959093 -0.06780708]","[1.48812834 0.04772951 0.04839875 0.04760394 0.04905762]",-1.1702184677124,0.0476039399999876,"[-0.1830343  -0.18057799 -0.08933187 -0.08842945 -0.0870263 ]","[-0.06789254 -0.06345093  0.01203213  0.01127127  0.01017794]",-0.183034300804138,-0.0678925400000025,"[0.09285474 0.09502065 0.09507006 0.09516215 0.09595793]","[0.12271631 0.12711728 0.12332596 0.12418358 0.12461213]",0.0928547382354736,0.122716309999987,-0.0145652700000198,"[-0.11052436 -0.10956317 -0.10914505 -0.10877907 -0.10814548]","[-0.0137959  -0.01349359 -0.01349743 -0.01354261 -0.01456527]",-0.110524356365204,2,"29056_1,0,0_0.25_True",0.936929276047292,0.181340398952563
"dcgat-agm003437095","(1, 1, 0)",0.25,"Ag-0.167-Cu-0.333-Zn-0.5","True","[0.6453138  0.64761704 0.6484769  0.6492179  0.65057975]","[0.69459005 0.69502485 0.69707973 0.69584033 0.69590693]",0.645313799381256,0.694590050000002,"[-0.49594259 -0.49372932 -0.49341205 -0.49278349 -0.49236095]","[-0.40874036 -0.41217333 -0.41091657 -0.40845408 -0.41223504]",-0.49594259262085,-0.412235039999999,"[-0.05191326 -0.04992211 -0.04457641 -0.04410696 -0.04320747]","[0.01238569 0.0102325  0.0077887  0.00817454 0.0074235 ]",-0.0519132614135742,0.0074235000000015,"[0.05323255 0.05555886 0.06080383 0.06305969 0.06864595]","[0.14267507 0.14325236 0.1414243  0.14691507 0.1394654 ]",0.0532325506210327,0.139465400000006,"[0.13750684 0.13752061 0.13916409 0.1397385  0.14042139]","[0.12404656 0.12340191 0.12371029 0.12449961 0.1247646 ]",0.13750684261322,0.123401910000013,0.106011390000006,"[0.10094261 0.10235548 0.10441059 0.10471749 0.10525876]","[0.10601139 0.11086359 0.11018037 0.11338427 0.11408548]",0.100942611694336,3,"25979_1,1,0_0.25_True",0.860514809441217,0.230182889198699
"dcgat-agm003163287","(1, 1, 0)",0,"Cd-0.5-Cu-0.5","True","[0.75244838 0.75291425 0.75358957 0.75559193 0.75571519]","[0.94570521 0.96354369 0.94510245 0.94520623 0.94292009]",0.752448379993439,0.942920089999987,"[-0.5052346  -0.50023234 -0.49912632 -0.49902022 -0.4984442 ]","[-0.43305459 -0.43830414 -0.43403059 -0.43335263 -0.43437133]",-0.505234599113464,-0.438304140000014,"[0.06601864 0.0672797  0.06730944 0.06745118 0.06787479]","[0.11606168 0.13582957 0.13754917 0.11205937 0.10095885]",0.0660186409950256,0.100958849999998,"[0.17918253 0.18596303 0.1872701  0.19144297 0.19440931]","[0.2041894  0.20633085 0.18505489 0.22595108 0.22258405]",0.179182529449463,0.185054890000004,"[0.08065397 0.08267993 0.08307487 0.08307528 0.08333588]","[0.1308532  0.12485597 0.12409132 0.12576372 0.12608621]",0.080653965473175,0.124091319999991,0.215393589999991,"[0.19959772 0.20028877 0.20098448 0.20121592 0.20128769]","[0.21539359 0.26688214 0.27978115 0.27145997 0.27886786]",0.199597716331482,2,"29801_1,1,0_0.0_True",0.642977542649134,0.532892800085007
"dcgat-agm003194948","(2, 2, 1)",0.0625,"Au-0.6-Cu-0.4","True","[1.09963608 1.1010704  1.10407758 1.10732079 1.10739899]","[1.17498683 1.17407008 1.22232489 1.19302701 1.22777262]",1.09963607788086,1.17407008000004,"[-0.61959243 -0.61764514 -0.61677974 -0.61622512 -0.61560476]","[-0.49924445 -0.49545113 -0.50609151 -0.4960775  -0.50159689]",-0.619592428207398,-0.506091509999976,"[-0.16012812 -0.15493572 -0.15487731 -0.15385765 -0.15350938]","[-0.10806287 -0.10733897 -0.11478615 -0.11488431 -0.1140525 ]",-0.160128116607666,-0.114884309999979,"[-0.0704208  -0.06219703 -0.05483162 -0.04424083 -0.02829492]","[-0.02267475 -0.02212886 -0.0146183  -0.01444881  0.00558995]",-0.0704208016395568,-0.0226747499999646,"[0.07703322 0.07715619 0.07748997 0.079036   0.07931352]","[0.12957755 0.12515676 0.12615022 0.12492126 0.1261089 ]",0.0770332217216491,0.124921260000008,0.525771190000057,"[0.49233252 0.49249619 0.49251503 0.49260968 0.49301678]","[0.52992931 0.52733096 0.52788262 0.52577119 0.52987016]",0.492332518100739,2,"21776_2,2,1_0.062_True",0.754194718666275,0.70366277946658
"dcgat-agm003513482","(1, 1, 0)",0.25,"Au-0.2-Cd-0.7-Pd-0.1","True","[1.75797129 1.83338785 1.84003377 1.84345818 1.84868121]","[1.8698637  1.83361289 1.83200285 1.82979469 1.83471972]",1.75797128677368,1.82979469,"[-0.79248089 -0.79170167 -0.7913785  -0.79128695 -0.79121882]","[-0.68818104 -0.68489981 -0.69239646 -0.67112847 -0.68654969]",-0.792480885982513,-0.692396460000012,"[-0.18495756 -0.17573577 -0.17046106 -0.16958147 -0.16453332]","[-0.09550708 -0.08979312 -0.09255793 -0.09428663 -0.09163675]",-0.184957563877106,-0.0955070800000044,"[0.07332134 0.09023952 0.0993793  0.11916482 0.12555575]","[0.12272274 0.13835878 0.13963056 0.13931497 0.1166673 ]",0.0733213424682617,0.116667300000003,"[0.09150988 0.09234226 0.09377789 0.0938257  0.09394354]","[0.12900666 0.12637895 0.12854871 0.12748674 0.12559916]",0.0915098786354065,0.12559916,-0.0186042300000082,"[0.00852448 0.00885212 0.00890601 0.0091204  0.00919282]","[-0.01827438 -0.01633145 -0.01024118 -0.01727973 -0.01860423]",0.008524477481842,3,"20848_1,1,0_0.25_True",0.441647628269544,1
"dcgat-agm003291942","(0, 0, 1)",0.25,"Cu-0.444-Zn-0.556","True","[0.15991175 0.16268873 0.16360867 0.16659987 0.16709924]","[0.43139601 0.43143911 0.43342057 0.43370811 0.43010039]",0.159911751747131,0.430100389999993,"[-0.67633539 -0.67553616 -0.67536104 -0.67529607 -0.67528248]","[-0.53327745 -0.53676901 -0.53745002 -0.53629243 -0.53623577]",-0.676335394382477,-0.537450020000009,"[-0.1744768  -0.17336971 -0.17236292 -0.17140579 -0.17125744]","[-0.09557999 -0.09772968 -0.09398732 -0.09666801 -0.09654655]",-0.174476802349091,-0.0977296800000147,"[-0.49019772 -0.48783764 -0.47383016 -0.37616086 -0.37077636]","[-0.23606122 -0.23426009 -0.23202397 -0.23245326 -0.23268832]",-0.490197718143463,-0.236061220000011,"[0.04724967 0.04808152 0.04943067 0.04965097 0.04973137]","[0.12569777 0.12700413 0.12712468 0.12618501 0.12635035]",0.0472496747970581,0.125697769999988,-0.201570759999996,"[-0.21311569 -0.21226686 -0.20987052 -0.20959455 -0.20866323]","[-0.19947845 -0.19991998 -0.20000643 -0.19746094 -0.20157076]",-0.213115692138672,2,"24942_0,0,1_0.25_True",1.01082129797331,0.0271439992584405
"oqmd-758539","(0, 1, 2)",0,"Ag-0.25-Zn-0.75","True","[1.09858775 1.10442805 1.11866117 1.11962509 1.12363172]","[0.8329025  0.83488139 0.82882897 0.8421398  0.83515775]",1.09858775138855,0.828828969999996,"[-0.05660486 -0.0535627  -0.05350065 -0.05286169 -0.05201757]","[-0.14385166 -0.21678975 -0.21541659 -0.22197315 -0.21132656]",-0.0566048622131347,-0.221973149999997,"[-0.05956835 -0.03994381  0.02436662  0.02512217  0.02816534]","[-0.09759563 -0.07566682 -0.10151983 -0.13833921 -0.14079729]",-0.0595683455467224,-0.140797290000009,"[0.03088295 0.10172415 0.10344666 0.11112005 0.23129112]","[-0.06028073 -0.10362251 -0.10883756 -0.10496391  0.19410358]",0.0308829545974731,-0.108837559999998,"[-1.09790599  0.39648288  0.39705521  0.39868122  0.40131587]","[2.16873136 0.13119121 0.12615802 0.13003846 0.28219489]",-1.09790599346161,0.126158020000005,0.0175185800000008,"[-0.07932997 -0.07744831 -0.07686532 -0.07565498 -0.07172924]","[0.01751858 0.02349152 0.01965404 0.02377298 0.02376948]",-0.0793299674987793,2,"13429_0,1,2_0.0_True",0.540083033703158,0.538137330978368
"dcgat-agm003203713","(2, 0, -1)",0.251734307348792,"Cu-0.167-Zn-0.833","False","[0.89205235 0.8952778  0.89673835 0.8977471  0.89855295]","[1.0947566  1.09647255 1.09957017 1.09348961 1.09835067]",0.892052352428436,1.09348961000001,"[-0.43451747 -0.43388116 -0.43360052 -0.43258321 -0.43227077]","[-0.31323978 -0.31588826 -0.31718386 -0.31663635 -0.31697442]",-0.434517472982407,-0.31718386,"[0.12805796 0.13054734 0.13144517 0.13225675 0.13400042]","[0.26913361 0.26251317 0.26685233 0.26490723 0.26256357]",0.128057956695557,0.262513170000005,"[0.23161191 0.24373037 0.24926621 0.26758856 0.27187699]","[0.34844303 0.33646009 0.33597337 0.32636308 0.40597096]",0.231611907482147,0.326363079999993,"[0.03817779 0.04289937 0.04433107 0.04518431 0.04524928]","[0.13167749 0.12933839 0.13107591 0.1281394  0.13359075]",0.0381777882575988,0.128139400000009,-0.0349864999999738,"[-0.18076932 -0.17843521 -0.17727649 -0.17701685 -0.17670161]","[-0.03293259 -0.0349865  -0.0337725  -0.03407038 -0.03489593]",-0.180769324302673,2,"20934_2,0,-1_0.252_False",0.577827426408831,0.579084765923925
"oqmd-1017003","(1, 0, 2)",0.125,"Ag-0.25-Au-0.25-Zn-0.5","False","[0.90006489 0.90103513 0.90416628 0.91313142 0.91605824]","[0.97432752 0.98103108 0.97982164 0.97785972 0.97980307]",0.900064885616303,0.974327520000003,"[-0.3892414  -0.29250395 -0.2874963  -0.28082004 -0.28081048]","[-0.33934278 -0.17778041 -0.17286854 -0.29134552 -0.17412514]",-0.389241397380829,-0.33934278000001,"[-0.32532752 -0.31531659 -0.31444454 -0.31057954 -0.30897143]","[-0.31249378 -0.31239833 -0.31411428 -0.31998576 -0.30659689]",-0.325327515602112,-0.319985759999994,"[-0.24105102 -0.14985716 -0.11899161 -0.07887989 -0.05044878]","[-0.25208586 -0.16878827 -0.0635747  -0.1366564  -0.08353049]",-0.241051018238068,-0.252085859999994,"[0.05713046 0.05933583 0.06012905 0.06111109 0.0618006 ]","[0.13123558 0.12982604 0.13137916 0.12932138 0.13209325]",0.0571304559707641,0.129321380000007,-0.373810780000014,"[-0.33919886 -0.33798811 -0.33771643 -0.33551618 -0.33376881]","[-0.37381078 -0.37089407 -0.37126899 -0.36821675 -0.37079353]",-0.339198857545853,3,"15490_1,0,2_0.125_False",0.799571283765946,0
"oqmd-1339586","(1, 0, 0)",0.164,"Ag-0.833-Zn-0.167","True","[1.84043789 1.84070802 1.84116793 1.84298658 1.84426284]","[1.95439973 1.95923463 1.94976924 1.95501721 1.94582396]",1.84043788909912,1.94582395999998,"[-0.23597872 -0.23464519 -0.23419845 -0.23355591 -0.23286575]","[-0.24983181 -0.26338329 -0.25531369 -0.26413902 -0.26231106]",-0.235978722572327,-0.264139020000016,"[0.01413649 0.0148226  0.01508963 0.01583922 0.0160417 ]","[0.07171676 0.07110334 0.07555734 0.07483628 0.07552116]",0.0141364932060241,0.071103340000036,"[-0.09279615 -0.09152776 -0.09097385 -0.08886838 -0.08746785]","[-0.0985354  -0.09932284 -0.1001827  -0.09114097 -0.09340942]",-0.0927961468696594,-0.100182700000005,"[0.17905486 0.17941213 0.18084097 0.18124783 0.18447548]","[0.13464999 0.13119326 0.12959412 0.13045985 0.13252322]",0.179054856300354,0.129594119999979,-0.0617615499999715,"[-0.05619717 -0.05321479 -0.05293578 -0.05269068 -0.05091214]","[-0.05857837 -0.06176155 -0.05961685 -0.0606891  -0.05902301]",-0.056197166442871,2,"15777_1,0,0_0.164_True",0.692448292765004,1
"dcgat-agm003596602","(1, 0, 1)",0.5,"Au-0.444-Cu-0.111-Zn-0.444","True","[0.95782739 0.96576744 0.96629113 0.97465605 0.9760384 ]","[1.13401473 1.13496285 1.13877722 1.13580822 1.13254596]",0.957827389240265,1.13254595999999,"[-0.33902359 -0.33130029 -0.32591221 -0.32228953 -0.32136616]","[-0.09772132 -0.10056051 -0.10444361 -0.10525403 -0.106768  ]",-0.339023590087891,-0.106768000000017,"[-1.91357207 -1.61647201 -0.58484894 -0.36145645 -0.3594017 ]","[ 1.46819681  1.49749171  1.53871839 -0.29332142 -0.29125973]",-1.91357207298279,-0.293321420000012,"[-0.39771265 -0.39655584 -0.387344   -0.3853476  -0.38485628]","[-0.36469321 -0.36417315 -0.36571247 -0.36445787 -0.36466332]",-0.397712647914887,-0.365712470000034,"[0.0956701  0.09631062 0.10041618 0.10207909 0.10766959]","[0.13263645 0.13451109 0.13113291 0.13381371 0.1300045 ]",0.0956701040267944,0.130004499999984,-0.508024760000012,"[-0.50043535 -0.50027657 -0.49885067 -0.49828908 -0.49824852]","[-0.50405352 -0.50347855 -0.50592846 -0.50354864 -0.50802476]",-0.50043535232544,3,"33272_1,0,1_0.5_True",0.727089908939937,0.689046660681697
"dcgat-agm003268308","(0, 0, 1)",0.25,"Au-0.889-Cd-0.111","True","[1.4104774  1.41862965 1.4325273  1.46192813 1.47436404]","[1.54369862 1.54734597 1.55194455 1.55916738 1.49677151]",1.41047739982605,1.49677150999999,"[-0.29442266 -0.29029834 -0.28585756 -0.28448272 -0.27760574]","[-0.28589003 -0.28566284 -0.28747493 -0.28751985 -0.28880532]",-0.294422656297684,-0.288805320000009,"[-0.07121933 -0.06995809 -0.06968385 -0.06876338 -0.0684827 ]","[-0.09966623 -0.09933533 -0.09873393 -0.09978708 -0.0961998 ]",-0.0712193250656127,-0.0997870800000129,"[0.27929491 0.29247397 0.29449672 0.29947811 0.30202705]","[0.29218937 0.2977744  0.29913134 0.29552962 0.33312942]",0.279294908046722,0.292189370000003,"[0.10439277 0.10479468 0.10612345 0.10616761 0.10642409]","[0.13182106 0.13188025 0.13068081 0.13108762 0.13213828]",0.104392766952515,0.130680810000001,0.605486339999985,"[0.60680562 0.60715133 0.60724789 0.60838491 0.60857219]","[0.6058754  0.60762931 0.60548634 0.6061097  0.6061173 ]",0.606805622577667,2,"32136_0,0,1_0.25_True",0.624094523682479,0.0311263671623616
"dcgat-agm003194871","(2, 1, 1)",0.25,"Ag-0.4-Au-0.6","True","[1.54090285 1.54215121 1.54641151 1.55080318 1.55298185]","[1.59805352 1.59943625 1.59909561 1.6002291  1.59909587]",1.54090285301209,1.59805351999998,"[-0.60074848 -0.59887868 -0.59766018 -0.59662241 -0.59597546]","[-0.48798138 -0.48707937 -0.48793292 -0.48797757 -0.48612773]",-0.600748479366303,-0.48798137999998,"[-0.31303203 -0.30727836 -0.30627146 -0.30425069 -0.30394036]","[-0.28280265 -0.28184885 -0.28180471 -0.28231458 -0.2840313 ]",-0.313032031059265,-0.284031299999981,"[-0.02039361 -0.01611525 -0.01606131 -0.00213301  0.00827706]","[0.03504494 0.05434817 0.03447459 0.04872022 0.07285458]",-0.0203936100006103,0.034474590000002,"[0.09998095 0.10001409 0.10071349 0.1008594  0.10104561]","[0.1375572  0.13544956 0.13461354 0.13579398 0.13403661]",0.0999809503555297,0.13403661000001,0.698034430000007,"[0.62885171 0.62966043 0.6306091  0.63071245 0.63121289]","[0.69930301 0.69974368 0.69921768 0.69803443 0.69876397]",0.628851711750031,2,"17257_2,1,1_0.25_True",0.6553955850494,0
"dcgat-agm003194941","(0, 0, 1)",0.150505572260549,"Au-0.8-Cd-0.2","True","[1.93050408 1.95373821 1.96759248 1.96939397 1.9707303 ]","[1.91287348 1.9155957  1.90355706 1.90022804 1.91100485]",1.93050408363342,1.90022804,"[-0.40087923 -0.40020704 -0.39855734 -0.39834741 -0.3981775 ]","[-0.2341007  -0.23023474 -0.23361975 -0.23725527 -0.22088435]",-0.400879234075546,-0.237255269999991,"[-0.19274652 -0.19117606 -0.19005775 -0.18981773 -0.1892153 ]","[-0.14115684 -0.14192738 -0.13523121 -0.14537908 -0.14351788]",-0.192746520042419,-0.145379079999969,"[0.09366417 0.09877574 0.10321343 0.10806507 0.1084891 ]","[0.10062329 0.08499225 0.08665397 0.08202375 0.09347849]",0.0936641693115234,0.0820237499999905,"[0.11277801 0.11717606 0.11827457 0.11844647 0.11849046]","[0.1461701  0.13620205 0.15996212 0.15251308 0.13451287]",0.112778007984161,0.134512870000009,0.720305639999992,"[0.74052209 0.74104363 0.74135846 0.74161929 0.7418198 ]","[0.72569222 0.73357436 0.73120134 0.72030564 0.72498771]",0.740522086620331,2,"27260_0,0,1_0.151_True",0.730676611374541,0.485582781079522
"dcgat-agm003596592","(0, 0, 1)",0.25,"Ag-0.444-Au-0.444-Cu-0.111","True","[1.36876583 1.36880946 1.37013459 1.37070465 1.37187004]","[1.3148674  1.30755762 1.30555095 1.30635821 1.30255851]",1.36876583099365,1.30255851,"[-0.61660695 -0.61532247 -0.61484993 -0.61473739 -0.61415195]","[-0.55295655 -0.55396155 -0.55084025 -0.5571558  -0.55081523]",-0.616606950759888,-0.557155800000004,"[-0.08098137 -0.07979965 -0.07964611 -0.07853639 -0.07772011]","[-0.14512751 -0.14615074 -0.14075557 -0.14190691 -0.14326688]",-0.0809813737869262,-0.14615074000001,"[0.14481169 0.14560372 0.14796209 0.14860201 0.15685463]","[0.09492723 0.09518202 0.09873922 0.09537604 0.11037532]",0.144811689853668,0.0949272300000103,"[0.11595452 0.11702806 0.11725754 0.11784095 0.11817914]","[0.13575861 0.13891856 0.13538103 0.13744015 0.13625293]",0.115954518318176,0.135381030000005,0.482810779999994,"[0.42754143 0.42766947 0.42869765 0.42889506 0.42937452]","[0.48447571 0.49055413 0.4830727  0.48281078 0.48392713]",0.427541434764862,3,"32461_0,0,1_0.25_True",0.688391940542215,0.0293266262573763
"dcgat-agm002193202","(2, 2, 1)",0.166666666666667,"In-0.25-Zn-0.75","True","[0.58945817 0.59718305 0.78703636 0.81802958 0.84244114]","[0.56137234 0.56415913 0.89058713 0.90726691 0.93162304]",0.589458167552948,0.561372340000006,"[-0.00727636 -0.0032658  -0.00261664 -0.00193948 -0.00126326]","[-0.00943308 -0.00828661 -0.01310886 -0.00507846  0.02501945]",-0.0072763562202453,-0.0131088600000026,"[-1.29042292 -1.27777123 -1.17195165 -0.01659119  0.03067875]","[ 1.54688922  1.63572535  1.48848646 -0.00671687  0.04594127]",-1.29042291641235,-0.0067168699999911,"[-0.12256891 -0.12099892 -0.11487746 -0.11216015 -0.11109263]","[-0.09883106 -0.09754633 -0.10082626 -0.09734923 -0.1001353 ]",-0.122568905353546,-0.100826259999991,"[0.13749921 0.13852632 0.13902336 0.13923091 0.13987142]","[0.13557288 0.1468423  0.1368863  0.13790595 0.1447907 ]",0.137499213218689,0.135572880000012,-0.270785160000003,"[-0.29389468 -0.2909312  -0.29037419 -0.28896216 -0.28736895]","[-0.26664314 -0.27078516 -0.27062148 -0.26928107 -0.26881839]",-0.293894678354263,2,"19790_2,2,1_0.167_True",0.47896020730424,1
"oqmd-758519","(2, 1, 0)",0.035,"Ag-0.333-Zn-0.667","False","[1.12847996 1.19698882 1.24516797 1.25554514 1.31735969]","[1.48042604 1.48076602 1.50441873 1.47329117 1.48983085]",1.12847995758057,1.47329117,"[-0.34293175 -0.34219348 -0.33725017 -0.33649105 -0.33626172]","[-0.22729188 -0.23341798 -0.23086136 -0.23522063 -0.25329267]",-0.342931747436523,-0.253292670000008,"[0.02284622 0.04966033 0.05244738 0.06036323 0.0612368 ]","[0.15388745 0.11671483 0.11743145 0.11476604 0.11229775]",0.0228462219238281,0.112297749999996,"[-0.06455839 -0.06032163 -0.05970341 -0.05928129 -0.05715036]","[-0.03934393 -0.02591153 -0.02537221 -0.01207522 -0.01079148]",-0.0645583868026733,-0.0393439300000011,"[0.07319337 0.07409298 0.07987732 0.08300209 0.08472389]","[0.14098517 0.13599398 0.14346087 0.13975589 0.14382818]",0.0731933712959289,0.135993980000009,-0.0768092299999949,"[-0.10608476 -0.10529763 -0.10270971 -0.10179746 -0.10000122]","[-0.06906395 -0.06642338 -0.07680923 -0.06909029 -0.07104143]",-0.106084764003754,2,"13871_2,1,0_0.035_False",0.71219145767118,0
"dcgat-agm003266847","(2, 1, 2)",0.125,"Au-0.111-Zn-0.889","True","[0.41717857 0.41877848 0.42104405 0.4449262  0.45280308]","[0.62778673 0.62790262 0.61416505 0.65234791 0.63588829]",0.417178571224213,0.614165049999997,"[-0.2877377  -0.28113407 -0.27990577 -0.2798017  -0.2792975 ]","[-0.11342025 -0.09329989 -0.11561777 -0.14043224 -0.11287728]",-0.2877376973629,-0.14043224000001,"[-2.01182508 -1.85689187 -0.3581807  -0.34730461 -0.3348501 ]","[ 1.50868758  1.5887464  -0.12617958 -0.15893975 -0.1315015 ]",-2.01182508468628,-0.158939750000002,"[-0.34384736 -0.33944091 -0.33711022 -0.32402444 -0.29243714]","[-0.1437602  -0.11887124 -0.26495819 -0.17252939 -0.15441088]",-0.343847364187241,-0.264958190000002,"[-0.12037802 -0.11823606 -0.10180157 -0.10053664 -0.09972632]","[0.15362266 0.14314941 0.13907672 0.14781134 0.13931023]",-0.120378017425537,0.139076720000006,-0.368910670000005,"[-0.53812695 -0.53505564 -0.48613679 -0.48318699 -0.47586501]","[-0.35889273 -0.36891067 -0.33528928 -0.34183021 -0.32749658]",-0.538126945495606,2,"33529_2,1,2_0.125_True",0.631297534409357,0
"dcgat-agm003515378","(1, 0, 2)",0.431625727518302,"Ag-0.182-Au-0.727-Cu-0.091","False","[1.01551604 1.35031962 1.3525064  1.35884166 1.36010838]","[1.44297414 1.40215974 1.40199388 1.39977648 1.3995788 ]",1.01551604270935,1.3995788,"[-0.56368965 -0.5625605  -0.56200898 -0.5600754  -0.55964869]","[-0.43203186 -0.43245136 -0.43252138 -0.43402454 -0.43217681]",-0.563689649105072,-0.434024539999996,"[-0.23301828 -0.22763288 -0.22584611 -0.22404736 -0.22363067]","[-0.10130596 -0.10543548 -0.10370545 -0.10208536 -0.09923531]",-0.233018279075623,-0.10543548000004,"[-0.07224256 -0.02247202  0.03007108  0.08786708  0.09097773]","[0.29299348 0.12051213 0.22846866 0.13849818 0.13811945]",-0.0722425580024719,0.120512130000009,"[0.066598   0.06938207 0.07272577 0.07375306 0.07396877]","[0.13949372 0.13954736 0.1486017  0.14265392 0.13975939]",0.0665979981422424,0.13949371999999,0.675330289999977,"[0.5722819  0.60478169 0.60946757 0.61167723 0.61362273]","[0.67533029 0.73875643 0.73979094 0.73908369 0.7430183 ]",0.572281897068024,3,"18837_1,0,2_0.432_False",0.676822821175639,0.0059866351418988
"dcgat-agm003332477","(2, 2, 1)",0.19165750685848,"Ag-0.222-Au-0.444-Cd-0.333","True","[1.55512571 1.55687261 1.55749941 1.56083441 1.56379604]","[1.53740967 1.53222101 1.52442694 1.53074722 1.51925426]",1.55512571334839,1.51925426000003,"[-0.42498368 -0.42076153 -0.41745692 -0.41579199 -0.41307327]","[-0.25823473 -0.24913458 -0.25543621 -0.25303858 -0.25394667]",-0.424983680248261,-0.258234729999998,"[-1.59385121 -0.24096417 -0.23755467 -0.2375071  -0.23730695]","[ 1.57619211 -0.18570192 -0.19044089 -0.18582161 -0.18584002]",-1.59385120868683,-0.190440890000019,"[-0.05393672 -0.04324627 -0.04317653 -0.04163766 -0.03906381]","[0.04390401 0.05715602 0.04627355 0.0451882  0.04772674]",-0.0539367198944091,0.0439040100000056,"[0.10944772 0.10976166 0.11185282 0.11202711 0.11340678]","[0.15157216 0.14067847 0.14513603 0.1439575  0.15508929]",0.109447717666626,0.140678469999997,0.116360079999993,"[0.07205003 0.07228649 0.07309216 0.07428747 0.07758993]","[0.11815951 0.11636008 0.12199476 0.11875294 0.119683  ]",0.0720500349998474,3,"30563_2,2,1_0.192_True",0.588127465899141,0.023359076610986
"dcgat-agm003170217","(1, 1, 2)",0.125,"Au-0.5-Cd-0.25-Cu-0.25","True","[1.40140676 1.41343594 1.41444921 1.41463709 1.42039919]","[1.31031027 1.30992873 1.30940422 1.31303857 1.30734826]",1.40140676498413,1.30734825999997,"[-0.4940168  -0.49225348 -0.4891713  -0.48889965 -0.48765776]","[-0.43592682 -0.43442237 -0.43790093 -0.44004006 -0.4387525 ]",-0.494016796350479,-0.440040060000001,"[0.03092235 0.03440094 0.04174435 0.0443877  0.04502916]","[0.07639746 0.0744654  0.06728602 0.07167517 0.06828366]",0.0309223532676696,0.0672860200000116,"[0.25105792 0.27332813 0.2793141  0.28100044 0.28264874]","[0.22874808 0.25329921 0.25467127 0.25757305 0.25344878]",0.251057922840118,0.228748079999974,"[0.15087277 0.15173471 0.15173542 0.15333283 0.15352601]","[0.14129882 0.14111254 0.14667502 0.14116761 0.14248569]",0.150872766971588,0.141112539999995,0.236144709999991,"[0.28293175 0.28510827 0.28556854 0.28617162 0.28655642]","[0.23678991 0.2366053  0.23614471 0.23639773 0.23772267]",0.282931745052338,3,"32690_1,1,2_0.125_True",0.55807788811686,0.759651131843856
"dcgat-agm003290548","(1, 1, 1)",0.0313544816301839,"Ag-0.625-Cd-0.375","True","[1.79847836 1.80504608 1.81101584 1.81296301 1.82190156]","[1.89150961 1.89244416 1.9016475  1.89221148 1.92221698]",1.79847836494446,1.89150961000001,"[-0.44123626 -0.43996519 -0.43143928 -0.4266552  -0.42538494]","[-0.22659982 -0.28206827 -0.26596704 -0.26925878 -0.24552523]",-0.441236257553101,-0.282068269999996,"[-1.59713554 -0.02622247 -0.0031538   0.00880361  0.01131254]","[1.55342919 0.10829119 0.12040848 0.11636335 0.16983576]",-1.59713554382324,0.108291189999989,"[-0.12069803 -0.09268469 -0.07335579 -0.07183713 -0.05668598]","[-0.02022441 -0.03105611 -0.03628338 -0.01430818  0.00285548]",-0.120698034763336,-0.0362833799999862,"[0.03274518 0.03615177 0.05372262 0.05550194 0.07003564]","[0.14239473 0.14131786 0.14494372 0.14356666 0.15275974]",0.0327451825141906,0.141317860000015,-0.111281219999995,"[-0.0510087  -0.04624611 -0.04523402 -0.03846931 -0.03774339]","[-0.0739766  -0.07752365 -0.11128122 -0.09712308 -0.04326282]",-0.0510087013244628,2,"21127_1,1,1_0.031_True",0.613053949341422,0
"dcgat-agm003481565","(1, 0, -1)",0.0143262885760093,"Ag-0.222-Au-0.667-Cu-0.111","True","[1.24116611 1.24212217 1.24284172 1.24458098 1.24563432]","[1.33553694 1.33330464 1.33536801 1.33322527 1.33349592]",1.24116611480713,1.33322526999999,"[-0.85812974 -0.85794884 -0.8569622  -0.85629725 -0.8561576 ]","[-0.78588247 -0.78667459 -0.78735353 -0.78682138 -0.78543132]",-0.858129739761353,-0.78735352999999,"[-0.25376546 -0.25296199 -0.25115144 -0.25029695 -0.24876165]","[-0.19552421 -0.19301476 -0.19435054 -0.19720377 -0.196829  ]",-0.253765463829041,-0.197203769999987,"[-0.16826826 -0.16128808 -0.15913945 -0.15880066 -0.15750676]","[-0.12841139 -0.12500553 -0.12242814 -0.12173613 -0.13016857]",-0.168268263339996,-0.130168570000023,"[0.13805449 0.13809305 0.13862658 0.13962722 0.13979715]","[0.14154913 0.1425769  0.14157155 0.14243516 0.14254938]",0.138054490089417,0.141549129999987,0.421042790000001,"[0.27317923 0.27427799 0.27870494 0.29169518 0.29203922]","[0.4287442  0.42763154 0.42803967 0.42147816 0.42104279]",0.273179233074188,3,"20194_1,0,-1_0.014_True",0.695867396582625,0.0288673619685624
"dcgat-agm003677110","(1, 2, 2)",0.0279014585366651,"Ag-0.417-Au-0.083-Zn-0.5","True","[1.03855491 1.03935933 1.04278255 1.04370046 1.04436636]","[1.37373283 1.37414057 1.24856186 1.15999796 1.37258256]",1.03855490684509,1.15999796,"[-0.21287382 -0.21060741 -0.21057987 -0.20882851 -0.20876175]","[-0.07782256 -0.07631631 -0.07418858 -0.07651704 -0.07726518]",-0.212873816490173,-0.0778225600000013,"[-1.78049874 -1.54787087 -1.47945571 -0.12930018 -0.12755013]","[ 1.45371964  1.56671953  1.58909177 -0.10077479 -0.0987526 ]",-1.78049874305725,-0.100774790000003,"[-0.09660923 -0.09449726 -0.09331554 -0.0929957  -0.09089643]","[-0.08415608 -0.11330978 -0.0897459  -0.1127303  -0.1123138 ]",-0.0966092348098754,-0.113309780000009,"[0.16939646 0.17110956 0.17125279 0.17267078 0.17362219]","[0.15614279 0.14691716 0.15092804 0.18141489 0.15220463]",0.169396460056305,0.146917160000001,-0.104608020000001,"[-0.08556598 -0.07746446 -0.0745796  -0.07227534 -0.07191205]","[-0.10267223 -0.10390004 -0.1005979  -0.10286574 -0.10460802]",-0.0855659842491149,3,"31740_1,2,2_0.028_True",0.647220558385638,0.370064854827911
"oqmd-1339388","(1, 0, 0)",0.25,"Cd-0.75-Pd-0.25","True","[1.38364148 1.38618946 1.38709879 1.38735747 1.38830423]","[1.51665961 1.514203   1.51740812 1.5266893  1.51960306]",1.38364148139954,1.51420300000001,"[-0.71716088 -0.71673375 -0.71578503 -0.71540493 -0.71333748]","[-0.70833199 -0.71050441 -0.70996889 -0.71715941 -0.70932417]",-0.717160880565643,-0.717159410000008,"[-0.15037888 -0.15027601 -0.14746964 -0.14620626 -0.1433841 ]","[-0.22617561 -0.22691701 -0.22537778 -0.22262725 -0.22587252]",-0.150378882884979,-0.226917009999994,"[0.1348843  0.135463   0.14073658 0.14269626 0.17599219]","[-0.00783101 -0.00672182 -0.00620518 -0.00561048  0.04854181]",0.134884297847748,-0.0078310099999896,"[0.25747234 0.2586382  0.25898927 0.26151842 0.26186806]","[0.14921224 0.14993379 0.14959184 0.15485629 0.14751778]",0.257472336292267,0.147517780000001,0.0362304199999954,"[0.02880687 0.03268129 0.03425151 0.03546149 0.03716934]","[0.04121175 0.03623042 0.03737858 0.03973662 0.03905134]",0.0288068652153015,2,"16089_1,0,0_0.25_True",0.601163415086073,0.0274723438746007
"dcgat-agm003172663","(1, 1, 0)",0.125,"Ag-0.25-Au-0.75","True","[1.36964297 1.37198377 1.3754828  1.37784839 1.38179445]","[1.37449224 1.37127762 1.37081213 1.37384049 1.36952328]",1.36964297294617,1.36952328000001,"[-0.17759782 -0.17615348 -0.17576903 -0.17464501 -0.17447662]","[-0.18249256 -0.18658304 -0.18240288 -0.18202944 -0.18427355]",-0.17759782075882,-0.186583039999988,"[0.00599748 0.006679   0.00723952 0.00740331 0.0080049 ]","[-0.068506   -0.06905824 -0.06892858 -0.06692418 -0.06715188]",0.0059974789619445,-0.0690582400000039,"[0.27649254 0.28047901 0.29442674 0.30289215 0.31158108]","[0.29628075 0.29378091 0.3213928  0.32091961 0.332156  ]",0.276492536067963,0.29378091000001,"[0.21198642 0.21211988 0.21329552 0.21395802 0.21459705]","[0.14791058 0.15026827 0.15065114 0.15049534 0.14953851]",0.211986422538757,0.147910580000001,0.848991689999991,"[0.9435789  0.94393128 0.94464022 0.94708139 0.94719023]","[0.85035699 0.84899169 0.85105892 0.85058642 0.85344034]",0.943578898906708,2,"23806_1,1,0_0.125_True",0.550618962548199,0.579858556620593
"dcgat-agm003300160","(3, 0, 1)",0.126422522676894,"Au-0.889-Pd-0.111","True","[1.11469936 1.12337756 1.12391567 1.12659264 1.12856221]","[1.32216528 1.3233784  1.32307636 1.32304127 1.32367997]",1.1146993637085,1.32216528000001,"[-0.98256612 -0.98180056 -0.98158371 -0.98157412 -0.98105347]","[-0.81263682 -0.81374819 -0.81260709 -0.81302386 -0.81201654]",-0.982566118240356,-0.813748189999998,"[-0.38886964 -0.38539591 -0.3841083  -0.38312587 -0.37950227]","[-0.21177475 -0.21158036 -0.21178404 -0.20778433 -0.21541692]",-0.388869643211365,-0.215416919999996,"[0.12283182 0.12904984 0.14309329 0.19149423 0.20598203]","[0.28764372 0.2848855  0.28173795 0.35016161 0.38881675]",0.12283182144165,0.281737950000007,"[-0.02605373 -0.02554536 -0.02536315 -0.02518409 -0.02489913]","[0.14815389 0.14912443 0.14907671 0.14847066 0.14801335]",-0.0260537266731262,0.148013349999999,1.2590524,"[1.22531939 1.22671175 1.22685838 1.2269671  1.22844601]","[1.25961432 1.27237265 1.26936673 1.2590524  1.28098672]",1.22531938552856,2,"21961_3,0,1_0.126_True",0.583549854875369,0.801109580970002
"dcgat-agm003373682","(2, 1, -2)",0.0270576399162444,"Ag-0.417-Au-0.417-Cd-0.167","True","[1.74976826 1.75474429 1.75694466 1.76919127 1.77730632]","[1.67239447 1.67093395 1.67881702 1.67340194 1.67381473]",1.74976825714111,1.67093395000001,"[-0.31118035 -0.31009108 -0.30884942 -0.30569768 -0.30416471]","[-0.18380714 -0.17941276 -0.18265071 -0.18102148 -0.17645375]",-0.311180353164673,-0.183807139999971,"[-0.13759536 -0.13684434 -0.13682109 -0.13633591 -0.13618863]","[-0.10386753 -0.10283449 -0.10475896 -0.09975316 -0.10500044]",-0.137595355510712,-0.105000439999969,"[0.06175566 0.06268185 0.09713238 0.1313464  0.14175326]","[0.09310181 0.15144173 0.17907199 0.15978706 0.14554555]",0.0617556571960449,0.0931018100000073,"[0.14339417 0.14441526 0.1447978  0.14592904 0.14655691]","[0.14936465 0.15102101 0.14853757 0.15079983 0.14950273]",0.14339417219162,0.148537570000002,0.559620240000015,"[0.54412967 0.54551488 0.54848307 0.54884988 0.55121833]","[0.56073572 0.56697329 0.55962024 0.56007547 0.56038332]",0.54412966966629,3,"25286_2,1,-2_0.027_True",0.569122580270405,0.363120738508365
"dcgat-agm003466362","(1, 2, 0)",0.177640071910911,"Ag-0.625-Au-0.25-Cu-0.125","True","[1.55540776 1.64839888 1.65075111 1.65165687 1.65296006]","[1.55917212 1.65733018 1.66139001 1.66254264 1.66426146]",1.55540776252747,1.55917212,"[-0.48681843 -0.48567349 -0.48504657 -0.48495388 -0.48495159]","[-0.43995182 -0.44041681 -0.44175457 -0.44105723 -0.43863077]",-0.486818432807922,-0.441754570000001,"[0.08044016 0.08077711 0.08114737 0.08118653 0.08127785]","[0.0895242  0.08088224 0.07855084 0.09416591 0.07891604]",0.0804401636123657,0.0785508400000054,"[0.35857803 0.37875229 0.37998253 0.38191158 0.38795763]","[0.35277387 0.40139463 0.3853735  0.4069082  0.37894201]",0.358578026294708,0.352773870000021,"[0.17131364 0.17219722 0.17249405 0.1725536  0.17272341]","[0.15210511 0.15223999 0.14959563 0.15072453 0.15039171]",0.171313643455505,0.149595630000007,0.38487567,"[0.42356211 0.4249962  0.42499691 0.42566091 0.4256658 ]","[0.38543053 0.38738399 0.38600635 0.38487567 0.38626074]",0.423562109470367,3,"29901_1,2,0_0.178_True",0.59473656161852,0.978668348995061
"dcgat-agm003412730","(1, 2, 2)",0.0225230227299255,"Ag-0.333-Au-0.5-Zn-0.167","False","[1.63757777 1.64329123 1.67444324 1.69020844 1.69327331]","[1.92383995 1.93268421 1.74462268 1.74451723 1.74503471]",1.6375777721405,1.74451722999999,"[-0.44905144 -0.44860032 -0.44804659 -0.44742361 -0.44653806]","[-0.26324152 -0.27485777 -0.27862374 -0.27186347 -0.27729248]",-0.449051439762116,-0.278623739999972,"[-1.15372431 -1.06498718 -0.26603088 -0.26510957 -0.26441145]","[ 1.558677    1.75346161 -0.15832094 -0.1493184  -0.15700976]",-1.15372431278229,-0.158320939999982,"[-0.12810218 -0.11001766 -0.10723567 -0.10638899 -0.08019847]","[-0.00557536 -0.00203741 -0.00017523  0.00717098  0.0468723 ]",-0.12810218334198,-0.0055753599999945,"[0.109272   0.11251998 0.11321634 0.11377507 0.11410093]","[0.15278706 0.15963495 0.15052216 0.15350228 0.15297889]",0.109272003173828,0.150522160000008,0.224845380000005,"[0.15260148 0.15291119 0.15442526 0.15465432 0.15640473]","[0.22981829 0.22835489 0.22762831 0.22484538 0.23117448]",0.152601480484009,3,"25457_1,2,2_0.023_False",0.579322721772563,0.127928798529319
"dcgat-agm003288399","(2, 1, 2)",0.205164666330709,"Ag-0.714-In-0.286","False","[-0.62755668 -0.62651557 -0.62173885 -0.60796046 -0.58928162]","[6.11029823 5.68885677 6.26034427 6.66542793 5.98078726]",-0.627556681632996,5.68885677,"[-0.29736376 -0.29699492 -0.29627669 -0.29542866 -0.29507354]","[-0.17640227 -0.17615404 -0.16776799 -0.17317748 -0.17424383]",-0.297363758087158,-0.176402270000011,"[-2.14088035 -2.11134124 -1.98015189 -1.78197598 -1.66302681]","[5.60116454 1.83861873 3.2824119  1.66621644 1.71817563]",-2.14088034629822,1.66621643999997,"[-0.02349764  0.13438582  0.13926291  0.14065528  0.14070785]","[0.23729755 0.18883819 0.20024731 0.2046935  0.19902185]",-0.0234976410865783,0.188838190000013,"[0.16696244 0.16848856 0.16938919 0.17004979 0.17034769]","[0.15652004 0.15302035 0.15531455 0.15883482 0.15622999]",0.166962444782257,0.153020349999991,0.208052329999987,"[0.03756499 0.04941112 0.05030304 0.05298024 0.05919653]","[0.21502418 0.21268829 0.21186344 0.21306809 0.20805233]",0.037564992904663,2,"27396_2,1,2_0.205_False",0.50324471648988,0.610463793745883
"oqmd-898855","(2, 1, 0)",0.042,"In-0.333-Pd-0.333-Sn-0.333","True","[1.34568882 1.35112333 1.3513732  1.35213184 1.35593677]","[1.26820099 1.27115683 1.27124167 1.26828391 1.27129284]",1.34568881988525,1.26820098999997,"[-0.59313959 -0.59302914 -0.59291983 -0.59260774 -0.59213871]","[-0.51917294 -0.52421626 -0.52449738 -0.52630729 -0.52545349]",-0.593139588832855,-0.526307290000005,"[-0.09951621 -0.09487593 -0.08592206 -0.08390647 -0.03403664]","[-0.07909562 -0.07171609 -0.07599937 -0.0665347  -0.01615981]",-0.099516212940216,-0.0790956200000039,"[0.06491899 0.09756678 0.11435491 0.12998372 0.13369685]","[0.16048856 0.14612619 0.14031854 0.14639633 0.14059655]",0.0649189949035644,0.140318539999981,"[0.22259223 0.22465831 0.22495568 0.22588611 0.22675109]","[0.15754093 0.15651361 0.15653116 0.15682985 0.15392508]",0.222592234611511,0.153925079999993,-0.125838520000002,"[-0.1712895  -0.17062998 -0.16061532 -0.16009998 -0.15816981]","[-0.12387495 -0.12336252 -0.12480209 -0.12583852 -0.12341108]",-0.171289503574371,3,"14892_2,1,0_0.042_True",,
"dcgat-agm003186002","(1, 0, 2)",0.24860850364766,"Ag-0.75-Au-0.25","False","[1.55191898 1.55239391 1.55830812 1.56350064 1.56554031]","[1.49004098 1.49044989 1.49060265 1.49043901 1.48999813]",1.55191898345947,1.48999813,"[-0.22289646 -0.22195888 -0.221766   -0.22173476 -0.22070968]","[-0.16860897 -0.17063589 -0.17084598 -0.17108067 -0.17112775]",-0.222896456718445,-0.171127749999997,"[-0.06961298 -0.06381696 -0.06347477 -0.05765539 -0.05705577]","[-0.04300592 -0.04493814 -0.04581259 -0.04493847 -0.04301085]",-0.069612979888916,-0.045812589999997,"[0.36985415 0.3811745  0.39383417 0.43271071 0.44757301]","[0.34886414 0.39725796 0.4059056  0.473521   0.49324908]",0.369854152202606,0.348864140000018,"[0.14469182 0.1453535  0.14857888 0.14979684 0.15101594]","[0.15756272 0.15832291 0.15817555 0.15783888 0.15746163]",0.144691824913025,0.157461630000014,0.577971020000007,"[0.55514616 0.55639678 0.55764395 0.55783981 0.55797607]","[0.57797102 0.57817599 0.57822648 0.60130746 0.60572163]",0.555146157741547,2,"21244_1,0,2_0.249_False",0.595525120815438,1
"dcgat-agm003203419","(1, 0, 1)",0.0828515549538845,"Au-0.833-Cd-0.167","True","[1.59960794 1.61859584 1.62304759 1.62447405 1.6246953 ]","[1.59920221 1.66474296 1.65339163 1.65489923 1.6576805 ]",1.59960794448853,1.59920221000002,"[-0.31918347 -0.31651598 -0.31238759 -0.31105879 -0.30929628]","[-0.26411673 -0.26506931 -0.26516304 -0.26558504 -0.26598529]",-0.319183468818665,-0.265985289999975,"[-0.06964517 -0.06384218 -0.06356782 -0.06252819 -0.06157964]","[-0.08251439 -0.08271054 -0.08315226 -0.08037103 -0.08258296]",-0.0696451663970947,-0.0831522600000198,"[0.29161245 0.29203492 0.30371803 0.31256205 0.31445605]","[0.24425313 0.24488043 0.24872402 0.25390394 0.2560595 ]",0.291612446308136,0.244253130000033,"[0.21993119 0.22289783 0.22539908 0.22718066 0.22874963]","[0.16790447 0.24464384 0.16483178 0.16778547 0.16029902]",0.219931185245514,0.160299019999997,0.502201560000003,"[0.54266983 0.54711765 0.56457704 0.83454043 0.8390159 ]","[0.5068248  0.50220156 0.5035571  0.68917245 0.69178288]",0.542669832706451,2,"18944_1,0,1_0.083_True",0.501296365941153,0.944605170996422
"oqmd-322488","(1, 1, 1)",0.001,"Au-0.75-Zn-0.25","True","[-0.41528636  1.2250371   1.23337483  1.23932147  1.25509834]","[2.93464037 1.84633206 1.85469112 1.84724849 1.83188124]",-0.415286362171173,1.83188124,"[-0.6208536  -0.61496329 -0.60511363 -0.59362233 -0.59195775]","[-0.16606791 -0.16528135 -0.17015834 -0.16877023 -0.15342393]",-0.6208536028862,-0.17015834,"[-0.55572599 -0.53500295 -0.51989615 -0.4741174  -0.46089002]","[0.10938242 0.11827183 0.11966824 0.19996614 0.07072407]",-0.555725991725922,0.0707240699999971,"[-0.16350168 -0.15700483 -0.15610313 -0.15201008 -0.12493885]","[0.53359982 0.5418953  0.53903837 0.53902096 0.45814001]",-0.163501679897308,0.458140009999994,"[-0.76405311 -0.28873214 -0.28602955 -0.27322671 -0.25817737]","[0.163972   0.36236534 0.37134984 0.24942441 0.33847658]",-0.764053106307983,0.163972000000015,0.0352717199999972,"[-0.61215317 -0.12068081 -0.09933114 -0.05209523 -0.00536811]","[0.03527172 0.46934494 0.27868871 0.47883484 0.5760495 ]",-0.612153172492981,2,"15176_1,1,1_0.001_True",0.645254506347032,0.443296366203902
"dcgat-agm002188824","(1, 0, 0)",0.166666666666667,"Au-0.6-Sn-0.4","True","[1.86607933 1.87154365 1.87247896 1.87483072 1.8769753 ]","[1.82148795 1.8183033  1.81856383 1.81040512 1.81443571]",1.86607933044434,1.81040512,"[-0.45713007 -0.45692855 -0.45583826 -0.45476845 -0.45445967]","[-0.31819113 -0.32182032 -0.31452062 -0.32086332 -0.31965087]",-0.457130074501038,-0.321820320000001,"[-0.20789683 -0.2074644  -0.20308739 -0.20304626 -0.20236832]","[-0.20493192 -0.21247045 -0.20776151 -0.20764358 -0.20742902]",-0.207896828651428,-0.212470449999984,"[0.14064622 0.14308155 0.14609104 0.1487211  0.14985651]","[0.20324603 0.19084053 0.19117302 0.1871709  0.20076029]",0.14064621925354,0.187170899999984,"[0.21297836 0.21626043 0.21991622 0.22030419 0.22034353]","[0.16495898 0.16684375 0.16737294 0.1661245  0.16415983]",0.212978363037109,0.164159830000003,0.54683283,"[0.49044973 0.49282831 0.49623281 0.49833733 0.49886554]","[0.55043122 0.54784224 0.54683283 0.55400699 0.56411   ]",0.490449726581574,2,"32479_1,0,0_0.167_True",0.430741076321991,1
"oqmd-1340955","(1, 0, 1)",0.124,"Ag-0.714-Cd-0.286","True","[1.80101275 1.80469751 1.80592132 1.81585145 1.81587934]","[1.74973093 1.74666782 1.74761442 1.7465916  1.74744586]",1.80101275444031,1.74659159999999,"[-0.15001702 -0.05338657 -0.04836649 -0.04561055 -0.04355872]","[-0.15458764 -0.14512449 -0.16726112 -0.15714921 -0.15130982]",-0.150017023086548,-0.167261120000006,"[0.35279149 0.3534618  0.35650939 0.35704106 0.35768074]","[0.20039785 0.20456806 0.19914114 0.19606958 0.20001834]",0.352791488170624,0.19606958,"[0.41764873 0.42627794 0.44579107 0.45079321 0.45128924]","[0.25594847 0.25991008 0.28721372 0.27096316 0.28472151]",0.417648732662201,0.255948469999993,"[0.32559675 0.329328   0.33128566 0.33156151 0.33633798]","[0.16683997 0.16571084 0.16427692 0.16690472 0.1693684 ]",0.325596749782562,0.164276919999992,0.125338540000001,"[0.15587437 0.1603623  0.16055357 0.16069126 0.16149861]","[0.12956371 0.12533854 0.12817743 0.13150755 0.12549883]",0.155874371528626,2,"15462_1,0,1_0.124_True",0.504479516381709,1
"dcgat-agm003332474","(2, 1, -2)",0.011277413454112,"Ag-0.444-Au-0.333-Cd-0.222","True","[1.96728492 1.97252965 1.97336745 1.97405028 1.98352051]","[2.00097524 1.99778144 1.99936432 1.99842473 1.99829025]",1.96728491783142,1.99778144,"[-0.40290818 -0.40091878 -0.3988997  -0.39522302 -0.39413798]","[-0.30166472 -0.3002971  -0.29802545 -0.29667665 -0.30199843]",-0.402908176183701,-0.301998429999998,"[-1.64351797 -1.34974432 -0.2268815  -0.21576607 -0.21346754]","[ 1.69187101  1.68041498 -0.2319059  -0.23472772 -0.23199101]",-1.64351797103882,-0.234727719999995,"[0.10467571 0.13595253 0.13951522 0.14001662 0.14106148]","[0.08260354 0.16072363 0.16593183 0.09623105 0.16177982]",0.104675710201263,0.082603540000008,"[0.20560467 0.20578927 0.20610529 0.20634055 0.20673013]","[0.17611035 0.16693814 0.16998112 0.17295717 0.16981643]",0.205604672431946,0.166938140000013,0.45252447,"[0.45843631 0.46137863 0.4629069  0.46333772 0.46551269]","[0.45584011 0.45385674 0.45252447 0.45300547 0.45801754]",0.45843631029129,3,"29667_2,1,-2_0.011_True",0.548147398920789,0.310017736995721
"mp-30343","(2, 2, 1)",0.05,"Ag-0.75-In-0.25","False","[1.96221423 1.96734691 1.9694314  1.97089553 1.97115993]","[1.99246981 1.97180664 1.95967121 1.95310167 1.94774491]",1.96221423149109,1.94774491,"[-0.21321529 -0.21293455 -0.21275687 -0.21175939 -0.21091193]","[-0.22575395 -0.23417582 -0.2339911  -0.2332688  -0.23012696]",-0.213215291500092,-0.234175820000004,"[0.28709823 0.29212993 0.29286307 0.29365832 0.29415184]","[0.21854683 0.21405701 0.21276258 0.20835853 0.21723476]",0.287098228931427,0.208358529999998,"[0.16732478 0.17212957 0.17288131 0.17289203 0.17756104]","[0.05998797 0.05843195 0.04759138 0.0622702  0.05737425]",0.167324781417847,0.04759138,"[0.31483108 0.31508869 0.31543607 0.31607097 0.31609434]","[0.16824707 0.16696979 0.17544578 0.21802494 0.21802225]",0.314831078052521,0.166969789999996,0.433891689999996,"[0.45110148 0.45432264 0.45696062 0.46445996 0.46579629]","[0.44279113 0.46637007 0.43389169 0.4673504  0.46944836]",0.45110148191452,2,"290_2,2,1_0.05_False",0.529858232937263,0
"dcgat-agm003596513","(2, 1, 1)",0.0548642239640011,"Ag-0.444-Cd-0.444-Pd-0.111","True","[1.5640645  1.59220266 1.59459209 1.8786509  1.88334012]","[1.6892693  1.71038587 1.69689976 2.02531954 1.94267776]",1.56406450271606,1.68926930000001,"[-0.9918341  -0.99139756 -0.99130458 -0.99055499 -0.99022365]","[-0.9331425  -0.937482   -0.93456569 -0.93523587 -0.9363645 ]",-0.991834104061127,-0.937482000000003,"[-1.75888133 -0.36927208 -0.36558026 -0.36478862 -0.36379349]","[ 1.74635851 -0.30844641 -0.30759663 -0.3097245  -0.30382768]",-1.75888133049011,-0.309724500000002,"[-0.04342884 -0.03904247 -0.0353995  -0.03523034 -0.03437853]","[-0.00388944  0.00278864  0.00364166 -0.00679031  0.00989474]",-0.0434288382530212,-0.0067903099999995,"[0.10642004 0.10666615 0.10730439 0.10847008 0.10913551]","[0.16772216 0.16721273 0.17553115 0.17438524 0.17169963]",0.106420040130615,0.167212730000003,-0.007283760000007,"[0.03114831 0.03136843 0.03165722 0.03217    0.03280616]","[-0.00728376 -0.0063301  -0.00501877 -0.00586246 -0.00641125]",0.0311483144760131,3,"21004_2,1,1_0.055_True",0.591663547439643,0.122565194820987
"dcgat-agm003764939","(1, 0, 0)",0.25,"Au-0.75-Cd-0.125-Cu-0.125","True","[1.0476923  1.07295418 1.07344341 1.07400775 1.07493067]","[0.99195583 0.98717113 0.98915451 0.99265796 0.98976016]",1.04769229888916,0.987171129999993,"[-0.58984762 -0.58880341 -0.58875626 -0.58847845 -0.58730161]","[-0.58794687 -0.58479672 -0.58817341 -0.58760876 -0.58660636]",-0.58984762430191,-0.58817341000001,"[-0.23040056 -0.22990453 -0.22770017 -0.22718436 -0.22612363]","[-0.22585296 -0.22682898 -0.22699782 -0.22379842 -0.22575426]",-0.230400562286377,-0.226997820000008,"[0.0619092  0.06467038 0.07373989 0.09511793 0.10018438]","[0.05484428 0.05241393 0.05295018 0.07254013 0.09137421]",0.0619091987609863,0.0524139300000001,"[0.14960533 0.15013283 0.15016621 0.15031141 0.15064019]","[0.16745186 0.16727109 0.16999602 0.16814662 0.16875128]",0.149605333805084,0.16727109,0.400120880000003,"[0.43705219 0.43709439 0.4414863  0.44160014 0.44168454]","[0.40012088 0.40490199 0.40411135 0.40458233 0.40247726]",0.437052190303803,3,"34197_1,0,0_0.25_True",0.689095960482596,0.420230539778479
"dcgat-agm003166814","(1, 0, 2)",0,"Ag-0.25-Cd-0.5-Cu-0.25","True","[0.8772139  0.88593119 0.88882273 0.88900024 0.89000386]","[0.96676373 0.97140192 0.96868778 0.97142196 0.9722978 ]",0.877213895320892,0.966763729999997,"[-0.49824166 -0.49725804 -0.49648887 -0.49619693 -0.49589902]","[-0.44699334 -0.44676439 -0.43663029 -0.44781054 -0.45090009]",-0.498241662979126,-0.450900089999998,"[0.02329999 0.02453107 0.02468991 0.02486229 0.02506793]","[0.08690693 0.0827353  0.10810491 0.0856895  0.0858408 ]",0.0232999920845031,0.0827352999999959,"[0.07923037 0.09277564 0.22026742 0.22144723 0.22310537]","[0.19696361 0.1990854  0.28939633 0.30486255 0.29316009]",0.0792303681373596,0.196963609999997,"[0.15795571 0.16001725 0.16010219 0.16075486 0.16324604]","[0.17058044 0.17112529 0.16995467 0.1681251  0.17925412]",0.157955706119537,0.168125100000005,0.216171609999996,"[0.13495123 0.13590568 0.13605267 0.1382848  0.13885951]","[0.2187052  0.21830057 0.21617161 0.21699254 0.21832888]",0.134951233863831,3,"17274_1,0,2_0.0_True",0.549681609356124,0.692614201760735
"dcgat-agm003287304","(2, 0, -1)",0.195490388077884,"Cd-0.6-Pd-0.4","False","[1.49621654 1.49632406 1.49671602 1.49706173 1.49998045]","[1.50079252 1.50639788 1.51192002 1.50843855 1.50611228]",1.49621653556824,1.50079252,"[-0.17652756 -0.16648901 -0.16264057 -0.16248858 -0.15703487]","[-0.00548429 -0.00061142  0.00038554  0.00292939  0.0106715 ]",-0.176527559757233,-0.0054842900000124,"[0.23470956 0.23515117 0.23546618 0.23575675 0.23584729]","[0.28451441 0.29047674 0.27690483 0.29215473 0.27724599]",0.234709560871124,0.276904829999992,"[0.07985795 0.08119065 0.08128607 0.08293819 0.08360654]","[0.07222232 0.0769216  0.07388899 0.07350107 0.08029948]",0.0798579454421997,0.0722223200000087,"[0.09110934 0.09345931 0.0964886  0.27902335 0.28231841]","[0.16840086 0.1705264  0.16869338 0.33152788 0.33271377]",0.0911093354225158,0.168400860000006,0.10183533,"[0.05526423 0.05658478 0.05673707 0.05734104 0.05819827]","[0.1064297  0.10617235 0.10458137 0.11215254 0.10183533]",0.0552642345428466,2,"19636_2,0,-1_0.195_False",0.735812709373739,0.159230591163894
"dcgat-agm003765804","(1, 0, 0)",0.25,"Ag-0.125-Au-0.75-Cu-0.125","True","[1.04190445 1.04611826 1.0496037  1.0496726  1.05373216]","[1.17366977 1.17181353 1.17450676 1.17625163 1.17305397]",1.04190444946289,1.17181353000001,"[-0.60515487 -0.60396725 -0.60380507 -0.60380059 -0.60306668]","[-0.55088276 -0.55417798 -0.55316725 -0.55227786 -0.55220232]",-0.605154871940613,-0.554177980000006,"[-0.23283279 -0.23245513 -0.2306478  -0.22657406 -0.22637653]","[-0.19360894 -0.19405651 -0.19668007 -0.19267257 -0.17899939]",-0.232832789421082,-0.196680069999999,"[0.02377135 0.02489758 0.02917039 0.0361523  0.04086608]","[0.08219892 0.07429792 0.07158398 0.07215511 0.07993584]",0.0237713456153869,0.0715839800000139,"[0.13616645 0.13707358 0.13759494 0.1389994  0.13923001]","[0.1696411  0.17028357 0.17032718 0.16888306 0.16844886]",0.136166453361511,0.168448860000012,0.530189800000002,"[0.51128882 0.51264781 0.51402825 0.51445144 0.51456481]","[0.53116804 0.5301898  0.53189166 0.53070925 0.532163  ]",0.511288821697235,3,"29127_1,0,0_0.25_True",0.700570700417353,0.603302903249938
"dcgat-agm003642627","(1, 1, 0)",0.25,"Ag-0.1-Au-0.5-Cu-0.4","True","[0.76443571 0.76552469 0.76582843 0.76602191 0.76661271]","[0.73256696 0.73299238 0.73122789 0.73150855 0.72883126]",0.764435708522797,0.728831259999993,"[-0.53749812 -0.53575838 -0.53565562 -0.53565347 -0.53553367]","[-0.4554382  -0.45539228 -0.45348713 -0.45484217 -0.45549553]",-0.537498116493225,-0.455495530000007,"[-0.00510091 -0.0048703  -0.00473839 -0.00332379 -0.00330698]","[-0.05444602 -0.057113   -0.05212088 -0.05308865 -0.05333575]",-0.0051009058952331,-0.0571130000000152,"[0.15190983 0.16708314 0.1718775  0.18097717 0.18363678]","[0.1764851  0.15816661 0.1595545  0.16868423 0.16614854]",0.151909828186035,0.158166610000023,"[0.18137902 0.18239701 0.18383503 0.18473339 0.18487424]","[0.19276469 0.19202564 0.19131669 0.17026949 0.16993651]",0.181379020214081,0.169936509999985,0.615769259999979,"[0.62589055 0.62980956 0.63254303 0.63608366 0.6368131 ]","[0.61576926 0.6163347  0.62004879 0.64661694 0.64689362]",0.625890552997589,3,"23723_1,1,0_0.25_True",0.811755340354526,1
"dcgat-agm003264505","(1, 0, 0)",0.125,"Au-0.875-Cd-0.125","False","[1.46069503 1.47123003 1.47335625 1.47433424 1.47653627]","[1.54886277 1.54849808 1.54744448 1.55493308 1.54655012]",1.46069502830505,1.54655012000001,"[-0.24405205 -0.24346346 -0.24208903 -0.24150366 -0.24115652]","[-0.19952041 -0.24280916 -0.24228386 -0.19738711 -0.24119598]",-0.244052052497864,-0.242809160000007,"[-0.12142813 -0.12051105 -0.12048489 -0.11974806 -0.11853981]","[-0.06684384 -0.06778402 -0.06777534 -0.06625857 -0.06571261]",-0.12142813205719,-0.0677840200000332,"[0.25997657 0.2622624  0.26254076 0.26397425 0.26424032]","[0.28256202 0.27901181 0.27960637 0.2800115  0.28145064]",0.25997656583786,0.279011810000014,"[0.14666522 0.14854819 0.14899302 0.14985031 0.15001845]","[0.17206866 0.17103189 0.1701764  0.17118545 0.17085427]",0.146665215492249,0.170176400000003,0.568635,"[0.53233439 0.53274518 0.53295559 0.53325766 0.53367764]","[0.5713139  0.56981181 0.568635   0.56869578 0.56941209]",0.532334387302399,2,"24415_1,0,0_0.125_False",0.639883639707411,0.649372273856999
"dcgat-agm003735458","(1, 1, -2)",0.16875548489009,"Ag-0.167-Au-0.667-Cu-0.167","True","[1.46294761 1.46630335 1.46852517 1.46989322 1.47657514]","[1.44423119 1.44314999 1.44569139 1.44200242 1.44507955]",1.46294760704041,1.44200241999999,"[-0.40728909 -0.40726489 -0.40678945 -0.40652907 -0.4062511 ]","[-0.41274363 -0.41448021 -0.41365469 -0.41140044 -0.4152307 ]",-0.407289087772369,-0.415230700000009,"[0.0568912  0.05740887 0.05873406 0.05969352 0.06018245]","[0.07826813 0.07759283 0.07753583 0.07969415 0.08030406]",0.0568912029266357,0.0775358299999879,"[0.36904782 0.36929673 0.41217786 0.41219968 0.42348069]","[0.32879015 0.34062738 0.36677282 0.36199071 0.39715271]",0.369047820568085,0.328790150000003,"[0.18491745 0.18718696 0.18726277 0.18804145 0.18850344]","[0.17069572 0.17101562 0.17157585 0.17100179 0.17460758]",0.184917449951172,0.170695719999998,0.826865299999994,"[0.88888365 0.88914138 0.8895635  0.89121646 0.89162534]","[0.8293235  0.83035145 0.82945969 0.82865958 0.8268653 ]",0.888883650302887,3,"16648_1,1,-2_0.169_True",0.588675006361768,0.406327140319614
"dcgat-agm003290875","(0, 0, 1)",0.25,"Cd-0.625-Pd-0.375","True","[0.9710899  0.97152013 0.97197551 0.97226077 0.97334832]","[1.10805057 1.10921975 1.10889934 1.11168494 1.10846577]",0.971089899539948,1.10805056999996,"[-0.88027465 -0.87939942 -0.87926883 -0.87924212 -0.8787483 ]","[-0.84676932 -0.84677128 -0.84461723 -0.8459818  -0.84301337]",-0.880274653434753,-0.846771280000013,"[-0.19419491 -0.19243991 -0.19230455 -0.19147289 -0.19123513]","[-0.19399449 -0.18999157 -0.19371319 -0.19232728 -0.16372807]",-0.194194912910461,-0.193994489999994,"[-0.05911756 -0.05423212 -0.05256516 -0.0512324   0.16374308]","[0.05994147 0.06094264 0.06074992 0.06038479 0.1918881 ]",-0.0591175556182861,0.059941469999984,"[0.13295013 0.13589168 0.13745743 0.13768512 0.13922107]","[0.17969223 0.17488128 0.17206759 0.17678156 0.17939366]",0.132950127124786,0.172067589999983,0.372013029999977,"[0.27273673 0.27521378 0.27527422 0.27540165 0.27582115]","[0.37561571 0.37341385 0.37201303 0.37451598 0.37330324]",0.272736728191376,2,"24626_0,0,1_0.25_True",0.644648373982697,0.665233411075948
"dcgat-agm003290582","(1, 2, 1)",0.0339578880257541,"Ag-0.375-Zn-0.625","False","[0.57636482 0.58084029 0.58513087 0.58794671 0.59238571]","[0.69680929 0.69914017 0.69845071 0.69618158 0.69658136]",0.576364815235138,0.696181580000001,"[-0.28283069 -0.279888   -0.27822372 -0.27790979 -0.27774996]","[-0.18679792 -0.17972555 -0.18663746 -0.18497118 -0.18194792]",-0.282830685377121,-0.186797920000018,"[-0.34463164 -0.33866286 -0.32710364 -0.32577896 -0.325721  ]","[-0.27859987 -0.28628521 -0.28320438 -0.27920661 -0.28774544]",-0.344631642103195,-0.287745440000009,"[-0.330461   -0.33043617 -0.32300705 -0.32048687 -0.31501758]","[-0.26706738 -0.25017969 -0.2577465  -0.26982319 -0.24719189]",-0.330460995435715,-0.269823189999997,"[0.10203552 0.10352433 0.1045996  0.11052668 0.11063063]","[0.17273849 0.1839968  0.18006475 0.17380769 0.17396042]",0.102035522460938,0.17273849,-0.452827030000009,"[-0.4760845  -0.45996928 -0.43307242 -0.42303348 -0.42268208]","[-0.45282703 -0.44573945 -0.38747731 -0.37207012 -0.36878921]",-0.476084500551224,2,"26147_1,2,1_0.034_False",0.668883009167806,0.691554434915696
"dcgat-agm003158537","(1, 1, 0)",0.25,"Ag-0.333-Au-0.333-Cd-0.333","True","[1.56666708 1.56768298 1.56903028 1.57100368 1.57111263]","[1.63343028 1.62954811 1.62604981 1.63111354 1.61088725]",1.56666707992554,1.61088724999999,"[-0.05606467 -0.05251062 -0.0512839  -0.04934287 -0.03518689]","[-0.06605858 -0.08121324 -0.09688132 -0.11145282 -0.0877416 ]",-0.0560646653175354,-0.111452819999997,"[0.15395325 0.15460169 0.15504253 0.15509051 0.15707135]","[0.08086175 0.08025189 0.07784332 0.08009654 0.07595085]",0.15395325422287,0.0759508499999839,"[0.44905776 0.46068543 0.4670462  0.49528474 0.51170188]","[0.42878711 0.42778513 0.43561618 0.39993629 0.48875552]",0.449057757854462,0.399936289999999,"[0.2089203  0.21074945 0.21192342 0.21247846 0.21402818]","[0.17303868 0.17473087 0.17302906 0.17773514 0.1769276 ]",0.208920300006866,0.173029059999998,0.225444949999996,"[0.31076676 0.31296426 0.31631726 0.31693798 0.31800133]","[0.23790307 0.23102887 0.22544495 0.22719895 0.23060934]",0.310766756534576,3,"34193_1,1,0_0.25_True",0.540489422510619,1
"dcgat-agm003335101","(1, 1, 0)",0.5,"Ag-0.222-Au-0.333-Zn-0.444","True","[1.35843372 1.3601191  1.36972809 1.3750093  1.37811136]","[1.52845475 1.53116296 1.52370841 1.55606578 1.53208585]",1.35843372344971,1.52370841,"[-0.25544727 -0.25329536 -0.25199342 -0.25111359 -0.24998695]","[-0.15037517 -0.15562939 -0.15388201 -0.15161845 -0.15543081]",-0.255447268486023,-0.155629390000001,"[-0.10755903 -0.09988856 -0.08708119 -0.0343349  -0.03137547]","[-0.0014944  -0.00284901 -0.00188121  0.08682953  0.09758173]",-0.107559025287628,-0.0028490100000055,"[-0.0777452  -0.07517356 -0.06528527 -0.06499588 -0.0629797 ]","[-0.11213694 -0.11091423 -0.10819221 -0.11176004 -0.0895287 ]",-0.0777451992034912,-0.112136939999999,"[0.15363175 0.15500867 0.15588278 0.15616143 0.15641302]","[0.17895472 0.17764529 0.17864193 0.17762811 0.17443689]",0.153631746768951,0.174436890000003,-0.0204561500000011,"[-0.01964366 -0.01718009 -0.01566833 -0.01331818 -0.01250696]","[-0.02045615 -0.01501231 -0.01461895 -0.0156145  -0.01650828]",-0.0196436643600463,3,"27228_1,1,0_0.5_True",0.680759819597561,0.113541251106982
"oqmd-758523","(1, 1, 1)",0.051,"Ag-0.429-Zn-0.571","True","[0.44454199 0.45329851 0.45359308 0.45487553 0.45760196]","[0.40210758 0.40664449 0.40678135 0.39965088 0.4029411 ]",0.444541990756989,0.399650879999996,"[-0.25369    -0.24927402 -0.24628454 -0.24364269 -0.24245834]","[-0.14757658 -0.14413973 -0.14590611 -0.14810171 -0.14675069]",-0.253690004348755,-0.148101710000006,"[-0.27270049 -0.26030657 -0.23675853 -0.22325069 -0.20959735]","[-0.19836831 -0.19634874 -0.15605011 -0.18695058 -0.18281168]",-0.272700488567352,-0.198368309999992,"[-0.32705072 -0.30392009 -0.30305672 -0.21923858 -0.08766848]","[-0.26137865 -0.23101744 -0.24724963 -0.15501431  0.01491227]",-0.327050715684891,-0.261378649999983,"[0.11320657 0.11393684 0.11437571 0.11472297 0.11665094]","[0.17508956 0.17753126 0.18303731 0.18097794 0.18836028]",0.113206565380096,0.175089560000004,-0.391169499999997,"[-0.39479116 -0.39375713 -0.39314732 -0.39294717 -0.39135116]","[-0.38853283 -0.3893979  -0.38589932 -0.37239438 -0.3911695 ]",-0.394791156053543,2,"16165_1,1,1_0.051_True",0.714084711233794,0
"dcgat-agm003293222","(0, 1, 0)",0.25,"Ag-0.417-Au-0.583","True","[1.51504111 1.51707125 1.5216949  1.52397108 1.52799678]","[1.43099173 1.43240473 1.43342716 1.43195766 1.43416423]",1.51504111289978,1.43099172999999,"[-0.25626761 -0.25475711 -0.25381523 -0.25284219 -0.25056058]","[-0.22078025 -0.22060251 -0.22087481 -0.2189194  -0.22003741]",-0.256267607212067,-0.220874810000012,"[-0.04147667 -0.03990948 -0.03346455 -0.02932203 -0.02656293]","[-0.02844493 -0.02937177 -0.02571539 -0.01821911 -0.0230251 ]",-0.0414766669273376,-0.0293717700000115,"[0.28259987 0.28442341 0.29183728 0.29659158 0.29821736]","[0.25516188 0.24929668 0.2695395  0.2645641  0.26546261]",0.282599866390228,0.249296679999986,"[0.17237008 0.17287576 0.17355531 0.17381215 0.17455208]","[0.17578807 0.17530322 0.17562431 0.17609935 0.17645212]",0.172370076179504,0.175303220000004,0.573983919999989,"[0.57768494 0.57975024 0.58253056 0.58335727 0.58342952]","[0.57418312 0.57398392 0.5748235  0.57455863 0.57506054]",0.577684938907623,2,"29727_0,1,0_0.25_True",0.664596953961518,0.015950241917786
"dcgat-agm002194678","(1, 1, 0)",0.25,"Ag-0.6-In-0.4","True","[1.85564899 1.85683441 1.85873961 1.86009455 1.86255813]","[1.8694205  1.86636866 1.86872802 1.86509345 1.87109309]",1.8556489944458,1.86509344999999,"[-0.12313962 -0.12244409 -0.12017018 -0.11832261 -0.11783409]","[-0.08165908 -0.08225381 -0.08251904 -0.08123333 -0.08347239]",-0.123139619827271,-0.0834723900000113,"[0.24544996 0.24701458 0.24904412 0.2517522  0.25234574]","[0.21037477 0.20804083 0.21006357 0.21101927 0.21256388]",0.245449960231781,0.208040829999987,"[0.14431089 0.14520741 0.14524972 0.14802241 0.1525988 ]","[0.17893688 0.1862643  0.17324405 0.1823521  0.17620589]",0.144310891628265,0.173244049999994,"[0.18148661 0.18209833 0.182809   0.18311411 0.1831888 ]","[0.17885942 0.17928871 0.17778998 0.17549181 0.17761952]",0.1814866065979,0.175491809999997,0.103689329999995,"[0.13121599 0.13258791 0.13316572 0.13375872 0.13413954]","[0.10683362 0.10904848 0.10749466 0.10368933 0.10907929]",0.131215989589691,2,"28585_1,1,0_0.25_True",0.480934166918418,0.640488576234167
"dcgat-agm003551744","(1, 0, 0)",0.25,"Au-0.5-Cu-0.125-Zn-0.375","True","[0.74531013 0.74712831 0.75089484 0.75242454 0.75492436]","[0.69313065 0.69539303 0.69265736 0.69222091 0.69982353]",0.745310127735138,0.692220910000003,"[-0.63076252 -0.62955606 -0.62894326 -0.62779224 -0.62757409]","[-0.62028326 -0.62077543 -0.61876902 -0.61787508 -0.61932693]",-0.63076251745224,-0.620775429999981,"[0.01814592 0.01875228 0.04276997 0.04662848 0.05604255]","[0.0426955  0.04059318 0.05197441 0.05435219 0.07266206]",0.0181459188461303,0.0405931800000303,"[0.12949741 0.14000738 0.14152753 0.14969587 0.16268063]","[0.18221531 0.1778685  0.26798194 0.19752467 0.26192339]",0.129497408866882,0.177868500000017,"[0.16011077 0.16220564 0.16273761 0.16329837 0.16342986]","[0.17677123 0.177711   0.17672402 0.17925463 0.17729605]",0.160110771656036,0.176724020000023,0.357573389999999,"[0.2897436  0.29985374 0.30024213 0.33936101 0.34214419]","[0.36709207 0.35757339 0.37305319 0.42294911 0.42363779]",0.289743602275848,3,"24349_1,0,0_0.25_True",0.669870658616873,0.9751113069116
"dcgat-agm003266819","(0, 0, 1)",0.25,"Au-0.889-Cu-0.111","True","[1.42201948 1.42265058 1.43106914 1.43206596 1.43910384]","[1.55037445 1.54568869 1.55288088 1.54930058 1.49887487]",1.42201948165894,1.49887486999999,"[-0.73497587 -0.73463231 -0.73451471 -0.73430532 -0.73359454]","[-0.65701488 -0.65634047 -0.65524606 -0.6535697  -0.6554428 ]",-0.734975874423981,-0.657014880000006,"[-0.26104456 -0.25227433 -0.24837852 -0.15279919 -0.15241945]","[-0.21943881 -0.21628854 -0.2196456  -0.08919235 -0.08948745]",-0.261044561862946,-0.219645600000007,"[0.04520869 0.04693234 0.04711473 0.04797858 0.0481956 ]","[0.07690915 0.0774153  0.07603562 0.07772675 0.0758735 ]",0.0452086925506591,0.0758735000000001,"[0.12201303 0.12426269 0.12444419 0.12490207 0.12521398]","[0.18412057 0.18274627 0.18394745 0.18471685 0.18386028]",0.122013032436371,0.182746269999996,0.466281389999992,"[0.42012388 0.42194206 0.42272002 0.42309791 0.42316502]","[0.46649228 0.46709388 0.46931957 0.46961868 0.46628139]",0.420123875141144,2,"21651_0,0,1_0.25_True",0.745750652945186,0.0047162096892073
"dcgat-agm003198975","(1, 1, 1)",0.0114248681739761,"Ag-0.667-Zn-0.333","True","[1.5671649  1.57201838 1.57275486 1.57305431 1.57307148]","[1.64560734 1.6634119  1.64970933 1.66847163 1.66692531]",1.5671648979187,1.64560734,"[-0.29926056 -0.29623848 -0.29596341 -0.29590881 -0.29444206]","[-0.19517169 -0.19562923 -0.18819161 -0.19163796 -0.18898906]",-0.299260556697845,-0.195629230000009,"[0.06204033 0.0993681  0.0994423  0.10312259 0.10313129]","[0.11033396 0.12816736 0.128494   0.12819155 0.12691019]",0.0620403289794921,0.110333959999991,"[-0.10710573 -0.10661745 -0.10028738 -0.09941751 -0.09927344]","[-0.10079291 -0.10095138 -0.09458497 -0.09528273 -0.09923385]",-0.107105731964111,-0.100951379999998,"[0.19740069 0.19832915 0.19869608 0.19881469 0.19908184]","[0.18316406 0.18802275 0.18722688 0.18701026 0.18549476]",0.197400689125061,0.183164060000003,-0.0243914899999992,"[-0.04256916 -0.03946745 -0.03894699 -0.03884596 -0.03798175]","[-0.02282779 -0.01841963 -0.02186683 -0.02439149 -0.02284171]",-0.0425691604614257,2,"21878_1,1,1_0.011_True",0.667738250823548,0.147514327434793
"dcgat-agm003291943","(2, 0, 1)",0.0275874842893484,"Ag-0.556-Au-0.444","False","[1.76276708 1.77720404 1.78037024 1.78196836 1.84533572]","[1.79271088 1.78965723 1.79102683 1.7927336  1.8750002 ]",1.76276707649231,1.78965722999999,"[-0.35851207 -0.35764381 -0.35606804 -0.35388088 -0.35358462]","[-0.27227466 -0.27019072 -0.27005411 -0.27120379 -0.27088971]",-0.358512073755264,-0.272274659999994,"[-0.09426939 -0.09183669 -0.09012723 -0.08868223 -0.08816946]","[-0.04856911 -0.04533927 -0.04824042 -0.04704833 -0.0469197 ]",-0.0942693948745727,-0.0485691099999883,"[0.06468683 0.1231218  0.12930936 0.13289297 0.16848367]","[0.12831682 0.16242678 0.16821303 0.17093464 0.19565308]",0.0646868348121643,0.128316819999981,"[0.17282128 0.1758185  0.17595142 0.17749041 0.17801028]","[0.18860906 0.18767211 0.1866802  0.1835963  0.19518835]",0.172821283340454,0.183596300000005,0.734985800000004,"[0.69829375 0.69892353 0.70371777 0.70384687 0.70417625]","[0.7349858  0.73588429 0.73687152 0.73904309 0.74467731]",0.698293745517731,2,"29401_2,0,1_0.028_False",0.612429318941172,0.0366196075951757
"dcgat-agm003592898","(0, 0, 1)",0.25,"Au-0.111-Cu-0.444-Zn-0.444","True","[0.36257619 0.36797899 0.36884266 0.36941749 0.36974603]","[0.40847852 0.41124127 0.41329291 0.40756884 0.41019622]",0.362576186656952,0.407568839999996,"[-0.5699265  -0.56920749 -0.56682181 -0.56612796 -0.56591809]","[-0.48991994 -0.49135103 -0.49272706 -0.49499746 -0.49249976]",-0.569926500320435,-0.494997460000008,"[-0.13075227 -0.11219686 -0.11063468 -0.10675246 -0.10642606]","[-0.11268053 -0.12275274 -0.11916304 -0.11799879 -0.11919367]",-0.130752265453339,-0.12275274000001,"[-0.25075144 -0.17461967 -0.17138577 -0.16540372 -0.16439623]","[-0.22103679 -0.10024495 -0.10224607 -0.10172319 -0.098992  ]",-0.250751435756683,-0.221036789999999,"[0.15465194 0.15953761 0.16077614 0.16113812 0.16177058]","[0.18630189 0.18676629 0.18613089 0.18742887 0.1876063 ]",0.154651939868927,0.186130890000001,-0.252584750000011,"[-0.1905483  -0.19024169 -0.1901114  -0.18984699 -0.18864924]","[-0.25258475 -0.24634661 -0.25125465 -0.25208743 -0.25162773]",-0.190548300743103,3,"19068_0,0,1_0.25_True",0.951023650073296,0.0492817507871381
"oqmd-1340638","(2, 2, 1)",0,"Au-0.375-Zn-0.625","True","[1.29066682 1.31022406 1.31084228 1.3117013  1.31636858]","[1.27838631 1.20771934 1.27869311 1.28361824 1.20510706]",1.29066681861877,1.20510706000002,"[0.02996427 0.03074592 0.04392081 0.0589636  0.06614089]","[-0.06895555 -0.07599101 -0.05619269 -0.07679988 -0.07549971]",0.02996426820755,-0.07679988000001,"[0.17001468 0.17875206 0.17959207 0.18647373 0.19035286]","[0.05808245 0.05869822 0.05848426 0.05699541 0.0546429 ]",0.170014679431915,0.0546428999999761,"[0.1515314  0.19448268 0.19703895 0.19874418 0.22624582]","[0.04337796 0.05107266 0.03559946 0.03323519 0.08822006]",0.151531398296356,0.0332351899999991,"[0.3329888  0.33364195 0.33389705 0.33437353 0.33888167]","[0.19345309 0.18683479 0.19804485 0.19183105 0.18936625]",0.332988798618317,0.186834789999992,-0.189816129999997,"[-0.22481173 -0.22401476 -0.22269911 -0.22219455 -0.22114205]","[-0.18981613 -0.18644072 -0.18675435 -0.18744653 -0.18713329]",-0.224811732769012,2,"14186_2,2,1_0.0_True",0.470078937706411,0.916545728775794
"dcgat-agm003373684","(1, 0, 1)",0.130977047559017,"Ag-0.417-Au-0.167-Cd-0.417","True","[1.85641527 1.85866451 1.85950136 1.85964274 1.86553574]","[1.76831618 1.7787221  1.78241905 1.74507729 1.78356624]",1.85641527175903,1.74507729000001,"[-0.13635886 -0.11552155 -0.10965443 -0.10659182  0.04558331]","[-0.14692043 -0.11248607 -0.13822787 -0.11706286  0.11051323]",-0.136358857154846,-0.146920429999966,"[0.14946586 0.15026933 0.16097498 0.16249424 0.16365838]","[ 0.00450338 -0.00522687  0.17674574  0.01451664  0.01430985]",0.14946585893631,-0.0052268699999729,"[0.48281306 0.49168414 0.50646216 0.50736207 0.50770193]","[0.35859144 0.34887948 0.40133011 0.4147204  0.41014045]",0.482813060283661,0.348879479999994,"[0.35400599 0.35785741 0.35811371 0.35873932 0.35914773]","[0.3830088  0.1873283  0.36377908 0.35864283 0.19774716]",0.354005992412567,0.187328300000019,0.154254980000019,"[0.27636915 0.28032237 0.28096205 0.28192502 0.28211457]","[0.15425498 0.15611374 0.16149173 0.15682035 0.16660002]",0.276369154453278,3,"24122_1,0,1_0.131_True",0.426540042024647,0.284290168047308
"dcgat-agm003196554","(1, 1, 1)",0.334867778949842,"Cd-0.833-Cu-0.167","True","[1.18123722 1.18351221 1.19149303 1.19267702 1.19447565]","[1.09990493 1.1005631  1.10188697 1.10159213 1.09948139]",1.18123722076416,1.09948139,"[-0.58576471 -0.57747531 -0.57472521 -0.57419503 -0.57201207]","[-0.46590543 -0.47041641 -0.45983243 -0.45712404 -0.45270698]",-0.585764706134796,-0.470416409999999,"[-1.22006464 -0.12759995 -0.1018669  -0.09826654 -0.09057093]","[ 1.48053096 -0.09412583 -0.08011763  0.00400598 -0.06901778]",-1.22006464004517,-0.0941258300000029,"[-0.02490056  0.0007298   0.00875157  0.01938456  0.02014399]","[0.0216103  0.02338808 0.03262874 0.06599507 0.03268706]",-0.0249005556106567,0.021610300000006,"[0.21211255 0.21746892 0.22298414 0.22470129 0.22717822]","[0.1882287  0.19498199 0.19275791 0.19668593 0.19619114]",0.212112545967102,0.1882287,-0.0229996299999939,"[-0.05906028 -0.04860544 -0.04682904 -0.04496473 -0.03778869]","[-0.02299963 -0.01910217 -0.01656883 -0.01786703 -0.01309146]",-0.0590602755546569,2,"32644_1,1,1_0.335_True",0.415592414165317,0.623960259265723
"dcgat-agm003270024","(2, 1, 0)",0.209772802234508,"Au-0.833-Zn-0.167","False","[1.30099297 1.30291533 1.30722141 1.30770469 1.31071424]","[1.30968195 1.30781445 1.31292571 1.30675609 1.30594373]",1.30099296569824,1.30594373000002,"[-0.56949216 -0.56791759 -0.56554317 -0.56460643 -0.56260741]","[-0.44398439 -0.44526214 -0.4407973  -0.44627698 -0.44778532]",-0.569492161273956,-0.44778531999998,"[-0.25086391 -0.24302346 -0.24258339 -0.24126059 -0.24123657]","[-0.17980377 -0.18053653 -0.19881148 -0.18550921 -0.18248146]",-0.250863909721375,-0.198811480000018,"[-0.04826856 -0.03754705 -0.03215742 -0.0317139  -0.02948558]","[0.03695551 0.03820881 0.041885   0.04116344 0.04413584]",-0.0482685565948486,0.0369555100000127,"[0.09202689 0.09347552 0.09381872 0.10277438 0.10708606]","[0.19374926 0.1920386  0.18872651 0.20250837 0.20636801]",0.0920268893241882,0.188726510000009,0.281352269999985,"[0.30756217 0.31168658 0.31241602 0.31280535 0.31315595]","[0.28135227 0.28560986 0.28225629 0.28173567 0.28643446]",0.307562172412872,2,"29105_2,1,0_0.21_False",0.646759215411385,0.515071896956849
"dcgat-agm003198985","(2, 1, 0)",0.0424717707921862,"Ag-0.167-Zn-0.833","False","[0.32774621 0.33607727 0.36005729 0.36508614 0.36647218]","[0.25786576 0.27718332 0.32480816 0.32144397 0.33068076]",0.327746212482452,0.257865760000001,"[-0.27090219 -0.26864314 -0.20616257 -0.20606965 -0.20515829]","[-0.19417391 -0.19067845 -0.10278968 -0.10006534 -0.10399596]",-0.270902186632156,-0.194173910000004,"[-1.90745854 -0.30976602 -0.30366284 -0.29536366 -0.29061738]","[ 1.30282383 -0.33084136 -0.33517123 -0.31560762 -0.29301856]",-1.90745854377747,-0.33517123,"[-0.31872016 -0.2197606  -0.20997667 -0.1997875  -0.19672608]","[-0.34505595 -0.28443206 -0.03853621 -0.19895345 -0.09219964]",-0.318720161914825,-0.345055950000003,"[0.11236411 0.12042356 0.12149626 0.12275141 0.12507492]","[0.1973409  0.19561965 0.18900224 0.19212144 0.18921139]",0.112364113330841,0.189002239999994,-0.392097990000011,"[-0.32872722 -0.32463977 -0.31380028 -0.31092599 -0.30980307]","[-0.39209799 -0.22943592 -0.28049706 -0.21808559 -0.22974936]",-0.328727215528488,2,"19715_2,1,0_0.042_False",0.683756308573391,0
"dcgat-agm003734743","(1, 1, -2)",0.162257397716293,"Au-0.667-Cd-0.167-Cu-0.167","True","[1.3790791  1.3833878  1.38675475 1.3892417  1.39046812]","[1.32052655 1.32830788 1.31405863 1.31799815 1.32493912]",1.37907910346985,1.31405863000001,"[-0.38852766 -0.38607603 -0.38600668 -0.38499346 -0.38497531]","[-0.35879231 -0.35936944 -0.35987059 -0.36071251 -0.3613334 ]",-0.388527661561966,-0.361333400000007,"[0.07144427 0.07501245 0.07544416 0.07593995 0.07651168]","[0.06741427 0.07095114 0.06902773 0.06967791 0.08245527]",0.0714442729949951,0.0674142700000004,"[0.27752835 0.29510015 0.29609948 0.30609816 0.30719882]","[0.25579881 0.28924291 0.25557712 0.28902224 0.29591684]",0.277528345584869,0.255577119999998,"[0.19008064 0.19112819 0.19118428 0.19142705 0.19150776]","[0.19111629 0.19072597 0.1898507  0.1911567  0.19113963]",0.190080642700195,0.189850700000008,0.767244329999997,"[0.8107571  0.81324857 0.8151955  0.8156901  0.81580836]","[0.77169605 0.76797369 0.76957777 0.76835612 0.76724433]",0.810757100582123,3,"23633_1,1,-2_0.162_True",0.539431281767666,0.54327318975769
"dcgat-agm002179590","(0, 0, 1)",0.296185710163353,"Pd-0.417-Sn-0.583","True","[0.52176541 0.52246672 0.52591068 0.52811962 0.52815145]","[0.98607493 0.99348707 0.9932408  0.98605843 0.98611623]",0.521765410900116,0.986058430000014,"[-0.80849981 -0.8071233  -0.80532557 -0.80515212 -0.80503559]","[-0.71279043 -0.71162016 -0.71008655 -0.70975537 -0.70625791]",-0.808499813079834,-0.712790429999984,"[-0.06157011 -0.05647331 -0.0564518  -0.05406737 -0.05381918]","[0.20731912 0.02780742 0.03013197 0.03200821 0.03018661]",-0.0615701079368591,0.0278074199999878,"[-0.10378176 -0.10015768 -0.09168839 -0.02295715  0.23579067]","[0.24369298 0.24506587 0.2496794  0.35667185 0.30331573]",-0.103781759738922,0.24369298000002,"[0.14409709 0.14779049 0.15010607 0.15048027 0.1509738 ]","[0.1991801  0.20146625 0.20627284 0.19210605 0.19081926]",0.144097089767456,0.190819260000012,0.35844388000001,"[0.31185728 0.31531662 0.31579524 0.32058519 0.32308251]","[0.403228   0.39954245 0.40262643 0.37391534 0.35844388]",0.311857283115387,2,"30237_0,0,1_0.296_True",0.521881502249736,0.69667759370534
"dcgat-agm003642791","(1, 1, 1)",0.0316876830338164,"Au-0.5-Cu-0.4-Hg-0.1","True","[0.72388309 0.73072296 0.73398942 0.73445851 0.74000007]","[0.9765803  0.97697996 0.97332165 0.9705829  0.97010322]",0.723883092403412,0.970103220000027,"[-0.51592177 -0.51358277 -0.51223749 -0.51094162 -0.51008582]","[-0.48857763 -0.48973373 -0.48615913 -0.48633223 -0.48546179]",-0.515921771526337,-0.489733729999983,"[0.02804297 0.03462535 0.03933704 0.03946561 0.04077768]","[0.01791215 0.02239265 0.03847021 0.02372201 0.02016794]",0.0280429720878601,0.0179121500000007,"[0.1443674  0.14640892 0.15276784 0.15623569 0.15772974]","[0.24099935 0.24735933 0.22630243 0.22719488 0.25447434]",0.144367396831512,0.226302430000032,"[0.17895281 0.18650979 0.18736744 0.18939137 0.1906873 ]","[0.20152575 0.20118199 0.21191501 0.22722147 0.19263191]",0.178952813148499,0.192631910000017,0.670176690000005,"[0.53079718 0.57814544 0.61517578 0.62587708 0.63748246]","[0.67017669 0.71010369 0.67071055 0.73170373 0.69165136]",0.530797183513641,3,"19743_1,1,1_0.032_True",0.637899476858874,1
"dcgat-agm003774492","(1, 0, 0)",0.25,"Ag-0.75-Cd-0.125-Cu-0.125","True","[1.05777359 1.05828333 1.05854821 1.05930471 1.05948019]","[0.92354603 0.92493975 0.92363217 0.92503184 0.93120044]",1.05777359008789,0.923546029999997,"[-0.65991586 -0.65978867 -0.65956914 -0.65940088 -0.65873241]","[-0.58519138 -0.58497235 -0.58437853 -0.58554714 -0.58537164]",-0.659915864467621,-0.585547140000003,"[0.00896209 0.01037925 0.01066279 0.01138341 0.01195318]","[0.01039156 0.0099712  0.00946973 0.00921317 0.01091598]",0.0089620947837829,0.0092131699999953,"[0.09024644 0.09374654 0.09747839 0.10317385 0.1040712 ]","[0.0656846  0.06106589 0.06378524 0.06230264 0.06897278]",0.0902464389801025,0.0610658899999947,"[0.19966328 0.19982123 0.20021242 0.20101851 0.20134395]","[0.19343809 0.19280904 0.19742479 0.19268648 0.19344304]",0.199663281440735,0.192686479999992,0.162209700000005,"[0.19766051 0.20003468 0.20222235 0.20283872 0.20329452]","[0.16562763 0.16315238 0.16354815 0.16571209 0.1622097 ]",0.197660505771637,3,"26541_1,0,0_0.25_True",0.658419977649111,0.99681990973722
"dcgat-agm003298908","(1, 0, 0)",0.25,"Ag-0.833-In-0.167","True","[2.11028385 2.11036348 2.11373425 2.11406517 2.11455941]","[2.1826548  2.18514812 2.18461007 2.18722362 2.18739449]",2.11028385162354,2.18265479999999,"[-0.12911665 -0.06473058 -0.06407624 -0.06342775 -0.06251371]","[ 0.00645911 -0.0093826  -0.00964605 -0.00955729 -0.00731655]",-0.129116654396057,-0.0096460500000148,"[0.39503545 0.39510053 0.39520484 0.39648622 0.39709479]","[0.40513819 0.40777132 0.41929036 0.43054063 0.41532965]",0.395035445690155,0.405138189999988,"[0.52397484 0.53259128 0.5588575  0.56081349 0.56113476]","[0.54139471 0.55455668 0.56563426 0.56762589 0.57170174]",0.52397483587265,0.541394709999992,"[0.26518995 0.26733702 0.26856393 0.26862937 0.26964957]","[0.19307361 0.19493837 0.19472674 0.19416249 0.1947452 ]",0.265189945697784,0.193073609999999,0.504199289999988,"[0.47517949 0.47561496 0.47707838 0.47810012 0.47829109]","[0.50497243 0.50629542 0.50419929 0.5059347  0.50525531]",0.475179493427277,2,"32968_1,0,0_0.25_True",0.532482776150408,0.232727338018805
"dcgat-agm003410700","(1, 1, 0)",0.25,"Au-0.333-Cd-0.5-Pd-0.167","True","[0.98891801 0.98974079 0.99270743 0.99277633 0.99643344]","[1.05591369 1.05686373 1.05949274 1.05900739 1.05600122]",0.988918006420136,1.05591369,"[-0.8585875  -0.85827297 -0.85823464 -0.85788268 -0.85788208]","[-0.74116722 -0.74839715 -0.74508855 -0.7462249  -0.7463591 ]",-0.858587503433228,-0.748397150000002,"[-0.14584565 -0.14473712 -0.1439991  -0.14381182 -0.14379025]","[-0.1073783  -0.1095207  -0.10995864 -0.09559903 -0.11114742]",-0.145845651626587,-0.111147419999995,"[0.25750548 0.267461   0.27318424 0.27621073 0.27646786]","[0.39485642 0.37734471 0.37995598 0.38295863 0.3787594 ]",0.257505476474762,0.377344710000003,"[0.17425454 0.17587078 0.17637581 0.17854029 0.17865103]","[0.19344758 0.19422052 0.19918288 0.19677436 0.19687254]",0.174254536628723,0.193447580000012,0.592810839999999,"[0.44505578 0.44672221 0.447007   0.44739324 0.44823819]","[0.6010095  0.59990579 0.59490344 0.59281084 0.59830726]",0.445055782794952,3,"29747_1,1,0_0.25_True",0.576716095607841,0.0779505634935706
"dcgat-agm003194921","(0, 1, 0)",0.25,"Ag-0.8-Zn-0.2","True","[1.14796162 1.14852476 1.15206575 1.15435147 1.15453458]","[1.16278808 1.16309924 1.16560594 1.16587332 1.16819031]",1.14796161651611,1.16278808,"[-0.21233559 -0.21068335 -0.20975578 -0.209203   -0.20853841]","[-0.09701659 -0.09806175 -0.09923114 -0.18496146 -0.18005873]",-0.212335586547852,-0.184961460000011,"[-0.25256854 -0.25230759 -0.25170416 -0.25119644 -0.25077718]","[-0.31063004 -0.30081559 -0.30789458 -0.31076103 -0.30523465]",-0.252568542957306,-0.310761030000009,"[-0.05822766 -0.04519022 -0.04148507 -0.01596612 -0.01436222]","[-0.11719189 -0.1030363  -0.11282979 -0.08698521 -0.07129697]",-0.0582276582717895,-0.117191890000015,"[0.17384845 0.1770314  0.18102556 0.18229616 0.18266302]","[0.19850709 0.19511833 0.19401174 0.19449308 0.19535464]",0.173848450183868,0.194011739999993,-0.305510420000005,"[-0.26615852 -0.26456314 -0.263304   -0.26093405 -0.25980818]","[-0.30202241 -0.30551042 -0.3053342  -0.3050607  -0.30327972]",-0.266158521175385,2,"19620_0,1,0_0.25_True",0.680724123005239,0.0959529193946441
"dcgat-agm003435415","(1, 1, 0)",0.25,"Au-0.5-Cd-0.167-Cu-0.333","True","[0.81768435 0.81769294 0.82098371 0.82104093 0.82210726]","[0.89279796 0.89310065 0.90107058 0.89864601 0.89321891]",0.817684352397919,0.892797959999996,"[-0.56399167 -0.5627048  -0.56152809 -0.56152165 -0.56146693]","[-0.48050724 -0.48101011 -0.48303312 -0.48006859 -0.4814064 ]",-0.563991665840149,-0.483033120000016,"[-0.05429447 -0.05071622 -0.04937947 -0.0480215  -0.04799432]","[-0.08091322 -0.08093473 -0.08609701 -0.08511211 -0.08443124]",-0.054294466972351,-0.0860970100000031,"[0.11838156 0.11844915 0.11989582 0.1297155  0.17302078]","[0.13488993 0.14499563 0.1370667  0.1518071  0.16029145]",0.118381559848785,0.134889930000014,"[0.15682089 0.15807539 0.15827495 0.15840816 0.15922004]","[0.19763294 0.19780239 0.19802872 0.19785679 0.19887744]",0.156820893287659,0.197632940000005,0.544621989999996,"[0.59271985 0.59334809 0.59352642 0.59374779 0.59389371]","[0.60359229 0.58296259 0.60300132 0.58280735 0.54462199]",0.592719852924347,3,"23188_1,1,0_0.25_True",0.691361151137224,0.22871385034922
"dcgat-agm003641233","(0, 0, 1)",0.0541604692745909,"Au-0.1-Cd-0.5-Pd-0.4","True","[1.74514866 1.74997497 1.7743938  1.8848114  1.88891292]","[1.75231657 1.75698656 1.73879989 1.91711715 1.91746016]",1.74514865875244,1.73879989000002,"[-0.4151949  -0.40505436 -0.40310013 -0.40298986 -0.39809138]","[-0.35370244 -0.36568202 -0.35231483 -0.35605082 -0.35584889]",-0.415194898843765,-0.36568201999998,"[-0.01942712 -0.01900625 -0.01852506 -0.01795238 -0.01784527]","[0.02989256 0.02345507 0.02470017 0.02055452 0.01733538]",-0.0194271206855773,0.0173353799999915,"[0.18445456 0.19008726 0.19274962 0.19300097 0.19387162]","[0.22052195 0.22140914 0.22077102 0.21879483 0.22160046]",0.184454560279846,0.218794830000036,"[0.16231817 0.16309023 0.16660929 0.16716534 0.1685158 ]","[0.19781677 0.20203516 0.20148876 0.20363526 0.20114508]",0.162318170070648,0.197816770000003,0.658548630000013,"[0.6619032  0.66963726 0.6743955  0.67505234 0.6758309 ]","[0.66941805 0.65925507 0.65854863 0.67695648 0.66123575]",0.661903202533722,3,"25424_0,0,1_0.054_True",0.656859822428063,1
"dcgat-agm003289817","(1, 1, 1)",0.0083618074759675,"Ag-0.571-Cd-0.429","True","[1.86446857 1.8719101  1.87221074 1.878438   1.8806386 ]","[1.68442299 1.69118674 1.68814158 1.68601587 1.69117542]",1.86446857452393,1.68442299,"[-0.31630525 -0.31617597 -0.31573376 -0.31506169 -0.3148666 ]","[-0.27255186 -0.27276723 -0.2660418  -0.26870259 -0.26927755]",-0.316305249929428,-0.272767229999999,"[-1.78354597 -1.3251431   0.21559298  0.21582425  0.21649951]","[1.7602413  1.51400781 0.17039548 0.20843343 0.21053054]",-1.78354597091675,0.170395479999968,"[-2.88649368 -2.27553916 -0.89175129  0.08181655  0.08518583]","[2.06272295 1.79549306 2.57168986 0.06017693 0.06562907]",-2.88649368286133,0.0601769300000114,"[0.25927144 0.2602393  0.26031202 0.26098841 0.26103789]","[0.22245155 0.19828517 0.25834919 0.2165143  0.21726196]",0.259271442890167,0.198285169999991,0.136442989999978,"[0.17031658 0.17044455 0.1712454  0.17149055 0.17149752]","[0.14161147 0.13811488 0.13673007 0.13644299 0.15518305]",0.170316576957703,2,"26622_1,1,1_0.008_True",0.579071928001589,0
"dcgat-agm003327868","(0, 1, 0)",0.25,"Au-0.375-Cu-0.375-Zn-0.25","True","[0.71913499 0.72379369 0.72476381 0.72518903 0.72694463]","[0.76323469 0.76522248 0.75955473 0.76154066 0.75813201]",0.719134986400604,0.758132009999997,"[-0.67897892 -0.67590642 -0.67570722 -0.67483228 -0.67410952]","[-0.60819533 -0.60754449 -0.60778895 -0.60945334 -0.60828301]",-0.67897891998291,-0.609453339999988,"[-0.18553078 -0.18470663 -0.18442285 -0.18254089 -0.18152988]","[-0.10069406 -0.09011662 -0.09472495 -0.09558077 -0.10125754]",-0.185530781745911,-0.101257539999978,"[-0.15027708 -0.14806944 -0.14680475 -0.06257981 -0.06132871]","[-0.12216983 -0.10795744 -0.09434163  0.06864595  0.06845289]",-0.150277078151703,-0.12216982999999,"[0.15220886 0.15293121 0.15477651 0.1554873  0.1558308 ]","[0.2018343  0.19843673 0.20217382 0.20233669 0.20237543]",0.152208864688873,0.198436729999997,0.0155850499999985,"[-0.02920818 -0.02673995 -0.0257805  -0.02566308 -0.02466142]","[0.01914275 0.01576555 0.01642725 0.01558505 0.01793542]",-0.0292081832885742,3,"23060_0,1,0_0.25_True",0.855507201413413,0.609328977980711
"dcgat-agm003743410","(1, 0, 2)",0.0833333333333333,"Au-0.167-Pd-0.167-Tl-0.667","True","[1.61604357 1.63144159 1.85026121 1.85282183 1.86152625]","[1.74698855 1.74716163 1.87436402 1.88124825 1.86988765]",1.61604356765747,1.74698854999997,"[-0.8075664  -0.80697548 -0.80529982 -0.80467564 -0.80339956]","[-0.69280902 -0.68921224 -0.68496138 -0.6854162  -0.68994365]",-0.807566404342651,-0.692809020000027,"[-1.61746216 -1.59878278 -1.59585381 -1.39492679 -1.3581003 ]","[1.45465203 1.47856934 1.43373268 1.33856187 1.50427825]",-1.61746215820313,1.33856187000004,"[0.0893901  0.09027743 0.0981254  0.10655648 0.10861468]","[0.12629238 0.13233957 0.13193502 0.14167181 0.14215149]",0.0893900990486145,0.126292379999995,"[0.13956332 0.1406759  0.14344829 0.14451766 0.1448499 ]","[0.20410025 0.1986242  0.20668701 0.20914154 0.19858434]",0.139563322067261,0.198584339999968,0.281062080000027,"[0.243029   0.24897009 0.24965078 0.25115532 0.25186306]","[0.28106208 0.29601766 0.30572036 0.30959966 0.30852488]",0.243028998374939,3,"21571_1,0,2_0.083_True",0.273799153049884,1
"dcgat-agm001837811","(1, 1, 0)",0.25,"Au-0.333-In-0.333-Pd-0.333","True","[1.08088017 1.08292508 1.08692169 1.09043694 1.09126425]","[1.12813598 1.13878899 1.13316565 1.1112729  1.11131981]",1.0808801651001,1.11127290000002,"[-0.66031969 -0.6592012  -0.65897721 -0.65845132 -0.65705806]","[-0.52965168 -0.54930157 -0.52459084 -0.52883791 -0.53770424]",-0.660319685935974,-0.549301570000012,"[-0.17949408 -0.1789102  -0.17685568 -0.17595184 -0.17564094]","[-0.11790626 -0.10754518 -0.11595419 -0.1091517  -0.11253629]",-0.179494082927704,-0.117906260000012,"[0.47050565 0.47598404 0.47640377 0.47746378 0.48453647]","[0.47442668 0.48205418 0.46873344 0.48051349 0.47946865]",0.470505654811859,0.468733440000023,"[0.19646698 0.1988374  0.19910359 0.19931358 0.19966829]","[0.20020406 0.20073156 0.20002833 0.20090581 0.19894916]",0.196466982364655,0.198949159999984,0.723306100000002,"[0.72805423 0.73230821 0.73391074 0.7357102  0.73613352]","[0.74959121 0.72499852 0.73975135 0.7233061  0.73003777]",0.728054225444794,3,"34319_1,1,0_0.25_True",0.473421191948579,1
"mp-1187946","(1, 1, 2)",0.125,"Ag-0.75-Zn-0.25","True","[1.7346034  1.74032187 1.74836087 1.75190163 1.75422001]","[1.73160333 1.73420253 1.73389492 1.73628421 1.73637141]",1.73460340499878,1.73160333,"[-0.02246487 -0.01358002 -0.00810635 -0.00684345 -0.00538272]","[0.05507303 0.0573685  0.05757375 0.05850943 0.06183758]",-0.0224648714065551,0.0550730299999884,"[0.33936459 0.34148151 0.34345847 0.34365231 0.34386617]","[0.35713729 0.35152012 0.35981923 0.35408467 0.35558556]",0.339364588260651,0.351520119999975,"[0.44146222 0.44152981 0.44538707 0.44650716 0.44791418]","[0.467486   0.46590608 0.46579705 0.48067384 0.45668711]",0.441462218761444,0.456687110000019,"[0.26092595 0.26176912 0.26292163 0.2635712  0.2646535 ]","[0.20383819 0.2025462  0.20078589 0.19973393 0.20131312]",0.260925948619843,0.199733930000008,0.243441189999999,"[0.23562992 0.2365368  0.23712105 0.2372703  0.23809558]","[0.24344119 0.24476921 0.24428663 0.24374674 0.24593244]",0.235629916191101,2,"3197_1,1,2_0.125_True",0.581117877149839,0.753655567879194
"dcgat-agm003266665","(1, 1, 0)",0.0847778533941418,"Ag-0.111-Zn-0.889","True","[0.21730566 0.21785009 0.21786946 0.21816933 0.21842933]","[0.25328747 0.24784962 0.24878303 0.24788975 0.24878567]",0.217305660247803,0.247849619999997,"[-0.15539926 -0.1531648  -0.15254313 -0.15170205 -0.1503517 ]","[-0.23618006 -0.23826353 -0.2254029  -0.22406561 -0.23451185]",-0.155399262905121,-0.238263530000012,"[-0.26442841 -0.25391746 -0.2527343  -0.2523728  -0.25077325]","[-0.24685756 -0.24439895 -0.25290466 -0.25074646 -0.24829417]",-0.264428406953812,-0.252904660000013,"[-0.28224173 -0.1331138  -0.12763041 -0.119017   -0.1172092 ]","[-0.38068762 -0.20571635 -0.20373655 -0.20777356 -0.20099087]",-0.282241731882095,-0.380687620000003,"[0.21125281 0.21127713 0.21336722 0.21348554 0.21402317]","[0.21885853 0.21886882 0.20085188 0.20085229 0.2210635 ]",0.211252808570862,0.200851880000002,-0.23571158,"[-0.20833123 -0.20816457 -0.20770359 -0.20768279 -0.20682693]","[-0.23571158 -0.22536395 -0.23092117 -0.2344965  -0.23186507]",-0.208331227302551,2,"20293_1,1,0_0.085_True",0.686789932708432,0
"dcgat-agm003264506","(2, 2, 1)",0.107104761655432,"Au-0.625-Cd-0.375","True","[1.46688175 1.4675982  1.46771407 1.46849346 1.46977806]","[1.29764259 1.30096336 1.29929627 1.301099   1.30087429]",1.46688175201416,1.29764258999998,"[-0.16385531 -0.1546908  -0.1471948  -0.14614463 -0.14550155]","[-0.06851303 -0.01439917 -0.04820646 -0.01525057 -0.00938748]",-0.163855314254761,-0.0685130299999912,"[-1.51642621e-01 -5.13088703e-03 -7.65860081e-04 -3.44336033e-04
 -3.26633453e-05]","[ 1.47344641 -0.01680693 -0.01302277 -0.01381714 -0.0136849 ]",-0.151642620563507,-0.0168069300000013,"[0.30931145 0.3412829  0.34816688 0.35235876 0.37286061]","[0.38521442 0.27681596 0.31622881 0.32908395 0.32613343]",0.309311449527741,0.276815959999965,"[0.11098003 0.11402655 0.11550176 0.16398644 0.16621929]","[0.20107263 0.20108774 0.20285023 0.20641994 0.20737375]",0.110980033874512,0.201072629999999,0.303819809999993,"[0.35987407 0.36822087 0.38293618 0.38358492 0.38444334]","[0.3411471  0.34245757 0.30381981 0.30425457 0.31007524]",0.359874069690704,2,"21186_2,2,1_0.107_True",0.457064484267993,0.655036143491572
"dcgat-agm003551780","(0, 1, 0)",0.25,"Ag-0.375-Au-0.5-Zn-0.125","True","[1.34791613 1.34984016 1.3506031  1.35467458 1.35582495]","[1.26970562 1.26957512 1.26675968 1.2730731  1.26760852]",1.34791612625122,1.26675967999998,"[-0.24359566 -0.2434091  -0.24297208 -0.24221784 -0.24180514]","[-0.1680257  -0.1714506  -0.17262701 -0.16882926 -0.17199797]",-0.243595659732819,-0.172627010000014,"[-0.12257367 -0.11988413 -0.11471933 -0.11275876 -0.11177659]","[-0.12354033 -0.12590395 -0.1210866  -0.12217234 -0.12429929]",-0.122573673725128,-0.125903950000009,"[0.13280547 0.14455163 0.2321853  0.23604184 0.23826188]","[0.10814811 0.11625226 0.15313794 0.15995716 0.16142071]",0.132805466651917,0.108148109999973,"[0.23276281 0.23587781 0.23652673 0.23653799 0.23666793]","[0.20425818 0.20526977 0.20551469 0.20571234 0.20326266]",0.232762813568115,0.203262660000007,0.336361629999999,"[0.38168114 0.38191468 0.38206643 0.38212293 0.38238281]","[0.34018784 0.33656747 0.33811614 0.33636163 0.34046589]",0.381681144237518,3,"26293_0,1,0_0.25_True",0.679250808401922,0.660732853611976
"dcgat-agm001192929","(0, 1, 0)",0.0828832314271634,"Au-0.833-Sn-0.167","True","[1.46003246 1.54244351 1.54264188 1.5503726  1.55308723]","[1.60214349 1.45709189 1.46138124 1.4586852  1.44823082]",1.46003246307373,1.44823082000002,"[-0.28075168 -0.14461261 -0.14376938 -0.14247    -0.14176577]","[-0.10541458 -0.08613624 -0.08834107 -0.085952   -0.0919588 ]",-0.280751675367355,-0.105414580000001,"[-0.09105277 -0.08826524 -0.08774078 -0.0871706  -0.08699769]","[-0.00788442 -0.00509044 -0.00940574 -0.00855935 -0.01001951]",-0.091052770614624,-0.0100195100000064,"[0.29974073 0.31752831 0.33014852 0.33714586 0.33821863]","[0.42703344 0.4327796  0.43319077 0.42933864 0.43311845]",0.299740731716156,0.427033440000002,"[0.13304663 0.13422644 0.13634604 0.13750458 0.13765782]","[0.21338623 0.20668781 0.21122691 0.20354366 0.21158887]",0.133046627044678,0.203543660000008,0.659766349999984,"[0.33017606 0.33060199 0.33474094 0.33950835 0.33985645]","[0.6634514  0.6605398  0.66180635 0.66274308 0.65976635]",0.330176055431366,2,"20446_0,1,0_0.083_True",0.506793052296823,0.823784506888721
"dcgat-agm003596660","(1, 1, 0)",0.25,"Ag-0.444-Au-0.444-Pd-0.111","True","[1.25900173 1.26055956 1.26206112 1.26238227 1.26318455]","[1.31077477 1.3128038  1.31181691 1.3109835  1.31498063]",1.25900173187256,1.31077477000002,"[-0.27249753 -0.27042952 -0.26890948 -0.26802102 -0.2679666 ]","[-0.16856688 -0.16873613 -0.16950398 -0.1615262  -0.16844546]",-0.272497534751892,-0.169503979999973,"[0.00507545 0.00540227 0.00583011 0.00708205 0.00708807]","[0.05473003 0.05261184 0.0523922  0.05230519 0.05368126]",0.005075454711914,0.0523051899999984,"[0.28451782 0.28758997 0.28855079 0.28993458 0.29001504]","[0.31188057 0.30949941 0.31012704 0.31188784 0.30807743]",0.284517824649811,0.308077430000026,"[0.18575573 0.18612683 0.18709028 0.18802726 0.18827713]","[0.2169796  0.21603706 0.20397699 0.204248   0.21639497]",0.185755729675293,0.203976990000001,0.973488159999988,"[0.93858844 0.93941945 0.9400056  0.94007856 0.94060928]","[0.97621696 0.97366483 0.97373493 0.97414956 0.97348816]",0.938588440418243,3,"19097_1,1,0_0.25_True",0.591008034861254,0.24140286552271
"dcgat-agm003268313","(2, 1, 2)",0.0922153264108924,"Au-0.667-Zn-0.333","False","[1.3101151  1.34514499 1.34895277 1.3526547  1.3593514 ]","[1.34437039 1.35143173 1.36990129 1.36778763 1.37510115]",1.31011509895325,1.34437039000001,"[-0.46162671 -0.45310399 -0.45208579 -0.45186862 -0.44979212]","[-0.32180894 -0.32312083 -0.32454168 -0.32861458 -0.32784375]",-0.461626708507538,-0.328614580000007,"[-0.8289969  -0.27146098 -0.26967826 -0.26575693 -0.2621429 ]","[ 1.50772264 -0.23041652 -0.22959794 -0.23035452 -0.23511232]",-0.828996896743774,-0.235112319999999,"[0.03085852 0.03386575 0.03827024 0.03896409 0.0432651 ]","[0.04197218 0.03639858 0.03717248 0.03763183 0.03856591]",0.0308585166931152,0.0363985799999966,"[0.16191626 0.16912991 0.1703136  0.17285728 0.17525494]","[0.28142284 0.24106272 0.23090641 0.2048144  0.26879039]",0.161916255950928,0.204814400000004,0.343509390000008,"[0.32875222 0.33009917 0.33069676 0.33111459 0.33299035]","[0.34350939 0.34822201 0.3435935  0.34507338 0.3551089 ]",0.328752219676971,2,"18174_2,1,2_0.092_False",0.62455590914045,1
"dcgat-agm001193482","(0, 1, 0)",0.25,"Au-0.833-Pd-0.167","True","[1.10454917 1.10668421 1.1067214  1.10939693 1.10985255]","[1.12824225 1.12698383 1.1277963  1.12645408 1.12728144]",1.10454916954041,1.12645408000003,"[-0.25518674 -0.25422341 -0.25409913 -0.25382644 -0.25351095]","[-0.23214334 -0.23247276 -0.23284416 -0.23204645 -0.23268916]",-0.25518673658371,-0.232844159999985,"[-0.03464562 -0.03201199 -0.03010738 -0.02900225 -0.02752978]","[0.0228678  0.02309883 0.02271797 0.02312313 0.02666145]",-0.0346456170082092,0.0227179699999737,"[0.33802551 0.33942956 0.33959478 0.34101897 0.34343392]","[0.41745275 0.41402305 0.41434938 0.41522038 0.30285063]",0.338025510311127,0.302850630000023,"[0.19174266 0.19261461 0.19281071 0.1929822  0.19311988]","[0.20587098 0.20582851 0.20502007 0.20509232 0.20615756]",0.191742658615112,0.205020070000018,1.1244916,"[1.14896989 1.15049767 1.15050554 1.15054941 1.15057325]","[1.12571081 1.1244916  1.1255864  1.12508973 1.1251062 ]",1.14896988868713,2,"30727_0,1,0_0.25_True",0.655115569550089,0.104291355946506
"dcgat-agm003306370","(0, 1, 0)",0.25,"Ag-0.429-Au-0.286-Zn-0.286","True","[1.24242067 1.2662878  1.27308822 1.27727079 1.28189969]","[1.31386423 1.3100161  1.2971694  1.30215676 1.31117087]",1.24242067337036,1.2971694,"[-0.19846183 -0.19826877 -0.19714099 -0.19635439 -0.19632792]","[-0.06763666 -0.07040869 -0.06206508 -0.06308398 -0.06295976]",-0.198461830615997,-0.0704086899999936,"[-1.76285958 -0.1329549  -0.12679702 -0.12613052 -0.12458575]","[ 1.7298452  -0.10737075 -0.12241021 -0.1225683  -0.12475015]",-1.762859582901,-0.124750149999983,"[0.0057987  0.00831741 0.02127242 0.09534001 0.10461462]","[-0.04297973 -0.03789131  0.01040427  0.03713674  0.00068009]",0.0057986974716186,-0.0429797300000132,"[0.20837915 0.21621019 0.2229737  0.22317755 0.22368026]","[0.22800228 0.2070866  0.20687004 0.20514428 0.3175377 ]",0.208379149436951,0.205144280000013,-0.378350810000001,"[-0.34662575 -0.3458139  -0.3434791  -0.33967537 -0.33910206]","[-0.37795525 -0.36494232 -0.37835081 -0.3775001  -0.37445637]",-0.346625745296478,3,"25205_0,1,0_0.25_True",0.707157230408056,0.64272392806207
"dcgat-agm003290563","(1, 0, 1)",0.181363014844602,"Au-0.625-Zn-0.375","True","[1.0492003  1.07917786 1.08159304 1.08348942 1.08542705]","[0.98625824 0.99047298 0.98208337 1.00607215 0.97600571]",1.04920029640198,0.976005709999996,"[-0.38062751 -0.33890066 -0.33687559 -0.33438164 -0.33363882]","[-0.07536735 -0.13175746 -0.1314802  -0.13289317 -0.1256804 ]",-0.380627512931824,-0.132893170000003,"[-0.39819136 -0.27478436 -0.27226111 -0.26516438 -0.26138932]","[ 0.15548665 -0.19648001 -0.19717866 -0.1991735  -0.20003035]",-0.3981913626194,-0.200030350000006,"[-0.04476279  0.00815636  0.00827038  0.01796436  0.03195053]","[ 0.39798971 -0.00850962  0.29705406  0.00688501  0.01140002]",-0.0447627902030944,-0.0085096199999981,"[0.10400349 0.12843317 0.13414478 0.14456064 0.1534366 ]","[0.68443521 0.57878677 0.68970745 0.58677217 0.20675959]",0.104003489017487,0.206759589999997,-0.305894349999988,"[-0.34622633 -0.30343744 -0.29939967 -0.29329318 -0.28858685]","[-0.30589435 -0.28561499 -0.29649766 -0.29410082 -0.26832299]",-0.346226334571838,2,"18254_1,0,1_0.181_True",0.668620786791965,0.885069579430621
"mp-1404","(0, 1, 0)",0,"Au-0.5-Cd-0.5","True","[1.71270323 1.71497083 1.71620059 1.71791577 1.71809316]","[1.64639489 1.65254385 1.65304753 1.64900448 1.65606207]",1.71270322799683,1.64639489,"[-0.01679528 -0.01213473 -0.01001102 -0.00918013 -0.00755668]","[-0.00956011 -0.01441624 -0.0096061  -0.01220275 -0.01374847]",-0.01679527759552,-0.0144162400000027,"[0.18462437 0.18559325 0.18863243 0.19018102 0.19064987]","[0.24629425 0.2542225  0.24737386 0.24074135 0.24284441]",0.184624373912811,0.240741349999993,"[0.55614358 0.56219226 0.56650871 0.57039911 0.57119888]","[0.63979104 0.63523627 0.63573028 0.62899638 0.64451016]",0.556143581867218,0.628996380000004,"[0.17555201 0.17651898 0.1813798  0.18194073 0.18264002]","[0.20719556 0.20914146 0.2173498  0.21711083 0.21515601]",0.175552010536194,0.207195560000002,0.442675489999999,"[0.45666724 0.45739287 0.45851082 0.45874459 0.45922285]","[0.4443081  0.44404744 0.44267549 0.44444636 0.44313829]",0.456667244434357,2,"1823_0,1,0_0.0_True",0.4387966548926,0.612792847105961
"dcgat-agm002189011","(1, 2, 1)",0.166666666666666,"Au-0.667-Sn-0.333","True","[1.2251687  1.22860909 1.23003387 1.23395205 1.23503661]","[1.3067856  1.30036154 1.30953729 1.31578484 1.29819506]",1.22516870498657,1.29819505999998,"[-0.367484   -0.3619262  -0.35974628 -0.35928825 -0.35856432]","[-0.21446312 -0.22435979 -0.21800551 -0.22506225 -0.21604797]",-0.367484003305435,-0.225062249999979,"[-0.24255413 -0.22378445 -0.22220838 -0.218943   -0.2161634 ]","[-0.02720356 -0.05154309 -0.18060326 -0.0456893  -0.16106532]",-0.242554128170013,-0.18060325999997,"[0.01323181 0.12791461 0.19470853 0.23897183 0.24133617]","[0.27828415 0.35743671 0.26072743 0.28620508 0.29680773]",0.0132318139076232,0.260727430000003,"[0.1564784  0.15693086 0.15911847 0.16337597 0.16742581]","[0.20748439 0.21229669 0.22462947 0.20901397 0.21139574]",0.156478404998779,0.207484390000019,0.300564059999999,"[0.17803234 0.19539326 0.20771325 0.23554474 0.25403434]","[0.31462092 0.30056406 0.51964026 0.46290702 0.4577743 ]",0.178032338619232,2,"18314_1,2,1_0.167_True",0.502206844127192,1
"dcgat-agm003514892","(1, 1, 0)",0.279602985731733,"Au-0.727-Cd-0.182-Ga-0.091","False","[1.21428013 1.23282146 1.32902479 1.36547017 1.37087822]","[1.79956544 1.81301139 1.78896879 1.85485714 1.78199159]",1.214280128479,1.78199158999999,"[-0.49212933 -0.49109343 -0.49020979 -0.48859757 -0.48519561]","[-0.23750188 -0.24112293 -0.24176304 -0.23486384 -0.22781986]",-0.492129325866699,-0.241763039999995,"[-1.63292754 -0.65762103 -0.63476312 -0.62852997 -0.6283294 ]","[ 1.4356876  -0.13863355 -0.19399401 -0.21639225 -0.12200167]",-1.63292753696442,-0.216392249999984,"[-0.34963882 -0.27457887 -0.27197659 -0.22810262 -0.22804326]","[0.19458672 0.17901198 0.19671186 0.12213499 0.10475402]",-0.349638819694519,0.104754020000001,"[0.0030607  0.01913077 0.02327758 0.02846265 0.03424716]","[0.26546877 0.2431462  0.25110709 0.27361219 0.20769022]",0.0030606985092163,0.207690219999989,0.211287859999999,"[-0.06620783 -0.0461719  -0.04057032  0.00791961  0.02941036]","[0.31325716 0.30531384 0.3039165  0.24663378 0.21128786]",-0.0662078261375427,3,"16917_1,1,0_0.28_False",0.595416170697867,0.145177112534097
"dcgat-agm003262333","(0, 0, 1)",0,"Au-0.25-Cd-0.75","True","[1.62453914 1.63066888 1.63474131 1.63768363 1.64309311]","[1.69113011 1.67208425 1.54432269 1.68797241 1.54169641]",1.6245391368866,1.54169641,"[-0.23099065 -0.19385451 -0.18447787 -0.1267451  -0.08998013]","[-0.18330302 -0.18165069 -0.14350078 -0.15855945 -0.12579769]",-0.230990648269653,-0.183303020000011,"[-0.83618444  0.02738607  0.03526247  0.04044098  0.07092822]","[ 1.52552832 -0.04303082 -0.03308669 -0.0133634   0.05979143]",-0.836184442043304,-0.0430308200000126,"[0.07542777 0.10703814 0.13450235 0.13827169 0.17693281]","[0.14956683 0.16362915 0.17184668 0.08984045 0.24025465]",0.075427770614624,0.0898404499999969,"[0.22826737 0.25570637 0.25702244 0.266702   0.26730794]","[0.20810619 0.28112045 0.26451354 0.26358228 0.20833763]",0.228267371654511,0.208106190000002,-0.109003700000002,"[-0.16647172 -0.160501   -0.1581912  -0.1520856  -0.14563268]","[-0.10544307 -0.09749001 -0.0932269  -0.1090037  -0.0847184 ]",-0.166471719741821,2,"27037_0,0,1_0.0_True",0.36551277194255,0.329598000830164
"dcgat-agm003194883","(0, 1, 0)",0.25,"Ag-0.8-Au-0.2","True","[1.65480113 1.65533996 1.65559101 1.65875793 1.65985799]","[1.66746343 1.66827835 1.66048031 1.66576604 1.66275859]",1.6548011302948,1.66048030999997,"[-0.20026863 -0.19321907 -0.19060576 -0.18998832 -0.18780762]","[-0.13820501 -0.14099217 -0.14362169 -0.09680045 -0.08607924]",-0.200268626213074,-0.143621690000003,"[0.09539509 0.09658819 0.09911013 0.09979683 0.10070014]","[0.09255559 0.09889287 0.09394302 0.08984964 0.0898093 ]",0.0953950881958007,0.089809300000013,"[0.31267089 0.31480318 0.31540591 0.31676203 0.31964189]","[0.34004012 0.34198378 0.3410327  0.3392027  0.33877361]",0.312670886516571,0.338773609999976,"[0.16458464 0.16588348 0.16848677 0.16905504 0.16942263]","[0.20920546 0.20924009 0.20935481 0.20977487 0.20949802]",0.164584636688232,0.209205459999993,0.497828819999995,"[0.40924758 0.4126752  0.41278893 0.41301733 0.4130432 ]","[0.50336999 0.5051152  0.50697484 0.4985746  0.49782882]",0.409247577190399,2,"18231_0,1,0_0.25_True",0.631420123175031,0.455851431906481
"dcgat-agm003528152","(1, 0, 0)",0.25,"Ag-0.182-Cd-0.727-Cu-0.091","True","[1.48036718 1.48395014 1.48404574 1.48608303 1.48666906]","[1.42528128 1.42402007 1.42472863 1.4228006  1.42516156]",1.4803671836853,1.4228006,"[-0.30285993 -0.30166608 -0.30155689 -0.30024663 -0.29844421]","[-0.24270645 -0.24634031 -0.24024081 -0.24819586 -0.24646799]",-0.302859932184219,-0.24819586000001,"[-1.5404309  -1.52899277 -1.50158691 -1.0721972   0.01650882]","[1.55736263 1.56871999 1.4513119  1.49615207 0.05603981]",-1.54043090343475,0.0560398100000014,"[0.21712136 0.21739322 0.22573173 0.25283045 0.25352615]","[0.25723733 0.26027255 0.25842414 0.29457915 0.29816291]",0.217121362686157,0.25723733000001,"[0.23212618 0.23224479 0.23251718 0.23253018 0.23283893]","[0.20952829 0.21126303 0.21005965 0.2116577  0.21215721]",0.232126176357269,0.209528290000009,0.079678549999997,"[0.10876268 0.10878402 0.11155087 0.11641806 0.11700702]","[0.08150808 0.08870696 0.08662322 0.08540187 0.07967855]",0.108762681484222,3,"30155_1,0,0_0.25_True",0.422123231207565,1
"dcgat-agm003550448","(0, 1, 0)",0.25,"Ag-0.5-Au-0.125-Zn-0.375","True","[1.16808724 1.1687572  1.16955662 1.17024493 1.17064595]","[1.37158134 1.37585954 1.37303792 1.36551516 1.38158996]",1.16808724403381,1.36551515999997,"[-0.11841756 -0.11777556 -0.11593008 -0.1138407  -0.11332214]","[-0.00098247  0.00121214 -0.00020769  0.00074423 -0.00151881]",-0.11841756105423,-0.0015188099999932,"[0.15051979 0.15469503 0.15753877 0.15867186 0.15911299]","[0.10486946 0.10634037 0.10938079 0.11136819 0.10584764]",0.150519788265228,0.104869460000003,"[0.33651716 0.33837372 0.34493977 0.39539546 0.40274924]","[0.44579292 0.4352423  0.44857224 0.45790323 0.47855471]",0.336517155170441,0.435242299999999,"[0.26858836 0.27406973 0.27420133 0.28352171 0.29983181]","[0.21334112 0.20988482 0.21293751 0.2252052  0.31035903]",0.268588364124298,0.209884820000013,0.160520109999993,"[0.07586622 0.07656795 0.07681763 0.07713413 0.07731307]","[0.16677061 0.16244479 0.1634028  0.16052011 0.17699266]",0.0758662223815918,3,"27750_0,1,0_0.25_True",0.541575636988766,1
"mp-1226726","(2, 1, -2)",0.167,"Ag-0.5-Cd-0.5","True","[1.99307752 1.99465823 1.99821162 1.9995811  2.00195265]","[1.84523036 1.84113752 1.84157654 1.84144828 1.84911669]",1.99307751655579,1.84113751999999,"[-0.16031778 -0.16021746 -0.15843576 -0.15837711 -0.15787983]","[-0.23324241 -0.23138068 -0.23060556 -0.2332586  -0.23053517]",-0.160317778587341,-0.233258600000013,"[0.23204809 0.23411274 0.2350257  0.23829931 0.24022388]","[0.08578289 0.09181223 0.08438801 0.11034719 0.08813666]",0.232048094272614,0.0843880099999978,"[0.09111542 0.09950286 0.11725861 0.11984891 0.12536627]","[-1.402395e-02 -1.069225e-02  7.831420e-03  4.971000e-05  1.774580e-03]",0.0911154150962829,-0.014023949999995,"[-0.88667315  0.33035797  0.33054453  0.33308464  0.3332997 ]","[1.98366775 0.21238964 0.21123024 0.2132541  0.21111814]",-0.886673152446747,0.211118139999996,0.222159829999995,"[0.21259844 0.21648943 0.21741176 0.21819353 0.21836746]","[0.22231605 0.22215983 0.22356751 0.22715752 0.22613696]",0.212598443031311,2,"3164_2,1,-2_0.167_True",0.484300911466068,0.721215875601349
"dcgat-agm003676077","(1, 0, 0)",0.25,"Ag-0.417-Cd-0.5-Pd-0.083","True","[1.50553203 1.5087266  1.51142597 1.51161647 1.51192641]","[1.57290022 1.57155413 1.57155304 1.57454996 1.56923645]",1.50553202629089,1.56923645000001,"[-0.80004752 -0.79886705 -0.79820603 -0.79807663 -0.79749137]","[-0.72499165 -0.72563109 -0.72449325 -0.72516599 -0.72584388]",-0.800047516822815,-0.725843879999985,"[-0.61193514 -0.0944097  -0.09243846 -0.09076589 -0.09038675]","[ 1.52877378 -0.08818622 -0.09339016 -0.09236032 -0.09224831]",-0.611935138702393,-0.0933901599999842,"[0.29004639 0.30992311 0.31098813 0.31237346 0.32051975]","[0.39875517 0.38515646 0.38423733 0.38893849 0.414965  ]",0.290046393871307,0.384237329999991,"[0.21413821 0.21464998 0.21503896 0.21530545 0.21869105]","[0.2203243  0.22147297 0.21259284 0.22261155 0.2275327 ]",0.214138209819794,0.212592840000013,0.220097780000003,"[0.20958316 0.20969808 0.210711   0.21153373 0.21226454]","[0.22025218 0.22009778 0.22014663 0.22129005 0.22222303]",0.209583163261414,3,"19402_1,0,0_0.25_True",0.555496996916361,0.505325848048435
"dcgat-agm003161472","(1, 1, 0)",0.25,"Ag-0.333-Au-0.333-Zn-0.333","True","[1.133255   1.13441086 1.13544273 1.13579655 1.13669825]","[1.11300728 1.12144002 1.11501272 1.11972567 1.12449803]",1.13325500488281,1.11300728000001,"[-0.07826412 -0.0724194  -0.06989688 -0.06967103 -0.06904787]","[-0.01242039 -0.01957551 -0.02173694 -0.01896291 -0.02234584]",-0.0782641172409057,-0.022345840000014,"[0.01778841 0.0221867  0.02261847 0.0235948  0.02467376]","[0.05243054 0.0651543  0.0464763  0.04509872 0.04123281]",0.0177884101867675,0.0412328099999683,"[0.14346343 0.14940721 0.15386564 0.15455997 0.16172117]","[0.15667492 0.19448163 0.21239801 0.21351816 0.12855275]",0.143463432788849,0.128552750000011,"[0.19630349 0.19833571 0.19908935 0.20089763 0.20206332]","[0.22003544 0.21616132 0.2128279  0.22349175 0.2182352 ]",0.196303486824036,0.212827899999979,-0.223099150000024,"[-0.20150906 -0.19911951 -0.19737637 -0.19717222 -0.19700968]","[-0.22083164 -0.22276211 -0.222808   -0.22100364 -0.22309915]",-0.201509058475494,3,"17873_1,1,0_0.25_True",0.679067599245896,1
"dcgat-agm002132892","(2, -1, 2)",0.0833333333333333,"Ag-0.833-Sn-0.167","False","[1.69243455 1.69738507 1.69928169 1.70477962 1.7058444 ]","[1.80361364 1.81008664 1.80396121 1.80162691 1.80939962]",1.69243454933167,1.80162691000001,"[-0.17965138 -0.17897516 -0.17738587 -0.17666405 -0.17619991]","[-0.07195381 -0.06025693 -0.07407946 -0.0725555  -0.06263758]",-0.179651379585266,-0.0740794599999787,"[-1.4057157   0.29079956  0.29526502  0.2967748   0.29782695]","[1.65532703 0.34155007 0.34155148 0.33674559 0.34163316]",-1.40571570396423,0.336745590000021,"[0.27018052 0.28233415 0.30554169 0.32136947 0.3300007 ]","[0.31669699 0.32267639 0.38475499 0.36796353 0.29982927]",0.270180523395538,0.299829270000004,"[0.19829983 0.20141894 0.20350897 0.20368183 0.20436198]","[0.21659802 0.21339426 0.2130896  0.21652741 0.21827429]",0.198299825191498,0.213089600000018,0.484032150000019,"[0.37028629 0.37308186 0.37688106 0.38369209 0.38488239]","[0.48403215 0.49015195 0.49434519 0.48973276 0.48877561]",0.370286285877228,2,"34401_2,-1,2_0.083_False",0.517408020757323,0.630300234178033
"dcgat-agm003642722","(1, 1, 0)",0.25,"Au-0.5-Cu-0.1-Zn-0.4","True","[0.73121482 0.73792523 0.74074763 0.741862   0.74239331]","[0.86830283 0.87285433 0.87104327 0.87292097 0.87569923]",0.731214821338654,0.868302830000033,"[-0.54877776 -0.54789001 -0.54713136 -0.54682052 -0.54644108]","[-0.43083323 -0.43219124 -0.43067802 -0.43402115 -0.43371047]",-0.548777759075165,-0.434021149999978,"[0.08687264 0.08942407 0.09084427 0.09387976 0.11380553]","[0.16369497 0.16190275 0.16272626 0.16177502 0.16766571]",0.0868726372718811,0.161775019999993,"[0.21957332 0.22498822 0.25003809 0.25492793 0.26093191]","[0.34226013 0.34027854 0.49451287 0.47413653 0.47589536]",0.219573318958282,0.340278540000043,"[0.1631977  0.16507977 0.16527361 0.16555679 0.16568685]","[0.21974008 0.21811759 0.21415138 0.22215622 0.21450297]",0.163197696208954,0.214151380000004,0.253027419999995,"[0.22229683 0.22574347 0.22790605 0.22861642 0.22890085]","[0.25496758 0.25325554 0.25380661 0.25544911 0.25302742]",0.222296833992004,3,"27725_1,1,0_0.25_True",0.58715437011078,1
"dcgat-agm003289227","(1, 1, 2)",0.156238492173804,"Ag-0.188-Au-0.812","True","[1.54123378 1.55007386 1.5523324  1.55623722 1.5597918 ]","[1.57988938 1.58274559 1.58135752 1.58025088 1.58100409]",1.54123377799988,1.57988938,"[-0.50680149 -0.50405121 -0.50366819 -0.50326574 -0.50320488]","[-0.4183943  -0.41781435 -0.42133801 -0.41913989 -0.42066126]",-0.50680148601532,-0.42133801,"[-0.23172575 -0.22949702 -0.22843057 -0.22624362 -0.22603256]","[-0.17481648 -0.17875214 -0.23045867 -0.17686293 -0.2275045 ]",-0.231725752353668,-0.230458670000019,"[-0.02724534 -0.02014285 -0.01990664 -0.0186525  -0.01690251]","[0.03637066 0.04006533 0.04041679 0.03941663 0.04455221]",-0.0272453427314758,0.0363706599999886,"[0.14244437 0.14254177 0.14330339 0.14353245 0.14407206]","[0.2143742  0.2156607  0.2150804  0.21720259 0.21500066]",0.142444372177124,0.214374199999952,0.653753690000031,"[0.63136607 0.63257831 0.63279206 0.63351423 0.63387793]","[0.65375369 0.65698304 0.65673436 0.66513754 0.66552462]",0.631366074085236,2,"25672_1,1,2_0.156_True",0.634331453130689,0.950593612043397
"dcgat-agm002234747","(0, 1, 0)",0.25,"Au-0.143-In-0.571-Pd-0.286","True","[1.67941284 1.68834066 1.69654179 1.73828506 1.73944139]","[1.78251932 1.7858515  1.77764004 1.75405885 1.7446772 ]",1.67941284179688,1.74467720000001,"[-0.72515291 -0.7250101  -0.72384721 -0.72381765 -0.72324669]","[-0.60342268 -0.60161864 -0.6052577  -0.60952101 -0.59866848]",-0.725152909755707,-0.60952100999998,"[-1.52040911 -1.22134233 -0.44032797 -0.14666617 -0.14406168]","[ 1.56419689  1.5754708   1.51798903 -0.09240946 -0.10138493]",-1.52040910720825,-0.101384929999966,"[0.04935139 0.05511624 0.05860198 0.06166095 0.06356364]","[0.11568415 0.14526341 0.1513074  0.15137163 0.12218038]",0.0493513941764831,0.115684149999993,"[0.14781088 0.1487661  0.14937907 0.15065825 0.15265942]","[0.21775333 0.2173644  0.2196066  0.21504846 0.21644202]",0.147810876369476,0.21504846000002,-0.150580969999993,"[-0.2038874  -0.20284057 -0.20160389 -0.20111305 -0.20101792]","[-0.15058097 -0.14986018 -0.14853491 -0.14587534 -0.14967596]",-0.203887403011322,3,"32117_0,1,0_0.25_True",0.543650253600943,0.392521631550384
"dcgat-agm003388416","(1, 1, 0)",0.25,"Ag-0.2-Au-0.4-Zn-0.4","True","[1.25741076 1.25952888 1.25969648 1.26049256 1.26110291]","[1.18327526 1.18711102 1.18417149 1.18466827 1.18266869]",1.25741076469421,1.18266869000001,"[-0.10496587 -0.09497523 -0.09459484 -0.09379458 -0.09186327]","[0.0156621  0.01788835 0.01566057 0.01494101 0.020036  ]",-0.10496586561203,0.0149410100000295,"[-1.37639713 -0.599361   -0.01436031 -0.00885439 -0.00543827]","[1.95831556 1.592566   0.03967502 0.04385242 0.03885948]",-1.37639713287354,0.038859479999985,"[0.07338709 0.0759241  0.08346564 0.08571732 0.09918535]","[0.11577548 0.11162957 0.10069555 0.10190163 0.12689074]",0.0733870863914489,0.10069555000004,"[0.17691129 0.17853814 0.17875022 0.17933416 0.17949283]","[0.21637046 0.21611535 0.21628191 0.21599611 0.21565542]",0.176911294460297,0.215655420000019,-0.149191479999985,"[-0.19115824 -0.19004327 -0.1879921  -0.18741757 -0.18735439]","[-0.14639048 -0.14919148 -0.14838765 -0.14893321 -0.14826791]",-0.19115823507309,3,"33276_1,1,0_0.25_True",0.639287792593594,0.632932179861837
"mp-989737","(3, 2, -3)",0.033368584,"Ag-1.0","True","[2.25809026 2.2602818  2.27868271 2.28647804 2.2902782 ]","[2.20888726 2.242455   2.24385976 2.29567374 2.25274645]",2.25809025764465,2.20888725999998,"[-0.32392895 -0.31951314 -0.31937143 -0.31869251 -0.31681088]","[-0.18712879 -0.18842029 -0.18892592 -0.19465035 -0.18900503]",-0.323928952217102,-0.194650350000018,"[0.19391394 0.1978547  0.19859868 0.20012748 0.20182568]","[0.23200923 0.23759151 0.24588682 0.25683392 0.25412348]",0.19391393661499,0.232009230000017,"[0.07260233 0.073627   0.08086866 0.08189428 0.0852825 ]","[0.11604181 0.11797767 0.12317856 0.10439665 0.11496426]",0.0726023316383361,0.104396650000012,"[0.21300995 0.21321821 0.21357244 0.21449375 0.21480882]","[0.22208923 0.21861019 0.22027991 0.22057767 0.21932946]",0.21300995349884,0.218610189999993,0.410667020000062,"[0.40113229 0.40248972 0.40467328 0.40572637 0.40675825]","[0.41366069 0.4136316  0.41333457 0.41066702 0.41415533]",0.40113228559494,1,"31_3,2,-3_0.033_True",0.689780028692522,1
"dcgat-agm003288392","(2, 2, 1)",0,"Ag-0.714-Au-0.286","True","[1.60058141 1.60113382 1.60339093 1.60513616 1.60588431]","[1.64960865 1.65525581 1.64794411 1.65056499 1.64945882]",1.600581407547,1.64794411000003,"[-0.25312144 -0.25287318 -0.25253206 -0.25248379 -0.25230396]","[-0.18374623 -0.185876   -0.18332397 -0.18403288 -0.18320349]",-0.253121435642242,-0.185876000000007,"[-0.05566579 -0.05554217 -0.05526632 -0.05439293 -0.05439222]","[-0.07012118 -0.0695926  -0.07079658 -0.06317651 -0.0696718 ]",-0.0556657910346984,-0.0707965800000351,"[0.36167449 0.36176282 0.38406521 0.39366335 0.39816505]","[0.37873392 0.37659871 0.40572839 0.36437055 0.40980879]",0.36167448759079,0.364370550000047,"[0.24362367 0.24448729 0.24484581 0.24536175 0.24666291]","[0.2193141  0.23895225 0.24251658 0.21987461 0.23716289]",0.243623673915863,0.21931410000002,0.497514340000009,"[0.44974524 0.45070559 0.4532941  0.45440573 0.45635229]","[0.49848755 0.49771301 0.49751434 0.49853356 0.49834289]",0.449745237827301,2,"29370_2,2,1_0.0_True",0.592275038158048,0.434756796659885
"dcgat-agm003288391","(2, 0, 1)",0,"Ag-0.286-Au-0.714","True","[1.47345877 1.47393727 1.4804616  1.5717802  1.57481623]","[1.65049691 1.64751073 1.64797766 1.67892321 1.67955408]",1.47345876693726,1.64751072999999,"[-0.1579603  -0.15100342 -0.14918268 -0.14812499 -0.14359879]","[-0.02003958 -0.01750304 -0.01531596 -0.01618521 -0.03232427]",-0.157960295677185,-0.0323242700000037,"[0.03723818 0.03842992 0.04018396 0.04051447 0.04064864]","[0.06862155 0.06705261 0.06683233 0.06923962 0.0679778 ]",0.0372381806373596,0.0668323300000111,"[0.46104652 0.46842104 0.51194197 0.52115732 0.52548426]","[0.49781671 0.4992472  0.58235776 0.57129989 0.57116617]",0.461046516895294,0.497816709999995,"[0.22912955 0.23084235 0.23098511 0.23249346 0.23261738]","[0.2204715  0.24275564 0.22011191 0.24243888 0.2195359 ]",0.229129552841187,0.219535900000011,0.903461410000006,"[0.89657634 0.89786702 0.89910609 0.8996982  0.90054196]","[0.90346141 0.905702   0.90514852 0.90947677 0.90698292]",0.896576344966888,2,"33645_2,0,1_0.0_True",0.507375556572057,0.628493410541106
"dcgat-agm003264450","(2, 2, 1)",0.0997337266298843,"Ag-0.375-Au-0.625","True","[1.38550687 1.38609147 1.38675022 1.38736343 1.38750219]","[1.33399759 1.3356719  1.33431769 1.33445289 1.33467477]",1.38550686836243,1.33399759,"[-0.14358246 -0.12534803 -0.11391068 -0.11360043 -0.11326557]","[-0.01198955 -0.00550586 -0.04769933 -0.04711937 -0.04647621]",-0.143582463264465,-0.0476993299999719,"[0.04663777 0.04710108 0.04782879 0.04993308 0.05054051]","[0.0728983  0.07671105 0.07107987 0.07513968 0.07302055]",0.0466377735137939,0.0710798700000339,"[0.43828088 0.47203559 0.47342175 0.54668289 0.54688424]","[0.46307441 0.47549313 0.47555349 0.57776044 0.5839477 ]",0.438280880451202,0.46307440999999,"[0.21301323 0.21544737 0.21568781 0.2174772  0.21775168]","[0.22566173 0.22237446 0.2289764  0.21974284 0.22149295]",0.213013231754303,0.219742840000009,0.885665790000019,"[0.87852579 0.87971967 0.8798613  0.88020307 0.88029307]","[0.88825415 0.88812693 0.88803551 0.88566579 0.88682713]",0.878525793552399,2,"22539_2,2,1_0.1_True",0.549938857038328,0.957888338708107
"dcgat-agm003332763","(0, 1, 0)",0.25,"Ag-0.333-Au-0.222-Zn-0.444","True","[1.15643382 1.15652776 1.16385961 1.16508198 1.16524124]","[1.05183521 1.05128308 1.05057672 1.04859604 1.05008944]",1.15643382072449,1.04859604000001,"[-0.07203269 -0.07091254 -0.07075435 -0.07052404 -0.07024515]","[-0.0395066  -0.03598837 -0.03735785 -0.03863343 -0.03908446]",-0.0720326900482177,-0.0395065999999957,"[0.01729333 0.01900613 0.02013761 0.02100748 0.02213413]","[-0.03970589 -0.03115384 -0.03844676 -0.041203   -0.04145124]",0.0172933340072631,-0.0414512400000006,"[0.05452871 0.05647546 0.0572412  0.07180548 0.09361136]","[-0.02055839 -0.01971954 -0.02203252 -0.00853275  0.02050491]",0.0545287132263183,-0.022032519999982,"[0.28479117 0.28480083 0.28557605 0.28631109 0.28782398]","[0.22238895 0.22426265 0.22333217 0.24918218 0.24815939]",0.284791171550751,0.222388950000003,-0.23315083,"[-0.13559884 -0.13487834 -0.13485646 -0.13452929 -0.13417262]","[-0.23315083 -0.2326459  -0.23251103 -0.23294374 -0.22760034]",-0.135598838329315,3,"32308_0,1,0_0.25_True",0.697675797644403,0.0323426379754557
"dcgat-agm003422529","(1, 1, 0)",0.25,"Ag-0.167-Au-0.5-Cu-0.333","True","[0.89326376 0.8934477  0.89972812 0.90256292 0.90374798]","[1.13939259 1.13946503 1.13867767 1.1406785  1.1386095 ]",0.893263757228851,1.1386095,"[-0.5111872  -0.51080137 -0.51038337 -0.51031828 -0.50934237]","[-0.43794899 -0.43595621 -0.43532186 -0.43786286 -0.43480584]",-0.511187195777893,-0.437948989999995,"[0.01141816 0.01178801 0.01254201 0.0129503  0.01312852]","[0.02283554 0.02221419 0.02715145 0.01876445 0.0208625 ]",0.0114181637763977,0.0187644499999919,"[0.25677007 0.26321024 0.26807994 0.26958913 0.27138942]","[0.32200706 0.32030083 0.32177685 0.32191229 0.27998589]",0.256770074367523,0.279985890000006,"[0.18657076 0.18788707 0.18883008 0.18912804 0.19058609]","[0.22517153 0.2252311  0.22569251 0.2256179  0.228199  ]",0.186570763587952,0.225171529999983,0.693665040000013,"[0.65622669 0.65749389 0.66100281 0.66220981 0.66251022]","[0.69471122 0.69482779 0.69366504 0.69597344 0.69664081]",0.656226694583893,3,"28732_1,1,0_0.25_True",0.763901253857509,0.227255884488054
"dcgat-agm003764957","(2, 1, 1)",0.208305504497571,"Ag-0.75-Au-0.125-Cd-0.125","False","[2.01048803 2.01165891 2.01805544 2.01823187 2.02289891]","[2.0160262  2.01569432 2.01373912 2.01896147 2.01682443]",2.01048803329468,2.01373912000001,"[-0.28354257 -0.28243831 -0.28110215 -0.28068972 -0.2806772 ]","[-0.19058032 -0.18609121 -0.19076618 -0.18743321 -0.20340017]",-0.283542573451996,-0.203400169999981,"[-0.07266849 -0.07152599 -0.07082784 -0.07050759 -0.06717891]","[-0.06352832 -0.06266137 -0.06286017 -0.06452711 -0.06301948]",-0.0726684927940368,-0.0645271099999718,"[0.04950649 0.06206936 0.08285803 0.0862307  0.09022534]","[0.10946577 0.1168316  0.1516355  0.14943889 0.15124834]",0.0495064854621887,0.109465769999986,"[0.20715547 0.21107745 0.21142423 0.21164721 0.21188295]","[0.22689051 0.22518134 0.22607418 0.225754   0.22777384]",0.207155466079712,0.225181340000006,0.211819969999993,"[0.1653403  0.16934401 0.17043644 0.17047185 0.17282128]","[0.21590733 0.21561776 0.21370073 0.21181997 0.21513426]",0.165340304374695,3,"24523_2,1,1_0.208_False",0.636270907127693,1
"dcgat-agm003031711","(1, 1, -2)",0.0656032784168343,"Ag-0.333-In-0.333-Sn-0.333","True","[1.26240396 1.26723289 1.29961085 1.30054903 1.30080771]","[1.56401157 1.45842328 1.57639576 1.57936525 1.61457012]",1.26240396499634,1.45842328000001,"[-0.36612317 -0.35835835 -0.33883834 -0.33097282 -0.32859427]","[-0.08679003 -0.08566029 -0.08485835 -0.07487974 -0.06448391]",-0.366123169660568,-0.086790030000003,"[-0.15616888 -0.09912032 -0.03986341 -0.03540444 -0.03324062]","[0.13064703 0.04304329 0.1517242  0.06943255 0.2463355 ]",-0.156168878078461,0.0430432899999999,"[0.05513555 0.05833375 0.06305933 0.08039296 0.0806846 ]","[0.0989541  0.0927835  0.08610094 0.11011979 0.28445436]",0.0551355481147766,0.0861009400000085,"[0.18051183 0.18347198 0.1909579  0.19104069 0.19142675]","[0.23480844 0.22762331 0.22535697 0.22526876 0.2287171 ]",0.180511832237244,0.225268760000006,0.0853767300000072,"[-0.18622237 -0.17100412 -0.17091119 -0.16451794 -0.15823489]","[0.08537673 0.11167859 0.11696114 0.10709798 0.0884144 ]",-0.18622237443924,3,"28485_1,1,-2_0.066_True",0.372840740756636,0.283394620169492
"dcgat-agm003194964","(1, 1, 0)",0.25,"Au-0.4-Zn-0.6","True","[1.32321644 1.32623839 1.35122895 1.35216689 1.35430813]","[1.47341409 1.47453414 1.47457797 1.47224663 1.47575836]",1.32321643829346,1.47224663,"[-0.08602542 -0.08186305 -0.08056498 -0.08025259 -0.07926661]","[0.03838902 0.03784166 0.03739601 0.04092114 0.03801305]",-0.0860254168510437,0.037396010000009,"[-1.48705745 -1.43909478 -1.08937716 -0.01744598 -0.01351005]","[1.60961312 1.58620872 1.55818404 0.10092425 0.10085726]",-1.48705744743347,0.100857259999998,"[0.0285179  0.03391451 0.08075285 0.08518445 0.08566862]","[0.15287646 0.1467101  0.1627569  0.16331471 0.16583513]",0.0285179018974304,0.146710100000007,"[0.15483934 0.15661186 0.15802866 0.15829724 0.15877151]","[0.22765465 0.22840548 0.22921964 0.231933   0.22840376]",0.154839336872101,0.227654650000005,-0.0696467099999722,"[-0.16346955 -0.1588335  -0.15845025 -0.15564817 -0.15447313]","[-0.0625397  -0.06528844 -0.06741067 -0.06635903 -0.06964671]",-0.163469552993774,2,"33462_1,1,0_0.25_True",0.574754417386682,1
"dcgat-agm003440993","(1, 2, -2)",0.241527603184065,"Ag-0.571-Au-0.286-Zn-0.143","True","[1.64319158 1.64427733 1.64473748 1.64491081 1.64600396]","[1.74374307 1.74766059 1.74642963 1.749429   1.75680504]",1.64319157600403,1.74374307000001,"[-0.38775072 -0.38675874 -0.38657373 -0.38566497 -0.38536364]","[-0.28123172 -0.28490811 -0.2884306  -0.2866489  -0.2847472 ]",-0.387750715017319,-0.288430599999998,"[-0.67040706 -0.15870786 -0.15413141 -0.13719457 -0.13558424]","[ 1.56198412 -0.08974649 -0.09169278 -0.09044444 -0.09023153]",-0.670407056808472,-0.0916927800000024,"[-0.02662104 -0.01960039 -0.00946456 -0.00043356  0.00153583]","[0.04873929 0.04206316 0.04917895 0.04311378 0.07298525]",-0.0266210436820983,0.042063160000012,"[0.13824314 0.13906634 0.14065683 0.14073795 0.14138341]","[0.22928798 0.22811346 0.23336379 0.23195556 0.22879873]",0.138243138790131,0.228113460000003,0.255285970000003,"[0.19405359 0.19715536 0.19857973 0.20022058 0.20074731]","[0.25558106 0.2600547  0.25528597 0.27027877 0.26012583]",0.194053590297699,3,"17448_1,2,-2_0.242_True",0.682043998063915,1
"dcgat-agm003166456","(2, 1, 2)",0.167133742203227,"Ag-0.25-Au-0.25-Tl-0.5","True","[1.92749262 1.92987275 1.93789458 1.94238305 1.94458008]","[1.83151023 1.84042335 1.84366521 1.83574722 1.84018412]",1.92749261856079,1.83151023,"[-0.09938103 -0.09655452 -0.0957464  -0.0934726  -0.08826125]","[-0.1793492  -0.18278358 -0.18494663 -0.18126966 -0.18098359]",-0.0993810296058654,-0.184946629999999,"[-0.20335054 -0.18372381 -0.17706645 -0.16341358 -0.13502944]","[-0.10067703 -0.10916204 -0.10935813 -0.09670968 -0.12313477]",-0.20335054397583,-0.123134769999993,"[0.25227374 0.26248044 0.26639611 0.27370554 0.27962118]","[0.27113543 0.27146703 0.27360646 0.27189841 0.20212309]",0.252273738384247,0.202123090000015,"[0.22829479 0.22908986 0.23468167 0.2397368  0.23985028]","[0.22840656 0.2384273  0.25440844 0.25961812 0.23456444]",0.228294789791107,0.228406560000003,0.0900712500000082,"[0.19806027 0.20339859 0.20348769 0.21009094 0.22867459]","[0.09007125 0.0974344  0.09123015 0.10805006 0.14965143]",0.198060274124146,3,"31547_2,1,2_0.167_True",0.276636589238251,1
"dcgat-agm003288320","(2, 0, 1)",0,"Ag-0.714-Sn-0.286","True","[1.70071673 1.70637941 1.70653248 1.71135211 1.71171165]","[1.66843023 1.66569699 1.67001249 1.66551842 1.66425358]",1.7007167339325,1.66425357999998,"[-0.09976631 -0.0188123  -0.00419468 -0.00046629  0.00220025]","[0.02302415 0.07225105 0.05199067 0.08492485 0.09224941]",-0.0997663140296936,0.0230241499999976,"[-1.15995061  0.19678986  0.20052892  0.20252347  0.20270753]","[1.63257009 0.30234941 0.29285132 0.29713075 0.28628985]",-1.15995061397553,0.286289850000003,"[0.32264191 0.33013421 0.33328849 0.33843142 0.34060007]","[0.43040006 0.424606   0.40962891 0.42326286 0.41469237]",0.322641909122467,0.409628909999981,"[0.23063076 0.23127335 0.2314229  0.23354679 0.2364012 ]","[0.23321168 0.23396277 0.23839874 0.2308129  0.22892411]",0.2306307554245,0.228924110000008,0.312627200000009,"[0.22715205 0.23068917 0.23157007 0.23217213 0.23375052]","[0.31278353 0.3160459  0.3126272  0.31723336 0.31650632]",0.227152049541473,2,"23260_2,0,1_0.0_True",0.364561316679248,0.360089341956602
"dcgat-agm003297312","(1, 1, -2)",0.16592660214504,"Ag-0.8-In-0.2","True","[1.85577846 1.85845089 1.8586781  1.86066866 1.86113429]","[2.02508683 2.05037128 2.04110722 2.04202358 2.02559244]",1.85577845573425,2.02508683000001,"[-0.05739623 -0.05688488 -0.05566037 -0.05332404 -0.05322391]","[-0.00482541 -0.00827264 -0.00990728 -0.00757452 -0.0139644 ]",-0.0573962330818176,-0.013964400000006,"[0.37181836 0.37691957 0.37995011 0.38320881 0.38410383]","[0.42211565 0.40186841 0.35841228 0.37466959 0.35669689]",0.371818363666534,0.356696889999995,"[0.49446672 0.4980194  0.49812454 0.50204724 0.50311762]","[0.4980993  0.50063657 0.49961611 0.47972696 0.47869282]",0.494466722011566,0.478692820000006,"[0.24332577 0.24520487 0.24606031 0.24628097 0.24752063]","[0.23848866 0.23325068 0.23043423 0.23413121 0.23427069]",0.243325769901276,0.23043423,0.402571249999994,"[0.41796654 0.41811818 0.41879243 0.41941899 0.41992253]","[0.40257125 0.4060826  0.40332429 0.40442755 0.40480213]",0.417966544628143,2,"17020_1,1,-2_0.166_True",0.540013194102472,0.32828119878124
"dcgat-agm003292058","(0, 0, 1)",0.25,"Ag-0.556-Zn-0.444","True","[0.62730664 0.62900394 0.63214546 0.63248104 0.63269788]","[0.59090276 0.57928037 0.5785926  0.58458944 0.58096364]",0.627306640148163,0.5785926,"[-0.27233076 -0.26850957 -0.26755223 -0.26574269 -0.26531047]","[-0.12610141 -0.12690426 -0.1232949  -0.12226536 -0.12294115]",-0.272330760955811,-0.126904260000003,"[-0.37213129 -0.3715024  -0.3703326  -0.36953965 -0.36881372]","[-0.34814553 -0.35180228 -0.35016617 -0.34737568 -0.35240022]",-0.372131288051605,-0.352400220000007,"[-0.22968531 -0.22662878 -0.225146   -0.21745753 -0.19735312]","[-0.20922738 -0.20727519 -0.20775844 -0.19449608 -0.19321973]",-0.229685306549072,-0.209227380000002,"[0.20745677 0.20905352 0.21179867 0.21289706 0.2141242 ]","[0.23187819 0.233619   0.23629081 0.23291173 0.23499618]",0.207456767559052,0.231878189999996,-0.301618250000004,"[-0.34635511 -0.34376964 -0.34204632 -0.34106842 -0.34091154]","[-0.30023321 -0.2989881  -0.30161825 -0.30094014 -0.29601816]",-0.346355110406876,2,"18515_0,0,1_0.25_True",0.736819673917228,0.0018626736336717
"dcgat-agm002384617","(1, 0, 1)",0.0514061945375098,"Au-0.8-Zn-0.2","False","[1.60291648 1.60610938 1.60815287 1.60953069 1.60988379]","[1.69758414 1.68374858 1.69293752 1.68632769 1.69384878]",1.60291647911072,1.68374858000001,"[-0.19020861 -0.1885196  -0.18784446 -0.18751055 -0.18714696]","[-0.11065414 -0.12453601 -0.1255255  -0.12131476 -0.12583553]",-0.190208613872528,-0.125835529999989,"[-0.2327109  -0.19997221 -0.19910318 -0.18798059 -0.18790644]","[-0.12849629  0.03161031 -0.12573812  0.03080282 -0.12642099]",-0.232710897922516,-0.128496290000015,"[-0.07185268 -0.06209469 -0.05870843 -0.05638385 -0.0514425 ]","[-0.01053539 -0.01173315 -0.01372442 -0.01267256 -0.00954437]",-0.0718526840209961,-0.0137244199999599,"[0.03097069 0.13531268 0.20392615 0.20602512 0.21390623]","[0.23270883 0.31035682 0.36569492 0.3696247  0.36389992]",0.0309706926345825,0.232708830000007,0.308686039999998,"[0.22308481 0.2255373  0.22580254 0.22817916 0.2285316 ]","[0.32822801 0.31596784 0.32466939 0.30868604 0.32533053]",0.223084807395935,2,"25547_1,0,1_0.051_False",0.640882279235549,0.410425145558077
"dcgat-agm003292059","(1, 1, 0)",0.25,"Ag-0.444-Au-0.556","True","[1.53642511 1.53831673 1.5392406  1.53972268 1.53986049]","[1.58453545 1.5836774  1.5839039  1.58185058 1.58305558]",1.53642511367798,1.58185057999998,"[-0.1920445  -0.19061852 -0.18882012 -0.1861394  -0.18587649]","[-0.09888954 -0.09897437 -0.100429   -0.10127502 -0.10033559]",-0.192044496536255,-0.101275020000003,"[0.03858566 0.03962326 0.04001564 0.04083472 0.04190606]","[0.05536561 0.05535457 0.05346692 0.05376202 0.05603246]",0.0385856628417968,0.0534669200000053,"[0.32188457 0.32223648 0.32910293 0.32973105 0.33626288]","[0.3648758  0.36132368 0.36199617 0.35511651 0.35349122]",0.321884572505951,0.353491219999995,"[0.22459245 0.22495109 0.22508997 0.22528303 0.22545391]","[0.23822104 0.23382621 0.23688082 0.23350125 0.23742861]",0.224592447280884,0.233501250000018,0.891193539999989,"[0.88168663 0.8832404  0.8839435  0.88401157 0.88408834]","[0.89403682 0.90187068 0.89164866 0.89119354 0.89130845]",0.881686627864838,2,"18510_1,1,0_0.25_True",0.609962651605885,0.184386195191344
"dcgat-agm003592332","(0, 0, 1)",0.25,"Ag-0.444-Au-0.444-Cd-0.111","True","[1.64552069 1.6455822  1.650877   1.65511227 1.65527487]","[1.57940516 1.58129131 1.5780055  1.58371279 1.57914453]",1.64552068710327,1.5780055,"[-0.18153471 -0.17877573 -0.17680246 -0.17567289 -0.17557955]","[-0.12479109 -0.12984288 -0.13191723 -0.13439714 -0.13227697]",-0.181534707546234,-0.134397140000004,"[-0.05615872 -0.0554902  -0.05495256 -0.0541932  -0.05326205]","[-0.11495437 -0.11729194 -0.11818463 -0.11640812 -0.11766665]",-0.0561587214469909,-0.118184630000002,"[0.29961687 0.30216855 0.30274147 0.30496067 0.30576628]","[0.28223807 0.28241    0.28465984 0.28973128 0.28457322]",0.299616873264313,0.282238070000005,"[0.26979345 0.27077228 0.27112931 0.27152771 0.27183062]","[0.23949861 0.23520537 0.23866696 0.30331996 0.30259192]",0.269793450832367,0.235205370000003,0.374988729999998,"[0.38536364 0.38632339 0.38894647 0.38907522 0.38970786]","[0.37632703 0.37691189 0.37498873 0.37635521 0.37840236]",0.385363638401032,3,"21784_0,0,1_0.25_True",0.614264032108215,0.0375379415573107
"dcgat-agm003387821","(1, 1, -2)",0.16772256967729,"Ag-0.2-Au-0.4-Cd-0.4","True","[1.75075936 1.75202847 1.75596046 1.75712776 1.7589035 ]","[1.6884419  1.68868818 1.68279152 1.68078906 1.68144493]",1.75075936317444,1.68078906,"[-0.14893037 -0.02186316 -0.01932806 -0.01831853 -0.01808447]","[-0.01568796  0.02711201 -0.07770127 -0.11196734  0.02658606]",-0.148930370807648,-0.11196734,"[0.02612358 0.03118926 0.03193873 0.03268266 0.03666472]","[0.04463753 0.03704075 0.04360903 0.04588121 0.03683194]",0.0261235833168029,0.036831939999999,"[0.30392832 0.36468238 0.38241678 0.38398296 0.38478249]","[0.35283297 0.39678087 0.3794874  0.43445189 0.4286743 ]",0.303928315639496,0.352832970000009,"[0.27173287 0.27250499 0.27411717 0.27436882 0.2748726 ]","[0.23522582 0.26553108 0.23644473 0.2394801  0.2371458 ]",0.271732866764069,0.235225820000004,0.138993790000001,"[0.15776956 0.16072297 0.16327095 0.1635468  0.16387105]","[0.13899379 0.14068046 0.14258857 0.13944227 0.15381938]",0.157769560813904,3,"20757_1,1,-2_0.168_True",0.496311421110759,0.223425801985946
"dcgat-agm003264452","(2, 2, 1)",0.100058008241317,"Ag-0.625-Au-0.375","True","[1.84135938 1.84222031 1.84224463 1.84320998 1.84490132]","[1.82888763 1.82669569 1.82878256 1.82868643 1.82900273]",1.84135937690735,1.82669568999998,"[-0.14587939 -0.13633657 -0.135598   -0.09262258 -0.09208894]","[-0.00224568 -0.00460295 -0.0068898  -0.02659105  0.01368948]",-0.14587938785553,-0.026591049999979,"[0.06837535 0.07047623 0.07161695 0.07344633 0.07439953]","[0.06895771 0.06764499 0.06734166 0.0758435  0.07312636]",0.0683753490447998,0.0673416600000109,"[0.54099184 0.54340929 0.54817492 0.55086476 0.55243081]","[0.56499171 0.56641164 0.5571531  0.54971909 0.57113874]",0.540991842746735,0.549719089999996,"[0.24790186 0.2487672  0.24906331 0.24909359 0.25003928]","[0.23711758 0.23733443 0.23769196 0.23899633 0.23634443]",0.247901856899261,0.236344430000003,0.687254999999993,"[0.67936462 0.67941672 0.68082231 0.68141717 0.68166298]","[0.68841066 0.687255   0.6883183  0.68770184 0.68819379]",0.679364621639252,2,"17100_2,2,1_0.1_True",0.56257977306067,0.813292707277738
"dcgat-agm002281859","(1, 1, 1)",0.0350072768778344,"Au-0.429-In-0.571","False","[1.83994842 1.87308049 1.87393475 1.87441301 1.8754108 ]","[1.78603521 2.0181578  2.02489223 2.03338189 2.03139065]",1.83994841575623,1.78603520999999,"[-0.34259036 -0.3420859  -0.34135935 -0.33936894 -0.3392739 ]","[-0.16319297 -0.17691983 -0.16565342 -0.16933514 -0.16536526]",-0.342590361833572,-0.176919830000003,"[-2.22300315 -0.09559113 -0.09483016 -0.09415102 -0.0940178 ]","[ 1.49937101 -0.02806791 -0.02141022 -0.00812646 -0.02011727]",-2.22300314903259,-0.0280679100000043,"[0.13606054 0.14206338 0.15249521 0.15699917 0.16439819]","[0.21482705 0.22407302 0.22425038 0.26097979 0.28350226]",0.136060535907745,0.214827050000025,"[0.19279462 0.19381899 0.19459862 0.19561857 0.19599116]","[0.23763148 0.23791092 0.23723341 0.24452503 0.24009945]",0.192794620990753,0.237233410000002,0.25571712,"[0.17545605 0.20997089 0.21980494 0.22761458 0.23764062]","[0.25571712 0.29792979 0.28998201 0.27336745 0.28411296]",0.175456047058105,2,"22276_1,1,1_0.035_False",0.421485799697412,0.760823192422344
"dcgat-agm003466417","(1, 2, 0)",0.166666666666667,"Ag-0.625-Au-0.125-Zn-0.25","True","[1.78958511 1.79446721 1.79934025 1.8057301  1.81152201]","[1.94446735 1.94153826 1.94541056 1.95084896 1.94717854]",1.78958511352539,1.94153826,"[-0.15610451 -0.15360385 -0.06827098 -0.05102056 -0.0419814 ]","[0.0143753  0.01267195 0.0831607  0.10332231 0.08800762]",-0.156104505062103,0.0126719499999836,"[0.1120584  0.11397988 0.11451346 0.11466569 0.1149919 ]","[0.17980873 0.18434407 0.18025342 0.18286425 0.18576805]",0.112058401107788,0.179808729999991,"[0.40227503 0.40421623 0.41485649 0.41567153 0.42394978]","[0.41727603 0.41367755 0.43528393 0.44755341 0.44799889]",0.402275025844574,0.413677550000003,"[0.24974471 0.25090128 0.25117987 0.25276023 0.25386482]","[0.23921687 0.23762866 0.23886917 0.24134313 0.24133284]",0.249744713306427,0.237628659999999,0.203205039999986,"[0.19918364 0.2005434  0.20070797 0.20292777 0.20353359]","[0.20553503 0.20320504 0.20430026 0.20730053 0.20447304]",0.199183642864227,3,"19659_1,2,0_0.167_True",0.55012244621221,0.893736579607429
"dcgat-agm003203293","(1, 1, -2)",0.139113118942601,"Ag-0.833-Au-0.167","False","[1.67254305 1.6729877  1.67539763 1.67580581 1.67585611]","[1.67511426 1.67500275 1.67555301 1.67462669 1.67542183]",1.67254304885864,1.67462668999997,"[-0.25221539 -0.25107795 -0.2504884  -0.24998492 -0.24812198]","[-0.15261391 -0.1497639  -0.15050827 -0.14837057 -0.14596501]",-0.252215385437012,-0.152613910000014,"[-0.04223478 -0.04213601 -0.04201567 -0.04180062 -0.04097533]","[-0.02156979 -0.02132425 -0.0202579  -0.02071629 -0.02216769]",-0.0422347784042358,-0.0221676900000034,"[0.33892995 0.33960003 0.34036535 0.34642154 0.35743362]","[0.3501689  0.35140413 0.34975366 0.34949512 0.37643968]",0.338929951190949,0.349495119999972,"[0.23977304 0.24020875 0.24039197 0.24152738 0.24165463]","[0.24098626 0.24222422 0.23927309 0.24078534 0.2384218 ]",0.239773035049438,0.238421799999998,0.537268969999985,"[0.54848295 0.54866201 0.54914838 0.54935426 0.54939276]","[0.53839338 0.53726897 0.53772171 0.53829296 0.53844133]",0.548482954502106,2,"20728_1,1,-2_0.139_False",0.599528910043634,0.732201784396774
"dcgat-agm003734770","(1, 1, -2)",0.166666666666667,"Ag-0.167-Cd-0.667-Pd-0.167","True","[1.46875763 1.47621703 1.47770882 1.47876024 1.48363614]","[1.42184213 1.41038758 1.41308917 1.40916721 1.40896856]",1.46875762939453,1.40896856,"[-0.75334048 -0.75257802 -0.75184417 -0.75151783 -0.75131917]","[-0.74415175 -0.75065709 -0.75191726 -0.76045398 -0.75561538]",-0.753340482711792,-0.760453979999994,"[-0.11881471 -0.11525369 -0.11457175 -0.11439711 -0.11438984]","[-0.11833854 -0.11789951 -0.13610302 -0.13359792 -0.13802721]",-0.118814706802368,-0.138027210000004,"[0.38469464 0.38932544 0.40488976 0.42253536 0.42374259]","[0.39741147 0.3997574  0.39652347 0.42011308 0.45537428]",0.384694635868073,0.396523470000005,"[0.23902857 0.24288803 0.24431551 0.24783081 0.24848086]","[0.23942937 0.24096061 0.24075726 0.23972289 0.24140529]",0.239028573036194,0.239429370000003,0.324480010000002,"[0.3322323  0.33382088 0.33642107 0.33750862 0.33802611]","[0.32448001 0.3290376  0.32711981 0.32899889 0.32682862]",0.332232296466827,3,"24986_1,1,-2_0.167_True",0.439391765413792,0.598461629929306
"dcgat-agm003303590","(1, 1, 2)",0.0013376765531298,"Ag-0.286-Au-0.429-Zn-0.286","True","[1.42417383 1.42846584 1.4334054  1.43427229 1.43506098]","[1.33121969 1.33501764 1.3306083  1.33138033 1.33122775]",1.4241738319397,1.33060829999999,"[-0.13898849 -0.13850766 -0.05497873 -0.04834944 -0.04726362]","[ 0.01127377 -0.00330885  0.02294744  0.0210565   0.01251669]",-0.138988494873047,-0.0033088500000104,"[0.03584898 0.03652316 0.03675103 0.03744674 0.03826159]","[0.08221223 0.08206415 0.08643948 0.08502951 0.09183249]",0.0358489751815795,0.0820641499999936,"[0.28069144 0.34546262 0.41696984 0.42537159 0.43828005]","[0.19682143 0.37196345 0.37186383 0.48327346 0.39478219]",0.28069144487381,0.19682143,"[0.23514843 0.23515666 0.23720282 0.23892069 0.23985547]","[0.24245886 0.24321655 0.24184324 0.23969821 0.24401541]",0.235148429870605,0.23969821,-0.0094103500000102,"[0.11319417 0.11825579 0.11853391 0.11865282 0.12434667]","[-0.0089087   0.00343607 -0.00627923 -0.00941035 -0.00231598]",0.113194167613983,3,"28408_1,1,2_0.001_True",0.535365480734578,0.45932714680612
"dcgat-agm003640973","(1, 1, 0)",0.25,"Ag-0.4-Cd-0.5-Cu-0.1","True","[1.42113757 1.4301331  1.43384433 1.43448615 1.43570566]","[1.33699316 1.342622   1.33267237 1.35207588 1.3294438 ]",1.42113757133484,1.32944380000001,"[-0.46893686 -0.46793887 -0.46769208 -0.46722648 -0.46722385]","[-0.41014542 -0.42769038 -0.41886727 -0.41439843 -0.4181162 ]",-0.468936860561371,-0.427690380000001,"[-1.45526099  0.09619904  0.09934908  0.10007215  0.10464203]","[2.22054237 0.07229717 0.08585291 0.0699142  0.10112575]",-1.45526099205017,0.0699141999999994,"[0.30898398 0.31802064 0.31933624 0.31946427 0.32372731]","[0.25580631 0.27389398 0.29213352 0.29490566 0.2673657 ]",0.308983981609345,0.255806309999997,"[0.23012865 0.23071331 0.23161256 0.23164356 0.23183984]","[0.24036171 0.24495143 0.24145973 0.24004198 0.24389441]",0.230128645896912,0.240041980000001,0.113280669999995,"[0.18243152 0.2090981  0.2419157  0.24269503 0.24355745]","[0.11328067 0.15184692 0.19690301 0.20639165 0.19700043]",0.182431519031525,3,"17290_1,1,0_0.25_True",0.526457138236857,0.358544714170077
"dcgat-agm003374262","(0, 1, 0)",0.25,"Ag-0.417-Au-0.167-Zn-0.417","True","[0.98700529 0.98730296 0.98932761 0.99015635 0.9919588 ]","[0.88791677 0.87632854 0.88171691 0.88635315 0.88181612]",0.987005293369293,0.876328540000003,"[-0.10916591 -0.10556585 -0.10522401 -0.10506618 -0.10315037]","[-0.08809533 -0.08791035 -0.09251584 -0.08748877 -0.08841772]",-0.109165906906128,-0.0925158399999759,"[0.08719128 0.09135419 0.10559261 0.12476563 0.13299358]","[0.13922665 0.12733641 0.17927729 0.19503022 0.14054206]",0.0871912837028503,0.127336410000027,"[0.07224751 0.08005345 0.09887081 0.10397506 0.11374772]","[0.07883107 0.07931806 0.12700857 0.1022137  0.10812754]",0.0722475051879882,0.0788310700000067,"[0.26129943 0.26218539 0.26251143 0.26775426 0.26876289]","[0.24233028 0.24143542 0.24250822 0.24095634 0.24102728]",0.261299431324005,0.240956339999997,-0.150384029999998,"[-0.19560128 -0.18665624 -0.18662775 -0.18465167 -0.18405211]","[-0.135372   -0.15038403 -0.15022059 -0.14732724 -0.14592211]",-0.195601284503937,3,"26169_0,1,0_0.25_True",0.649210860060604,0.341247298234697
"dcgat-agm003470798","(1, 0, 0)",0.25,"Ag-0.25-Au-0.125-Zn-0.625","True","[0.66948348 0.67004234 0.67131716 0.6730333  0.67332214]","[0.59297815 0.5937517  0.58882288 0.59599716 0.58587911]",0.669483482837677,0.585879110000008,"[-0.14336491 -0.10756463 -0.10639638 -0.10459965 -0.10412169]","[ 0.00812196 -0.04787645 -0.04778252 -0.05079018 -0.04205249]",-0.143364906311035,-0.0507901799999928,"[-0.14073062 -0.13963956 -0.13699484 -0.13600284 -0.13563472]","[-0.17237326 -0.16625017 -0.16987966 -0.16766101 -0.16753492]",-0.140730619430542,-0.172373260000001,"[-0.03395951 -0.02703261 -0.01843047 -0.01557958 -0.01498336]","[-0.06272088 -0.0604579  -0.05909341 -0.18772268 -0.05985424]",-0.0339595079421997,-0.187722679999993,"[0.27719969 0.27819401 0.27924079 0.27984053 0.28036803]","[0.24170743 0.25097063 0.2436244  0.25503786 0.24655156]",0.277199685573578,0.241707430000005,-0.229316049999994,"[-0.17790478 -0.17505634 -0.17504245 -0.17441487 -0.17437065]","[-0.20762316 -0.22760326 -0.22848971 -0.22931605 -0.22768326]",-0.177904784679413,3,"20905_1,0,0_0.25_True",0.708177658556064,1
"dcgat-agm003263461","(0, 1, 2)",0.166666666666667,"Ag-0.75-Cd-0.25","True","[2.3866756  2.38898492 2.38972139 2.3908577  2.39195085]","[2.30549204 2.30574332 2.30362543 2.30463857 2.30450086]",2.38667559623718,2.30362543,"[-0.20974749 -0.20941019 -0.20705748 -0.20627946 -0.20548958]","[-0.0884739  -0.09619686 -0.09653425 -0.09627246 -0.09314117]",-0.209747493267059,-0.0965342500000048,"[0.33690935 0.33721894 0.33789521 0.33946556 0.33973759]","[0.3646345  0.36110713 0.35999661 0.3614531  0.35991506]",0.336909353733063,0.359915059999992,"[0.22361892 0.23157662 0.2333433  0.23540604 0.23632312]","[0.21881259 0.22731486 0.21984502 0.22268049 0.21955396]",0.223618924617767,0.218812589999999,"[0.27903718 0.27948684 0.28073043 0.2807408  0.28083664]","[0.24619338 0.24675827 0.24233948 0.2448101  0.24448331]",0.279037177562714,0.242339479999998,0.311690799999994,"[0.31118268 0.31261462 0.31282037 0.31302851 0.31387573]","[0.31206037 0.3116908  0.31175248 0.31262773 0.31419835]",0.311182677745819,2,"19449_0,1,2_0.167_True",0.537566407436476,0.515531198453421
"dcgat-agm003528153","(1, 0, -1)",0.25,"Au-0.182-Cd-0.727-Cu-0.091","True","[1.1830256  1.22383022 1.30853844 1.37473798 1.41972876]","[1.30755265 1.31887593 1.64052708 1.67768598 1.68440876]",1.183025598526,1.30755265000001,"[-0.19368351 -0.1933884  -0.19104183 -0.18867803 -0.18374532]","[-0.05047163 -0.04898564 -0.03897329 -0.02830952 -0.04496936]",-0.193683505058289,-0.0504716300000041,"[-2.51883841 -1.54581285 -1.35733473 -1.10204411 -0.97708338]","[1.60712447 1.98034247 1.47194434 1.34661164 1.50464723]",-2.51883840560913,1.34661163999999,"[-0.05457801 -0.04660559 -0.04606909  0.00865155  0.03541118]","[-0.00551978  0.01116182 -0.0051988   0.06398214  0.15824008]",-0.0545780062675476,-0.0055197800000001,"[0.03177249 0.14749545 0.15768766 0.16134101 0.16600204]","[0.24524451 0.2429124  0.25345324 0.24915059 0.24887746]",0.031772494316101,0.242912400000009,-0.0550966600000037,"[-0.08475435 -0.08371431 -0.08272219 -0.08137137 -0.08104217]","[-0.04610134 -0.04861854 -0.05184462 -0.05191562 -0.05509666]",-0.0847543478012085,3,"24756_1,0,-1_0.25_True",0.480826176553673,0.0016067319137346
"dcgat-agm003326866","(0, 1, 0)",0.25,"Ag-0.375-Au-0.25-Cd-0.375","True","[1.8077724  1.81141853 1.81142068 1.81310153 1.81383967]","[1.78490738 1.78493979 1.78413477 1.78763086 1.78383984]",1.807772397995,1.78383984,"[-0.14669037 -0.14553666 -0.14424515 -0.14421207 -0.14369148]","[-0.12325857 -0.12338257 -0.12561288 -0.11380397 -0.01103433]",-0.146690368652344,-0.125612880000006,"[-0.05865115 -0.05844039 -0.05802339 -0.05790818 -0.05763495]","[-0.07349849 -0.07059558 -0.07308904 -0.07375957 -0.07572926]",-0.0586511492729187,-0.0757292600000028,"[0.24558967 0.24598247 0.2471754  0.24791783 0.25059801]","[0.2596276  0.25731707 0.2550182  0.25449021 0.25388196]",0.245589673519135,0.253881960000001,"[0.25594538 0.25635129 0.25921816 0.25930125 0.26052588]","[0.24476983 0.2437409  0.24424196 0.24510322 0.24399223]",0.255945384502411,0.243740900000006,0.30340726,"[0.26472169 0.26732081 0.26767653 0.26951045 0.27067584]","[0.3078533  0.30379873 0.30387153 0.30340726 0.30418553]",0.264721691608429,3,"17158_0,1,0_0.25_True",0.577036544963493,0.0643193715479895
"dcgat-agm003322910","(1, 0, 1)",0.0132166656789567,"Au-0.636-Cd-0.182-Ga-0.182","True","[1.61402965 1.62180614 1.83735871 1.88666654 1.96218157]","[1.92012583 1.93023863 1.95006136 2.44556426 2.24524383]",1.6140296459198,1.92012583,"[-0.57528698 -0.5752762  -0.57344639 -0.57202208 -0.56977892]","[-0.49600685 -0.49414276 -0.49654885 -0.49853074 -0.49795758]",-0.575286984443665,-0.498530740000007,"[-1.82457042 -1.68451571 -1.61756647 -0.71121156 -0.35874265]","[1.9681335  1.64348484 1.5694925  1.35452667 1.5965077 ]",-1.82457041740417,1.35452667,"[0.02526462 0.05811995 0.05923438 0.09869885 0.10889947]","[0.11374109 0.14487116 0.16125708 0.29683297 0.28038603]",0.0252646207809448,0.113741090000019,"[0.23066688 0.23115087 0.23271674 0.23542279 0.23632014]","[0.30701078 0.31206661 0.24399672 0.24588762 0.2449337 ]",0.230666875839233,0.243996719999998,-0.0887476700000036,"[-0.12494928 -0.12224549 -0.11921322 -0.11881083 -0.11805904]","[-0.08874767 -0.08836178 -0.08270004 -0.08792967 -0.08816167]",-0.124949276447296,3,"30122_1,0,1_0.013_True",0.446608473317527,0
"dcgat-agm003293221","(0, 1, 0)",0.25,"Ag-0.583-Au-0.417","True","[1.92332721 1.92443419 1.9257617  1.92846918 1.92895484]","[1.67931079 1.67906261 1.6783801  1.67944249 1.68303465]",1.92332720756531,1.67838010000001,"[-0.05103087 -0.05030763 -0.05008876 -0.04942054 -0.04914337]","[-0.23946954 -0.23961761 -0.21179297 -0.23646721 -0.22018541]",-0.0510308742523193,-0.239617609999996,"[0.05960441 0.06052732 0.06111288 0.06312203 0.06405979]","[-0.15449381 -0.15330761 -0.15666332 -0.15272248 -0.15948838]",0.0596044063568115,-0.159488379999999,"[0.57059044 0.58929425 0.58996695 0.59054917 0.59231979]","[0.39835933 0.41798295 0.42723943 0.42127375 0.42408277]",0.570590436458588,0.398359330000005,"[0.23978496 0.259965   0.26231772 0.26240295 0.26713175]","[0.24415384 0.25793417 0.2546296  0.25599509 0.26614609]",0.239784955978394,0.24415384000001,0.510440630000005,"[0.71784717 0.71815079 0.71836823 0.71982545 0.71984917]","[0.5108022  0.51136339 0.51044063 0.51121813 0.51205169]",0.717847168445587,2,"30061_0,1,0_0.25_True",0.510339559983141,0.348063759381504
"dcgat-agm003293219","(2, 1, 1)",0.235759278876165,"Ag-0.583-Zn-0.417","True","[0.79366261 0.79446203 0.79823321 0.79922086 0.80417627]","[0.86969273 0.87305925 0.8635294  0.86539146 0.86552762]",0.79366260766983,0.863529400000004,"[-0.24092472 -0.23944378 -0.23598713 -0.2341485  -0.23353934]","[-0.14282016 -0.14496846 -0.13999245 -0.14354287 -0.13643745]",-0.240924715995789,-0.144968460000001,"[-1.89181137 -1.66274118 -1.44659758 -0.18311334 -0.18195659]","[ 1.70431478  1.72831288  1.65101282 -0.15452637 -0.15793565]",-1.89181137084961,-0.157935649999999,"[-0.11006689 -0.06928003 -0.05595744 -0.04106885 -0.03991073]","[-0.05628089 -0.03154352 -0.03477792  0.04418167  0.02767421]",-0.110066890716553,-0.0562808900000106,"[0.2414785  0.24151713 0.24292749 0.24806136 0.24817473]","[0.24597772 0.24735739 0.24642407 0.25021173 0.24788307]",0.241478502750397,0.245977719999999,-0.199867260000005,"[-0.15833002 -0.15758753 -0.15746075 -0.1570816  -0.15673834]","[-0.1983029  -0.19693792 -0.19506855 -0.19986726 -0.19495577]",-0.158330023288727,2,"21800_2,1,1_0.236_True",0.677148363255473,1
"dcgat-agm003268443","(1, 1, 1)",0.0869793224453929,"Ag-0.556-In-0.444","True","[1.59976006 1.60431242 1.6048336  1.60818481 1.61129332]","[1.76586616 1.77039443 1.76446325 1.66311848 1.66015335]",1.59976005554199,1.66015335,"[-0.27111039 -0.26784781 -0.26714006 -0.26512685 -0.25847912]","[-0.17032699 -0.16600708 -0.17303868 -0.17163911 -0.16558837]",-0.271110385656357,-0.173038680000005,"[-1.95530248  0.18974489  0.19141781  0.19154787  0.19253981]","[2.48207991 0.21465204 0.21001819 0.21335219 0.21903973]",-1.95530247688293,0.21001819,"[0.08542246 0.08626229 0.08685422 0.08850724 0.09005851]","[0.10748102 0.12068418 0.10949331 0.1046058  0.10365841]",0.0854224562644958,0.103658410000008,"[0.22754842 0.23047817 0.2308718  0.23139668 0.23237735]","[0.2492958  0.24779614 0.24673743 0.24832223 0.2512878 ]",0.22754842042923,0.24673743000001,0.0944987200000042,"[0.09713715 0.10068959 0.10077602 0.10157508 0.10225868]","[0.09576372 0.1021551  0.09449872 0.09885549 0.10736943]",0.0971371531486511,2,"19769_1,1,1_0.087_True",0.456674379990182,0
"dcgat-agm003466419","(1, 2, 0)",0.154782281168884,"Ag-0.25-Au-0.625-Zn-0.125","True","[1.49014688 1.49144721 1.49153948 1.49154234 1.49158931]","[1.580634   1.58129617 1.58302835 1.58300451 1.58060108]",1.49014687538147,1.58060108000001,"[-0.16471958 -0.16093153 -0.14955002 -0.08293837 -0.08172268]","[-0.01406401 -0.00981921 -0.00482342  0.02655326  0.025685  ]",-0.164719581604004,-0.0140640099999984,"[0.01646507 0.0193153  0.01999629 0.02036345 0.02151763]","[0.06420548 0.06315075 0.06752168 0.10510185 0.07776533]",0.0164650678634643,0.0631507500000054,"[0.41558677 0.42065495 0.42107266 0.42974871 0.4399994 ]","[0.52403623 0.52660535 0.52886327 0.58068875 0.52481976]",0.415586769580841,0.524036230000007,"[0.21126056 0.21218055 0.21251929 0.21258634 0.21289325]","[0.24853306 0.24939107 0.24713875 0.24858877 0.25004998]",0.211260557174683,0.247138750000005,0.592737040000003,"[0.54166883 0.54489893 0.54525691 0.54677945 0.54717225]","[0.62161844 0.61865852 0.59273704 0.60771163 0.60580247]",0.541668832302094,3,"32897_1,2,0_0.155_True",0.512792622824812,0.711389093943844
"dcgat-agm003551731","(1, 0, 0)",0.25,"Ag-0.5-Cu-0.125-Zn-0.375","True","[0.77992183 0.78183538 0.7824077  0.78392488 0.78725582]","[0.84651485 0.845388   0.84588997 0.84792887 0.84939632]",0.77992182970047,0.845388,"[-0.66776711 -0.66764486 -0.6664378  -0.66558886 -0.66497141]","[-0.58264375 -0.57765972 -0.58288619 -0.5826816  -0.57957726]",-0.667767107486725,-0.582886190000011,"[0.06416792 0.06485754 0.06756723 0.06810904 0.0691725 ]","[0.10747629 0.11345852 0.10721349 0.10919483 0.1084106 ]",0.0641679167747497,0.107213489999992,"[0.103769   0.1185984  0.12288964 0.13948911 0.15997899]","[0.14661406 0.14842289 0.15136869 0.17038916 0.17574143]",0.10376900434494,0.14661405999999,"[0.22156286 0.22182661 0.22386718 0.22430903 0.22482282]","[0.25221612 0.25221087 0.25317698 0.24907679 0.24790805]",0.22156286239624,0.247908049999992,0.0604526999999848,"[0.12022799 0.12211418 0.12371784 0.12544072 0.1255672 ]","[0.06261761 0.0604527  0.06336742 0.06649138 0.07781147]",0.120227992534637,3,"23256_1,0,0_0.25_True",0.730326128525994,0.932160658875105
"dcgat-agm003765803","(1, 1, 2)",0.125,"Ag-0.125-Cu-0.125-Zn-0.75","True","[0.88498968 0.88602787 0.88655001 0.88659912 0.88674432]","[0.87104843 0.87006809 0.84144389 0.86885895 0.83971168]",0.884989678859711,0.839711679999994,"[-0.27820179 -0.27631679 -0.27518088 -0.27471852 -0.27470416]","[-0.22799959 -0.21699016 -0.2266773  -0.22687867 -0.22693261]",-0.278201788663864,-0.22799959000001,"[0.23077929 0.24318141 0.24633056 0.25015789 0.25019354]","[0.30450993 0.30088211 0.30663937 0.30575174 0.30347939]",0.23077929019928,0.300882110000003,"[0.37457186 0.37497872 0.37652868 0.38021451 0.38472086]","[0.34799909 0.35307943 0.42277811 0.34942405 0.34678498]",0.374571859836578,0.34678498000001,"[0.25052851 0.25580722 0.25650233 0.25692421 0.25736195]","[0.24975827 0.25043073 0.2524728  0.24831215 0.25100914]",0.250528514385223,0.248312150000004,-0.0997792300000099,"[-0.04488331 -0.04401749 -0.04334265 -0.04296774 -0.04247314]","[-0.09849653 -0.09594987 -0.09977923 -0.09792352 -0.09762932]",-0.0448833107948303,3,"32907_1,1,2_0.125_True",0.465418870882054,0.978755917541096
"dcgat-agm003551631","(1, 0, 0)",0.25,"Ag-0.125-Au-0.5-Cd-0.375","True","[1.751899   1.75340986 1.75881767 1.75906372 1.76098347]","[1.69062099 1.68479436 1.68436187 1.69033715 1.68974528]",1.75189900398254,1.68436187,"[-0.18843561 -0.1870054  -0.18514019 -0.18484682 -0.18477005]","[-0.14238885 -0.14147249 -0.14274778 -0.14370773 -0.14071333]",-0.188435614109039,-0.143707730000003,"[-0.12227881 -0.11687326 -0.11478966 -0.11454654 -0.11261111]","[-0.10623983 -0.1059112  -0.10279189 -0.10444797 -0.10255551]",-0.122278809547424,-0.106239830000007,"[0.23680335 0.24982327 0.2507928  0.25089008 0.25332671]","[0.26683281 0.27767943 0.27126528 0.27268691 0.28452935]",0.236803352832794,0.266832810000011,"[0.2284556  0.22847635 0.22967589 0.22977275 0.23039377]","[0.24925659 0.24892482 0.24998951 0.25124493 0.24967516]",0.228455603122711,0.248924819999999,0.572200370000005,"[0.51941401 0.52504593 0.52519721 0.52530617 0.52588421]","[0.57357222 0.5737903  0.57834071 0.57420739 0.57220037]",0.519414007663727,3,"30356_1,0,0_0.25_True",0.550248585999191,0.576348356992695
"dcgat-agm003299755","(1, 1, 1)",0.0833333333333334,"Pd-0.125-Zn-0.875","True","[0.89274269 0.89439803 0.89540845 0.89722806 0.90117937]","[0.93895499 0.94056026 0.93626222 0.93905088 0.93375081]",0.892742693424225,0.933750809999992,"[-0.50943506 -0.50740737 -0.50675344 -0.50211334 -0.50175667]","[-0.35289337 -0.35467393 -0.35955358 -0.35932402 -0.35807166]",-0.509435057640076,-0.359553579999982,"[0.02679855 0.03186113 0.03248084 0.03410828 0.03517115]","[0.09276747 0.09030314 0.08356126 0.09402071 0.0864426 ]",0.0267985463142395,0.0835612600000104,"[0.37836164 0.38100237 0.38321203 0.38862509 0.39243001]","[0.42054017 0.42237482 0.43843391 0.42363107 0.42964908]",0.378361642360687,0.420540169999981,"[0.2451666  0.24599451 0.24631637 0.246445   0.24662572]","[0.24964547 0.24910524 0.2549802  0.26237772 0.25977701]",0.245166599750519,0.249105240000006,0.078544590000007,"[-0.02750021 -0.02240509 -0.02123678 -0.02051985 -0.02017587]","[0.07854459 0.08350152 0.08471515 0.08212111 0.08360753]",-0.0275002121925354,2,"19560_1,1,1_0.083_True",0.471749739111067,0.997761880459125
"dcgat-agm003479541","(1, 0, 0)",0.25,"Ag-0.25-Cu-0.125-Zn-0.625","True","[0.41371077 0.41963083 0.41969651 0.42080992 0.42089409]","[0.56714688 0.5709435  0.56046269 0.56405618 0.5636141 ]",0.41371077299118,0.560462690000009,"[-0.52381474 -0.52272612 -0.52044946 -0.51936835 -0.51909989]","[-0.38389565 -0.38065039 -0.38126095 -0.38342089 -0.38519785]",-0.523814737796783,-0.385197850000012,"[-0.12469864 -0.12450844 -0.12360197 -0.12319106 -0.12279117]","[-0.00285932  0.00293875 -0.00123075 -0.00317342 -0.00250882]",-0.124698638916016,-0.0031734199999959,"[-0.07063454 -0.0169645  -0.00792634 -0.00774884 -0.00653034]","[0.05912148 0.05141206 0.05292526 0.05248756 0.06047266]",-0.0706345438957214,0.051412060000004,"[0.22244847 0.22300398 0.22345662 0.22433507 0.22487682]","[0.2510149  0.25108033 0.25286619 0.25297744 0.2499728 ]",0.222448468208313,0.249972800000009,-0.0409645099999949,"[-0.04094398 -0.03874576 -0.03688145 -0.0368427  -0.03653538]","[-0.04055079 -0.03701105 -0.03943316 -0.04022314 -0.04096451]",-0.0409439802169799,3,"17917_1,0,0_0.25_True",0.759898072303798,0.525477863815486
"dcgat-agm003440992","(1, 0, 1)",0.125,"Ag-0.286-Au-0.571-Zn-0.143","True","[1.38687277 1.39054489 1.39122462 1.40142655 1.40406203]","[1.68358387 1.76970131 1.67689303 1.77293637 1.67091152]",1.3868727684021,1.67091152000003,"[-0.33754092 -0.33474451 -0.33344913 -0.33326647 -0.33322683]","[-0.21599857 -0.21257637 -0.21553378 -0.21409995 -0.20527241]",-0.337540924549103,-0.215998569999982,"[-0.13297319 -0.13274848 -0.13253176 -0.12604898 -0.12481207]","[-0.08399442 -0.08177863 -0.08212717 -0.07468378 -0.0847765 ]",-0.132973194122314,-0.0847765000000322,"[0.15140802 0.15666556 0.16229969 0.1639424  0.18466431]","[0.27056051 0.2368358  0.27651502 0.28276217 0.18947686]",0.151408016681671,0.189476860000013,"[0.20185417 0.20319384 0.20386511 0.20473367 0.20510858]","[0.27594929 0.25017835 0.27704211 0.27568083 0.27411813]",0.201854169368744,0.250178350000027,0.487530540000023,"[0.49136156 0.49200135 0.49460787 0.4950102  0.49519271]","[0.49901619 0.4933913  0.48753054 0.48963695 0.48815498]",0.491361558437347,3,"20044_1,0,1_0.125_True",0.630754369223994,1
"dcgat-agm002217187","(1, 2, 2)",0.011425127021053,"Au-0.8-In-0.2","False","[1.36199284 1.37170458 1.37403417 1.37798882 1.38317299]","[2.11822171 1.93437627 1.92373659 1.91589586 1.92427769]",1.36199283599854,1.91589585999998,"[-0.64757824 -0.6299243  -0.62202501 -0.62042761 -0.60700619]","[-0.08517237 -0.09571203 -0.10683874 -0.09886441 -0.17044351]",-0.647578239440918,-0.170443509999984,"[-0.4796786  -0.46848899 -0.46520913 -0.45845044 -0.44525936]","[-0.00293138 -0.1661897   0.00519324  0.08830828 -0.1400085 ]",-0.479678601026535,-0.16618969999999,"[-0.15170604 -0.13829994 -0.11520857 -0.11437148 -0.11366957]","[0.37100922 0.42393035 0.40057353 0.38806941 0.32781947]",-0.151706039905548,0.327819470000009,"[-0.24648428 -0.20893419 -0.20560426 -0.20213175 -0.19257164]","[0.25065614 0.2541363  0.25719026 0.25811182 0.25138569]",-0.246484279632568,0.250656140000004,0.538740950000005,"[0.13763613 0.1711998  0.17437458 0.17474037 0.17483032]","[0.61331067 0.53874095 0.63198035 0.61035878 0.65407469]",0.137636125087738,2,"26396_1,2,2_0.011_False",0.498251979521903,0.664886079248922
"oqmd-1450724","(2, 1, 1)",0.125,"Ag-0.8-Sn-0.2","True","[1.96704769 1.98453045 1.98529148 1.99248934 1.99537039]","[1.94383265 1.94039323 1.93403799 1.94025342 1.94519238]",1.96704769134521,1.93403798999999,"[-0.0331893  -0.02983624 -0.02966821 -0.02949548 -0.02825528]","[ 0.02432963 -0.0064835  -0.00546131 -0.0074751  -0.00193969]",-0.0331892967224121,-0.0074751000000077,"[0.27312237 0.27383429 0.27636272 0.27662605 0.27664763]","[0.32212227 0.322175   0.32576111 0.31582688 0.31725532]",0.273122370243073,0.315826880000003,"[0.43206924 0.43228072 0.43296105 0.43427283 0.43501443]","[0.4811029  0.4748525  0.48565338 0.49958514 0.49484987]",0.43206924200058,0.474852499999997,"[0.23772657 0.23833025 0.24091798 0.24440646 0.24444062]","[0.25114391 0.25093237 0.25404398 0.25350818 0.25156745]",0.23772656917572,0.250932370000001,0.425863739999997,"[0.34899229 0.34904116 0.35201389 0.35255939 0.35286766]","[0.4267856  0.42929338 0.42586374 0.43964242 0.43091632]",0.34899228811264,2,"15423_2,1,1_0.125_True",0.44941118934628,0.949773915039109
"dcgat-agm003292345","(2, 0, 1)",0.0278526898948958,"Ag-0.444-Zn-0.556","False","[1.08424354 1.08476138 1.08560157 1.08773565 1.08989954]","[1.34960232 1.34701054 1.3490944  1.34829531 1.34667534]",1.08424353599548,1.34667534,"[-0.20411533 -0.20381695 -0.20314336 -0.202277   -0.20211828]","[-0.11118216 -0.10994812 -0.11731325 -0.11781885 -0.11367164]",-0.204115331172943,-0.117818850000006,"[0.0919888  0.09947324 0.10693866 0.1072045  0.10789388]","[0.17017951 0.17675433 0.15250069 0.15394782 0.15539799]",0.0919888019561767,0.152500689999997,"[-0.03831095 -0.0296104  -0.02560067 -0.02399868 -0.02372634]","[0.06900497 0.06653538 0.07738361 0.07111793 0.07175617]",-0.0383109450340271,0.0665353800000048,"[0.22671932 0.2276392  0.22797763 0.23200738 0.23223221]","[0.2534478  0.25267017 0.25105884 0.25837406 0.25498509]",0.226719319820404,0.251058839999999,0.0107173399999993,"[-0.00046676  0.00252271  0.00382948  0.00439137  0.00642127]","[0.01428768 0.01286496 0.01071734 0.02216702 0.0167729 ]",-0.000466763973236,2,"31427_2,0,1_0.028_False",0.595152349217951,0.0633159323065372
"dcgat-agm003261092","(1, 1, 1)",0.0833333333333333,"Au-0.875-Tl-0.125","True","[0.80765003 0.81010526 0.81206006 0.81468588 0.81518656]","[1.00078447 1.00395362 1.00954176 1.00707374 0.99954063]",0.807650029659271,0.999540630000013,"[-0.18648601 -0.18628299 -0.18128848 -0.09669292 -0.09665263]","[ 0.01892823  0.0083175   0.01851085  0.008469   -0.0013533 ]",-0.186486005783081,-0.0013533000000052,"[-0.21887976  0.03213942  0.03665036  0.04047298  0.04079741]","[1.36360237 0.18416204 0.19452373 0.2097507  0.18785635]",-0.218879759311676,0.184162039999961,"[0.1222927  0.13065243 0.18036437 0.35345799 0.38918227]","[0.1958628  0.2317869  0.24532372 0.56513493 0.57458621]",0.122292697429657,0.195862799999986,"[0.17402488 0.174793   0.17608875 0.17757463 0.17914927]","[0.25280085 0.25463737 0.25781267 0.25161947 0.28405021]",0.174024879932404,0.25161946999998,0.956170969999988,"[0.8560397  0.86024374 0.86079687 0.86168855 0.86382717]","[0.97555649 0.95617097 0.96460936 0.9947467  0.98771736]",0.856039702892304,2,"20553_1,1,1_0.083_True",0.285088143747138,0.936505639754537
"dcgat-agm003388414","(0, 1, 0)",0.25,"Ag-0.4-Au-0.2-Zn-0.4","True","[1.04313946 1.04511118 1.05208087 1.05309582 1.05328298]","[1.1522651  1.15600718 1.153843   1.15288454 1.15226321]",1.04313945770264,1.15226321,"[-0.1406222  -0.13841999 -0.13700908 -0.13696301 -0.13663775]","[-0.06205672 -0.05947025 -0.05869187 -0.05891614 -0.06199037]",-0.140622198581696,-0.0620567200000152,"[-0.02272886 -0.02196956 -0.02072144 -0.01938277  0.01508594]","[0.04489999 0.04164425 0.04469996 0.04199242 0.05539284]",-0.0227288603782653,0.0416442499999902,"[0.07580048 0.07678282 0.08036733 0.08248389 0.0843035 ]","[0.07458148 0.07445752 0.0708941  0.07262551 0.16437747]",0.0758004784584045,0.0708941000000038,"[0.24244863 0.24266332 0.24323994 0.24347752 0.24527234]","[0.25312882 0.25499312 0.25620399 0.25192987 0.25274172]",0.242448627948761,0.251929869999998,-0.163638980000002,"[-0.2412793  -0.24050587 -0.23993903 -0.23650104 -0.23444653]","[-0.14194513 -0.15309525 -0.15790143 -0.1571332  -0.16363898]",-0.241279304027557,3,"18733_0,1,0_0.25_True",0.688716492394633,0.211984832735803
"dcgat-agm003531653","(0, 1, 2)",0.0833333333333333,"Au-0.182-Pd-0.091-Tl-0.727","True","[1.82197952 1.8255837  1.82628703 1.82863283 1.83022523]","[1.92139645 1.91896603 1.92755441 1.91458034 1.92322013]",1.82197952270508,1.91458033999999,"[-0.7868498  -0.78595233 -0.78505534 -0.78230226 -0.78050339]","[-0.6650029  -0.6602421  -0.6432886  -0.67034312 -0.67029975]",-0.786849796772003,-0.670343119999984,"[-2.42129803 -1.52526593 -1.37225246 -1.25066864 -0.28906226]","[ 1.65212143  1.57036763  1.57138702  1.59061312 -0.18514928]",-2.42129802703857,-0.18514927999999,"[0.10956085 0.1134097  0.12710547 0.12790406 0.12938845]","[0.21305849 0.22384833 0.19494196 0.19462817 0.21213679]",0.10956084728241,0.194628169999987,"[0.15056801 0.15073621 0.15348262 0.15475899 0.15738672]","[0.26415749 0.25476503 0.25225647 0.26331431 0.25486274]",0.150568008422852,0.25225647000002,0.167699389999996,"[0.07042843 0.0740239  0.07965767 0.0807209  0.09190452]","[0.25556098 0.25593292 0.16769939 0.21844239 0.20742607]",0.0704284310340881,3,"26924_0,1,2_0.083_True",0.204721073277292,0.0124101388831972
"dcgat-agm003194894","(2, 1, 1)",0.125881563479874,"Ag-0.8-Cd-0.2","True","[2.32036376 2.32216144 2.32372642 2.32466292 2.32681918]","[2.21996605 2.23798645 2.22261251 2.23660811 2.22124114]",2.32036375999451,2.21996604999998,"[-0.04546475 -0.01821595 -0.0180425  -0.01759589 -0.01722306]","[0.06682968 0.02709621 0.02820419 0.02559733 0.02847278]",-0.0454647541046142,0.0255973300000107,"[0.44493884 0.44940799 0.45046812 0.45145196 0.45214969]","[0.44772744 0.44927341 0.4406739  0.44696214 0.44696701]",0.444938838481903,0.440673900000007,"[0.57353383 0.57864231 0.58279163 0.5888148  0.59086615]","[0.5825634  0.58242089 0.59243371 0.59676647 0.59837242]",0.573533833026886,0.582420890000009,"[0.30803424 0.30816072 0.3084932  0.31013137 0.31056958]","[0.25309976 0.25694128 0.25695178 0.25242834 0.25750852]",0.308034241199493,0.252428340000023,0.443030140000019,"[0.48083204 0.48245829 0.48375839 0.48383075 0.48491925]","[0.44558738 0.44935057 0.44553895 0.44303014 0.44930347]",0.480832040309906,2,"22112_2,1,1_0.126_True",0.537509605682583,0.871044842241055
"dcgat-agm003207251","(0, 0, 1)",0.0748977453928242,"Ag-0.6-Cd-0.4","False","[2.28319621 2.28544688 2.28572392 2.28821611 2.28936076]","[2.29814131 2.29879728 2.29975681 2.30415797 2.30189736]",2.28319621086121,2.29814130999999,"[-0.32759774 -0.32712695 -0.32591125 -0.32498866 -0.32487962]","[-0.21007965 -0.19970893 -0.21439484 -0.21510731 -0.20484681]",-0.327597737312317,-0.215107310000008,"[0.0744732  0.21046144 0.21168059 0.21221578 0.21276903]","[1.50482821 0.29388364 0.29728744 0.29856008 0.30002306]",0.0744732022285461,0.29388363999999,"[0.15558231 0.15772223 0.15860814 0.15861124 0.15988499]","[0.15921725 0.15058153 0.16305227 0.17665263 0.16871827]",0.155582308769226,0.150581530000011,"[0.22636598 0.22808224 0.22810781 0.22816014 0.22972494]","[0.25460005 0.25953161 0.25926127 0.25391947 0.25356205]",0.226365983486176,0.253562049999999,0.414965259999988,"[0.40428549 0.40680462 0.40863508 0.40946549 0.40951008]","[0.48306246 0.4785815  0.48111095 0.42475439 0.41496526]",0.404285490512848,2,"17840_0,0,1_0.075_False",0.631540495558306,0.587781542151735
"dcgat-agm003161318","(1, 0, 2)",0.0862266772736868,"Ag-0.333-Cd-0.667","True","[1.82885551 1.829813   1.8315177  1.83180857 1.8339839 ]","[1.79212695 1.78200492 1.78097468 1.77968907 1.79298132]",1.82885551452637,1.77968907,"[-0.25918204 -0.25615066 -0.25535393 -0.25496298 -0.25419009]","[-0.16301802 -0.1607734  -0.16496923 -0.16738591 -0.16061156]",-0.259182035923004,-0.16738591,"[0.23522931 0.23675805 0.23679399 0.23846096 0.23897868]","[0.31821916 0.30370344 0.30493274 0.31333364 0.30284044]",0.235229313373566,0.302840439999997,"[0.18605226 0.19875789 0.21693456 0.21731478 0.21738416]","[0.21512412 0.22908223 0.25802749 0.25869247 0.21747046]",0.186052262783051,0.215124120000006,"[0.35525042 0.35728639 0.35732907 0.35950631 0.41875952]","[0.26031391 0.26087609 0.2537475  0.2699723  0.40637052]",0.355250418186188,0.253747500000003,-0.0738034299999981,"[0.0591743  0.06024271 0.06137687 0.16060901 0.16643822]","[-0.06696773 -0.07380343 -0.07010636  0.04570527  0.0556445 ]",0.0591742992401123,2,"29405_1,0,2_0.086_True",0.486498022180031,0
"dcgat-agm003643289","(1, 1, 0)",0.25,"Ag-0.1-Au-0.5-Zn-0.4","True","[1.30726457 1.31072426 1.3140769  1.31542563 1.31650043]","[1.47325104 1.47431342 1.47387513 1.46889104 1.46882683]",1.30726456642151,1.46882683000001,"[-0.20437348 -0.2043308  -0.20375669 -0.20295608 -0.2001127 ]","[-0.15057336 -0.14969603 -0.15477479 -0.15461675 -0.15874234]",-0.204373478889465,-0.158742340000003,"[0.08048314 0.08099741 0.08474183 0.08542049 0.08699507]","[0.05127669 0.04815959 0.0469087  0.05881504 0.04944615]",0.0804831385612487,0.0469086999999888,"[0.26936239 0.28530222 0.29376966 0.32126123 0.32889217]","[0.34561297 0.34779276 0.35753577 0.38435161 0.38721538]",0.269362390041351,0.345612970000019,"[0.2552225  0.25541836 0.25628    0.25655562 0.25687844]","[0.26803284 0.25707061 0.26152153 0.25696645 0.25435783]",0.255222499370575,0.254357830000004,0.281993209999996,"[0.24947959 0.25120825 0.25362235 0.25419694 0.25474828]","[0.28753641 0.28844211 0.28929252 0.28199321 0.29114303]",0.249479591846466,3,"21416_1,1,0_0.25_True",0.57024837243561,0.733522484409634
"oqmd-1340900","(0, 0, 1)",0.25,"Pd-0.167-Tl-0.833","True","[1.82854939 1.99874282 2.00081897 2.00449777 2.00612545]","[2.15614798 2.33151022 2.31321468 2.3106082  2.31852602]",1.8285493850708,2.15614798,"[-0.88578212 -0.88292634 -0.88073945 -0.88046587 -0.88042176]","[-0.54805915 -0.54585659 -0.54587608 -0.54630688 -0.54794008]",-0.885782122612,-0.548059150000015,"[-0.40881377 -0.40006578 -0.39731887 -0.39690104 -0.39339191]","[-0.13213482 -0.13774192 -0.13924246 -0.13431115 -0.1372807 ]",-0.408813774585724,-0.139242460000006,"[0.04285866 0.04342687 0.04946476 0.06352484 0.06487745]","[0.33219877 0.33446637 0.34379204 0.35357075 0.34334019]",0.0428586602210998,0.332198770000005,"[0.02332425 0.02465945 0.02572697 0.02650338 0.02676272]","[0.25680401 0.25623886 0.25498459 0.25747017 0.25899132]",0.0233242511749267,0.254984589999999,0.2428898,"[0.20505792 0.20589656 0.20606202 0.20675713 0.20964628]","[0.2428898  0.2576912  0.26242935 0.25645894 0.3288639 ]",0.205057919025421,2,"14635_0,0,1_0.25_True",0.245121446951498,1
"dcgat-agm003734762","(2, 1, 2)",0.0499999999999999,"Ag-0.167-Au-0.167-Cd-0.667","True","[1.7661252  1.77738237 1.77850556 1.77870297 1.78008533]","[2.04120807 2.04002413 2.0443115  2.04095084 2.04706409]",1.76612520217896,2.04002413000001,"[-0.34482178 -0.3417024  -0.34040651 -0.33940035 -0.33916023]","[-0.2369521  -0.23576368 -0.23491423 -0.23115586 -0.23307189]",-0.344821780920029,-0.236952100000003,"[-0.20485067 -0.19503719 -0.19452542 -0.19278669 -0.1916045 ]","[-0.11075546 -0.1120126  -0.10472909 -0.11354072 -0.11327905]",-0.204850673675537,-0.113540720000003,"[0.100905   0.10218966 0.11874527 0.14740258 0.14759225]","[0.2264548  0.22542369 0.23862373 0.23193056 0.2476802 ]",0.100905001163483,0.225423690000007,"[0.1821804  0.18313289 0.1914407  0.1948415  0.19486982]","[0.26224796 0.26052287 0.26079906 0.25733953 0.25544536]",0.182180404663086,0.255445359999996,0.112629429999998,"[-0.03657746 -0.03628182 -0.03523064 -0.03453708 -0.03185254]","[0.11856887 0.11334889 0.11459819 0.11262943 0.11339777]",-0.0365774631500244,3,"33578_2,1,2_0.05_True",0.384217108633245,1
"dcgat-agm003285493","(0, 1, 0)",0.143223316976642,"Au-0.867-In-0.133","True","[1.27190471 1.27387476 1.27393007 1.27984834 1.28239512]","[1.77068794 1.77313535 1.77612055 1.77088782 1.77231206]",1.27190470695496,1.77068794000002,"[-0.53788352 -0.51101345 -0.48881426 -0.47819313 -0.46072835]","[-0.01642579 -0.01792839 -0.02077303 -0.02465189 -0.02790954]",-0.537883520126343,-0.027909539999996,"[-0.23040915 -0.21601814 -0.20828938 -0.20217937 -0.1883049 ]","[0.25588608 0.282414   0.35644089 0.42404654 0.170677  ]",-0.230409145355225,0.170676999999984,"[0.07355833 0.09592605 0.13017875 0.13325065 0.1372152 ]","[0.61611587 0.60976818 0.64980272 0.66014841 0.65869035]",0.0735583305358886,0.609768180000032,"[0.11632574 0.11772221 0.13905954 0.14599097 0.1504302 ]","[0.35566882 0.6461454  0.66517045 0.25582268 0.29439977]",0.116325736045837,0.255822680000023,0.55564093000001,"[0.44961363 0.44999999 0.45030862 0.45440656 0.45741135]","[0.55564093 0.56253349 0.56092851 0.56549239 0.5568882 ]",0.449613630771637,2,"24904_0,1,0_0.143_True",0.525074626734667,0.73941996253993
"dcgat-agm003765406","(2, 0, 1)",0.306626244383228,"Ag-0.75-In-0.125-Sn-0.125","True","[1.62419558 1.62650418 1.62799549 1.62851238 1.62878966]","[1.64881333 1.64324809 1.64636525 1.64292258 1.64697316]",1.62419557571411,1.64292258,"[-0.15268713 -0.15209186 -0.15106124 -0.14773881 -0.1473189 ]","[-0.08199097 -0.08519884 -0.07524813 -0.0737159  -0.07696013]",-0.152687132358551,-0.0851988400000038,"[-1.44454241 -0.44869685  0.28789324  0.28829664  0.28877109]","[2.64957234 1.53164568 0.33799712 0.35410076 0.3468824 ]",-1.4445424079895,0.337997119999997,"[0.29000658 0.2953189  0.29765064 0.3029564  0.30568486]","[0.27672486 0.27629689 0.27620422 0.2803078  0.28372923]",0.290006577968597,0.276204219999983,"[0.29100984 0.29200143 0.29232532 0.29388458 0.29396456]","[0.25694508 0.26039723 0.25650652 0.25627545 0.25676206]",0.291009843349457,0.256275450000004,0.37038167,"[0.34111923 0.34210473 0.34214097 0.34241909 0.34295768]","[0.37210466 0.37146402 0.37692767 0.37038167 0.37136226]",0.341119229793549,3,"20938_2,0,1_0.307_True",0.513919948242183,1
"dcgat-agm003481619","(1, 0, 0)",0.25,"Ag-0.667-Au-0.222-Zn-0.111","True","[1.83720136 1.84205747 1.8474443  1.85086155 1.85183072]","[1.57718346 1.57395277 1.57197055 1.57494716 1.57834179]",1.83720135688782,1.57197055,"[-0.19683695 -0.1959796  -0.19555002 -0.19490421 -0.19425243]","[-0.17321037 -0.16936732 -0.16791945 -0.15523757 -0.16100406]",-0.196836948394775,-0.173210370000007,"[-1.22406209  0.21068007  0.21775216  0.2550686   0.26118761]","[1.60209712 0.1465629  0.14886881 0.18384389 0.1800065 ]",-1.22406208515167,0.146562900000006,"[0.28432626 0.28564495 0.29181343 0.29208976 0.29247266]","[0.20772822 0.19121867 0.19036662 0.19265392 0.19509223]",0.284326255321503,0.19036662000002,"[0.27150029 0.2720924  0.27244216 0.27286905 0.27289289]","[0.25711117 0.25751794 0.2684248  0.26165627 0.26671867]",0.271500289440155,0.257111170000002,0.295083469999994,"[0.41373318 0.41495425 0.41574043 0.4165042  0.41674691]","[0.29508347 0.31247796 0.30748744 0.31858073 0.3104064 ]",0.413733184337616,3,"27150_1,0,0_0.25_True",0.549244649517943,0.2956301923
"dcgat-agm003485766","(2, 1, -2)",0.144734845883912,"Ag-0.667-In-0.111-Sn-0.222","True","[-0.85538638 -0.70642924 -0.69996971 -0.69935024 -0.69515586]","[6.76991814 5.86537112 6.49388166 6.63672505 6.28575787]",-0.85538637638092,5.86537112000002,"[-0.47191536 -0.47059691 -0.46825567 -0.46567294 -0.46371159]","[-0.24394231 -0.24859389 -0.2263067  -0.23962917 -0.25171871]",-0.471915364265442,-0.251718709999977,"[-2.1248548  -1.77585006 -1.75523424 -1.17717862 -0.92897171]","[1.59047542 1.69771488 1.66194348 1.60400902 1.67292558]",-2.12485480308533,1.59047542000002,"[-0.1248607   0.00073028  0.08945614  0.11667556  0.11735117]","[0.47903133 0.47670465 0.20348794 0.22728985 0.20203935]",-0.12486070394516,0.202039350000007,"[0.12367135 0.17018658 0.172943   0.1731593  0.17774647]","[0.61460204 0.25734299 0.25841995 0.26118602 0.27294262]",0.123671352863312,0.257342989999984,0.402062769999986,"[-0.19887865 -0.19076526 -0.18243748 -0.17413557 -0.17346716]","[0.41245588 0.4121245  0.40318976 0.40206277 0.41040121]",-0.198878645896912,3,"26506_2,1,-2_0.145_True",0.451227098560282,0.920588360256375
"dcgat-agm003292772","(1, 1, 0)",0.195816525742812,"Ag-0.455-Cd-0.545","True","[1.98132348 1.98168516 2.05155969 2.05250692 2.05529213]","[2.14736417 2.14762698 2.04907383 2.04902052 2.26700599]",1.98132348060608,2.04902052,"[-0.27201632 -0.27129018 -0.27041766 -0.26942903 -0.26893204]","[-0.16957426 -0.16769237 -0.16541748 -0.16617511 -0.16582835]",-0.272016316652298,-0.169574260000005,"[-2.11406589 -2.0551002  -2.05225635 -1.82159734 -1.80558944]","[1.57327231 1.77704497 1.93521227 1.56503379 1.54521157]",-2.11406588554382,1.54521156999999,"[0.12659729 0.12999123 0.13017082 0.13025194 0.13074201]","[0.19914942 0.20369876 0.1999637  0.20144975 0.19876494]",0.126597285270691,0.198764940000004,"[0.31355494 0.31365925 0.31434304 0.3144508  0.3146314 ]","[0.26469836 0.26468931 0.2579114  0.25907422 0.25907552]",0.31355494260788,0.257911399999998,0.223867779999992,"[0.09609628 0.10219145 0.1042527  0.11015004 0.11891502]","[0.23017744 0.22386778 0.23483811 0.23758107 0.24534653]",0.0960962772369384,2,"29548_1,1,0_0.196_True",0.546239969771139,0
"dcgat-agm003642724","(1, 1, 1)",0.224105891220294,"Au-0.4-Cu-0.1-Zn-0.5","True","[1.04801416 1.05335879 1.05534697 1.05646539 1.05847931]","[0.95021868 0.94411468 0.94408033 0.94325725 0.94169615]",1.04801416397095,0.941696149999984,"[-0.45374689 -0.44954911 -0.4470875  -0.44578686 -0.44421893]","[-0.31568882 -0.30961398 -0.30633255 -0.31114261 -0.3106844 ]",-0.453746885061264,-0.315688819999991,"[-0.02501768 -0.02247363 -0.01456785 -0.01311654 -0.01126659]","[-0.00277206 -0.00775342 -0.00331995 -0.00693038 -0.0048033 ]",-0.0250176787376403,-0.0077534200000002,"[0.12694836 0.13293952 0.136123   0.13779277 0.13890046]","[0.13408738 0.13208272 0.10534809 0.14514284 0.13125622]",0.126948356628418,0.105348089999978,"[0.17232651 0.17613834 0.17760384 0.1787709  0.17956471]","[0.27475148 0.2702847  0.28162765 0.25858096 0.28532787]",0.172326505184174,0.258580959999989,0.16987770999998,"[0.14703405 0.15463525 0.15494347 0.15907562 0.15968788]","[0.16987771 0.17879937 0.1932527  0.17983694 0.18764785]",0.147034049034119,3,"26280_1,1,1_0.224_True",0.63670087718195,1
"dcgat-agm003595578","(0, 0, 1)",0.25,"Ag-0.444-Au-0.111-Cd-0.444","True","[1.57581401 1.57686138 1.578444   1.58068132 1.58215904]","[1.43438519 1.43224757 1.43206776 1.43194795 1.43422   ]",1.57581400871277,1.43194795,"[-0.1762386  -0.1747219  -0.17246461 -0.17193794 -0.17113775]","[-0.16701154 -0.1696449  -0.17119932 -0.17287527 -0.16926791]",-0.176238596439362,-0.172875269999999,"[-0.00020182  0.00214171  0.00415301  0.00471097  0.00624615]","[-0.0054608  -0.0036597  -0.00869528 -0.00011983 -0.00381348]",-0.0002018213272094,-0.0086952799999977,"[0.23271406 0.23411143 0.23520666 0.23760414 0.23897731]","[0.23677402 0.22967635 0.23429654 0.24247931 0.25468982]",0.232714056968689,0.229676350000005,"[0.27115601 0.27271158 0.27304465 0.27414912 0.27463382]","[0.26288144 0.26160336 0.26343807 0.26046868 0.26638862]",0.271156013011932,0.260468680000002,0.148998080000005,"[0.1354419  0.13719732 0.1385296  0.13959593 0.13980973]","[0.14899808 0.14976666 0.15048212 0.15369583 0.15360738]",0.135441899299622,3,"21431_0,0,1_0.25_True",0.582566741829458,0.0177224155294346
"dcgat-agm003183365","(1, 1, 1)",0,"Au-0.5-Tl-0.5","True","[1.79034114 1.80586314 1.80831957 1.81459761 1.81839991]","[1.86573211 1.84641053 1.87423863 1.80736752 1.82856919]",1.79034113883972,1.80736752,"[-0.00453389 -0.0012697  -0.00064147  0.00114232  0.01610017]","[0.16115418 0.1826051  0.16420439 0.16536625 0.16758896]",-0.0045338869094848,0.161154179999983,"[-0.05024719 -0.04214019 -0.03933477 -0.03858256 -0.03830373]","[ 0.00654106 -0.0037449  -0.00252811  0.0022503   0.01045805]",-0.0502471923828125,-0.0037449000000151,"[0.2938984  0.29495448 0.29599613 0.29934555 0.30329245]","[0.37758589 0.41518832 0.42909326 0.43870896 0.4153006 ]",0.293898403644562,0.377585889999992,"[0.21025771 0.21305573 0.21537942 0.21538591 0.21563143]","[0.32975573 0.29544296 0.27671333 0.29164436 0.26060295]",0.210257709026337,0.260602949999992,0.360742249999987,"[0.18356544 0.19696993 0.19699919 0.19894069 0.20037234]","[0.38433696 0.37327912 0.38575027 0.37177884 0.36074225]",0.183565437793732,2,"19930_1,1,1_0.0_True",0.196359063059317,0.959762915789011
"dcgat-agm003291209","(1, 1, -2)",0.166666666666667,"Au-0.7-Zn-0.3","True","[1.25582886 1.25688219 1.26235723 1.27781153 1.27997923]","[1.34776996 1.35785439 1.35732282 1.3532924  1.34844938]",1.25582885742188,1.34776995999999,"[-0.25459194 -0.22094709 -0.22021776 -0.2187506  -0.21807307]","[-0.11384707 -0.13687725 -0.13605581 -0.14128783 -0.14021751]",-0.254591941833496,-0.14128783000001,"[-0.29730397 -0.2070958  -0.13747454 -0.13722521 -0.13234538]","[ 1.49545566 -0.10155678 -0.06866577 -0.0659539  -0.06651583]",-0.297303974628449,-0.10155678000001,"[0.02935219 0.06235051 0.07114023 0.15899611 0.19578481]","[0.07924782 0.23044246 0.22929858 0.26598385 0.27151993]",0.0293521881103515,0.0792478200000061,"[0.18748307 0.19357401 0.19382477 0.19747007 0.20096314]","[0.26291968 0.26144277 0.2629167  0.26605222 0.26243186]",0.187483072280884,0.261442770000002,0.282067740000002,"[0.04775745 0.07074428 0.07829726 0.08332372 0.08756471]","[0.28831588 0.29070582 0.28206774 0.28938988 0.283214  ]",0.0477574467658996,2,"30497_1,1,-2_0.167_True",0.522575817508526,0.97084670829472
"dcgat-agm003470799","(1, 2, 1)",0.203297775359844,"Ag-0.125-Au-0.625-Zn-0.25","False","[1.24938726 1.26913095 1.28311896 1.31846333 1.32122397]","[1.65900465 1.66983635 1.73822969 1.72673989 1.71524515]",1.24938726425171,1.65900465,"[-0.29219821 -0.21017528 -0.14580959 -0.13226062 -0.1274091 ]","[0.02893937 0.54638641 0.18010623 0.25120382 0.27434306]",-0.292198210954666,0.0289393699999891,"[-1.52968431 -0.92115259 -0.11048001 -0.05663323 -0.05062062]","[2.21466595 2.5725038  0.60593537 0.48004162 0.35680854]",-1.52968430519104,0.356808539999989,"[0.1164481  0.24979991 0.26332134 0.28635043 0.3240878 ]","[0.70004623 0.83121221 0.79019222 0.64408295 0.83954494]",0.116448104381561,0.644082949999984,"[0.07593954 0.10701251 0.11929864 0.13604623 0.14049321]","[0.28871727 0.37403996 0.29044223 0.26203778 0.3102552 ]",0.0759395360946655,0.26203778,0.458413499999992,"[0.22648817 0.23653251 0.29764539 0.31342357 0.34239954]","[0.4584135  0.46251032 0.53930876 0.55134179 0.72956452]",0.226488173007965,3,"30504_1,2,1_0.203_False",0.54544305999912,0.82340151474284
"dcgat-agm003284955","(3, 2, 3)",0.0999999999999998,"Au-0.333-Tl-0.667","True","[1.82924461 1.83741856 1.84990668 1.85199404 1.85679507]","[2.12294938 2.11564577 2.13688047 2.10315233 2.10649427]",1.82924461364746,2.10315233,"[-0.15734708 -0.14472401 -0.14301956 -0.14301306 -0.14259017]","[ 0.00765626 -0.00398695  0.01550165  0.01447286  0.01737962]",-0.157347083091736,-0.0039869500000122,"[-0.07979685 -0.07923996 -0.07709861 -0.07164729 -0.07120281]","[0.10385419 0.06139104 0.04443731 0.04986177 0.04360958]",-0.0797968506813049,0.0436095799999947,"[0.23379391 0.23916066 0.23926926 0.24314749 0.24323326]","[0.3221915  0.33187043 0.28866971 0.29777106 0.27151721]",0.233793914318085,0.271517209999999,"[0.20432979 0.20526218 0.20652866 0.2081334  0.20878047]","[0.27793168 0.26477279 0.26342649 0.27303067 0.26870294]",0.204329788684845,0.263426490000001,0.158834740000003,"[0.10938364 0.11871058 0.11943728 0.12334609 0.12857002]","[0.21906134 0.20107291 0.16550342 0.15883474 0.16467491]",0.109383642673492,2,"19833_3,2,3_0.1_True",0.185524072705362,1
"dcgat-agm003193329","(2, 2, 1)",0.100047811442278,"Au-0.4-Tl-0.6","True","[1.81651521 1.94581223 1.9500227  1.95988965 2.00425959]","[1.79144424 1.75757934 1.7590312  2.01836764 1.8871615 ]",1.81651520729065,1.75757934000001,"[-0.1247533  -0.11361408 -0.09860432 -0.06447983 -0.06179768]","[0.13764058 0.12822762 0.13420465 0.13219139 0.13472756]",-0.124753296375275,0.128227620000004,"[0.15529954 0.16082859 0.17578506 0.17863423 0.18052042]","[0.28019618 0.29249038 0.33539463 0.28990172 0.26460862]",0.155299544334412,0.264608620000004,"[0.49085301 0.50362378 0.50572318 0.50618929 0.50660771]","[0.61420632 0.60925142 0.65458067 0.61498212 0.68677389]",0.490853011608124,0.609251420000007,"[0.28549212 0.29133123 0.2987842  0.29894346 0.30522209]","[0.26962943 0.2649618  0.26564245 0.27263508 0.26658207]",0.285492122173309,0.264961800000009,0.136112390000008,"[0.26472467 0.27109212 0.28473419 0.30469137 0.31707054]","[0.29832947 0.13611239 0.47164007 0.30334103 0.30911796]",0.264724671840668,2,"32304_2,2,1_0.1_True",0.178662096787824,0.599407781279152
"dcgat-agm003289101","(2, 2, 1)",0.0275786992513741,"Ag-0.778-Zn-0.222","False","[1.67870975 1.6882441  1.68887901 1.69147396 1.70610285]","[1.90065289 1.90252454 1.9064342  1.90651229 1.90271978]",1.6787097454071,1.90065289,"[-0.28679252 -0.28470001 -0.28465703 -0.28452912 -0.28194141]","[-0.18988605 -0.18719839 -0.12455549 -0.19323267 -0.18996312]",-0.286792516708374,-0.193232670000015,"[0.25513142 0.25776035 0.2585302  0.25954515 0.25982255]","[0.32402291 0.32191544 0.31820067 0.31639983 0.31183941]",0.255131423473358,0.31183940999999,"[0.13086039 0.13379586 0.13424385 0.13492584 0.13702649]","[0.17217192 0.19619946 0.19310944 0.17397795 0.17022685]",0.130860388278961,0.170226850000006,"[0.24496275 0.24579817 0.24601513 0.24658793 0.2466746 ]","[0.27724885 0.26603283 0.27459336 0.27161734 0.27857703]",0.244962751865387,0.26603283,0.287729979999995,"[0.20837933 0.21417385 0.21564656 0.22017789 0.22034854]","[0.28772998 0.2893934  0.29073048 0.29470458 0.29054133]",0.208379328250885,2,"17889_2,2,1_0.028_False",0.681268545856836,0.859505303800012
"dcgat-agm003551781","(2, 0, -1)",0.375444006958357,"Ag-0.5-Au-0.375-Zn-0.125","False","[1.70324206 1.70840216 1.71271968 1.71278548 1.7129128 ]","[1.60513078 1.60881816 1.60602313 1.60558541 1.60782477]",1.70324206352234,1.60513078,"[-0.30416495 -0.30317891 -0.30313587 -0.30275768 -0.30249551]","[-0.17131837 -0.17377588 -0.17481345 -0.16902584 -0.17002026]",-0.304164946079254,-0.174813450000002,"[0.04185057 0.04237163 0.04275292 0.04288805 0.0430845 ]","[0.09012322 0.08861958 0.09125163 0.0896505  0.08954734]",0.0418505668640136,0.0886195799999995,"[0.32187563 0.32534045 0.32664067 0.32864231 0.34487301]","[0.30303125 0.30443597 0.30363546 0.30552797 0.30686092]",0.321875631809235,0.303031250000004,"[0.2615661  0.26191872 0.26202196 0.26283807 0.26306182]","[0.27017573 0.27034223 0.26928952 0.2692528  0.26716337]",0.26156610250473,0.267163370000006,0.863937949999993,"[0.92136198 0.92560083 0.92717904 0.93048471 0.9305492 ]","[0.86578457 0.86416552 0.86393795 0.86552418 0.86664291]",0.921361982822418,3,"29683_2,0,-1_0.375_False",0.581164794115346,1
"dcgat-agm003766389","(0, 0, 1)",0.042525248598271,"Ag-0.125-Au-0.125-Zn-0.75","False","[0.17309368 0.17429143 0.18489629 0.1874848  0.18836963]","[0.75704009 0.76925962 0.76794892 0.75261334 0.7726029 ]",0.173093676567078,0.752613339999996,"[-0.34982964 -0.34073627 -0.30801705 -0.30014753 -0.2876595 ]","[0.10844078 0.13061929 0.25716028 0.24556495 0.24853653]",-0.349829643964767,0.108440779999995,"[-2.04252148 -1.52951288 -1.24467707 -1.18306994 -1.14893162]","[1.68898491 1.60152254 1.67545772 1.54108613 1.57732053]",-2.04252147674561,1.54108613,"[-0.48111808 -0.4753626  -0.43241984 -0.42447886 -0.42379618]","[ 0.11393667 -0.00555476  0.15890123  0.03781618 -0.00518257]",-0.481118083000183,-0.0055547599999954,"[-0.08724362 -0.07973814 -0.06591582 -0.06573969 -0.06540871]","[0.28941135 0.26925614 0.28104631 0.28463798 0.29775156]",-0.0872436165809631,0.26925614000001,-0.311863259999996,"[-0.74077553 -0.73893201 -0.73337084 -0.73219275 -0.73187876]","[-0.31186326 -0.30219582 -0.30344399 -0.3079192  -0.30564057]",-0.740775525569916,3,"27237_0,0,1_0.043_False",0.68483477291833,1
"dcgat-agm003332475","(0, 0, 1)",0.332650048902363,"Ag-0.444-Au-0.222-Cd-0.333","True","[1.74749541 1.7475276  1.7478416  1.74818349 1.75365543]","[1.6483524  1.65276417 1.65283383 1.65188127 1.65245297]",1.74749541282654,1.64835240000001,"[-0.17494535 -0.1721493  -0.16717547 -0.16627443 -0.16501367]","[-0.01769539 -0.01617132 -0.01499461 -0.01365547 -0.0166905 ]",-0.17494535446167,-0.01769539,"[0.01425195 0.01596081 0.01600802 0.01618832 0.01667738]","[-0.01608778 -0.02162558 -0.01343381 -0.01929059 -0.01639575]",0.0142519474029541,-0.0216255800000055,"[0.32117754 0.32123798 0.32284409 0.32340187 0.32363814]","[0.29863453 0.30338039 0.29258334 0.30078403 0.29540389]",0.321177542209625,0.292583340000022,"[0.28796858 0.28854114 0.28915638 0.28932017 0.28972536]","[0.28561515 0.27089856 0.27142526 0.2697491  0.28836955]",0.287968575954437,0.269749100000013,0.519746490000017,"[0.50485891 0.5055967  0.5063923  0.50674599 0.50704676]","[0.51981487 0.52132672 0.52173613 0.51974649 0.52061129]",0.504858911037445,3,"19367_0,0,1_0.333_True",0.607073605954889,0.131906891447982
"dcgat-agm001282084","(0, 0, 1)",0.127143891129318,"Ag-0.75-Sn-0.25","False","[1.84093118 1.84353256 1.84982157 1.85167241 1.85378695]","[1.76328892 1.75368618 1.75695297 1.76139852 1.75427726]",1.84093117713928,1.75368618,"[-0.11225003 -0.110946   -0.11053967 -0.11034155 -0.11015975]","[-0.06005713 -0.06107763 -0.05400713 -0.06073051 -0.05679789]",-0.112250030040741,-0.0610776299999997,"[0.29233104 0.29529411 0.29559487 0.29576308 0.29618984]","[0.3491667  0.3473523  0.34908269 0.34752132 0.34723123]",0.292331039905548,0.347231230000006,"[0.37487012 0.37608701 0.37951607 0.37974626 0.38358802]","[0.38773979 0.39506123 0.38392147 0.3869516  0.38164931]",0.374870121479034,0.38164931,"[0.24732834 0.24789518 0.24814469 0.24942499 0.24946564]","[0.27112503 0.27328905 0.2752443  0.27547363 0.27247371]",0.247328341007233,0.271125030000007,0.319920960000005,"[0.29626423 0.29951686 0.30047303 0.3006224  0.30085856]","[0.3201057  0.32465212 0.32188412 0.31992096 0.32406607]",0.296264231204987,2,"22645_0,0,1_0.127_False",0.475287810545424,0.849376253598136
"dcgat-agm003266666","(0, 0, 1)",0.25,"Ag-0.889-Zn-0.111","True","[1.57835197 1.58061552 1.58079004 1.58086061 1.58102298]","[1.51463558 1.51382198 1.50989928 1.51237132 1.51007558]",1.57835197448731,1.50989928000001,"[-0.19103682 -0.19035041 -0.18959254 -0.18710297 -0.18708056]","[-0.08256994 -0.08252339 -0.08114443 -0.08565104 -0.0810142 ]",-0.191036820411682,-0.0856510400000019,"[0.05782169 0.06087869 0.06153876 0.06473339 0.06541395]","[0.07849018 0.07446553 0.08948107 0.07738823 0.0762832 ]",0.0578216910362243,0.0744655299999976,"[0.1140691  0.1156351  0.11728251 0.11810601 0.11952591]","[0.15348795 0.12594808 0.12466239 0.14866926 0.15549506]",0.114069104194641,0.124662390000012,"[0.25763875 0.25873345 0.26048905 0.26162022 0.26253909]","[0.27315191 0.2733984  0.27203549 0.27209742 0.27445904]",0.25763875246048,0.272035490000008,0.0241604200000011,"[0.01311249 0.01313269 0.01501143 0.01640153 0.016756  ]","[0.02695727 0.02416042 0.02621353 0.02711907 0.02552677]",0.0131124854087829,2,"30393_0,0,1_0.25_True",0.638483886726027,0.0732687698907256
"dcgat-agm003193040","(0, 1, 0)",0,"Ag-0.5-In-0.5","True","[1.70868111 1.70913982 1.71237564 1.71881104 1.720052  ]","[1.762398   1.76367337 1.7508001  1.76225752 1.75790931]",1.70868110656738,1.75080009999999,"[-0.10108697 -0.09887666 -0.0966959  -0.09614742 -0.09599662]","[-0.03694674 -0.03914243 -0.03785489 -0.04004841 -0.03980502]",-0.101086974143982,-0.0400484100000113,"[-1.11707067  0.28369409  0.28528076  0.28575295  0.28597444]","[1.53173871 0.2744392  0.28564851 0.28267996 0.28371137]",-1.11707067489624,0.274439199999989,"[0.23680538 0.2394405  0.24155235 0.24366325 0.2443614 ]","[0.21212951 0.21170541 0.20910607 0.21379091 0.21193078]",0.236805379390717,0.209106070000018,"[0.32540053 0.32601887 0.32615632 0.32827109 0.32828087]","[0.27532966 0.27271811 0.27418014 0.27943507 0.27713464]",0.325400531291962,0.27271811,0.0408281699999975,"[0.11868471 0.11872661 0.11945897 0.11949003 0.11997008]","[0.04132135 0.04082817 0.04255622 0.04238874 0.04144033]",0.118684709072113,2,"27786_0,1,0_0.0_True",0.462779723030379,0.684294140963157
"dcgat-agm003291939","(2, 1, 1)",0.0563329040273608,"Ag-0.556-Cd-0.444","False","[2.10909772 2.11078215 2.11322021 2.11370039 2.11809826]","[2.18397423 2.18383967 2.18323499 2.18226931 2.17734618]",2.10909771919251,2.17734618,"[-0.19789737 -0.19551629 -0.19471121 -0.19376493 -0.19271767]","[-0.12000086 -0.13617155 -0.11198962 -0.10189057 -0.13519731]",-0.197897374629974,-0.136171550000014,"[-1.36930323 -0.72347802  0.21983743  0.22211432  0.22498834]","[1.5625555  1.64827879 0.21748577 0.21855193 0.21767139]",-1.36930322647095,0.217485769999996,"[0.11180586 0.11492521 0.11493766 0.11558461 0.11603522]","[0.09311918 0.08887811 0.08671069 0.10103482 0.08903581]",0.111805856227875,0.0867106900000038,"[0.26547366 0.26597446 0.26700872 0.26704174 0.26791507]","[0.27522709 0.27456715 0.27615955 0.27308607 0.274423  ]",0.265473663806915,0.273086070000005,0.220509379999996,"[0.24540514 0.24943811 0.24944741 0.24988478 0.25007361]","[0.22829693 0.22824678 0.2420754  0.22050938 0.22877128]",0.24540513753891,2,"31874_2,1,1_0.056_False",0.534575130577803,0.280256749379893
"dcgat-agm003447519","(1, 1, 0)",0.125,"Au-0.571-Cu-0.286-Zn-0.143","True","[1.73641086 1.73696923 1.73931003 1.74242258 1.74936104]","[1.75504468 1.75531257 1.75351941 1.75103072 1.7556043 ]",1.73641085624695,1.75103071999999,"[-0.03299952 -0.03228563 -0.03171384 -0.03143495 -0.03126079]","[0.09088559 0.08335587 0.08712521 0.08251938 0.08985317]",-0.0329995155334472,0.0825193800000079,"[0.05280817 0.05398971 0.05556363 0.05691856 0.05695462]","[0.07793372 0.07493665 0.07729439 0.07136612 0.07037815]",0.0528081655502319,0.0703781500000104,"[0.36223763 0.36942142 0.36977726 0.3706941  0.37307709]","[0.33970957 0.36345441 0.36112633 0.36190967 0.36822097]",0.362237632274628,0.339709569999997,"[0.25215906 0.25765425 0.25806564 0.25807673 0.25924546]","[0.27353869 0.27572861 0.27779906 0.2738691  0.27471764]",0.252159059047699,0.273538690000009,0.565188739999996,"[0.57677346 0.57898325 0.5797891  0.57999212 0.58001906]","[0.57326688 0.57109029 0.56634444 0.56518874 0.56613829]",0.576773464679718,3,"27799_1,1,0_0.125_True",0.528951317925729,0
"dcgat-agm003318799","(2, 2, -1)",0,"Ag-0.636-Au-0.182-Zn-0.182","True","[1.65294957 1.65672779 1.65674424 1.65679669 1.65706372]","[1.80123997 1.81131206 1.79849645 1.80717056 1.80586324]",1.6529495716095,1.79849644999999,"[-0.20675826 -0.20517594 -0.20496494 -0.20440108 -0.20398879]","[-0.08064072 -0.08022011 -0.07802835 -0.07717222 -0.07731153]",-0.206758260726929,-0.080640719999991,"[-1.6569891  -1.43237388 -1.3749938  -1.36876678  0.08389044]","[1.73463394 1.62896656 2.73848596 1.64408821 0.09464104]",-1.65698909759521,0.094641039999999,"[0.08844054 0.09670901 0.10396332 0.12521052 0.15799934]","[0.17226573 0.14844419 0.19261453 0.16936754 0.19760894]",0.0884405374526977,0.148444189999992,"[0.18575728 0.18670881 0.19392443 0.19475514 0.19668442]","[0.27361035 0.2758505  0.27870032 0.27678085 0.27819738]",0.185757279396057,0.273610350000013,0.0976676200000099,"[0.0637033  0.06379348 0.06400239 0.06508631 0.06622791]","[0.09766762 0.13377005 0.09766904 0.10083147 0.1026415 ]",0.0637032985687255,3,"32994_2,2,-1_0.0_True",0.554650532588843,0.904529822996668
"dcgat-agm003292302","(0, 1, 1)",0,"Au-0.556-Cd-0.444","True","[1.50496244 1.51137209 1.52137828 1.52165937 1.53389549]","[1.66671597 1.60981839 1.66948238 1.67035237 1.61666246]",1.50496244430542,1.60981839000002,"[-0.17223418 -0.17021608 -0.16995478 -0.16779166 -0.16767752]","[-0.08395894 -0.08487613 -0.08424178 -0.0829279  -0.0845466 ]",-0.172234177589417,-0.0848761299999978,"[-1.23380482e-01 -7.81780481e-03 -2.90352106e-03  3.11732292e-05
  1.05857849e-04]","[-0.06211182 -0.01240784 -0.01363298 -0.02675818 -0.02338233]",-0.123380482196808,-0.0621118200000125,"[0.27048987 0.27794498 0.29868001 0.30015355 0.30129331]","[0.30337952 0.31519974 0.32961731 0.32966429 0.29650694]",0.270489871501923,0.296506940000029,"[0.30253047 0.30279344 0.30287939 0.30406052 0.30418426]","[0.2749215  0.27629899 0.28287005 0.27901083 0.27709344]",0.302530467510223,0.274921500000005,0.408334139999994,"[0.36786169 0.36798209 0.36868566 0.37056714 0.37070709]","[0.41356202 0.41079001 0.40868675 0.40833414 0.41269556]",0.367861688137054,2,"18424_0,1,1_0.0_True",0.540073932320891,0.105603702145941
"dcgat-agm003203320","(2, 1, -1)",0.252180139964527,"Ag-0.833-Cd-0.167","False","[2.04504943 2.05175209 2.0531702  2.05321264 2.05377364]","[2.1320909  2.12897886 2.13059073 2.12982642 2.13092007]",2.04504942893982,2.12897885999999,"[-0.28723773 -0.28536609 -0.28286022 -0.28209841 -0.28185955]","[-0.18347058 -0.18398205 -0.18507484 -0.18216373 -0.18595712]",-0.287237733602524,-0.185957120000012,"[-1.56939888  0.18367332  0.19055486  0.19082397  0.19109774]","[1.52289585 0.18149288 0.18517728 0.18216717 0.18221961]",-1.56939888000488,0.181492880000008,"[0.0046432  0.0130493  0.0180099  0.02260464 0.02396703]","[0.01838642 0.02199575 0.02429778 0.0376767  0.03708867]",0.0046432018280029,0.0183864199999845,"[0.26753134 0.271375   0.27188081 0.27296942 0.27335054]","[0.27760274 0.27950544 0.27743383 0.27931749 0.27905614]",0.267531335353851,0.277433829999993,0.156219929999992,"[0.15825999 0.16062039 0.1607452  0.16097224 0.16148347]","[0.15621993 0.15663761 0.15983162 0.15823591 0.15819847]",0.158259987831116,2,"29272_2,1,-1_0.252_False",0.640766848326393,0
"dcgat-agm003203023","(0, 0, 1)",0.824276752130572,"Au-0.5-In-0.5","False","[1.67154002 1.6741333  1.67454195 1.6755352  1.67703795]","[1.67185167 1.67014473 1.67304577 1.68124367 1.67258526]",1.67154002189636,1.67014473,"[-0.06379586 -0.0521993  -0.05174547 -0.03310126 -0.01940209]","[0.0190431  0.00414279 0.0113891  0.01232573 0.06585323]",-0.0637958645820617,0.004142790000003,"[-0.871885    0.04540676  0.04730362  0.04790384  0.04857516]","[1.49102259 0.0505541  0.0515572  0.05474166 0.05338462]",-0.871885001659393,0.0505540999999709,"[0.3245396  0.32588869 0.32794827 0.32887691 0.33244818]","[0.33224376 0.34075051 0.3377202  0.34140342 0.33469567]",0.324539601802826,0.332243760000011,"[0.27023822 0.27349192 0.27887446 0.27891439 0.28237039]","[0.28192036 0.27897862 0.27874253 0.27822149 0.27972441]",0.270238220691681,0.278221489999993,0.329624440000003,"[0.35491818 0.35647506 0.3565312  0.35824293 0.35900193]","[0.35213135 0.33096023 0.3539556  0.34498272 0.32962444]",0.35491818189621,2,"19207_0,0,1_0.824_False",0.393297438767643,0.896750019931231
"dcgat-agm002952145","(2, 0, 1)",0.066461358596764,"Ag-0.4-Au-0.4-Tl-0.2","True","[1.7570703  1.9421618  1.95831227 1.96266699 1.99386144]","[1.99282059 2.19177822 2.0867661  2.08423355 2.28224147]",1.75707030296326,1.99282058999999,"[-0.16482353 -0.14203161 -0.10025871  0.05261517  0.06770974]","[0.03228157 0.37301505 0.18561839 0.09671823 0.10113202]",-0.164823532104492,0.0322815699999949,"[-0.23606634 -0.20279449 -0.20114243 -0.18910843 -0.18456495]","[-0.00777964 -0.00436434 -0.02721457  0.037749    0.02733605]",-0.236066341400146,-0.0272145699999981,"[0.17489755 0.18984556 0.2004649  0.28959876 0.34329861]","[0.38289614 0.42827132 0.44080793 0.57604911 0.57451861]",0.17489755153656,0.38289614,"[0.00073165 0.00891191 0.01020634 0.01236385 0.01766264]","[0.2790496  0.29109289 0.29344824 0.28949887 0.29117924]",0.0007316470146179,0.279049600000008,0.589724929999989,"[0.34564298 0.35769814 0.36078256 0.36605293 0.3766523 ]","[0.60988211 0.61377043 0.64242801 0.58972493 0.64549644]",0.345642983913422,3,"20145_2,0,1_0.066_True",0.410212125098963,1
"dcgat-agm003291149","(1, 1, -2)",0.180066222206941,"Ag-0.7-Sn-0.3","True","[1.61517715 1.61685395 1.62269926 1.62282538 1.62337947]","[1.64549827 1.63677978 1.64196893 1.64804812 1.63720923]",1.61517715454102,1.63677978,"[-0.05221033 -0.03623778 -0.03604883 -0.0215013  -0.02101719]","[0.05979217 0.08217622 0.06366924 0.04931372 0.04881551]",-0.0522103309631347,0.0488155099999971,"[0.27066535 0.27126914 0.27342921 0.27555829 0.27711743]","[0.33557825 0.34179594 0.3299535  0.34623961 0.33448718]",0.270665347576141,0.329953499999988,"[0.38878876 0.40493077 0.40805954 0.41320354 0.41461283]","[0.43850739 0.44503938 0.44302817 0.45614735 0.45439499]",0.388788759708405,0.438507389999998,"[0.32155448 0.32259971 0.32346302 0.3239432  0.32519478]","[0.27963023 0.28189699 0.28152822 0.27950492 0.2800449 ]",0.321554481983185,0.279504919999994,0.341556859999997,"[0.31978101 0.3204754  0.32049125 0.32098478 0.32125515]","[0.34696816 0.34883563 0.34155686 0.34413376 0.34267762]",0.319781005382538,2,"30813_1,1,-2_0.18_True",0.364031265675525,0.631471344377323
"dcgat-agm003268288","(1, 0, 0)",0.153613872620503,"Ag-0.667-Cd-0.333","True","[1.87421966 1.87897086 1.88039947 1.88184166 1.88204598]","[1.95500923 1.95678099 1.95530274 1.95187086 1.95507487]",1.8742196559906,1.95187086,"[-0.07546449 -0.07406044 -0.07398039 -0.07368326 -0.07348782]","[-0.01732184 -0.0125755  -0.01487684 -0.01083917 -0.01819737]",-0.0754644870758056,-0.0181973699999957,"[0.36247534 0.36254853 0.36314529 0.36711198 0.36761087]","[0.40559275 0.38808695 0.38815404 0.38607018 0.39417613]",0.362475335597992,0.386070179999997,"[0.41816181 0.42241973 0.42243546 0.42449504 0.42604762]","[0.418326   0.42594788 0.42040747 0.42911719 0.42072483]",0.418161809444428,0.418325999999993,"[0.29133242 0.29269785 0.29345161 0.29418761 0.29450828]","[0.28153018 0.28371884 0.28288453 0.28219064 0.28269042]",0.291332423686981,0.281530180000004,0.376283250000007,"[0.3614319  0.36225075 0.36451834 0.36538452 0.36638325]","[0.42465931 0.42340353 0.37628325 0.37913824 0.3812062 ]",0.361431896686554,2,"17609_1,0,0_0.154_True",0.52181530460851,0.776844741460642
"dcgat-agm003204316","(1, 1, -2)",0.0047976446409037,"Ag-0.667-In-0.333","True","[1.65405917 1.65515924 1.65704608 1.66049528 1.66171765]","[1.79351849 1.79322482 1.79234173 1.79111933 1.78989631]",1.65405917167664,1.78989631,"[-0.17734659 -0.1758281  -0.17576468 -0.17487669 -0.17454237]","[-0.08013394 -0.07535861 -0.08216155 -0.0775772  -0.08312625]",-0.177346587181091,-0.0831262500000065,"[-1.3200022  -1.26164114  0.22739267  0.3180787   0.31839484]","[1.51501485 1.57199579 1.56426905 0.37232675 0.37307937]",-1.3200021982193,0.372326749999999,"[0.30789286 0.30794126 0.31368798 0.31533116 0.31701964]","[0.34867825 0.33760281 0.34215577 0.34037066 0.34034345]",0.307892858982086,0.337602810000007,"[0.25829059 0.26153475 0.26168817 0.26219994 0.26225418]","[0.28177789 0.28663627 0.28473901 0.28378544 0.28780358]",0.258290588855743,0.281777890000015,0.348277210000006,"[0.31633514 0.317388   0.31739026 0.31817907 0.31843477]","[0.34827721 0.3483555  0.35010208 0.34958866 0.34870988]",0.316335141658783,2,"19583_1,1,-2_0.005_True",0.443960289852756,1
"dcgat-agm003341671","(2, 1, 1)",0.0133205681909752,"Ag-0.222-Au-0.333-Cd-0.444","True","[1.81421852 1.81985831 1.83428764 1.83463883 1.83541298]","[1.79078866 1.7959984  1.79388674 1.80135434 1.79443082]",1.81421852111816,1.79078866,"[-0.18466759 -0.1840679  -0.18049151 -0.17835569 -0.17685133]","[-0.10833379 -0.11150405 -0.11193335 -0.10960341 -0.01966846]",-0.184667587280273,-0.111933350000001,"[-1.70466852  0.0161947   0.01755005  0.02025491  0.02052683]","[1.53284141 0.02407914 0.05460366 0.03780373 0.03917989]",-1.7046685218811,0.0240791399999977,"[0.2120477  0.25175864 0.25465649 0.26341122 0.27216381]","[0.24007179 0.28853999 0.29533747 0.29525996 0.3317657 ]",0.212047696113586,0.24007179000003,"[0.22592425 0.22759438 0.22928381 0.22978997 0.2299071 ]","[0.29012024 0.28649006 0.28266383 0.28509916 0.28265771]",0.225924253463745,0.282657710000009,0.271448789999994,"[0.2572487  0.25931531 0.25958604 0.26191539 0.26289588]","[0.27542111 0.27144879 0.27838306 0.27224632 0.275903  ]",0.25724869966507,3,"23510_2,1,1_0.013_True",0.468585057946854,0.177344446606572
"dcgat-agm003735998","(1, 1, -2)",0.133920757036293,"Ag-0.667-Au-0.167-Zn-0.167","True","[1.87639403 1.88462925 1.88965654 1.89018869 1.89237738]","[1.80569797 1.80822502 1.81124141 1.80810842 1.80778312]",1.87639403343201,1.80569797,"[-0.25427002 -0.25312865 -0.25251687 -0.2517817  -0.25045526]","[-0.12885482 -0.13243262 -0.13339595 -0.13364045 -0.12889321]",-0.254270017147064,-0.133640450000001,"[0.02861989 0.02896231 0.02902001 0.02973396 0.03188664]","[0.0831675  0.07254304 0.06883442 0.07041223 0.07404003]",0.0286198854446411,0.0688344200000017,"[-0.01611584 -0.0142225  -0.01389736 -0.01134825 -0.01017547]","[0.01429531 0.01472962 0.03520536 0.03300567 0.03268119]",-0.0161158442497253,0.0142953100000084,"[0.21220118 0.21437907 0.21919882 0.21971184 0.22015268]","[0.28288969 0.2827172  0.28573737 0.28639954 0.28422794]",0.212201178073883,0.282717200000008,0.0850628200000045,"[0.02025628 0.02076763 0.02322346 0.02447754 0.02450758]","[0.08970499 0.08910369 0.08557779 0.08506282 0.08559917]",0.0202562808990478,3,"16981_1,1,-2_0.134_True",0.57231354850389,0.609036733184529
"dcgat-agm003595579","(2, 1, 1)",0.0559942533826633,"Ag-0.111-Au-0.444-Cd-0.444","True","[1.73610854 1.74092031 1.75232029 1.75235796 1.77147818]","[1.68460836 1.6860268  1.69601588 1.69029393 1.94735306]",1.73610854148865,1.68460836,"[-0.31175333 -0.30891079 -0.3063601  -0.30616212 -0.30274388]","[-0.11758337 -0.12040383 -0.1294538  -0.12637649 -0.13097936]",-0.311753332614899,-0.130979360000012,"[-0.18665802 -0.18268996 -0.18014491 -0.17444551 -0.17182702]","[-0.06651995 -0.06587976 -0.05987011 -0.05556254 -0.06623006]",-0.186658024787903,-0.06651995,"[0.12576169 0.12744856 0.13325095 0.13390505 0.13605028]","[0.21350365 0.20878152 0.21610253 0.21555589 0.20446186]",0.125761687755585,0.204461859999995,"[0.21194243 0.21562469 0.21635073 0.21673888 0.21725696]","[0.28281783 0.28672576 0.29404648 0.28852871 0.28417657]",0.211942434310913,0.282817829999999,0.193184509999995,"[0.13515103 0.13747078 0.14125121 0.14543009 0.14617795]","[0.19710363 0.19811824 0.19378351 0.19318451 0.20030525]",0.135151028633118,3,"17987_2,1,1_0.056_True",0.469866427438543,0.119446668931289
"dcgat-agm002031585","(1, 0, -1)",0.282147161761495,"Sn-0.333-Zn-0.667","True","[0.94710106 0.98667055 0.98911279 0.99242753 0.99244696]","[1.12770376 0.9622184  0.88860794 0.8977184  0.89673631]",0.947101056575775,0.88860794,"[-0.13703191 -0.13142127 -0.11728543 -0.1097042  -0.10565269]","[-0.0227643  -0.04287701 -0.0295538  -0.03252997 -0.02972082]",-0.13703191280365,-0.0428770100000122,"[-0.2100631  -0.20418692 -0.17982513 -0.16646665 -0.1377663 ]","[0.10923157 0.08763129 0.15773632 0.08075085 0.06923104]",-0.210063099861145,0.0692310399999911,"[-0.23999083 -0.23656332 -0.04245436 -0.02373195 -0.01701283]","[-0.08848933 -0.08925626  0.07206404  0.27555045  0.30074225]",-0.239990830421448,-0.089256259999999,"[0.08146489 0.12934381 0.28095847 0.28731877 0.28790039]","[0.41369566 0.37292866 0.28618711 0.28613562 0.28486703]",0.0814648866653442,0.284867030000001,-0.14085077,"[-0.16417706 -0.15537697 -0.15483105 -0.14751285 -0.14291745]","[ 0.00874016 -0.11115582 -0.10006096 -0.12190828 -0.14085077]",-0.164177060127258,2,"23142_1,0,-1_0.282_True",0.454473874663223,0.566389038128953
"dcgat-agm003488403","(1, 0, 0)",0.25,"Au-0.222-Cd-0.667-Pd-0.111","True","[1.76007414 1.76089692 1.76148844 1.76265717 1.76365352]","[1.72903305 1.73091341 1.72939245 1.73049632 1.73022249]",1.76007413864136,1.72903305,"[-0.85451359 -0.85441631 -0.85390878 -0.85216743 -0.85027039]","[-0.73507025 -0.73519265 -0.73345439 -0.73219334 -0.73175367]",-0.854513585567474,-0.735192650000002,"[-1.59120452 -1.4128511  -0.8339802  -0.17938447 -0.17848146]","[ 1.55399682  1.54912512  1.53357464 -0.11406865 -0.11243247]",-1.59120452404022,-0.114068649999993,"[0.14136928 0.15335751 0.16579932 0.16818327 0.17377281]","[0.27281857 0.2605837  0.27236451 0.23013269 0.23094483]",0.14136928319931,0.230132690000005,"[0.21568495 0.21800035 0.21803415 0.21819919 0.21824324]","[0.28728557 0.28592837 0.29132318 0.28958106 0.28898584]",0.215684950351715,0.285928370000008,0.0713649599999968,"[0.04052979 0.04237586 0.04384637 0.0445047  0.04476035]","[0.07149415 0.07262986 0.07136496 0.07600157 0.07691109]",0.0405297875404357,3,"26379_1,0,0_0.25_True",0.403522325468786,0.359379839975036
"dcgat-agm003299761","(1, 1, 1)",0.0833333333333333,"Au-0.875-In-0.125","True","[1.43709898 1.44049788 1.44189024 1.4419229  1.44193387]","[1.49062523 1.4904602  1.49050875 1.49331485 1.49015476]",1.43709897994995,1.49015475999997,"[-0.1472739  -0.14632887 -0.13999641 -0.13703579  0.06488872]","[-0.0162889  -0.02253555 -0.00619297 -0.01082829  0.15911162]",-0.147273898124695,-0.0225355500000432,"[0.10943633 0.1118468  0.11429626 0.11478221 0.11524206]","[0.18885146 0.187978   0.16774729 0.18181537 0.18183251]",0.109436333179474,0.167747290000023,"[0.45676178 0.46674341 0.4673776  0.47010809 0.4728598 ]","[0.55069434 0.52444673 0.52848088 0.55044508 0.53531141]",0.45676177740097,0.524446729999966,"[0.26971418 0.27205044 0.27278358 0.27358145 0.27424234]","[0.28953688 0.28737291 0.28750068 0.29230368 0.28794674]",0.269714176654816,0.287372909999988,0.699218959999996,"[0.60097176 0.60131329 0.60172313 0.60216743 0.60273737]","[0.70159052 0.70127076 0.69921896 0.70700561 0.7023433 ]",0.600971758365631,2,"28594_1,1,1_0.083_True",0.450951235318609,0.969806677539592
"dcgat-agm003264491","(2, 2, 1)",0.110062580198438,"Ag-0.625-Zn-0.375","True","[1.43024325 1.43186975 1.43277454 1.43392134 1.43531895]","[1.35884544 1.35744804 1.35702783 1.3569112  1.35709581]",1.43024325370789,1.35691120000001,"[-0.0285781  -0.02580184 -0.02353883 -0.02233469 -0.02230638]","[0.03174819 0.02940268 0.03192581 0.02783558 0.02976845]",-0.0285781025886535,0.0278355799999872,"[0.2614215  0.26383466 0.26536101 0.2664569  0.27335924]","[0.27584375 0.27676919 0.27535256 0.29507053 0.29636191]",0.261421501636505,0.275352559999988,"[0.32934803 0.33195251 0.33312887 0.3620767  0.36254114]","[0.33292151 0.33448017 0.33598143 0.35075396 0.35243515]",0.329348027706146,0.332921510000006,"[0.29218096 0.29568046 0.295775   0.29664677 0.29701799]","[0.29008277 0.29098798 0.28912116 0.29134609 0.29081231]",0.292180955410004,0.289121159999979,0.001097250000015,"[0.09411937 0.09489828 0.09629035 0.09681416 0.09831059]","[0.00883421 0.00719036 0.00109725 0.00215266 0.001516  ]",0.0941193699836731,2,"29169_2,2,1_0.11_True",0.599929171154093,0.963207681888205
"oqmd-758619","(2, -1, 2)",0.102,"Au-0.429-Zn-0.571","True","[0.99255341 1.01302958 1.02284503 1.03861284 1.0696342 ]","[1.18199953 1.17696085 1.17008567 1.18441795 1.2401622 ]",0.992553412914276,1.17008566999999,"[-0.4301711  -0.42714894 -0.41308579 -0.4120433  -0.40314233]","[-0.16814562 -0.16220788 -0.15134376 -0.16000395 -0.15470758]",-0.430171102285385,-0.168145620000004,"[-0.24071109 -0.13731027 -0.12383091 -0.11233622 -0.10638225]","[0.15812587 0.18780669 0.09278021 0.04545313 0.09495459]",-0.240711092948914,0.0454531299999985,"[0.0488891  0.06264794 0.07386422 0.07816088 0.0805741 ]","[0.2742863  0.17151283 0.23338374 0.1853731  0.16674532]",0.0488891005516052,0.166745320000004,"[0.11051005 0.11343366 0.12170339 0.1217894  0.12399662]","[0.2891906  0.39481934 0.39885228 0.41729647 0.39712149]",0.110510051250458,0.289190599999998,-0.188002310000002,"[-0.27635267 -0.21961462 -0.19217736 -0.13106102 -0.12062138]","[-0.18800231 -0.13154712 -0.04453954  0.08688591  0.06647773]",-0.276352673768997,2,"12333_2,-1,2_0.102_True",0.693414547678466,0
"dcgat-agm003299809","(1, 1, 1)",0.0833333333333333,"Sb-0.125-Tl-0.875","True","[1.83367133 1.83387184 1.83466983 1.83873463 1.84137225]","[1.69840102 1.6894459  1.6871634  1.68515575 1.68783455]",1.83367133140564,1.68515575000001,"[-0.17249793 -0.17083681 -0.02247536 -0.02097332 -0.01591522]","[-0.01322373 -0.00676185  0.10802118  0.10787219  0.11017659]",-0.172497928142548,-0.0132237299999928,"[-0.88478202 -0.18104166 -0.1763829  -0.17472875 -0.17280883]","[ 1.33783762 -0.10197999 -0.10349853 -0.09918395 -0.09125084]",-0.884782016277313,-0.103498530000024,"[0.19992393 0.20542175 0.2063663  0.20651454 0.20807326]","[0.27732189 0.25824431 0.26641626 0.28293241 0.27822518]",0.199923932552338,0.258244310000009,"[0.19241542 0.20164728 0.2056269  0.20811969 0.20828915]","[0.2921194  0.296177   0.29401589 0.3011306  0.2938298 ]",0.192415416240692,0.29211939999999,0.131881189999973,"[0.22276348 0.25097626 0.25279385 0.25918955 0.28697044]","[0.16530494 0.14977965 0.14360593 0.13188119 0.16181374]",0.222763478755951,2,"31384_1,1,1_0.083_True",,
"dcgat-agm003332473","(0, 1, 0)",0.25,"Ag-0.333-Au-0.222-Cd-0.444","True","[1.7122376  1.71343184 1.71419692 1.71873021 1.71877432]","[1.60055786 1.59615293 1.59733369 1.60056891 1.59939268]",1.71223759651184,1.59615293,"[-0.17483574 -0.17475373 -0.17421412 -0.17372876 -0.17361999]","[-0.11152357 -0.11406719 -0.11235817 -0.10872539 -0.11366366]",-0.174835741519928,-0.11406719,"[-0.08118767 -0.07965696 -0.07965195 -0.07366121 -0.02839649]","[-0.06578434 -0.07138036 -0.0702374  -0.06870726 -0.03922537]",-0.0811876654624939,-0.0713803600000062,"[0.12194449 0.12293667 0.124138   0.12524313 0.13235015]","[0.11332057 0.11297171 0.11395497 0.11794541 0.12644219]",0.121944487094879,0.112971710000011,"[0.29549712 0.2956925  0.29572672 0.29755002 0.29758531]","[0.29708084 0.29614224 0.29662653 0.29325311 0.29490217]",0.295497119426727,0.293253109999995,0.0608649299999939,"[0.06746763 0.08109903 0.08426899 0.08484161 0.08555675]","[0.09831852 0.09673554 0.06086493 0.07018954 0.06252947]",0.0674676299095153,3,"26205_0,1,0_0.25_True",0.570855469829541,0.0133973695595333
"dcgat-agm003195129","(2, 1, 2)",0.0260530158508512,"Ag-0.2-Cd-0.8","True","[1.73046756 1.73866367 1.73892975 1.74948931 1.7518456 ]","[1.72781251 1.72866965 1.73099276 1.72414536 1.7393402 ]",1.7304675579071,1.72414536,"[-0.24545819 -0.24450499 -0.24291819 -0.24202871 -0.24008769]","[-0.17836104 -0.16957537 -0.1759875  -0.1656565  -0.17868499]",-0.24545818567276,-0.178684989999994,"[0.13474232 0.13636005 0.13786131 0.1405744  0.14216137]","[0.15878942 0.15037064 0.15455486 0.15711937 0.16615708]",0.134742319583893,0.150370639999998,"[0.12123543 0.12385881 0.12954706 0.13019329 0.13134778]","[0.15615152 0.13861979 0.14691237 0.14130519 0.14217293]",0.121235430240631,0.138619789999993,"[0.30702132 0.30890256 0.30894309 0.30913848 0.3111437 ]","[0.30022402 0.29397087 0.3059024  0.2971985  0.30013983]",0.30702131986618,0.293970870000003,0.0630200400000049,"[0.06887341 0.07009232 0.0706374  0.07276589 0.10058218]","[0.06621418 0.06302004 0.06354965 0.06497824 0.09202271]",0.0688734054565429,2,"33528_2,1,2_0.026_True",0.317925423502294,0
"dcgat-agm003641019","(1, 1, 0)",0.25,"Ag-0.4-Au-0.5-Cd-0.1","True","[1.55424953 1.55570269 1.55611491 1.55682254 1.55711818]","[1.6678602  1.67136166 1.67202198 1.66975217 1.67334313]",1.55424952507019,1.66786020000001,"[-0.23011214 -0.22829568 -0.22754836 -0.227341   -0.2266922 ]","[-0.17549288 -0.16937434 -0.17770956 -0.17643825 -0.17602386]",-0.230112135410309,-0.177709559999983,"[-0.07571363 -0.07490522 -0.07403266 -0.0737946  -0.07283419]","[-0.03634224 -0.03316467 -0.03147795 -0.03324791 -0.03309307]",-0.0757136344909668,-0.0363422400000104,"[0.29684919 0.29939598 0.30390161 0.30719036 0.30759114]","[0.34559997 0.34704453 0.32036801 0.32839395 0.32079353]",0.296849191188812,0.32036801000001,"[0.25977379 0.26132089 0.26169306 0.26270348 0.26298004]","[0.29533154 0.2989477  0.300179   0.29806461 0.29989497]",0.259773790836334,0.295331540000007,0.591315469999984,"[0.58779556 0.58929437 0.59070796 0.59089464 0.59129792]","[0.59392985 0.59352777 0.59357854 0.59417485 0.59131547]",0.587795555591583,3,"29949_1,1,0_0.25_True",0.607018694827228,1
"dcgat-agm003285828","(2, -1, 0)",0.251230446501801,"Ag-0.867-Hg-0.133","True","[2.23392606 2.23986197 2.24347186 2.24945712 2.25185275]","[2.24133583 2.24082599 2.26037121 2.2646138  2.23746126]",2.23392605781555,2.23746125999998,"[-0.07649273 -0.07646102 -0.07627738 -0.07573354 -0.07484996]","[-0.01263047 -0.00971274  0.00059218 -0.00729874 -0.00931352]",-0.0764927268028259,-0.0126304700000048,"[-1.37914228  0.42299265  0.42430335  0.42431241  0.42489403]","[2.31547147 0.45728732 0.45409212 0.45606444 0.45230334]",-1.37914228439331,0.452303340000015,"[0.54617709 0.54851884 0.55023247 0.55087036 0.55442351]","[0.60609361 0.61547586 0.62322331 0.61758932 0.61712192]",0.546177089214325,0.606093609999988,"[0.28521317 0.28600425 0.28660005 0.28672081 0.28741795]","[0.30864046 0.29753024 0.29600792 0.29663674 0.31135452]",0.285213172435761,0.296007919999994,0.545561829999997,"[0.50397474 0.50576109 0.50623864 0.50882584 0.50950474]","[0.54922272 0.54556183 0.55479614 0.55485191 0.56080662]",0.503974735736847,2,"22757_2,-1,0_0.251_True",0.482711682111031,0.23255289353878
"dcgat-agm003261522","(1, 1, 1)",0.0833333333333333,"Cu-0.125-Zn-0.875","True","[0.82991606 0.83131105 0.8342039  0.83469385 0.83594054]","[0.93268832 0.93708721 0.93747158 0.93494812 0.93679836]",0.829916059970856,0.932688319999997,"[-0.29566327 -0.29272088 -0.29213226 -0.29197612 -0.29054248]","[-0.17703117 -0.17658034 -0.17548119 -0.18429906 -0.18209992]",-0.295663267374039,-0.184299060000001,"[0.19198006 0.19743502 0.19961131 0.2035352  0.20441353]","[0.32735522 0.32219722 0.32216033 0.32527763 0.32617535]",0.191980063915253,0.322160330000003,"[0.26123887 0.32930583 0.3522442  0.39683682 0.39726681]","[0.37392285 0.46239197 0.46205793 0.45774851 0.46789335]",0.261238873004913,0.373922850000014,"[0.24743348 0.24831837 0.24858278 0.25004262 0.2506147 ]","[0.29611567 0.30280565 0.29629816 0.30039936 0.29643644]",0.247433483600616,0.296115670000006,0.0610413600000043,"[0.00017667 0.00613463 0.00641465 0.0065425  0.00697303]","[0.06563106 0.070043   0.06911016 0.06337048 0.06104136]",0.0001766681671142,2,"31463_1,1,1_0.083_True",0.34935478521775,1
"dcgat-agm003489090","(1, 0, 1)",0.25,"Ag-0.222-Cu-0.111-Zn-0.667","True","[0.80656487 0.81139392 0.96286803 0.96404225 0.97988099]","[1.36237199 1.37213924 1.44709608 1.42711325 1.42810695]",0.806564867496491,1.36237199000001,"[-0.73089671 -0.70406479 -0.69470054 -0.6720916  -0.65022999]","[-0.26129011 -0.26144572 -0.25857926 -0.2560825  -0.27940801]",-0.730896711349487,-0.279408009999997,"[-2.10341358 -2.04315424 -1.8260901  -1.71368241 -1.49116516]","[1.75858943 1.89707023 4.12519049 5.56101052 1.72852465]",-2.10341358184814,1.72852465,"[-1.45512438 -0.10249275 -0.09789944 -0.08812886 -0.07904398]","[3.28272551 0.02990131 0.04511728 0.04557553 0.03598971]",-1.45512437820435,0.0299013100000138,"[0.17052907 0.180031   0.19284755 0.19876897 0.19902557]","[0.29702907 0.29900877 0.30901811 0.31383451 0.30478153]",0.170529067516327,0.297029070000008,0.078632959999993,"[-0.08500475 -0.06282353 -0.06098604 -0.06067336 -0.04888618]","[0.09498057 0.0927446  0.08065776 0.07863296 0.10850935]",-0.0850047469139099,3,"25664_1,0,1_0.25_True",0.512767154438793,0.994941981180961
"dcgat-agm001850341","(0, 0, 1)",0.25,"Ag-0.667-Sn-0.333","True","[1.86208391 1.86372638 1.86491227 1.86651134 1.86694622]","[1.81426156 1.81475138 1.81565649 1.81615877 1.81345914]",1.86208391189575,1.81345913999999,"[-0.33185154 -0.32801408 -0.32623166 -0.32606089 -0.32389963]","[-0.31560817 -0.28956621 -0.29197348 -0.28853647 -0.29962603]",-0.331851541996002,-0.31560816999999,"[0.1499899  0.16156435 0.16289324 0.16470408 0.16568959]","[0.09270281 0.09210467 0.09426125 0.10026163 0.09401343]",0.149989902973175,0.0921046699999692,"[0.06269026 0.06319451 0.06558788 0.07394904 0.07507962]","[0.08560404 0.0856247  0.08602269 0.09147124 0.09183679]",0.062690258026123,0.085604040000021,"[0.35926276 0.3615014  0.36365968 0.36424655 0.36430162]","[0.30071714 0.29778757 0.3024545  0.30057394 0.30040475]",0.359262764453888,0.297787569999997,0.0841799600000001,"[0.19855404 0.30614859 0.31235546 0.31297129 0.31846148]","[0.08417996 0.31627612 0.31517474 0.31392406 0.31718418]",0.198554039001465,2,"21605_0,0,1_0.25_True",0.600233451869108,0.0065140350063015
"dcgat-agm003466198","(1, 2, 0)",0.166666666666667,"Ag-0.625-Au-0.125-Cd-0.25","True","[2.2194798  2.23206043 2.28083181 2.28388906 2.28435779]","[2.42560715 2.34371695 2.37654955 2.37675599 2.37486774]",2.21947979927063,2.34371695,"[-0.04434645 -0.04363191 -0.02879375 -0.02871925 -0.02593333]","[0.10007697 0.09247357 0.0979906  0.11338405 0.10227595]",-0.0443464517593383,0.0924735699999956,"[0.14990538 0.15085292 0.15197676 0.15248412 0.15355772]","[0.19222857 0.19215803 0.18827516 0.1875839  0.19121965]",0.149905383586884,0.187583899999993,"[0.53711909 0.5387035  0.55328792 0.56698924 0.56815356]","[0.58537596 0.58894519 0.60515746 0.56188949 0.56115305]",0.537119090557098,0.561153050000002,"[0.29464871 0.29662865 0.29667324 0.29735392 0.3025952 ]","[0.30352575 0.30103737 0.29976606 0.30057415 0.30367528]",0.294648706912994,0.299766059999996,0.482776270000002,"[0.47384065 0.47475427 0.47477943 0.47534531 0.47660023]","[0.48335235 0.48413746 0.48277627 0.48390854 0.48761974]",0.473840653896332,3,"19663_1,2,0_0.167_True",0.489711412451159,0.883798392654448
"dcgat-agm003595733","(1, 1, 0)",0.0852990823902478,"Ag-0.444-Au-0.111-Zn-0.444","False","[1.62769461 1.63087463 1.63376284 1.63447738 1.63608479]","[1.69519221 1.69910061 1.69440965 1.69526338 1.69683551]",1.62769460678101,1.69440965,"[-0.22056746 -0.22030902 -0.21984434 -0.21925664 -0.21879023]","[-0.09387031 -0.09343306 -0.09147312 -0.09197535 -0.09453622]",-0.220567464828491,-0.094536220000009,"[0.03761375 0.04669291 0.04673028 0.04789394 0.0491659 ]","[0.05515077 0.05533278 0.05206329 0.05371679 0.0578099 ]",0.0376137495040893,0.0520632899999782,"[0.34183687 0.34262317 0.34295362 0.34337312 0.34401327]","[0.36668077 0.35879088 0.37656895 0.36170499 0.36249108]",0.341836869716644,0.358790880000015,"[0.29794246 0.30048901 0.30067545 0.30070144 0.30080038]","[0.30735679 0.30078912 0.30498636 0.30020063 0.30131049]",0.297942459583282,0.300200630000006,0.734473600000001,"[0.6624952  0.66382831 0.66397387 0.66411108 0.66482061]","[0.73966809 0.73927422 0.73941506 0.7344736  0.73718388]",0.662495195865631,3,"29452_1,1,0_0.085_False",0.69066897247909,0.095102326304369
"dcgat-agm003643287","(1, 1, 0)",0.25,"Ag-0.4-Au-0.5-Zn-0.1","True","[1.55641365 1.55989623 1.56722236 1.56737471 1.56813025]","[1.72261424 1.72581245 1.72073251 1.63907184 1.72123408]",1.5564136505127,1.63907183999999,"[-0.23425412 -0.23392338 -0.23317468 -0.23249501 -0.23207963]","[-0.15933442 -0.15737461 -0.16485748 -0.15378035 -0.16752656]",-0.234254121780396,-0.167526559999999,"[-0.02656639 -0.02483338 -0.02437651 -0.02351046 -0.02226835]","[-0.00554842 -0.01322966 -0.01405984 -0.0175093  -0.01328491]",-0.0265663862228393,-0.0175092999999719,"[0.29065889 0.29535013 0.29619557 0.29658252 0.29952902]","[0.2702963  0.27224484 0.26944716 0.27360854 0.3679261 ]",0.290658891201019,0.269447159999999,"[0.26638383 0.26837784 0.26866299 0.26957208 0.26959532]","[0.30345503 0.30097814 0.30316266 0.30158549 0.30508043]",0.266383826732636,0.300978140000012,0.501826749999992,"[0.54365879 0.54524237 0.54641372 0.54664177 0.54738456]","[0.50406296 0.50554685 0.5047989  0.50182675 0.50215955]",0.543658792972565,3,"16707_1,1,0_0.25_True",0.641522815289669,1
"dcgat-agm003676065","(1, 0, -1)",0.25,"Ag-0.5-Au-0.417-Cd-0.083","True","[1.69993544 1.71140766 1.71590686 1.78465748 1.78730822]","[1.73136522 1.73888951 1.73844897 1.77860643 1.77724762]",1.69993543624878,1.73136522,"[-0.14485109 -0.1438759  -0.13545179 -0.13203835 -0.12516546]","[-0.00084602 -0.00478336 -0.00801652 -0.00084878 -0.00483637]",-0.144851088523865,-0.0080165199999981,"[0.08297074 0.08326805 0.08344895 0.08380729 0.08460748]","[0.15329891 0.1500789  0.14360476 0.14393835 0.14424018]",0.0829707384109497,0.143604760000002,"[0.51563567 0.51980394 0.55128139 0.58895451 0.58912319]","[0.6046079  0.58893162 0.61097487 0.65401242 0.65372815]",0.515635669231415,0.588931619999983,"[0.19309139 0.19310105 0.19553792 0.19710648 0.19801164]","[0.30336951 0.30374522 0.30283443 0.30099806 0.30669512]",0.19309139251709,0.300998059999998,0.476377810000002,"[0.49114901 0.49115008 0.49192423 0.49212021 0.49301904]","[0.47808471 0.47637781 0.4771001  0.47729043 0.47662286]",0.491149008274078,3,"25941_1,0,-1_0.25_True",0.500836955967797,0.34298678091822
"dcgat-agm003596653","(1, 0, 1)",0.5,"Ag-0.444-Au-0.444-Zn-0.111","True","[1.6910553  1.69259596 1.69971323 1.70283532 1.70532298]","[1.79560426 1.80039002 1.81574137 1.79663941 1.8065331 ]",1.69105529785156,1.79560425999998,"[-0.33124325 -0.32314798 -0.32298902 -0.32262111 -0.32139051]","[-0.21850719 -0.23186672 -0.22190996 -0.22762847 -0.22829988]",-0.331243246793747,-0.231866719999999,"[-1.41542697 -1.13031578 -0.92411149 -0.10037947 -0.09792596]","[ 1.56107282  1.56617046  1.54198242 -0.05734363 -0.05968958]",-1.4154269695282,-0.059689579999997,"[0.07072127 0.07359731 0.07426435 0.07922333 0.0795067 ]","[0.14749247 0.14797022 0.15635223 0.15873589 0.15403951]",0.0707212686538696,0.147492470000003,"[0.23443985 0.23654169 0.23671848 0.23802251 0.2382828 ]","[0.30312892 0.30134519 0.30646653 0.30419334 0.30393056]",0.234439849853516,0.301345190000006,0.339098309999997,"[0.29556292 0.29695886 0.29696125 0.29916805 0.30134171]","[0.33909831 0.34183161 0.34013863 0.34165653 0.3401456 ]",0.295562922954559,3,"26460_1,0,1_0.5_True",0.657859524318174,0.0892419490782698
"dcgat-agm003515218","(1, 1, 2)",0,"Ag-0.727-In-0.182-Sn-0.091","True","[1.79031301 1.79461551 1.79616451 1.79654193 1.79831982]","[1.92537105 1.9264876  1.93313629 1.925756   1.93018789]",1.79031300544739,1.92537105,"[-0.12244225 -0.04212773 -0.04124475 -0.03781712 -0.03553301]","[-0.00205041  0.03594738  0.0339181   0.03467276  0.0349148 ]",-0.122442245483398,-0.0020504100000096,"[-1.33461666  0.23258352  0.23480028  0.23671311  0.23699021]","[1.56937992 0.35503949 0.3504949  0.35358111 0.35075671]",-1.33461666107178,0.350494900000001,"[0.35972422 0.38168997 0.38710958 0.38818914 0.40668827]","[0.50209744 0.50151981 0.5040923  0.50155217 0.52042906]",0.359724223613739,0.501519810000005,"[0.29442126 0.29703456 0.29924136 0.30097765 0.30133456]","[0.30707879 0.30212979 0.30332259 0.30355375 0.30188083]",0.294421255588532,0.301880830000002,0.421937589999999,"[0.31730622 0.32247704 0.3231383  0.32317168 0.32331902]","[0.42385959 0.423449   0.42193759 0.42271398 0.42931729]",0.317306220531464,3,"19471_1,1,2_0.0_True",0.410583771742616,0.770062652265889
"dcgat-agm003288484","(0, 1, 0)",0.0081302151649924,"Au-0.714-In-0.286","True","[1.73234129 1.73552918 1.73752379 1.74328399 1.745924  ]","[1.5384859  1.53525597 1.62781037 1.5410994  1.53837353]",1.73234128952026,1.53525596999998,"[-0.1394245  -0.13865149 -0.13528895 -0.13526595 -0.13453263]","[-0.1337007  -0.14102676 -0.13461427 -0.1296252  -0.12581621]",-0.139424502849579,-0.141026760000045,"[-1.52127981  0.11389816  0.11858934  0.12246281  0.1267311 ]","[1.67635376 0.04638089 0.02852772 0.01516877 0.02195781]",-1.52127981185913,0.0151687700000024,"[0.328749   0.35526425 0.37941951 0.44071573 0.47043592]","[0.16106446 0.21418499 0.26401085 0.33377893 0.3775158 ]",0.328749001026154,0.161064459999977,"[0.32378823 0.33313769 0.35020632 0.35084218 0.35186273]","[0.31502782 0.30221334 0.31921794 0.31146114 0.3103817 ]",0.323788225650787,0.30221333999998,0.0455041600000072,"[0.24062294 0.25172299 0.26422936 0.2646932  0.26874238]","[0.04550416 0.05473047 0.05412506 0.05211127 0.07418241]",0.240622937679291,2,"23643_0,1,0_0.008_True",0.383304561445049,0.426588430861895
"dcgat-agm003380636","(1, 0, 0)",0.25,"Au-0.364-Cu-0.273-Zn-0.364","True","[1.67487383 1.67553997 1.68518472 1.68732166 1.70835447]","[1.734763   1.77069098 1.74652461 1.76547473 1.71038374]",1.67487382888794,1.71038374,"[-0.36344853 -0.36216727 -0.36153132 -0.36033198 -0.35587776]","[-0.34518679 -0.34401981 -0.33869061 -0.33784995 -0.34160305]",-0.363448530435562,-0.345186790000014,"[0.06657124 0.06677645 0.06798577 0.07484794 0.07644922]","[0.01079568 0.00324645 0.00100494 0.06017096 0.00458356]",0.0665712356567382,0.0010049399999729,"[0.27747887 0.27800769 0.27810699 0.28993922 0.2937209 ]","[0.23077202 0.23780778 0.2301796  0.23570901 0.23497153]",0.277478873729706,0.230179599999985,"[0.45300752 0.45512861 0.4588607  0.45999128 0.46093971]","[0.30343049 0.30469695 0.30339791 0.30632404 0.30645233]",0.453007519245148,0.303397909999944,0.543006789999993,"[0.56516367 0.63396782 0.63727432 0.64301938 0.6571216 ]","[0.54300679 0.56343822 0.64873535 0.57846334 0.65629103]",0.565163671970367,3,"19467_1,0,0_0.25_True",0.515920111909892,0.480894026328345
"dcgat-agm003257798","(2, 2, 1)",0.0281189726071477,"Au-0.429-Tl-0.571","False","[1.72420716 1.73581076 1.74252295 1.74394011 1.76813865]","[2.00874968 1.96807221 1.99234511 1.97919524 1.99397158]",1.72420716285706,1.96807221,"[-0.16146368 -0.15677136 -0.15287703  0.02344161  0.04084361]","[0.06646903 0.10996108 0.12124241 0.20815496 0.18054892]",-0.161463677883148,0.0664690299999506,"[-1.37882268 -1.26037478 -1.21204531 -0.05647314 -0.05514622]","[1.56123692 1.59578173 1.48099442 0.08291933 0.06015415]",-1.37882268428803,0.0601541500000166,"[0.27575201 0.29246193 0.30038601 0.30767697 0.3224979 ]","[0.40766309 0.38169639 0.39645243 0.3989057  0.44921848]",0.275752007961273,0.381696390000002,"[0.18296158 0.19185209 0.19293624 0.1935041  0.19652694]","[0.30950261 0.30999188 0.31045636 0.30448794 0.30343897]",0.182961583137512,0.303438969999945,0.432079790000046,"[0.21787202 0.23279238 0.24905521 0.25255412 0.25506562]","[0.47132556 0.47979133 0.45327947 0.43207979 0.45166255]",0.217872023582459,2,"23191_2,2,1_0.028_False",0.185383307777464,1
"oqmd-1368798","(1, 1, 0)",0.25,"Au-0.4-Sn-0.6","True","[1.4007566  1.43043995 1.43259382 1.43899512 1.43977714]","[1.54798502 1.45183653 1.43306547 1.44573744 1.47348742]",1.40075659751892,1.43306547,"[0.00925297 0.01324552 0.0136835  0.01477003 0.01633775]","[0.10690071 0.09615967 0.10725036 0.09675069 0.09805659]",0.0092529654502868,0.0961596699999915,"[0.14270848 0.1458959  0.14698911 0.14743131 0.14744401]","[0.25327235 0.25362357 0.25005821 0.24993028 0.2525802 ]",0.142708480358124,0.249930280000001,"[0.33865601 0.33876437 0.34423596 0.3481707  0.34878117]","[0.4077096  0.41141504 0.41776057 0.41734812 0.41762382]",0.338656008243561,0.407709600000004,"[0.33309799 0.33368498 0.33448106 0.33488864 0.33504099]","[0.30950096 0.30454293 0.30785776 0.30362938 0.31046473]",0.333097994327545,0.30362937999999,0.0930548200000203,"[0.09592485 0.09621751 0.10014546 0.10100073 0.10133225]","[0.10200478 0.09411525 0.10080584 0.09305482 0.09804286]",0.0959248542785644,2,"12633_1,1,0_0.25_True",0.395215261707401,1
"dcgat-agm003677108","(1, 0, 0)",0.25,"Ag-0.5-Au-0.083-Zn-0.417","True","[0.96776646 0.97160977 0.97667235 0.98053592 0.98161381]","[0.99420473 0.9952875  1.00419177 0.99492643 0.99940265]",0.967766463756561,0.994204730000007,"[-0.15505451 -0.15328121 -0.15242058 -0.14936084 -0.14728731]","[-0.08070531 -0.07659737 -0.07734027 -0.0795827  -0.12186232]",-0.15505450963974,-0.121862319999991,"[0.01823413 0.01889801 0.01974064 0.02174956 0.02208978]","[0.01175975 0.01122607 0.01184032 0.01192765 0.01245375]",0.0182341337203979,0.0112260700000206,"[0.09507787 0.10282463 0.10429198 0.10455185 0.1082195 ]","[0.0702836  0.0756271  0.07191933 0.07460188 0.07488202]",0.0950778722763061,0.0702836000000104,"[0.33607143 0.33887428 0.3391934  0.33965296 0.34009963]","[0.31089793 0.31066922 0.31114952 0.30583704 0.30547493]",0.33607143163681,0.305474930000003,-0.0236925399999847,"[0.02149487 0.02405858 0.02463943 0.02626407 0.02714646]","[-0.02369254 -0.01927057 -0.01862286 -0.02036374 -0.01739164]",0.0214948654174804,3,"29735_1,0,0_0.25_True",0.706396136543626,0.035353672521072
"dcgat-agm003268292","(1, 0, 0)",0.084647624295153,"Ag-0.889-Hg-0.111","True","[2.22729778 2.24772763 2.25228548 2.25668716 2.26859736]","[2.11985903 2.12329617 2.12470149 2.11591921 2.11886551]",2.22729778289795,2.11591921,"[-0.22128761 -0.22090232 -0.22069758 -0.22060847 -0.21968293]","[-0.11908307 -0.11874581 -0.1159304  -0.11881673 -0.11919407]",-0.221287608146667,-0.119194070000006,"[0.23484063 0.23519158 0.23625153 0.23680812 0.23764795]","[0.27733414 0.27385242 0.28129289 0.27626307 0.2743969 ]",0.234840631484985,0.273852419999997,"[0.15422076 0.15751469 0.15830606 0.15866989 0.15868229]","[0.19426192 0.19448594 0.19859056 0.2021274  0.19266294]",0.154220759868622,0.192662940000005,"[0.29647702 0.29760629 0.29902309 0.30020255 0.30073231]","[0.31086378 0.30898273 0.30698614 0.31189856 0.31235043]",0.296477019786835,0.306986140000006,0.544650599999997,"[0.50516516 0.50831074 0.50837034 0.50882024 0.5089038 ]","[0.55139024 0.5478937  0.54678894 0.5446506  0.54667336]",0.505165159702301,2,"32445_1,0,0_0.085_True",0.588163933819118,0.555603351669897
"dcgat-agm003268293","(1, 0, 0)",0.08235193443012,"Ag-0.889-In-0.111","False","[2.25376701 2.25692606 2.25844026 2.26356077 2.2648437 ]","[2.36309645 2.35997146 2.36162807 2.36223885 2.36643982]",2.2537670135498,2.35997146,"[-0.27923101 -0.27909133 -0.27902502 -0.27835548 -0.27805451]","[-0.17299982 -0.16916408 -0.17210587 -0.17202496 -0.1728582 ]",-0.279231011867523,-0.172999820000001,"[0.18643558 0.18682134 0.18798751 0.18866128 0.1900174 ]","[0.24010867 0.2335714  0.23173292 0.23878006 0.23719157]",0.186435580253601,0.231732919999999,"[0.13929921 0.14146686 0.14261037 0.143426   0.1441009 ]","[0.12669771 0.12492795 0.12964381 0.12725988 0.12621315]",0.139299213886261,0.124927950000014,"[0.29607755 0.29818493 0.29823071 0.29838818 0.29843408]","[0.30817406 0.30718368 0.30875675 0.30757732 0.30827728]",0.29607754945755,0.307183680000009,0.481926110000003,"[0.48435611 0.48519856 0.48706311 0.48768121 0.48786324]","[0.48269011 0.48325373 0.48192611 0.48446127 0.48631042]",0.484356105327606,2,"31806_1,0,0_0.082_False",0.644693531883125,0.695429325615016
"dcgat-agm003291138","(1, 1, -2)",0.164208675674345,"Au-0.7-Cd-0.3","True","[1.50888991 1.51703477 1.51791072 1.51813388 1.51887107]","[1.59952196 1.59985693 1.60913194 1.59831265 1.60286353]",1.50888991355896,1.59831264999999,"[-0.15831661 -0.1505574  -0.14745063 -0.04805452 -0.04501301]","[-0.0148771  -0.00617802 -0.01295221 -0.03457812 -0.0291113 ]",-0.158316612243652,-0.0345781200000061,"[0.00550354 0.00930655 0.01077229 0.01282984 0.01326197]","[0.06813045 0.06543522 0.06745343 0.0758309  0.06587503]",0.0055035352706909,0.0654352199999834,"[0.41099316 0.44933051 0.45186454 0.46851331 0.47257632]","[0.4685362  0.56192654 0.52427548 0.52107047 0.48393811]",0.410993158817291,0.468536200000003,"[0.25046748 0.25126892 0.25425392 0.25537878 0.25772208]","[0.31379316 0.33798511 0.31083509 0.33658497 0.30961107]",0.250467479228973,0.309611070000003,0.384790050000007,"[0.38539845 0.3890571  0.38963073 0.39087862 0.39213365]","[0.39261597 0.3858877  0.38590447 0.38829535 0.38479005]",0.38539844751358,2,"23880_1,1,-2_0.164_True",0.415359096514146,1
"dcgat-agm003207303","(0, 0, 1)",0.0239483226547375,"Ag-0.4-Cd-0.6","False","[1.96032619 1.96058726 1.9654851  1.96866727 1.97592282]","[2.15805361 2.16405546 2.15594567 2.16585513 2.17035939]",1.96032619476318,2.15594567000001,"[-0.28783077 -0.28719041 -0.28595871 -0.28577992 -0.2855984 ]","[-0.23418103 -0.23362967 -0.22885713 -0.23730585 -0.23622685]",-0.287830770015717,-0.237305849999998,"[-1.65918958 -0.96975219  0.14252192  0.14409941  0.14470541]","[1.4738694  1.38537869 0.18997834 0.1788024  0.17896713]",-1.65918958187103,0.178802399999995,"[0.1133604  0.11428356 0.11449558 0.1149773  0.11682463]","[0.12875313 0.12223551 0.12363583 0.12179128 0.12370759]",0.113360404968262,0.121791280000011,"[0.32304758 0.32344431 0.32411247 0.32496887 0.32534987]","[0.31068106 0.31248257 0.31463196 0.31045264 0.31312423]",0.323047578334808,0.310452640000008,0.281250170000007,"[0.2022205  0.20255673 0.20298052 0.20352566 0.20478207]","[0.28938714 0.28125017 0.31712398 0.28792783 0.2859045 ]",0.202220499515533,2,"21994_0,0,1_0.024_False",0.479485791935224,1
"oqmd-1017937","(1, 1, 2)",0.062,"Ag-0.25-Au-0.25-Cd-0.5","True","[1.7644279  1.76921391 1.76949477 1.76966763 1.77316689]","[1.73354049 1.67807213 1.73224016 1.72704555 1.67595314]",1.76442790031433,1.67595314,"[-0.09636289 -0.09572327 -0.09368616 -0.09105617 -0.09012032]","[-0.06944159 -0.06400828 -0.06764668 -0.06590187 -0.07056812]",-0.0963628888130188,-0.0705681200000043,"[0.07521939 0.07813525 0.08016169 0.0820353  0.08267999]","[0.04679947 0.04961559 0.04127068 0.04825109 0.0414236 ]",0.0752193927764892,0.0412706799999966,"[0.24925882 0.25256902 0.25338787 0.25684315 0.25721794]","[0.25559819 0.21842958 0.22080793 0.2188166  0.26465708]",0.249258816242218,0.218429580000006,"[0.36568803 0.36657184 0.36866206 0.36909729 0.36971623]","[0.31678613 0.31732883 0.31075858 0.3135313  0.31795536]",0.365688025951386,0.310758579999998,0.189970579999994,"[0.17348009 0.17451328 0.17563349 0.17572182 0.17610568]","[0.19288463 0.19357091 0.19308244 0.19071078 0.18997058]",0.173480093479157,3,"16310_1,1,2_0.062_True",0.48435529807791,0.709057750625588
"dcgat-agm003551633","(1, 1, 0)",0.125,"Ag-0.125-Au-0.375-Cd-0.5","True","[1.79706669 1.79789257 1.7984488  1.79962635 1.80094886]","[1.80443262 1.80150492 1.80185153 1.8007166  1.80032279]",1.7970666885376,1.80032279,"[-0.16167486 -0.15931571 -0.15321738 -0.15236652 -0.14919251]","[-0.01042196 -0.00341301 -0.00776561 -0.00685274 -0.01141638]",-0.161674857139587,-0.0114163800000142,"[-1.57603443 -0.07901704 -0.07832783 -0.02499884 -0.02412724]","[1.57679064 0.01693952 0.01510811 0.07167969 0.07368983]",-1.57603442668915,0.0151081099999856,"[0.28244871 0.28282684 0.28532356 0.28715366 0.30253297]","[0.32263658 0.3210396  0.32180377 0.3192638  0.36104924]",0.282448709011078,0.319263800000002,"[0.2699607  0.27126032 0.27149969 0.2726087  0.27315837]","[0.31634068 0.31561585 0.31454833 0.31105308 0.31147592]",0.269960701465607,0.311053079999994,0.327120649999998,"[0.37908953 0.38211709 0.38223451 0.38289994 0.38714188]","[0.32734724 0.32829834 0.33234982 0.32788616 0.32712065]",0.379089534282684,3,"17702_1,1,0_0.125_True",0.407906301854482,1
"dcgat-agm003285455","(2, -1, 0)",0.24888176354323,"Ag-0.867-Cd-0.133","True","[2.31509709 2.31661844 2.32645774 2.34808135 2.35978723]","[2.22666595 2.22281813 2.22499731 2.22546478 2.24415745]",2.31509709358215,2.22281813000001,"[-0.08841962 -0.06321305 -0.06253737 -0.06216401 -0.05974889]","[ 0.04143326 -0.00829035 -0.00880209 -0.00927387 -0.01071771]",-0.0884196162223815,-0.0107177099999944,"[0.42943543 0.43100482 0.4314521  0.43230718 0.43322212]","[0.44634544 0.43321979 0.43821996 0.43885434 0.43273024]",0.429435431957245,0.432730239999984,"[0.55568033 0.55635935 0.56081504 0.56289178 0.56588084]","[0.58587469 0.5813978  0.60710825 0.58569162 0.56881865]",0.555680334568024,0.568818649999997,"[0.29991382 0.30172032 0.30181843 0.30278629 0.30325216]","[0.31312652 0.31528422 0.31270181 0.31472225 0.31933457]",0.299913823604584,0.312701809999993,0.365434999999991,"[0.38527471 0.38626081 0.39028686 0.39073557 0.39122337]","[0.36602995 0.36704997 0.36699797 0.365435   0.366404  ]",0.385274708271027,2,"23096_2,-1,0_0.249_True",0.530496006944571,0.251040081904222
"dcgat-agm003292029","(2, 1, 0)",0.0248557309988208,"Au-0.444-Cd-0.556","False","[1.74960542 1.7845974  1.78531432 1.78654885 1.80922103]","[1.83951401 1.83594236 1.92545104 1.92923834 1.98410594]",1.74960541725159,1.83594236,"[-0.19129264 -0.18528396 -0.1793468  -0.1777001  -0.17631471]","[-0.02488227 -0.01214331 -0.02650234 -0.02325752 -0.02586463]",-0.191292643547058,-0.0265023400000075,"[-0.11714852 -0.11475176 -0.11220282 -0.1112451  -0.10830355]","[-0.02751897 -0.02821905 -0.02174663 -0.02668891 -0.03185752]",-0.117148518562317,-0.0318575200000026,"[-0.0517152  -0.02750957 -0.00128812  0.06600004  0.0686481 ]","[-0.00625912  0.04558128  0.02494665  0.14026652  0.14048376]",-0.0517151951789855,-0.0062591199999957,"[0.24616355 0.24830395 0.24910134 0.24923855 0.24964613]","[0.33267171 0.31981651 0.31919595 0.32038038 0.3171808 ]",0.246163547039032,0.317180800000003,-0.0973130600000047,"[-0.11194372 -0.11051524 -0.11025017 -0.10908538 -0.1088537 ]","[-0.09413599 -0.09094919 -0.08423934 -0.09731306 -0.09319582]",-0.11194372177124,2,"29499_2,1,0_0.025_False",0.411179193540141,0.949261980079351
"dcgat-agm003469598","(1, 1, 0)",0.110075868544549,"Au-0.625-Cd-0.25-Ga-0.125","False","[1.42187738 1.42324495 1.42468476 1.42606163 1.42664504]","[1.57532745 1.57603125 1.57017838 1.57442689 1.56915582]",1.42187738418579,1.56915582000002,"[-0.00136536  0.00517297  0.01399082  0.01761377  0.01861119]","[0.12414448 0.08967249 0.09258813 0.08911513 0.11881841]",-0.0013653635978698,0.0891151300000103,"[0.02470535 0.02517825 0.02634728 0.02699244 0.0287351 ]","[0.02501808 0.02721194 0.02552927 0.02344208 0.02251476]",0.0247053503990173,0.0225147599999786,"[0.32995766 0.3312487  0.33251935 0.33992046 0.34531754]","[0.39524343 0.38955542 0.38998232 0.3937307  0.40715554]",0.329957664012909,0.389555420000022,"[0.26824659 0.26888186 0.27007848 0.2701568  0.27088171]","[0.32024571 0.32152812 0.33459645 0.34055145 0.31815609]",0.268246591091156,0.318156090000002,0.470324949999991,"[0.45776862 0.45781761 0.4588148  0.45986468 0.46066874]","[0.48213138 0.47032495 0.48463591 0.4742939  0.48245001]",0.457768619060516,3,"30912_1,1,0_0.11_False",0.408449852670909,1
"oqmd-1341042","(1, 1, 0)",0.26,"Ag-0.222-Zn-0.778","False","[1.10958171 1.11096668 1.1120286  1.11859441 1.1215806 ]","[1.43036283 1.42660845 1.44162765 1.43391793 1.45066167]",1.10958170890808,1.42660845,"[-0.22060198 -0.21707815 -0.21664208 -0.21591276 -0.21545136]","[0.14562842 0.13571981 0.14607631 0.14301898 0.13907814]",-0.220601975917816,0.135719809999998,"[-0.09058267 -0.08547348 -0.07886624 -0.07782829 -0.07684237]","[0.2604101  0.26335461 0.25355815 0.26151941 0.25600253]",-0.0905826687812805,0.253558149999989,"[-0.06782669 -0.06008345 -0.05801827 -0.05185086 -0.05184388]","[0.1107286  0.24105624 0.25766869 0.20475706 0.18486737]",-0.0678266882896423,0.110728600000002,"[-1.20043397 -0.74436074  0.12316722  0.13187784  0.13431424]","[2.16919975 2.69480655 0.44950458 0.33013347 0.31988983]",-1.20043396949768,0.319889830000008,-0.0536014300000005,"[-0.17590559 -0.16198039 -0.12947559 -0.12262243 -0.12176079]","[-0.05360143 -0.03913824 -0.03082412 -0.01885578 -0.02587654]",-0.175905585289001,2,"16014_1,1,0_0.26_False",0.661886656304964,0
"dcgat-agm003600860","(1, 0, 0)",0.25,"Au-0.333-Cd-0.333-Tl-0.333","True","[2.07201385 2.0781672  2.07982063 2.08240056 2.08350968]","[1.98347369 1.9838966  1.98529893 1.98310898 1.98155013]",2.07201385498047,1.98155013,"[-0.11086768 -0.10847759 -0.10511768 -0.10412568 -0.1019569 ]","[-0.14301699 -0.13925849 -0.12333989 -0.13398789 -0.13445357]",-0.11086767911911,-0.14301699,"[-0.0484274  -0.03357852 -0.02733147 -0.0183928  -0.01679504]","[0.05176239 0.0389954  0.05285193 0.05205557 0.01435122]",-0.048427402973175,0.0143512199999946,"[0.33524019 0.35448366 0.35648614 0.35948461 0.35961407]","[0.32862525 0.27787742 0.32835885 0.28244111 0.28063131]",0.335240185260773,0.27787742000001,"[0.36087114 0.39490801 0.3956818  0.3964532  0.39681786]","[0.43150095 0.33883876 0.33091295 0.31995317 0.34243585]",0.360871136188507,0.319953170000005,0.146070429999995,"[0.1398384  0.14079362 0.14100212 0.1413514  0.14165193]","[0.14646729 0.14658236 0.14607043 0.14699955 0.15196165]",0.139838397502899,3,"19083_1,0,0_0.25_True",0.297565130510688,1
"dcgat-agm003643288","(1, 1, 0)",0.25,"Ag-0.4-Au-0.1-Zn-0.5","True","[1.26625633 1.26855445 1.26868415 1.2690053  1.26910639]","[1.25091032 1.25459692 1.25272425 1.25165612 1.25935235]",1.26625633239746,1.25091031999999,"[0.03128123 0.03129101 0.03146392 0.03194076 0.03203076]","[0.1051079  0.13945603 0.10806059 0.10968692 0.11660957]",0.0312812328338623,0.105107899999979,"[0.21193451 0.21601278 0.2239958  0.22453403 0.22474426]","[0.23236399 0.2730129  0.23542546 0.2767814  0.27374613]",0.211934506893158,0.232363989999982,"[0.31144351 0.32389814 0.32515794 0.32571238 0.32705623]","[0.34092441 0.34640882 0.35593668 0.33651415 0.34955203]",0.311443507671356,0.336514149999999,"[0.33456248 0.3348673  0.33568817 0.33575279 0.33779365]","[0.3275013  0.32466842 0.32331186 0.32670722 0.32638655]",0.334562480449677,0.323311860000004,-0.0032826600000106,"[0.07298642 0.07329637 0.07353801 0.07431078 0.07443404]","[ 0.00125108  0.0037598   0.00293473 -0.00328266  0.0038902 ]",0.0729864239692688,3,"27076_1,1,0_0.25_True",0.584440668095224,0.707945823706867
"dcgat-agm003264459","(1, 1, 1)",0.0833333333333333,"Ag-0.875-Hg-0.125","True","[2.61682034 2.61844349 2.61969399 2.62517619 2.62524199]","[2.61617921 2.61605649 2.61601087 2.61593321 2.61667501]",2.61682033538818,2.61593321000001,"[-0.02631211 -0.00838751 -0.00743997 -0.00636232 -0.00603592]","[0.09291496 0.08727668 0.09082262 0.09031632 0.08928696]",-0.0263121128082275,0.0872766800000022,"[0.49912447 0.49956113 0.49966258 0.50100845 0.50144655]","[0.57501936 0.58159603 0.58061088 0.57759773 0.57886734]",0.499124467372894,0.575019359999999,"[0.6907236  0.69220084 0.69375211 0.69406396 0.69891542]","[0.78403427 0.8047409  0.77991972 0.78179462 0.78196034]",0.690723598003388,0.779919720000009,"[0.33858985 0.34029108 0.34141666 0.34168297 0.34341508]","[0.32846675 0.32527776 0.39982102 0.3265138  0.32593732]",0.33858984708786,0.325277760000006,0.679355619999996,"[0.65630239 0.66002983 0.66026562 0.66072065 0.66150767]","[0.68261656 0.68068185 0.68872339 0.67935562 0.68562944]",0.656302392482758,2,"20253_1,1,1_0.083_True",0.46375212362075,0.79553453185744
"dcgat-agm003266842","(1, 0, 1)",0.165924501606877,"Au-0.111-Tl-0.889","False","[2.01913762 2.03002667 2.03128624 2.03544736 2.03647995]","[2.03015387 2.03658896 2.0129676  2.02771492 2.02811738]",2.0191376209259,2.0129676,"[-0.08241504 -0.07027674 -0.06896615 -0.0685156  -0.06742233]","[-0.08618031 -0.08025102 -0.10502924 -0.09055941 -0.1068247 ]",-0.0824150443077087,-0.106824699999997,"[-0.02002865 -0.01849055 -0.01784724 -0.01587284 -0.01505333]","[-0.04720348 -0.05154532 -0.04709596 -0.04093387 -0.03797515]",-0.0200286507606506,-0.0515453200000024,"[0.30771071 0.31588    0.31967276 0.33334976 0.33547682]","[0.38068005 0.36826087 0.31382226 0.32984646 0.31721518]",0.307710707187653,0.313822260000009,"[0.38664812 0.40092784 0.40758413 0.40846103 0.4086408 ]","[0.66328846 0.3262659  0.36044968 0.35343246 0.34208226]",0.386648118495941,0.326265900000003,0.152940550000004,"[0.141307   0.1461041  0.14819854 0.14938277 0.15134776]","[0.23202427 0.16946203 0.18375736 0.20652282 0.15294055]",0.14130699634552,2,"22202_1,0,1_0.166_False",0.17979501896762,0.107006044454146
"dcgat-agm003643291","(1, 1, 0)",0.25,"Ag-0.1-Au-0.4-Zn-0.5","True","[1.25110602 1.25204921 1.25363898 1.25562596 1.25633812]","[1.09503507 1.09616596 1.09651956 1.09650966 1.09550155]",1.25110602378845,1.09503507000002,"[-0.00706661  0.00959885  0.0101167   0.04573685  0.05138355]","[0.10855131 0.10921036 0.11047449 0.11092429 0.10610383]",-0.0070666074752807,0.106103830000023,"[0.15319967 0.15918249 0.16382784 0.17734832 0.17916119]","[0.17754299 0.1658349  0.15599965 0.19776351 0.19141641]",0.153199672698975,0.155999649999984,"[0.25046426 0.25183553 0.2524398  0.26104265 0.26788574]","[0.2666484  0.25980645 0.2756617  0.26572365 0.2731498 ]",0.250464260578156,0.259806450000013,"[0.3507145  0.35253018 0.35343331 0.35458416 0.35469049]","[0.33288407 0.32933889 0.33341923 0.33565638 0.32658338]",0.350714504718781,0.326583380000017,-0.140131940000003,"[-0.06313658 -0.05614448 -0.0546394  -0.0544644  -0.05294019]","[-0.13790631 -0.14013194 -0.1288291  -0.13683544 -0.13512118]",-0.0631365776062011,3,"24683_1,1,0_0.25_True",0.555928476037782,1
"dcgat-agm003412729","(0, 1, 0)",0.25,"Ag-0.5-Au-0.333-Zn-0.167","True","[1.52599072 1.528404   1.52985835 1.53028536 1.53101134]","[1.61966863 1.61995416 1.61941641 1.61973489 1.61962758]",1.5259907245636,1.61941641000001,"[-0.19282454 -0.19254887 -0.19247347 -0.19219345 -0.19127274]","[-0.09630987 -0.09573168 -0.09717346 -0.09651102 -0.09284238]",-0.19282454252243,-0.0971734599999933,"[0.11532569 0.11635071 0.11657631 0.1170674  0.11783046]","[0.09331254 0.09357592 0.09924557 0.09181172 0.08973859]",0.115325689315796,0.0897385899999676,"[0.44772846 0.44867283 0.45058614 0.45063025 0.45244449]","[0.37205376 0.37081773 0.36935513 0.37091313 0.36867064]",0.447728455066681,0.368670640000005,"[0.31358689 0.31359226 0.31372982 0.3142851  0.31430262]","[0.32992231 0.32982565 0.32868985 0.3315034  0.33117843]",0.313586890697479,0.328689849999989,0.788670150000002,"[0.8537429  0.85375184 0.85438389 0.85484296 0.85493332]","[0.79009172 0.78969814 0.78867015 0.79086526 0.79075971]",0.853742897510529,3,"31037_0,1,0_0.25_True",0.58697679150712,0.0852149791114416
"oqmd-1626357","(1, 1, 1)",0.083,"Ag-0.125-Au-0.125-Cd-0.75","False","[1.76227307 1.7800324  1.79610944 1.79669237 1.79771686]","[1.81568135 1.68203996 1.74497478 1.77676517 1.74712478]",1.76227307319641,1.68203996,"[-0.06297326 -0.06229812 -0.05923384 -0.05657244 -0.05397481]","[0.03971118 0.0372696  0.03641881 0.03541139 0.04593322]",-0.0629732608795166,0.0354113900000001,"[-0.09870797 -0.09774297 -0.08875144 -0.05579275 -0.05263358]","[0.03822483 0.04327029 0.03660332 0.03014416 0.02878785]",-0.0987079739570617,0.0287878500000005,"[0.20062256 0.24058437 0.24770242 0.2614643  0.26768559]","[0.16889369 0.2138189  0.24958562 0.26763157 0.29196779]",0.20062255859375,0.168893690000004,"[0.31150895 0.31592673 0.31763858 0.31823307 0.32275289]","[0.339909   0.3354092  0.3319545  0.33076377 0.33267435]",0.31150895357132,0.330763770000001,0.0341544200000001,"[0.06456965 0.06690353 0.0676558  0.06878752 0.06882787]","[0.03870029 0.03579798 0.0360796  0.03415442 0.0354036 ]",0.0645696520805358,3,"13046_1,1,1_0.083_False",0.437002546497471,1
"dcgat-agm003303475","(1, 1, 2)",0.329975852183912,"Ag-0.429-Au-0.286-Cd-0.286","True","[1.92988491 1.93112755 1.93287277 1.93381882 1.93445373]","[2.00023409 1.99778149 2.00329662 1.99937424 1.9999444 ]",1.9298849105835,1.99778148999999,"[-0.14654958 -0.13292325 -0.06523758 -0.02585918 -0.02153951]","[-0.00060771 -0.00894476  0.04951051  0.04282458  0.04073221]",-0.146549582481384,-0.0089447600000056,"[0.11610806 0.11647195 0.11907828 0.12244898 0.1237309 ]","[0.1470933  0.14143945 0.15326953 0.1633478  0.13921211]",0.116108059883118,0.139212110000003,"[0.5773347  0.57917053 0.57981056 0.58059472 0.58201259]","[0.57558965 0.57026052 0.57858296 0.57392977 0.6310347 ]",0.577334702014923,0.570260520000005,"[0.30240339 0.30313164 0.30371219 0.30596071 0.30642718]","[0.33948601 0.33723614 0.34099687 0.33706033 0.3326539 ]",0.302403390407562,0.332653899999997,0.49877841,"[0.47680527 0.47837108 0.47842747 0.47861618 0.47867185]","[0.5029312  0.50147659 0.49948906 0.50300259 0.49877841]",0.47680526971817,3,"29593_1,1,2_0.33_True",0.45450863732165,0.827507847658956
"dcgat-agm003408268","(1, 1, 1)",0,"Ag-0.333-Au-0.167-Zn-0.5","True","[1.08653927 1.09746957 1.09791255 1.09835482 1.10028744]","[1.30621802 1.30287003 1.30676315 1.30404248 1.30499358]",1.08653926849365,1.30287002999999,"[-0.17048794 -0.16967309 -0.16665637 -0.16553521 -0.16515577]","[-0.03142268 -0.03411622 -0.03200094 -0.03509675 -0.03215722]",-0.170487940311432,-0.0350967500000081,"[0.07431036 0.07942176 0.08406794 0.0852856  0.08532536]","[0.17006473 0.22446722 0.17739042 0.17775795 0.17524934]",0.0743103623390197,0.170064729999993,"[-0.14607865  0.03939134  0.04968143  0.07799745  0.07996887]","[-0.03658809  0.11327427  0.11806923  0.14228094  0.1503261 ]",-0.146078646183014,-0.036588089999995,"[0.25329417 0.25555998 0.25660902 0.25772053 0.25801188]","[0.33548078 0.33431625 0.33407809 0.33730548 0.3332267 ]",0.253294169902802,0.333226699999997,-0.0309113300000092,"[-0.12132818 -0.11821336 -0.11791617 -0.11398965 -0.11365777]","[-0.02655636 -0.02709529 -0.03091133 -0.02504811 -0.01503866]",-0.121328175067902,3,"33618_1,1,1_0.0_True",0.616048934314638,0.621379322834357
"dcgat-agm003408277","(0, 0, 1)",0.5,"Ag-0.5-Au-0.167-Pd-0.333","True","[2.3164196  2.32056808 2.32138181 2.32241988 2.32395029]","[2.41658487 2.41460646 2.41102381 2.41703178 2.41159691]",2.31641960144043,2.41102381000002,"[-0.25219417 -0.25207007 -0.25201243 -0.25151235 -0.25144857]","[-0.16342331 -0.16151139 -0.16194114 -0.16149979 -0.16299781]",-0.252194166183472,-0.163423309999985,"[-0.07514358 -0.07371283 -0.07282025 -0.0727455  -0.07188606]","[0.07435485 0.07398761 0.06695478 0.07192581 0.07110038]",-0.0751435756683349,0.0669547799999747,"[0.50692111 0.5081138  0.50881845 0.5099228  0.51048881]","[0.66524481 0.66619128 0.65665223 0.65500884 0.65806225]",0.506921112537384,0.655008840000022,"[0.19513661 0.19543636 0.19626546 0.19800866 0.19835293]","[0.33915788 0.33785273 0.33817083 0.33753685 0.34042597]",0.195136606693268,0.337536849999992,0.915431359999985,"[0.88975447 0.88985401 0.89062363 0.89077538 0.89118856]","[0.91588547 0.91697319 0.91554606 0.91725803 0.91543136]",0.889754474163055,3,"29094_0,0,1_0.5_True",0.593822730017063,0.376109103197177
"dcgat-agm003268290","(1, 0, 1)",0.5,"Ag-0.889-Cd-0.111","True","[2.19959641 2.2011683  2.20419955 2.20461702 2.20478964]","[2.31760161 2.31773811 2.31552718 2.31732587 2.31441897]",2.1995964050293,2.31441896999996,"[-0.27380452 -0.27107337 -0.26991719 -0.26979852 -0.26965728]","[-0.15055886 -0.14715846 -0.14652734 -0.150525   -0.14337009]",-0.273804515600204,-0.15055885999999,"[-0.84147251 -0.78318191 -0.64642125  0.24666983  0.24687105]","[1.60597071 1.54390856 1.59576795 0.34220144 0.34552253]",-0.841472506523132,0.342201439999997,"[0.09547216 0.0958094  0.09676915 0.09691477 0.0974468 ]","[0.18256126 0.18558798 0.18183979 0.18331195 0.17780019]",0.0954721570014953,0.177800189999971,"[0.2838642  0.28457922 0.28611332 0.28650087 0.28703195]","[0.34032866 0.33924256 0.33784463 0.34425433 0.34271449]",0.283864200115204,0.337844630000006,0.454552019999994,"[0.39148861 0.3919608  0.39239115 0.39329618 0.39394397]","[0.4566268  0.45455202 0.4562834  0.45723131 0.45640306]",0.391488611698151,2,"34335_1,0,1_0.5_True",0.625604812065118,0.0758141319922039
"dcgat-agm003303476","(1, 1, 2)",0.171682479992118,"Ag-0.286-Au-0.429-Cd-0.286","True","[1.74618721 1.74780631 1.75004148 1.75278139 1.75376058]","[1.75890849 1.75126932 1.7521676  1.76021351 1.7545361 ]",1.74618721008301,1.75126932000001,"[-1.47313356e-01  8.26716423e-05  1.58143044e-03  1.92770362e-02
  2.20879912e-02]","[-0.00802217  0.10421583  0.09619677  0.09654565  0.10438295]",-0.147313356399536,-0.0080221700000038,"[0.08017844 0.08034194 0.08129162 0.08509141 0.08542049]","[0.11441363 0.11220445 0.11821741 0.11290318 0.1175679 ]",0.0801784396171569,0.112204449999993,"[0.40737087 0.55592388 0.56113452 0.57374412 0.58637768]","[0.48330872 0.65867778 0.65110467 0.65048965 0.61913333]",0.407370865345001,0.483308720000011,"[0.34086365 0.34346122 0.34380335 0.34514958 0.34697491]","[0.34369229 0.34244166 0.34152802 0.33938056 0.34333714]",0.340863645076752,0.339380560000009,0.459873430000002,"[0.43352705 0.43524259 0.43658978 0.43773049 0.43802375]","[0.45987343 0.46146382 0.46192516 0.46217896 0.46023772]",0.433527052402496,3,"25862_1,1,2_0.172_True",0.449503325698467,0.676053467411148
"dcgat-agm003289200","(1, 0, 0)",0.126397369378218,"Ag-0.812-Cd-0.188","True","[1.93230414 1.93720269 1.93927503 1.93968534 1.94060397]","[1.73359434 1.73640588 1.73512317 1.73480175 1.73540647]",1.93230414390564,1.73359434,"[-0.15450251 -0.15376318 -0.15361452 -0.15187883 -0.15184814]","[-0.07292327 -0.07350965 -0.07307201 -0.07577133 -0.07277071]",-0.154502511024475,-0.0757713299999949,"[0.30529541 0.30697173 0.30880445 0.31033713 0.31160527]","[0.32204154 0.32232681 0.32174194 0.32208561 0.32126078]",0.305295407772064,0.321260779999989,"[0.2986117  0.29889852 0.29891831 0.30227929 0.30335432]","[0.28338293 0.27382043 0.28236717 0.27984256 0.29672861]",0.298611700534821,0.273820430000001,"[0.37864441 0.37981838 0.38003594 0.38035661 0.38044292]","[0.34210044 0.35421356 0.35500175 0.34515264 0.34278825]",0.378644406795502,0.342100440000003,0.149806859999998,"[0.16570473 0.1687119  0.16987389 0.17072344 0.17079872]","[0.15086788 0.15263348 0.15079747 0.14980686 0.1544995 ]",0.165704727172852,2,"27265_1,0,0_0.126_True",0.617144795455987,0.94148145550824
"dcgat-agm003677109","(1, 0, 0)",0.25,"Ag-0.083-Au-0.417-Zn-0.5","True","[1.10587382 1.11008215 1.11101437 1.1129477  1.11619377]","[1.32910299 1.32623865 1.32430702 1.32553465 1.32938067]",1.10587382316589,1.32430701999999,"[-0.04206419 -0.04121089 -0.03880394 -0.03826964 -0.03761637]","[0.07903314 0.08032505 0.08093344 0.0845333  0.08758674]",-0.0420641899108886,0.079033140000007,"[0.0530954  0.05385613 0.06367683 0.06713086 0.0719614 ]","[0.20801632 0.2086987  0.20654254 0.21372623 0.20272301]",0.0530954003334045,0.202723010000028,"[0.21940553 0.29025584 0.29386324 0.30865723 0.31239897]","[0.29391131 0.46490929 0.57860333 0.43265038 0.44203414]",0.21940553188324,0.293911309999999,"[0.30201668 0.3033846  0.30340558 0.30362576 0.30382007]","[0.35437362 0.34922359 0.35409818 0.34719343 0.35743005]",0.30201667547226,0.347193430000004,0.159868030000013,"[0.06100887 0.06122845 0.06416464 0.06431425 0.06460124]","[0.16384799 0.16862616 0.16884861 0.16647408 0.15986803]",0.061008870601654,3,"24308_1,0,0_0.25_True",0.581013481920808,0.236563607257677
"dcgat-agm003268286","(1, 1, 0)",0.0834653338046182,"Ag-0.889-Au-0.111","False","[1.77968049 1.77994466 1.78000307 1.78069067 1.78171992]","[1.76608761 1.76548571 1.7650009  1.76485248 1.76516281]",1.77968049049377,1.76485248,"[-0.16085654 -0.16053754 -0.15844321 -0.15124297 -0.15029037]","[-0.00643425 -0.01053724 -0.01382019 -0.00512082 -0.00394818]",-0.160856544971466,-0.0138201899999899,"[0.05276012 0.05305213 0.05474454 0.05656874 0.05670112]","[0.06807178 0.06261617 0.05923484 0.06835779 0.06372816]",0.0527601242065429,0.0592348399999878,"[0.39992434 0.40250355 0.40373677 0.40442938 0.40458506]","[0.39127995 0.38872263 0.39107461 0.38953195 0.39427342]",0.399924337863922,0.388722630000018,"[0.33974534 0.34124786 0.34154266 0.34253782 0.34311897]","[0.34990784 0.35082252 0.34943307 0.34884289 0.34720653]",0.339745342731476,0.347206529999994,0.673083050000003,"[0.65464014 0.65483981 0.65504688 0.65572077 0.65606886]","[0.67420065 0.67424403 0.67308305 0.67553288 0.67423551]",0.654640138149262,2,"24064_1,1,0_0.083_False",0.638143309514845,0.19424065886093
"dcgat-agm003300095","(0, 0, 1)",0.25,"Ag-0.889-Sn-0.111","True","[1.71936131 1.72069001 1.72493935 1.7259624  1.72717404]","[1.69583766 1.70142686 1.69881614 1.70680526 1.70430548]",1.71936130523682,1.69583766,"[-0.16013461 -0.15949368 -0.15153837 -0.15034729 -0.14976716]","[-0.00267678 -0.00353363 -0.00241598 -0.07967338 -0.08504737]",-0.160134613513947,-0.0850473700000122,"[0.14804363 0.1535356  0.15499383 0.15562385 0.15567207]","[0.14384333 0.13072214 0.12966021 0.13098202 0.12761423]",0.148043632507324,0.127614229999992,"[0.34052497 0.36286312 0.37000412 0.37141854 0.37350899]","[0.35314686 0.31606986 0.35689144 0.33939858 0.34557386]",0.340524971485138,0.316069859999999,"[0.36538595 0.36616558 0.36673051 0.36778551 0.36785573]","[0.34724397 0.34773737 0.34812517 0.34966177 0.34904533]",0.365385949611664,0.347243970000008,0.371771690000003,"[0.37760586 0.37838453 0.38013023 0.38050622 0.38114673]","[0.37200353 0.37553255 0.37352225 0.37186411 0.37177169]",0.377605855464935,2,"19358_0,0,1_0.25_True",0.619645186985807,0.0453050617608888
"dcgat-agm003257829","(2, 1, 0)",0.0555555555555555,"Cd-0.429-In-0.571","False","[1.46532226 1.46966863 1.48129821 1.5355525  1.55516958]","[1.55203395 1.5477334  1.56078739 1.56726658 1.51562515]",1.46532225608826,1.51562515000001,"[-0.12265223]","[0.00048756]",-0.122652232646942,0.0004875599999962,"[-1.75102592  0.14357722  0.14532089  0.14659089  0.14742273]","[1.39988231 0.09943361 0.08727461 0.10627922 0.08900654]",-1.75102591514587,0.0872746099999943,"[0.23352456 0.23639166 0.23883665 0.24008244 0.24056774]","[0.22593631 0.24636853 0.22921842 0.22891608 0.25718002]",0.233524560928345,0.225936310000009,"[0.46360523 0.46631593 0.46800834 0.46895653 0.47205776]","[0.49917502 0.36780394 0.35235994 0.50944334 0.34972821]",0.463605225086212,0.349728210000009,0.0089139899999963,"[0.02384889 0.03126192 0.05867052 0.07883483 0.08055586]","[0.08301411 0.08700755 0.08592372 0.05863363 0.00891399]",0.0238488912582397,2,"16952_2,1,0_0.056_False",0.322440333907045,0
"dcgat-agm001209894","(1, 1, 2)",0.0625,"Bi-0.5-In-0.25-Sn-0.25","True","[1.40412474 1.42099524 1.42226362 1.42594028 1.43014455]","[1.5610193  1.5643364  1.56692066 1.5596092  1.54313173]",1.40412473678589,1.54313173,"[0.24292052]","[0.08525008]",0.242920517921448,0.0852500799999944,"[0.17572838 0.18040282 0.18236893 0.18493259 0.18733698]","[0.18352448 0.18357605 0.18234418 0.184182   0.19484781]",0.175728380680084,0.182344180000001,"[0.2780636  0.29059106 0.29347867 0.29796153 0.29798943]","[0.20886702 0.18037362 0.17490524 0.18463603 0.22517814]",0.278063595294952,0.174905240000015,"[0.48926371 0.49540609 0.49591964 0.50035566 0.50051111]","[0.37576583 0.35064155 0.35291173 0.37444193 0.39048821]",0.489263713359833,0.350641550000006,0.081254709999996,"[0.09737533 0.09998429 0.10212332 0.103329   0.10366273]","[0.08688801 0.08952911 0.10635865 0.08125471 0.09174584]",0.0973753333091735,3,"18273_1,1,2_0.062_True",,
"dcgat-agm003257663","(1, 1, 0)",0.25,"Ag-0.571-Zn-0.429","True","[0.9035905  0.90559322 0.90836138 0.91091901 0.91125137]","[1.0980747  1.09761361 1.095757   1.09837377 1.09799043]",0.903590500354767,1.09575700000001,"[-0.15077978 -0.1496225  -0.14895666 -0.14685732 -0.14657152]","[-0.10627429 -0.10460608 -0.10425372 -0.10668841 -0.10449068]",-0.150779783725739,-0.106688410000004,"[0.11103475 0.11360568 0.11411601 0.1150912  0.11686391]","[0.20359177 0.1989524  0.1997286  0.20313109 0.19934784]",0.111034750938416,0.198952399999996,"[0.2023856  0.2032516  0.20505047 0.21030337 0.23808265]","[0.22789219 0.22707675 0.22078837 0.22096984 0.25062184]",0.202385604381561,0.220788370000008,"[0.38347644 0.38404638 0.38452667 0.38531309 0.38584167]","[0.36179874 0.35919778 0.35860389 0.35447432 0.35853895]",0.383476436138153,0.354474320000008,-0.0118776300000007,"[-0.00672776 -0.00635439 -0.00627971 -0.00556213 -0.00547183]","[-0.00923533 -0.00706324 -0.01187763 -0.00611249 -0.00703406]",-0.0067277550697326,2,"19392_1,1,0_0.25_True",0.651762489354657,1
"dcgat-agm003197597","(2, 1, 1)",0,"In-0.667-Zn-0.333","True","[1.20800829 1.21137404 1.21256256 1.21457219 1.21548986]","[1.05670091 1.10897008 1.09884496 1.05287073 1.05641617]",1.20800828933716,1.05287073,"[-0.08155739 -0.07457131 -0.04785568 -0.04694504 -0.04498172]","[0.03313042 0.03643896 0.01330617 0.01254431 0.01796343]",-0.0815573930740356,0.0125443099999955,"[-0.04147273 -0.03798252 -0.03741032 -0.03702068 -0.03647768]","[0.0314321  0.03100752 0.02080267 0.029796   0.01618255]",-0.0414727330207824,0.0161825499999963,"[0.04981941 0.05026019 0.06260586 0.07079357 0.07161844]","[0.08335074 0.08231637 0.08454705 0.09399706 0.09164504]",0.0498194098472595,0.0823163700000009,"[0.31299752 0.31369728 0.31702453 0.31779724 0.31863767]","[0.35598093 0.36259937 0.36083361 0.35880551 0.35530641]",0.31299751996994,0.355306409999997,-0.0348783600000075,"[-0.0673722  -0.06697887 -0.06638271 -0.06586939 -0.06397659]","[-0.03487836 -0.03209397 -0.03320947 -0.03218012 -0.0346772 ]",-0.0673722028732299,2,"19566_2,1,1_0.0_True",0.342391380098171,0.367269241982109
"dcgat-agm003299691","(1, 1, 1)",0.0833333333333333,"Au-0.875-Sn-0.125","True","[1.36391997 1.36633635 1.36770868 1.36808419 1.36846972]","[1.49409666 1.48733348 1.49183488 1.49385604 1.51292832]",1.36391997337341,1.48733348000002,"[-0.15112096 -0.00817806 -0.00765759 -0.00350344 -0.00337058]","[-0.0097731   0.13647977  0.12927717  0.13350267  0.1357379 ]",-0.151120960712433,-0.009773100000018,"[0.0899877  0.09058011 0.091299   0.09203744 0.0923599 ]","[0.17986046 0.18435626 0.18061819 0.18500444 0.18748903]",0.0899876952171325,0.179860460000043,"[0.42400736 0.42466456 0.42611581 0.42964524 0.43020433]","[0.51303696 0.49611322 0.51611876 0.57155646 0.49650018]",0.42400735616684,0.496113219999984,"[0.31817383 0.31882292 0.32054108 0.32110518 0.32454365]","[0.3555656  0.36232498 0.35843011 0.35627071 0.35906786]",0.318173825740814,0.355565599999977,0.375186310000061,"[0.31264991 0.31766945 0.31871516 0.32089609 0.32114714]","[0.37919931 0.37781775 0.37518631 0.37886429 0.37962488]",0.31264990568161,2,"30325_1,1,1_0.083_True",0.417324741576751,0.895732218382512
"dcgat-agm003264490","(1, 0, 0)",0.125,"Ag-0.875-Zn-0.125","False","[1.58167529 1.58529758 1.58598804 1.58612847 1.58647156]","[1.53030032 1.53173019 1.53113952 1.53421288 1.53081127]",1.5816752910614,1.53030032000001,"[-0.1991291  -0.1970641  -0.19702268 -0.19674802 -0.19663388]","[-0.08805193 -0.08624563 -0.0870448  -0.08833092 -0.09014359]",-0.199129104614258,-0.0901435899999967,"[0.12341678 0.124668   0.12608075 0.12704664 0.1278652 ]","[0.13968099 0.14438569 0.14445549 0.14331167 0.1432654 ]",0.123416781425476,0.139680989999988,"[0.20245898 0.20628351 0.20664912 0.20872974 0.20904398]","[0.18309473 0.19027955 0.1914727  0.17748577 0.1912863 ]",0.20245897769928,0.177485770000004,"[0.33006686 0.33091658 0.33092946 0.33189911 0.33223504]","[0.35768652 0.35687133 0.35698937 0.35830126 0.35688099]",0.330066859722137,0.356871330000004,0.0350659600000256,"[0.06651032 0.06796205 0.06877571 0.06988865 0.07038689]","[0.04102201 0.03972573 0.04045938 0.03506596 0.0422502 ]",0.0665103197097778,2,"25063_1,0,0_0.125_False",0.65013457388682,0.994503109661794
"dcgat-agm003189919","(1, 0, 2)",0.25,"Ag-0.25-Cd-0.75","True","[1.82457733 1.82746887 1.8297739  1.83496022 1.83979774]","[1.86816278 1.86786787 1.87099907 1.87005182 1.87082053]",1.82457733154297,1.86786787,"[-0.10785681 -0.10272151 -0.10151589 -0.10064477 -0.100609  ]","[ 0.00214859  0.00032569 -0.00216744 -0.00446642  0.00116731]",-0.107856810092926,-0.0044664199999999,"[0.14277452 0.2159282  0.2191366  0.22131079 0.22697222]","[1.43575576 0.30044129 0.29836098 0.29647781 0.29249581]",0.142774522304535,0.292495809999998,"[0.13690579 0.1405943  0.14120078 0.14383215 0.14729178]","[0.18916525 0.20113877 0.18383651 0.21636826 0.17951783]",0.136905789375305,0.179517829999995,"[0.35447139 0.35574085 0.36217409 0.36218125 0.36285597]","[0.36348786 0.36335748 0.35764678 0.36469927 0.36602004]",0.354471385478973,0.357646780000003,0.150653160000005,"[0.10614395 0.10926783 0.10954243 0.11401886 0.11499989]","[0.15822355 0.15119796 0.16234508 0.15065316 0.16350766]",0.106143951416016,2,"34006_1,0,2_0.25_True",0.437474455133713,0.864808052206951
"dcgat-agm003550449","(1, 0, 0)",0.25,"Ag-0.125-Au-0.5-Zn-0.375","True","[1.15837193 1.16127753 1.16158557 1.16803956 1.16934943]","[1.42396696 1.41617148 1.41945868 1.41029041 1.41221437]",1.158371925354,1.41029040999999,"[-0.17963636 -0.1762476  -0.17489839 -0.17391145 -0.17276663]","[-0.09824434 -0.09721819 -0.09748719 -0.09722798 -0.10065275]",-0.179636359214783,-0.100652749999995,"[-0.112068   -0.11009395 -0.10904354 -0.10370255 -0.10162663]","[-0.0838485  -0.08355431 -0.0749355  -0.08411116 -0.07252805]",-0.112067997455597,-0.0841111599999919,"[0.18938631 0.19589835 0.19595808 0.19631302 0.1964035 ]","[0.22001434 0.20751194 0.24905424 0.22259197 0.25399844]",0.189386308193207,0.207511939999989,"[0.28027123 0.28074986 0.28118593 0.28130084 0.28187138]","[0.36335553 0.36498383 0.36286639 0.36408572 0.36299473]",0.280271232128143,0.362866389999994,0.263187069999987,"[0.00188786 0.04680783 0.07971537 0.25584882 0.2559132 ]","[0.30273493 0.29335589 0.29950948 0.26680457 0.26318707]",0.0018878579139709,3,"17234_1,0,0_0.25_True",0.641057253353608,1
"dcgat-agm003291137","(1, 1, -2)",0.166666666666667,"Au-0.3-Cd-0.7","True","[1.74977517 1.7504468  1.75707531 1.76134419 1.76159501]","[1.98031265 1.98392343 1.97836395 1.97188235 1.98119544]",1.74977517127991,1.97188234999999,"[-0.09889591 -0.09768015 -0.09161413 -0.09136689 -0.09017301]","[0.06006359 0.05770792 0.05453394 0.05230469 0.0641894 ]",-0.0988959074020385,0.0523046899999997,"[-1.93169069 -1.75632572 -1.49055982 -1.40791476 -1.28002584]","[1.63190717 1.62360365 1.59169312 4.35066955 1.55548418]",-1.93169069290161,1.55548417999999,"[0.21096981 0.21885759 0.22577244 0.22826761 0.23442334]","[0.24102245 0.23629168 0.23662576 0.26187179 0.26172533]",0.210969805717468,0.236291679999994,"[0.32293469 0.32419688 0.3255437  0.32617205 0.32730299]","[0.36424912 0.3672922  0.36519884 0.3696294  0.3661375 ]",0.322934687137604,0.364249119999997,0.0556052099999959,"[0.04432636 0.04545653 0.04556292 0.04944015 0.05012101]","[0.05778678 0.05875846 0.06175163 0.06130207 0.05560521]",0.044326364994049,2,"17784_1,1,-2_0.167_True",0.325466698850582,0.866758455431743
"dcgat-agm003264455","(1, 0, 0)",0.125,"Ag-0.875-Cd-0.125","True","[1.87386394 1.87471437 1.87648153 1.87759185 1.87787294]","[1.90633591 1.89909394 1.9019941  1.90334791 1.90118971]",1.87386393547058,1.89909394,"[-0.18737918 -0.18678451 -0.18576527 -0.18547601 -0.1853826 ]","[-0.06531855 -0.0618114  -0.06286216 -0.06386254 -0.06588014]",-0.18737918138504,-0.0658801399999902,"[0.35590738 0.35703033 0.35794133 0.35830504 0.35932451]","[0.41913462 0.41811409 0.41772375 0.4170888  0.41739356]",0.355907380580902,0.417088799999988,"[0.35453719 0.3550244  0.35611576 0.35811239 0.35813767]","[0.37230033 0.36597546 0.40578993 0.37041741 0.36929648]",0.354537189006805,0.365975460000016,"[0.3492164  0.35032231 0.3504371  0.35063332 0.3513121 ]","[0.36668095 0.36747551 0.36756941 0.36875764 0.3814322 ]",0.349216401576996,0.366680950000003,0.425820439999995,"[0.38493627 0.38507408 0.38519424 0.38526028 0.38641542]","[0.42973272 0.42622757 0.43001737 0.42622827 0.42582044]",0.384936273097992,2,"25822_1,0,0_0.125_True",0.615342927285752,0.872078881304859
"dcgat-agm001282038","(1, 2, 0)",0.0833333333333333,"Cd-0.75-Sn-0.25","True","[1.27788997 1.30385208 1.3211484  1.34741378 1.4030602 ]","[1.19041996 1.20009037 1.24353127 1.21167416 1.26586136]",1.27788996696472,1.19041996,"[-0.06760681  0.36212879]","[0.00965636 0.19082728]",-0.0676068067550659,0.009656360000001,"[0.21440178 0.2189759  0.24213588 0.24759728 0.25137264]","[0.20850648 0.2158927  0.24381045 0.24310239 0.2625747 ]",0.21440178155899,0.208506480000011,"[0.3170597  0.31813616 0.31940895 0.32011396 0.32270116]","[0.17697968 0.38394571 0.26340173 0.18068792 0.1771377 ]",0.317059695720673,0.176979680000017,"[0.52871138 0.53176063 0.53390318 0.5349198  0.53568023]","[0.3788785  0.38340478 0.38309931 0.38763262 0.36927729]",0.528711378574371,0.369277290000007,0.0748856100000026,"[0.16465718 0.16674936 0.16715997 0.16975749 0.17411315]","[0.07488561 0.08323631 0.07762708 0.08556369 0.08150617]",0.164657175540924,2,"27135_1,2,0_0.083_True",0.31296586943527,0
"dcgat-agm003410693","(0, 0, 1)",0.5,"Ag-0.167-Au-0.5-Cd-0.333","True","[1.69090557 1.69157887 1.691746   1.69201946 1.69296455]","[1.53965419 1.53734844 1.541376   1.53886239 1.54397273]",1.69090557098389,1.53734844,"[-0.03013164 -0.00955665  0.0061577   0.00816709  0.00880319]","[0.01651128 0.01876024 0.04270054 0.05129637 0.04543482]",-0.0301316380500793,0.0165112799999889,"[0.0676679  0.07123333 0.071679   0.0717994  0.07361674]","[0.07494841 0.07741803 0.08097476 0.08131034 0.07458797]",0.0676679015159607,0.074587969999996,"[0.4684158  0.47202104 0.47765535 0.48900563 0.5296393 ]","[0.51809558 0.52079547 0.51151509 0.50815891 0.51154482]",0.468415796756744,0.508158910000006,"[0.35538286 0.35562748 0.35750836 0.35886234 0.35989183]","[0.37121179 0.37147511 0.37178894 0.36965998 0.37075327]",0.355382859706879,0.369659980000009,0.574332319999996,"[0.52713734 0.53305596 0.53311318 0.53358203 0.53489226]","[0.57433232 0.5776328  0.57697057 0.57766559 0.58017657]",0.527137339115143,3,"25550_0,0,1_0.5_True",0.446509951534609,0.699152801906955
"dcgat-agm003199165","(1, 1, 0)",0.0624904609805675,"Ag-0.167-Au-0.167-Zn-0.667","True","[1.07742429 1.08018136 1.09711957 1.10332847 1.1093986 ]","[1.69736837 1.74919342 1.7428329  1.94045342 1.73973043]",1.07742428779602,1.69736836999999,"[-0.4385111  -0.43157104 -0.41699401 -0.38284943 -0.36891219]","[ 0.007721    0.01020047  0.05987136 -0.00711346  0.00347199]",-0.438511103391647,-0.0071134599999993,"[-0.20642203 -0.17889041 -0.17606503 -0.15186614 -0.14116019]","[0.49710693 0.48113728 0.50230137 0.49044231 0.47558185]",-0.206422030925751,0.475581849999998,"[-0.30892622 -0.29959285 -0.29211158 -0.29150188 -0.23803741]","[0.32059956 0.32799616 0.3522096  0.4007108  0.32250504]",-0.308926224708557,0.320599560000005,"[0.20334089 0.21216369 0.21302295 0.25396603 0.26250178]","[0.38265352 0.37871329 0.37335111 0.37731863 0.46183007]",0.203340888023376,0.373351110000002,0.145573589999998,"[-0.57570648 -0.51420081 -0.51106203 -0.42716873 -0.41421968]","[0.3760349  0.14557359 0.33097235 0.25311425 0.26792303]",-0.575706481933594,3,"27791_1,1,0_0.062_True",0.629757810996916,1
"dcgat-agm003170356","(1, 1, 0)",0.0629999814372519,"Au-0.5-Cd-0.25-Tl-0.25","False","[1.87962866 1.88663912 1.89547729 1.91248679 1.91836953]","[1.8664068  1.93562207 1.9315691  1.9000448  1.92945732]",1.87962865829468,1.86640680000002,"[-0.07330233 -0.0706225  -0.0633617  -0.02497047  0.01973069]","[0.09272313 0.09830585 0.11126661 0.11495858 0.15114306]",-0.0733023285865783,0.0927231300000244,"[-1.60368752 -1.36822438 -1.29716825  0.06309605  0.06395119]","[1.5920745  1.57980565 1.57130708 0.12819557 0.13041766]",-1.60368752479553,0.128195569999974,"[0.37958723 0.38420039 0.38449329 0.38825732 0.40257615]","[0.46337864 0.45725047 0.4492439  0.45106256 0.47058199]",0.379587233066559,0.449243900000027,"[0.31144458 0.31185275 0.31398374 0.31488544 0.31516987]","[0.37590307 0.37542355 0.38966021 0.38026982 0.37954616]",0.311444580554962,0.375423550000008,0.58001299,"[0.53655797 0.53675193 0.53889805 0.53959495 0.54339927]","[0.58001299 0.58314288 0.58738852 0.58337047 0.58618094]",0.536557972431183,3,"17847_1,1,0_0.063_False",0.213834552631165,1
"dcgat-agm003264939","(2, 2, 1)",0.0975785092740393,"Ag-0.625-In-0.375","True","[1.79091191 1.79246259 1.79563785 1.79856205 1.79896736]","[1.83001714 1.82988402 1.8276574  1.83004588 1.83090225]",1.79091191291809,1.82765740000002,"[-0.06577057  0.03875685  0.04535568  0.04605401  0.04803145]","[0.07146736 0.12607345 0.14620458 0.15321989 0.13800756]",-0.0657705664634704,0.0714673600000139,"[0.43994874 0.44037253 0.44093114 0.44250137 0.44419879]","[0.50232354 0.51314399 0.51322768 0.45777363 0.51569079]",0.439948737621307,0.457773629999991,"[0.55959398 0.57193249 0.57629138 0.57782573 0.58352822]","[0.57290321 0.58000374 0.62867517 0.6241708  0.56098963]",0.559593975543976,0.560989630000023,"[0.36440462 0.36473411 0.36608332 0.36639446 0.36677331]","[0.37609251 0.37564403 0.37732004 0.38083293 0.37696423]",0.364404618740082,0.375644029999989,0.325877410000004,"[0.34129494 0.34206432 0.34457439 0.34476024 0.34560865]","[0.40195291 0.40893448 0.32587741 0.40749627 0.40835252]",0.341294944286346,2,"29621_2,2,1_0.098_True",0.345864993884714,0.997711218743322
"mp-1371","(1, 1, 1)",0.208,"Pd-0.25-Sn-0.75","False","[1.25747895 1.26176858 1.28946042 1.28974366 1.29610991]","[1.41283108 1.41598328 1.3911766  1.3859167  1.38949428]",1.25747895240784,1.3859167,"[-0.50707328 -0.50333226 -0.50308877 -0.50285387 -0.50053883]","[-0.33516303 -0.3441427  -0.3396561  -0.33596624 -0.33791252]",-0.507073283195496,-0.344142699999992,"[0.04083544 0.04227048 0.0425033  0.04416335 0.04471302]","[0.11695419 0.12014541 0.10345364 0.11838055 0.11859135]",0.0408354401588439,0.103453640000026,"[0.13006443 0.13641411 0.13732672 0.14205855 0.15007091]","[0.18866438 0.19057739 0.19132934 0.19276205 0.20159334]",0.130064427852631,0.188664380000006,"[-0.23254102  0.29298455  0.30345315  0.30370277  0.30415744]","[0.54415266 0.38126234 0.37822246 0.37599273 0.38205059]",-0.232541024684906,0.375992730000007,0.130391079999981,"[0.12807417 0.13305575 0.13355178 0.13793731 0.13884407]","[0.13039108 0.13309101 0.14724803 0.14971657 0.14808088]",0.128074169158936,2,"278_1,1,1_0.208_False",0.450170098920858,0
"dcgat-agm003679628","(0, 0, 1)",0.0186304109587975,"Ag-0.538-Au-0.077-Zn-0.385","True","[1.62121558 1.62326312 1.62462854 1.63377023 1.63479328]","[1.80880456 1.81829096 1.81288553 1.81286553 1.80602988]",1.62121558189392,1.80602988,"[-0.43745729 -0.4340879  -0.43310198 -0.43235126 -0.43232912]","[-0.25303132 -0.26033022 -0.25253821 -0.25262648 -0.25888766]",-0.437457293272018,-0.26033022,"[0.16697937 0.17089355 0.17227948 0.17564821 0.17583722]","[0.26253704 0.26229845 0.27064401 0.26775104 0.26406258]",0.166979372501373,0.262298450000003,"[0.05820942 0.08248508 0.09532332 0.11098015 0.11344051]","[0.10653744 0.17789461 0.14412494 0.14742306 0.14752595]",0.0582094192504882,0.106537440000011,"[0.31722099 0.31791514 0.32242614 0.32328016 0.32343358]","[0.38412492 0.39072182 0.38076233 0.37684959 0.38248562]",0.317220985889435,0.376849590000006,0.120897749999997,"[0.04559338 0.04627192 0.05278087 0.05615169 0.06235296]","[0.12605249 0.12131445 0.12089775 0.12430486 0.12956519]",0.0455933809280395,3,"33817_0,0,1_0.019_True",0.609393427863436,0.548779115497941
"dcgat-agm003289449","(1, 1, 0)",0,"Ag-0.429-Cd-0.571","True","[2.00062203 2.00099182 2.00214195 2.01774812 2.02202845]","[2.08217944 2.08748702 2.08651985 2.08323912 2.07942421]",2.00062203407288,2.07942421,"[0.04438555 0.05620599 0.06480765 0.06536663 0.06558466]","[0.13507933 0.12992799 0.13905376 0.13631105 0.13915257]",0.044385552406311,0.129927989999999,"[0.48032361 0.4832955  0.48330015 0.48354489 0.48405522]","[0.52549834 0.53312134 0.53953962 0.53953783 0.52323533]",0.480323612689972,0.523235329999991,"[0.48339015 0.48350602 0.48607439 0.48785788 0.48841566]","[0.52551842 0.50804086 0.50732336 0.52323865 0.52747114]",0.483390152454376,0.507323360000001,"[0.407682   0.40801197 0.41034967 0.41085631 0.41100019]","[0.38053092 0.37715477 0.38632938 0.3831657  0.38458726]",0.407682001590729,0.377154769999997,0.356229339999999,"[0.30577689 0.3087644  0.3132599  0.31369668 0.3137899 ]","[0.36010067 0.35653643 0.35723392 0.35686563 0.35622934]",0.30577689409256,2,"21471_1,1,0_0.0_True",0.377487527117159,0.699678226451041
"dcgat-agm003261025","(1, 1, 1)",0.0833333333333333,"Ag-0.875-In-0.125","True","[2.05332184 2.05671382 2.0568819  2.05846786 2.05913901]","[2.26311064 2.25589483 2.26200618 2.26126339 2.26421745]",2.05332183837891,2.25589483000002,"[-0.02060014 -0.01159889  0.01094705  0.01142144  0.02659541]","[0.11218392 0.12008929 0.1267368  0.120562   0.1155702 ]",-0.020600140094757,0.112183920000007,"[0.43547231 0.43636912 0.43929523 0.43950397 0.44034368]","[0.47967701 0.47917801 0.48462111 0.48461692 0.48354333]",0.435472309589386,0.47917800999997,"[0.62649888 0.62908047 0.63299102 0.63307053 0.63317662]","[0.66544761 0.6643237  0.65603133 0.65459889 0.65014141]",0.626498878002167,0.650141410000003,"[0.35348958 0.35556585 0.35823733 0.35884744 0.35925502]","[0.3796472  0.38176078 0.37827462 0.37892032 0.3776153 ]",0.353489577770233,0.377615300000002,0.499098029999999,"[0.48326701 0.48426801 0.48428422 0.48466808 0.48548228]","[0.5166558  0.51785015 0.51712284 0.49909803 0.50162765]",0.48326700925827,2,"28678_1,1,1_0.083_True",0.523751990443729,0.770304741820784
"dcgat-agm003294899","(1, 1, 1)",0.5,"Au-0.333-Sn-0.667","True","[0.99865407 1.01530457 1.01892185 1.02076054 1.02932453]","[0.85542994 0.85989804 0.83526216 0.83166037 0.88033557]",0.998654067516327,0.831660370000009,"[-0.27770236 -0.27711177 -0.27648863 -0.27622649 -0.27559873]","[-0.1540885  -0.16444173 -0.15897019 -0.15950693 -0.15773208]",-0.277702361345291,-0.164441729999993,"[-0.06614172 -0.06235844 -0.06038141 -0.0596475  -0.05850071]","[0.00957016 0.01747102 0.03730312 0.01881902 0.01857404]",-0.0661417245864868,0.0095701599999813,"[0.27108818 0.27644521 0.27894157 0.28087896 0.28189951]","[0.26956242 0.28155542 0.27111875 0.23997381 0.23714492]",0.271088182926178,0.23714492000002,"[0.370583   0.37227529 0.3739416  0.37476236 0.37859815]","[0.38829124 0.37813956 0.39200451 0.3940866  0.38946226]",0.37058299779892,0.378139559999994,0.135036539999987,"[0.14064056 0.14514869 0.14561969 0.14592153 0.15018094]","[0.15800342 0.16832183 0.13503654 0.15128883 0.15654704]",0.140640556812286,2,"21963_1,1,1_0.5_True",0.41000202687495,0.428314133352031
"dcgat-agm003193334","(2, 1, 1)",0.125,"Au-0.2-Zn-0.8","True","[0.99614757 1.00101256 1.00171733 1.00267005 1.00494742]","[1.12735826 1.12915958 1.13108324 1.13329532 1.12767102]",0.996147572994232,1.12735826000001,"[-0.07778502 -0.04187673  0.0149591   0.02112412  0.03237736]","[0.05080507 0.0926886  0.13317006 0.11241515 0.13432403]",-0.0777850151062011,0.0508050699999955,"[-1.21767879  0.23426718  0.23797393  0.24049765  0.26985663]","[1.76409572 0.33037001 0.33332376 0.33042296 0.32454319]",-1.2176787853241,0.32454319,"[0.28701323 0.31109554 0.313752   0.31646281 0.31957024]","[0.37394372 0.36868103 0.38520411 0.39053399 0.40925914]",0.287013232707977,0.368681030000005,"[0.33919328 0.34381694 0.344585   0.34540039 0.34554762]","[0.38127582 0.38124887 0.37862623 0.38288311 0.38273329]",0.339193284511566,0.378626230000009,-0.101319160000003,"[-0.16137755 -0.16021073 -0.15806967 -0.15724403 -0.15690732]","[-0.10131916 -0.10049182 -0.09907314 -0.09702223 -0.09966322]",-0.161377549171448,2,"24095_2,1,1_0.125_True",0.359958787383825,0.999769183020412
"dcgat-agm003299696","(1, 0, 0)",0.125,"Sn-0.125-Tl-0.875","False","[1.57124615 1.57284379 1.57507658 1.57508349 1.57699132]","[1.53727094 1.52326843 1.53082374 1.52727583 1.54107945]",1.57124614715576,1.52326843,"[-0.13477629 -0.13292575 -0.13249815 -0.12965381  0.11417687]","[-0.00626869 -0.00997724 -0.00118896 -0.00754214  0.15716857]",-0.134776294231415,-0.0099772400000119,"[0.05600953 0.06345361 0.06641537 0.06902689 0.06913835]","[0.02221365 0.01846049 0.02466603 0.01914817 0.01877807]",0.0560095310211181,0.0184604899999953,"[0.19883883 0.20191103 0.20248997 0.20471233 0.20493335]","[0.17336985 0.15993401 0.17158984 0.18715678 0.1813737 ]",0.198838829994202,0.159934010000001,"[0.40818924 0.41608208 0.41614753 0.41944295 0.42076617]","[0.38449132 0.39936675 0.39499286 0.39446678 0.3876495 ]",0.408189237117767,0.384491320000009,0.0840146300000128,"[0.11268872 0.11376321 0.11942804 0.11990273 0.12045473]","[0.0902733  0.08401797 0.08618518 0.08401463 0.0948742 ]",0.112688720226288,2,"21378_1,0,0_0.125_False",,
"dcgat-agm003269790","(1, 1, 2)",0.25,"Au-0.25-Tl-0.75","True","[1.79078174 1.7997334  1.80150628 1.82408404 1.824754  ]","[2.00946366 1.99671464 1.99172727 2.0056771  2.01285614]",1.7907817363739,1.99172727,"[0.0535146  0.05570507 0.05884749 0.05956274 0.0601697 ]","[0.16118235 0.16721259 0.14082411 0.1677432  0.17624854]",0.0535145998001098,0.140824110000011,"[-0.00172573  0.00845796  0.01887709  0.02155244  0.04657906]","[0.20067461 0.19284425 0.21642587 0.22370339 0.21478329]",-0.0017257332801818,0.192844249999993,"[0.25416023 0.2668063  0.34039193 0.34578353 0.35007662]","[0.28005544 0.31245375 0.41393623 0.42238397 0.43439572]",0.254160225391388,0.280055439999998,"[0.2545622  0.25724143 0.25753886 0.25799912 0.25804991]","[0.39504976 0.38538483 0.39395019 0.38694776 0.38524265]",0.254562199115753,0.385242649999995,0.0713708400000001,"[0.06959015 0.07681751 0.08873713 0.09466493 0.09480196]","[0.07137084 0.07151257 0.15124839 0.07720998 0.08918453]",0.069590151309967,2,"22657_1,1,2_0.25_True",0.176170604120449,1
"dcgat-agm003361663","(0, 1, 0)",0.25,"Ag-0.364-Au-0.455-Zn-0.182","False","[2.03569293 2.03676414 2.04339862 2.04415798 2.0496943 ]","[2.2205394  2.22349344 2.21423471 2.21642886 2.21186346]",2.03569293022156,2.21186346000002,"[-0.32853028 -0.32837838 -0.32815644 -0.32787606 -0.32777873]","[-0.2338784  -0.23223808 -0.23610466 -0.23670888 -0.2337131 ]",-0.32853028178215,-0.236708879999981,"[-1.69117785 -1.42736542 -1.1437397  -0.67590803  0.27281922]","[1.55776574 1.43993102 1.43621877 1.42384148 0.33976585]",-1.69117784500122,0.339765849999992,"[0.14289933 0.14669091 0.14729315 0.14908147 0.1501922 ]","[0.14984103 0.15913221 0.14720965 0.15024675 0.14843753]",0.142899334430695,0.147209650000036,"[0.2196961  0.22125781 0.22191763 0.22386903 0.22453266]","[0.38755042 0.39309907 0.38945738 0.38696304 0.39018421]",0.21969610452652,0.386963040000012,0.39685394,"[0.38823241 0.39522153 0.39925212 0.40118486 0.40326375]","[0.51989122 0.40053923 0.40809338 0.39802177 0.39685394]",0.388232409954071,3,"17567_0,1,0_0.25_False",0.579690494103355,0.872858956837299
"dcgat-agm002179857","(1, 0, 0)",0.125,"Pd-0.333-Sn-0.667","False","[1.89568734 1.89736772 1.90597415 1.91211271 1.91736436]","[1.92146618 1.93650395 2.00726059 2.08099382 2.06936593]",1.89568734169006,1.92146617999998,"[-0.8904317  -0.88934946 -0.88906026 -0.88824987 -0.88763654]","[-0.87049572 -0.8714562  -0.87287859 -0.86837258 -0.86969025]",-0.890431702136993,-0.872878589999999,"[-0.19787556 -0.19611102 -0.19394779 -0.19326377 -0.19272983]","[-0.09844904 -0.09777636 -0.096488   -0.09590076 -0.09548092]",-0.197875559329987,-0.0984490399999913,"[0.18703192 0.18867236 0.19241524 0.19521439 0.19538486]","[0.20273341 0.31006431 0.20494996 0.2021528  0.20348922]",0.187031924724579,0.202152799999993,"[0.3617397  0.36518663 0.36543983 0.36588365 0.36609918]","[0.39526981 0.3952405  0.39929024 0.39444762 0.39166836]",0.361739695072174,0.391668359999983,0.545314959999985,"[0.53163582 0.53259438 0.53302556 0.53350574 0.5337221 ]","[0.54675465 0.54531496 0.54647462 0.54569851 0.54547149]",0.531635820865631,2,"18160_1,0,0_0.125_False",0.58573283989697,0.0201429429206047
"dcgat-agm003289460","(2, 1, 0)",0.0340923053604673,"Ag-0.429-Sn-0.571","True","[-0.60378087 -0.59808171 -0.55572313 -0.53033459  1.31093907]","[6.56878493 6.63236585 6.81834908 6.74659184 1.68293434]",-0.603780865669251,1.68293434000003,"[-0.07050794 -0.04098719 -0.0400939  -0.03989094 -0.03930843]","[0.34712864 0.05742667 0.06641103 0.05942271 0.06474352]",-0.0705079436302185,0.0574266700000123,"[-1.37864792 -1.15813351 -0.72381049  0.05989188  0.07195944]","[1.62877905 1.64199788 4.03579852 0.17793089 0.16669418]",-1.37864792346954,0.166694180000007,"[-0.55834579  0.20197582  0.20285904  0.20670378  0.22143763]","[2.6561703  0.35586284 0.46191142 0.4646329  0.40997391]",-0.558345794677734,0.355862840000043,"[0.07161969 0.1192565  0.39541882 0.40048295 0.40154999]","[0.82141835 0.79580809 0.39193508 0.39916316 0.39233233]",0.071619689464569,0.391935080000025,0.232857990000014,"[0.07120305 0.07187688 0.07253736 0.07533926 0.07618922]","[0.25863505 0.23966799 0.24152502 0.23402857 0.23285799]",0.0712030529975891,2,"29155_2,1,0_0.034_True",0.415329939332252,0.39904587314465
"dcgat-agm001127112","(2, 1, 2)",0.312340727385674,"Ag-0.25-In-0.25-Sn-0.5","True","[1.17895555 1.18122196 1.18213844 1.18240285 1.18640256]","[1.2019353  1.19465126 1.19256316 1.19585457 1.20471064]",1.17895555496216,1.19256316000002,"[-0.13603884 -0.05133063 -0.04581004 -0.0430513  -0.03925222]","[0.00710125 0.04340049 0.0443338  0.04442972 0.03264656]",-0.136038839817047,0.0071012500000051,"[0.18067509 0.18082386 0.19057316 0.19310552 0.20099711]","[0.29506436 0.28679964 0.30743334 0.30618062 0.31381264]",0.180675089359283,0.286799639999998,"[0.23222578 0.23448598 0.23494083 0.24774462 0.25640112]","[0.28705141 0.29704971 0.28933143 0.29020999 0.3047439 ]",0.232225775718689,0.287051410000032,"[0.39397722 0.39523047 0.39573246 0.3970558  0.39822727]","[0.39691503 0.39596172 0.39785456 0.3945636  0.39744311]",0.393977224826813,0.394563599999998,0.166081750000018,"[0.06315607 0.06377691 0.07035416 0.07238185 0.07499212]","[0.21799686 0.21246662 0.21534632 0.16608175 0.21215271]",0.0631560683250427,3,"23835_2,1,2_0.312_True",0.330399714349795,1
"dcgat-agm003292101","(1, 1, 0)",0.0566668114286703,"Au-0.444-Tl-0.556","True","[1.73687649 1.74267507 1.7441957  1.74708843 1.74725866]","[1.77773404 1.78914372 1.80890012 1.77993972 1.778484  ]",1.73687648773193,1.77773404,"[-0.15595073 -0.14022523 -0.06219637 -0.0589537  -0.05840254]","[0.01014314 0.01350184 0.02030405 0.03003128 0.03468676]",-0.155950725078583,0.0101431399999967,"[-1.66713285 -0.33681285 -0.33030427 -0.05964583 -0.00468886]","[ 1.60131047  1.52515253  1.20044774 -0.03455761 -0.00747518]",-1.66713285446167,-0.0345576100000073,"[0.2901215  0.33899719 0.34048063 0.37661606 0.39845115]","[0.35914359 0.3247615  0.37424534 0.47969183 0.30743072]",0.290121495723724,0.307430719999999,"[-0.71897483  0.31187803  0.31449014  0.31608325  0.31987411]","[2.2157918  0.40264945 0.40524523 0.40256424 0.39975244]",-0.718974828720093,0.39975244,0.36217246999999,"[0.40806025 0.41444343 0.41698748 0.41700298 0.41761345]","[0.45730229 0.44548269 0.45317618 0.36217247 0.45954868]",0.408060252666473,2,"21690_1,1,0_0.057_True",0.200714494745913,0.660608835404411
"dcgat-agm003408084","(2, 2, -1)",0.174538068689477,"Ag-0.333-Au-0.167-Cd-0.5","True","[1.88517785 1.899894   1.90486336 1.91017365 1.9104476 ]","[1.75860483 1.75593743 1.75683854 1.75777306 1.7616475 ]",1.88517785072327,1.75593743,"[-0.14701051 -0.14233035 -0.1326521  -0.01254517 -0.00944501]","[-0.00749834 -0.00526305 -0.00753382  0.11296754  0.11284084]",-0.147010505199432,-0.007533819999999,"[-1.23532438  0.18464917  0.18515003  0.18758839  0.18897074]","[1.54979651 0.16691426 0.1686971  0.17240315 0.17272117]",-1.23532438278198,0.166914259999999,"[0.49119014 0.50992984 0.51102072 0.51345342 0.5260126 ]","[0.51861017 0.56200599 0.56060852 0.53325106 0.57450362]",0.491190135478973,0.518610170000017,"[0.37855035 0.3790074  0.37949711 0.38287717 0.38339764]","[0.40946254 0.40657188 0.40416626 0.40753946 0.4063638 ]",0.378550350666046,0.404166260000004,0.238714680000008,"[0.2672295  0.2683813  0.26998872 0.27022928 0.27074963]","[0.24451637 0.23883411 0.23871468 0.24448953 0.23894392]",0.267229497432709,3,"34119_2,2,-1_0.175_True",0.416348680065217,0.303010217864323
"dcgat-agm003264454","(2, 2, 1)",0.102913751564652,"Ag-0.375-Cd-0.625","True","[1.91455746 1.92042923 1.92589378 1.92717624 1.92887378]","[1.91715353 1.91521455 1.90871709 1.9087562  1.91343063]",1.91455745697021,1.90871709,"[-0.03599328  0.07219243  0.07274818  0.07363671  0.0737114 ]","[0.08647259 0.11036054 0.10559276 0.10666033 0.10728452]",-0.0359932780265808,0.0864725899999854,"[0.46682447 0.4680416  0.46854037 0.46951574 0.47031575]","[0.49907742 0.5050245  0.51221513 0.50873724 0.50338261]",0.466824471950531,0.499077419999992,"[0.51003939 0.51410955 0.51718694 0.51992387 0.52392942]","[0.56077365 0.56895563 0.54033378 0.56906144 0.57327249]",0.510039389133453,0.540333779999997,"[0.44336027 0.4447462  0.44476968 0.44608134 0.44781858]","[0.40976739 0.41064741 0.41111417 0.42239491 0.41114378]",0.443360269069672,0.409767389999999,0.274537449999997,"[0.2430082  0.24410695 0.24480742 0.24548191 0.27018291]","[0.27503484 0.27453745 0.27513459 0.27843972 0.28041395]",0.243008196353912,2,"30778_2,2,1_0.103_True",0.384912761763378,0.740748551926175
"dcgat-agm002132987","(1, 1, 0)",0.125,"Ag-0.333-In-0.667","True","[1.81375551 1.82542586 1.9378922  1.93918371 1.94134569]","[1.76778474 1.72913034 1.87385205 1.87133401 1.86798301]",1.81375551223755,1.72913034,"[-0.07723713  0.05350083  0.0543763   0.05561835  0.05715567]","[0.05999701 0.13948368 0.13702647 0.158958   0.15915248]",-0.0772371292114257,0.0599970099999893,"[0.18501073 0.18518102 0.18883204 0.18988127 0.19054371]","[0.1452559  0.14203683 0.14379691 0.14633624 0.14568586]",0.185010731220245,0.142036829999995,"[0.15664059 0.15981728 0.16100413 0.1615997  0.16179985]","[0.09722896 0.08740788 0.08834973 0.09825193 0.08743539]",0.156640589237213,0.0874078800000006,"[0.43048602 0.43136483 0.43139154 0.43185169 0.43196994]","[0.41401379 0.4164502  0.41517337 0.41369617 0.41849707]",0.430486023426056,0.413696169999994,-0.189646890000006,"[-0.13863838 -0.13758218 -0.13686031 -0.13656187 -0.13568747]","[-0.18964689 -0.18783191 -0.18702696 -0.18822151 -0.18659059]",-0.138638377189636,2,"33249_1,1,0_0.125_True",0.392594876290292,0.753349559849782
"dcgat-agm003164645","(0, 0, 1)",0.5,"In-0.5-Zn-0.5","True","[1.05726814 1.05797362 1.05938601 1.06126571 1.06146026]","[0.95107258 0.94631473 0.95043151 0.94804192 0.95090776]",1.0572681427002,0.946314729999997,"[0.0288651  0.03337902 0.04219282 0.04236048 0.04383373]","[0.1199988  0.11706344 0.11506579 0.10918233 0.09437588]",0.028865098953247,0.0943758800000011,"[0.11588293 0.11589849 0.11674142 0.11966503 0.12030858]","[0.08389515 0.07823312 0.08373523 0.07953105 0.08112238]",0.115882933139801,0.0782331200000072,"[0.37011498 0.3825528  0.3878631  0.39701837 0.40118855]","[0.29523817 0.32458895 0.3399482  0.30864438 0.31646157]",0.370114982128143,0.295238170000005,"[0.38442653 0.3901183  0.39432448 0.39463359 0.39476544]","[0.42837894 0.41994968 0.4139558  0.42095889 0.42043644]",0.384426534175873,0.413955799999997,0.024486809999999,"[0.00724769 0.01224446 0.01432103 0.01653558 0.01760465]","[0.0263678  0.02699975 0.02514344 0.04545321 0.02448681]",0.0072476863861083,2,"20046_0,0,1_0.5_True",0.338169009035092,0.629978861710106
"dcgat-agm003190524","(2, 1, -1)",0.0620307230507101,"Cd-0.75-In-0.25","True","[1.68171406 1.68650532 1.68671227 1.68829846 1.69133306]","[1.61243935 1.60965039 1.60524534 1.6005313  1.60235996]",1.68171405792236,1.6005313,"[0.20243913]","[0.14589832]",0.20243912935257,0.145898320000001,"[-1.45316982 -1.44328594  0.23290235  0.24683386  0.2489658 ]","[1.50229619 1.55507291 0.17845299 0.17732263 0.21390953]",-1.45316982269287,0.177322629999999,"[0.18216532 0.18742466 0.18742871 0.18776649 0.18807334]","[0.15253787 0.15713832 0.16100191 0.15020107 0.15589792]",0.182165324687958,0.150201070000008,"[0.44862872 0.4833402  0.48460788 0.48589522 0.48852104]","[0.4148546  0.47869827 0.47427065 0.48513244 0.46769323]",0.448628723621368,0.414854600000005,0.0621618300000008,"[0.11096543 0.11218393 0.11229581 0.11252719 0.11361152]","[0.06928476 0.06216183 0.06808119 0.06261922 0.06545825]",0.110965430736542,2,"21124_2,1,-1_0.062_True",0.322008347184622,0.0088245270429986
"dcgat-agm003771912","(0, 0, 1)",0.25,"Ag-0.75-Au-0.125-Tl-0.125","True","[2.18463421 2.18566704 2.18579316 2.18674898 2.18913651]","[2.24373081 2.24823191 2.2491594  2.24094828 2.23787201]",2.1846342086792,2.23787201000002,"[-0.1543653   0.08609027  0.08661115  0.0874725   0.08775961]","[0.01564346 0.13948687 0.13713501 0.13296262 0.12739697]",-0.154365301132202,0.0156434600000068,"[-1.04115927  0.47278887  0.47422117  0.47537833  0.47709972]","[1.59703598 0.58047655 0.57407324 0.55445967 0.5579675 ]",-1.04115927219391,0.554459669999972,"[0.60822839 0.60960168 0.61057884 0.61196142 0.61387902]","[0.65684496 0.65181605 0.68252724 0.65783435 0.65782406]",0.608228385448456,0.651816050000008,"[0.38597614 0.38729566 0.38778681 0.38889891 0.39123291]","[0.42206078 0.41712521 0.41501232 0.41695487 0.41756935]",0.385976135730743,0.415012319999988,0.668893979999979,"[0.64650983 0.64708203 0.64723545 0.64998227 0.65044707]","[0.67083094 0.67217366 0.67547227 0.66889398 0.67350313]",0.646509826183319,3,"33939_0,0,1_0.25_True",0.393964418536552,1
"dcgat-agm003196643","(2, 2, 1)",0.5,"Cd-0.667-Pb-0.333","True","[1.70863128 1.71338606 1.7249496  1.72556996 1.72564244]","[1.78453483 1.75477524 1.79131224 1.79272594 1.7940213 ]",1.70863127708435,1.75477524,"[0.07050514 0.08310068]","[0.08587033 0.11546664]",0.070505142211914,0.0858703299999916,"[-1.68372869 -1.5385325   0.25697988  0.26218539  0.26344138]","[1.5640766  4.55884021 0.28795064 0.35224281 0.30846113]",-1.68372869491577,0.287950640000005,"[0.19303238 0.20086098 0.21146476 0.22784984 0.23560363]","[0.1893671  0.18681934 0.18782355 0.25784675 0.1933367 ]",0.193032383918762,0.186819340000014,"[0.43403774 0.43744284 0.43878716 0.43954402 0.4400329 ]","[0.42193432 0.4152739  0.42833316 0.41677577 0.42497433]",0.434037744998932,0.415273900000003,0.0746063699999979,"[0.11061388 0.11862051 0.11884129 0.11940664 0.11981672]","[0.15599262 0.07738957 0.07949854 0.07460637 0.09640377]",0.110613882541657,2,"19900_2,2,1_0.5_True",,
"dcgat-agm003770106","(1, 0, 0)",0.0617032627313611,"H-0.75-Pt-0.125-Rb-0.125","True","[1.68235111 1.70251822 1.7173121  1.72596002 1.72928596]","[1.61520774 1.56608188 1.52624416 1.63569599 1.66222512]",1.68235111236572,1.52624416,"[-0.04791397 -0.04434353 -0.03531939 -0.03257346 -0.02932239]","[0.20939227 0.25521839 0.2244664  0.29859367 0.3209464 ]",-0.0479139685630798,0.209392269999995,"[-0.26998216 -0.2085222  -0.19877321  0.14013743  0.20825499]","[-0.12776941 -0.1427124  -0.10044991  0.02659667  0.04299405]",-0.269982159137726,-0.142712400000022,"[0.08732074 0.09652084 0.0984295  0.09923232 0.10034078]","[0.33421676 0.39287712 0.47187757 0.41619904 0.39241314]",0.0873207449913024,0.334216760000004,"[-0.27207142 -0.25298518 -0.15182441 -0.141011   -0.13919455]","[0.4827629  0.50693491 0.45163174 0.52526609 0.41651631]",-0.272071421146393,0.416516309999992,0.0737702899999703,"[-0.31283623 -0.23500782  0.03132057  0.03218824  0.08195108]","[0.07377029 0.08985003 0.62065404 0.58892632 0.57324939]",-0.312836229801178,3,"31173_1,0,0_0.062_True",,
"dcgat-agm001192850","(2, 1, 2)",0.0213328439639772,"Cd-0.833-Sn-0.167","True","[1.57844186 1.57884979 1.5830493  1.58320165 1.586555  ]","[1.69633928 1.71194792 1.71401183 1.70356986 1.73774916]",1.57844185829163,1.69633928000002,"[-0.14249456 -0.1420126  -0.14150608 -0.13810122 -0.12298131]","[0.03681588 0.06844762 0.02652591 0.03638984 0.06436809]",-0.142494559288025,0.0265259100000037,"[-1.63321519 -1.47755337  0.21173662  0.21834964  0.21918911]","[1.55862689 1.52107876 0.38833503 0.26786552 0.281879  ]",-1.6332151889801,0.267865519999987,"[0.08337718 0.10162669 0.11726481 0.11885875 0.12442988]","[0.15535515 0.17747365 0.16854515 0.18743635 0.18128452]",0.0833771824836731,0.15535515000002,"[0.36993438 0.37148112 0.37262636 0.37350541 0.375413  ]","[0.43010913 0.43179406 0.43170446 0.4369897  0.43647229]",0.369934380054474,0.430109130000005,0.0332801799999913,"[-0.02565229 -0.02520496 -0.02511758 -0.02477759 -0.02338201]","[0.04700331 0.03900763 0.03868832 0.03635628 0.03328018]",-0.0256522893905639,2,"19103_2,1,2_0.021_True",0.278650037102495,0
"dcgat-agm003290833","(0, 0, 1)",0.13674977675659,"Au-0.625-In-0.375","False","[2.12590647 2.12762213 2.12784553 2.12930012 2.13401556]","[2.00861312 2.01704337 1.99210331 2.00770624 2.01538485]",2.12590646743774,1.99210331,"[-0.0816077  -0.07894713 -0.06780708 -0.02842581 -0.00072145]","[0.05468278 0.11833224 0.12939535 0.1874519  0.20885723]",-0.081607699394226,0.0546827800000073,"[-1.79562426 -1.78784633 -1.70459402 -1.66332901 -1.42745399]","[1.6500519  1.61589718 1.65958185 1.69141513 1.5648834 ]",-1.79562425613403,1.56488340000001,"[0.39452833 0.511545   0.51382381 0.51429516 0.52337271]","[0.80997576 0.56982253 0.58194731 0.56499868 0.56601958]",0.394528329372406,0.564998680000002,"[0.38972765 0.39091402 0.39706105 0.39736074 0.39848179]","[0.44094578 0.44109864 0.43983963 0.43415687 0.4356617 ]",0.389727652072907,0.43415687000001,0.694359910000003,"[0.52569073 0.52622372 0.52726144 0.52814645 0.52919108]","[0.7067051  0.70855455 0.70645713 0.69435991 0.69776488]",0.525690734386444,2,"24050_0,0,1_0.137_False",0.252338041252717,1
"dcgat-agm001280080","(1, 1, 0)",0.25,"Au-0.25-Sn-0.75","True","[1.02271438 1.02951002 1.0295558  1.03341269 1.03374743]","[0.89775737 0.9083434  0.89819256 0.91020288 0.91050202]",1.02271437644959,0.897757369999994,"[0.24497479]","[0.20401621]",0.244974792003632,0.20401621000002,"[0.10214424 0.10251665 0.10409075 0.10452646 0.10604739]","[-0.03748229 -0.03861078 -0.0375405  -0.03697022 -0.03916606]",0.102144241333008,-0.0391660599999852,"[0.30795246 0.31162757 0.31498641 0.31610423 0.32084006]","[0.17192695 0.18953814 0.17034934 0.16483961 0.27465088]",0.307952463626862,0.164839610000001,"[0.40078288 0.40251654 0.403763   0.40465575 0.40567678]","[0.44746441 0.43819904 0.43580563 0.44361816 0.44026298]",0.400782883167267,0.435805630000004,-0.0220482100000083,"[0.04695493 0.05167031 0.05514312 0.0580616  0.06290126]","[-0.0174819  -0.02204821 -0.02115617 -0.02012693 -0.01499027]",0.0469549298286438,2,"31197_1,1,0_0.25_True",0.28822533842605,0.885807115750657
"dcgat-agm003774756","(1, 1, 0)",0.125,"Ga-0.125-In-0.75-Tl-0.125","True","[1.21298957 1.21874928 1.2196033  1.23461533 1.24612784]","[1.36986018 1.37720851 1.37830311 1.36154332 1.3673853 ]",1.21298956871033,1.36154331999998,"[-0.10321939]","[-0.00387294]",-0.103219389915466,-0.0038729399999795,"[-0.00666785  0.00466675  0.00555414  0.00608271  0.00626904]","[0.07521397 0.06578653 0.0732095  0.06626286 0.06665577]",-0.0066678524017333,0.0657865300000253,"[0.21918368 0.22047019 0.22681785 0.23197401 0.23848712]","[0.2653121  0.25488604 0.26538219 0.26300743 0.2679463 ]",0.219183683395386,0.254886040000002,"[0.34679812 0.34680253 0.34778863 0.34799379 0.34812909]","[0.44752635 0.45047616 0.44756725 0.43732451 0.43732259]",0.346798121929169,0.437322590000008,0.102921989999999,"[0.00583959 0.01129937 0.0166657  0.01754063 0.0184077 ]","[0.11533336 0.12830835 0.10292199 0.11221786 0.11151876]",0.0058395862579345,3,"18476_1,1,0_0.125_True",,
"dcgat-agm003163349","(0, 0, 1)",0,"Cd-0.5-In-0.5","True","[1.46671367 1.49452615 1.49737906 1.49776077 1.49940586]","[1.46606755 1.48210013 1.45762176 1.48478043 1.48832062]",1.46671366691589,1.45762176,"[-0.08099282]","[0.05683783]",-0.0809928178787231,0.0568378300000063,"[-1.25932837 -0.90425014  0.28731722  0.29182643  0.29386729]","[1.50765557 1.50245275 0.33462227 0.34192558 0.35074353]",-1.25932836532593,0.334622270000011,"[0.31647331 0.31698555 0.32431787 0.32542819 0.32561809]","[0.34983945 0.36176319 0.35506412 0.40088568 0.4021078 ]",0.316473305225372,0.349839450000019,"[0.48669857 0.48925537 0.49055153 0.49115998 0.4918825 ]","[0.43770619 0.44607742 0.45404689 0.48455918 0.44441951]",0.486698567867279,0.43770619,-0.113227850000001,"[0.01676577 0.03072995 0.03690982 0.04252851 0.04576671]","[-0.11322785 -0.04559579 -0.03362361 -0.02157971 -0.02823543]",0.0167657732963562,2,"20463_0,0,1_0.0_True",0.30439657881413,0.0314031025427744
"dcgat-agm003477372","(1, 1, 0)",0.102075822753129,"Ag-0.125-Au-0.25-Cd-0.625","False","[1.79883981 1.80073977 1.80161095 1.80260134 1.80278754]","[1.87054889 1.87209045 1.86145145 1.86613137 1.87385424]",1.79883980751038,1.86145145,"[-0.1676532  -0.16743499 -0.16428459 -0.16410774 -0.16287041]","[ 0.00372083  0.00336862 -0.01362986 -0.01252486  0.01414486]",-0.167653203010559,-0.0136298600000017,"[0.00765496 0.0092327  0.01704508 0.01762283 0.03626949]","[0.18079404 0.17933377 0.19924213 0.18379695 0.19507497]",0.0076549649238586,0.17933377,"[0.10320365 0.12717587 0.14066964 0.14343256 0.14371222]","[0.21257127 0.20712262 0.20643427 0.21293888 0.21764682]",0.103203654289246,0.206434270000017,"[0.38302392 0.38312143 0.38383073 0.38414198 0.38546258]","[0.44891182 0.44550656 0.44480751 0.45019871 0.44090796]",0.383023917675018,0.440907960000004,0.123362420000007,"[0.05037677 0.06430101 0.06457353 0.06973213 0.07296681]","[0.13670224 0.12336242 0.14112377 0.13444403 0.1247701 ]",0.0503767728805542,3,"32384_1,1,0_0.102_False",0.46178239551582,0
"dcgat-agm003338446","(1, 0, 0)",0.0409003468922539,"Au-0.444-Cd-0.333-Ga-0.222","False","[1.32384944 1.96733308 1.96829104 1.9704926  1.97459126]","[1.68806214 2.10500552 2.09871543 2.10393464 2.09884761]",1.32384943962097,1.68806214,"[-0.3144747  -0.31395122 -0.31357449 -0.31338608 -0.31326446]","[-0.08855671 -0.09175778 -0.09728289 -0.09288584 -0.09441082]",-0.314474701881409,-0.0972828900000024,"[0.05324101 0.05438715 0.05585241 0.05695909 0.05729532]","[0.14609712 0.14985645 0.15783674 0.15553862 0.14486413]",0.0532410144805908,0.144864130000002,"[0.21804011 0.22286278 0.22671992 0.23346472 0.23643649]","[0.38689153 0.38760049 0.38564618 0.38921509 0.38656665]",0.218040108680725,0.385646180000009,"[0.35383433 0.35659868 0.35700876 0.36245853 0.36313635]","[0.4576078  0.44919308 0.44453487 0.44828607 0.44276565]",0.353834331035614,0.442765650000013,0.268698670000006,"[0.21811497 0.22102141 0.22223449 0.22305328 0.22370118]","[0.26869867 0.28204693 0.27481989 0.31293809 0.29727666]",0.218114972114563,3,"17950_1,0,0_0.041_False",0.383266554605526,0.756620817420183
"dcgat-agm003774898","(2, 2, 1)",0.0936571538611514,"Bi-0.125-In-0.125-Tl-0.75","True","[1.88314366 1.89057255 1.91777325 1.91937232 1.92966819]","[2.04468635 2.04724041 1.84144025 1.84362075 2.03869781]",1.88314366340637,1.84144024999998,"[-0.14373875]","[0.0352128]",-0.143738746643066,0.0352128000000107,"[-1.57308125 -1.43189943 -1.07289684 -0.93633974  0.25023633]","[1.49115925 1.53618116 1.35054601 1.49749358 0.3017105 ]",-1.57308125495911,0.301710500000013,"[0.31846696 0.32136959 0.37099093 0.37603492 0.38414615]","[0.37456709 0.35363123 0.36932518 0.40291304 0.40091579]",0.31846696138382,0.353631229999991,"[0.54071718 0.54159862 0.54244262 0.54603761 0.54636246]","[0.44375477 0.45058845 0.44914453 0.44901003 0.44338013]",0.54071718454361,0.443380130000008,0.006983990000009,"[0.04724681 0.04761446 0.0488919  0.04912341 0.05054867]","[0.01419024 0.01700203 0.01173744 0.00698399 0.01535253]",0.0472468137741088,3,"24274_2,2,1_0.094_True",,
"dcgat-agm003268431","(1, 1, 0)",0.24815894451872,"Ag-0.889-Cu-0.111","True","[1.68015552 1.68655014 1.68705845 1.68731594 1.68800592]","[1.66756429 1.66723898 1.66672646 1.66777131 1.66671188]",1.68015551567078,1.66671187999998,"[-0.17765892 -0.17032844 -0.14435631 -0.14362198 -0.14331388]","[-0.00983353 -0.00651912 -0.03137296  0.01369251 -0.02951503]",-0.177658915519714,-0.0313729599999987,"[0.42697901 0.4274953  0.42761999 0.42905205 0.42950457]","[0.46665726 0.4670635  0.4691648  0.4692784  0.46908502]",0.426979005336762,0.466657260000005,"[0.46128541 0.46277481 0.46302849 0.46307904 0.46366245]","[0.50998424 0.51328349 0.5088827  0.53608126 0.53712985]",0.461285412311554,0.508882699999958,"[0.42722863 0.43247658 0.43336338 0.43359619 0.4346897 ]","[0.44671464 0.44658412 0.4487777  0.44776622 0.44764316]",0.427228629589081,0.446584120000011,0.611883729999988,"[0.54406601 0.54421622 0.54474109 0.54483896 0.54487425]","[0.61343486 0.61241401 0.61188373 0.61410202 0.61362266]",0.54406601190567,2,"17475_1,1,0_0.248_True",0.62971117940771,0.2686947447695
"dcgat-agm003469922","(2, 1, 2)",0.0920787230293982,"Bi-0.625-Sn-0.125-Tl-0.25","False","[1.51740599 1.52704263 1.52961278 1.53184676 1.53402257]","[1.27552596 1.26671121 1.25907393 1.26875742 1.28436452]",1.51740598678589,1.25907393,"[-0.18068051 -0.17983335 -0.17840642 -0.15965718 -0.14354992]","[ 0.11548994  0.12462107  0.02429184  0.00422689 -0.03618557]",-0.180680513381958,-0.0361855699999864,"[0.03767204 0.04148293 0.05728698 0.06237179 0.06679571]","[0.13275271 0.12724445 0.12556649 0.13172116 0.16665413]",0.0376720428466796,0.125566490000011,"[0.29328316 0.29588002 0.30659193 0.31293362 0.31847626]","[0.35455009 0.30697789 0.38494242 0.38735455 0.45300848]",0.29328316450119,0.306977889999985,"[0.40700394 0.40869933 0.41258305 0.41428643 0.42322928]","[0.44685648 0.47160979 0.48410768 0.45942407 0.45763553]",0.407003939151764,0.446856480000008,0.0447565599999961,"[0.07097906 0.09210789 0.09388965 0.1585269  0.16085845]","[0.04475656 0.06303324 0.05120378 0.25209917 0.19592796]",0.0709790587425232,3,"25097_2,1,2_0.092_False",,
"dcgat-agm003621585","(1, 1, 0)",0.138288300751899,"Au-0.25-Cd-0.5-Tl-0.25","False","[2.20339823 2.20348573 2.20832038 2.20959425 2.21420193]","[2.46126326 2.48428103 2.49683595 2.48667792 2.4470258 ]",2.20339822769165,2.4470258,"[-0.19033402 -0.18913227 -0.18857843 -0.18769985 -0.18734896]","[-0.0351526  -0.03024317 -0.03850866 -0.03344519 -0.02844716]",-0.190334022045136,-0.0385086599999979,"[-1.93396783  0.0399819   0.04161221  0.04212141  0.04555684]","[1.56472374 0.03525199 0.02646136 0.02796236 0.03478529]",-1.93396782875061,0.0264613599999989,"[0.21565318 0.21743482 0.22007197 0.230955   0.2557568 ]","[0.31205127 0.31242135 0.31225847 0.33284801 0.3459398 ]",0.21565318107605,0.312051269999998,"[0.37801856 0.37942475 0.38036233 0.38085908 0.38210696]","[0.4590781  0.44719024 0.44886533 0.45114624 0.45370745]",0.37801855802536,0.447190240000005,0.199031590000004,"[0.10985821 0.11265212 0.115695   0.11579144 0.11636448]","[0.20248052 0.20506225 0.20077325 0.19996092 0.19903159]",0.109858214855194,3,"22850_1,1,0_0.138_False",0.285922817392277,0.688247231321127
"dcgat-agm003261095","(1, 1, 1)",0.0833333333333333,"Au-0.125-Zn-0.875","False","[0.9590835  0.966474   0.97003049 0.97190684 0.97194737]","[1.09068364 1.08752605 1.09281367 1.08492587 1.08712823]",0.959083497524262,1.08492586999999,"[0.31338412 0.31342489 0.31495446 0.31547874 0.31724149]","[0.25446938 0.25619883 0.25459464 0.25302314 0.25465564]",0.313384115695953,0.253023139999982,"[0.31345838 0.32415289 0.32416135 0.32564181 0.32821113]","[0.4304376  0.43244858 0.43198664 0.43435979 0.42749096]",0.313458383083344,0.427490959999986,"[0.27069801 0.282242   0.28724498 0.28801638 0.29334444]","[0.37926786 0.38171804 0.3817548  0.38304204 0.40131986]",0.270698010921478,0.379267859999999,"[0.35867935 0.36087006 0.36240286 0.36361903 0.36438423]","[0.44997323 0.46815766 0.44906573 0.45348199 0.47686664]",0.358679354190826,0.449065730000001,-0.0754282100000125,"[-0.19512182 -0.19150686 -0.19000918 -0.18950391 -0.18816072]","[-0.07504149 -0.0732418  -0.07542821 -0.07413487 -0.07522759]",-0.195121824741364,2,"29973_1,1,1_0.083_False",0.300088808316501,1
"dcgat-agm003297733","(2, 1, 1)",0.1875,"Ag-0.2-Sn-0.8","True","[0.86086792 0.86303359 0.86711687 0.86778063 0.86804169]","[0.85363025 0.85455925 0.85524184 0.85830973 0.85212416]",0.860867917537689,0.852124160000017,"[-0.25735393 -0.24834555 -0.23547399 -0.23420686 -0.23350585]","[-0.15876732 -0.16509301 -0.13517254 -0.13012847 -0.13331937]",-0.257353931665421,-0.165093009999993,"[0.09875166 0.10198569 0.10198897 0.10654724 0.11234665]","[0.14052562 0.1432146  0.12836461 0.14383826 0.1436658 ]",0.0987516641616821,0.128364609999977,"[0.24422359 0.27793592 0.28775722 0.29655093 0.29684681]","[0.30609782 0.29850694 0.34121136 0.32000347 0.30338137]",0.244223594665527,0.29850694000001,"[0.46907252 0.47055095 0.47112018 0.47141331 0.4720301 ]","[0.46647185 0.44907019 0.47021578 0.46685158 0.46327158]",0.46907252073288,0.449070190000001,0.0789000599999951,"[0.06792796 0.07190728 0.07199895 0.07298803 0.09732246]","[0.07956292 0.08145558 0.07890006 0.08108738 0.10911664]",0.0679279565811157,2,"23929_2,1,1_0.188_True",0.373549073852827,0
"dcgat-agm003387820","(0, 1, 0)",0,"Ag-0.4-Au-0.2-Cd-0.4","True","[2.1771903  2.19866395 2.19983697 2.20012188 2.20206976]","[2.32891415 2.33479652 2.34286707 2.33127901 2.33956323]",2.17719030380249,2.32891415,"[-0.35601029 -0.35581002 -0.35493186 -0.3548755  -0.35480186]","[-0.24391398 -0.23776247 -0.24138386 -0.24100513 -0.24516894]",-0.356010288000107,-0.245168939999985,"[-1.54401767 -1.44281626 -0.48736432 -0.40538612  0.26334304]","[1.51394095 1.39212828 1.41521056 1.47879241 0.27195941]",-1.54401767253876,0.271959410000022,"[0.16627568 0.16728944 0.16731316 0.17019778 0.17019802]","[0.17960756 0.17745306 0.18067536 0.17958596 0.177656  ]",0.166275680065155,0.177453060000005,"[0.42057854 0.421516   0.42866272 0.42918843 0.43027586]","[0.45197853 0.44945262 0.45117901 0.45061254 0.45070168]",0.420578539371491,0.449452620000002,0.318127739999994,"[0.30377179 0.30657417 0.30677813 0.30767936 0.30800456]","[0.32390735 0.31891797 0.32115813 0.32348605 0.31812774]",0.303771793842316,3,"19801_0,1,0_0.0_True",0.50537432984883,0.391684611282646
"dcgat-agm003432657","(2, 2, 1)",0.0480350812870455,"Ag-0.5-In-0.167-Sn-0.333","False","[1.43270469 1.4364686  1.43722701 1.46716213 1.46928859]","[1.39588982 1.39618509 1.39084162 1.39670942 1.40889711]",1.43270468711853,1.39084162,"[-0.38342342 -0.38042232 -0.3803705  -0.37983939 -0.37645528]","[-0.27359406 -0.28404995 -0.27085778 -0.24581964 -0.27123542]",-0.383423417806625,-0.284049949999996,"[-1.98258662 -1.98177958 -1.92289543 -1.66805303 -1.56930625]","[1.5605163  1.58986686 1.52690086 2.09288935 1.5270481 ]",-1.98258662223816,1.52690086000001,"[0.25072664 0.26060039 0.26579899 0.26665562 0.28542477]","[0.21523842 0.18682894 0.27632658 0.20347186 0.26744743]",0.250726640224457,0.186828939999998,"[0.42244941 0.42294949 0.42315191 0.42342621 0.42446047]","[0.46337133 0.45858341 0.45471992 0.45091271 0.46230166]",0.4224494099617,0.450912710000011,0.0640593600000443,"[0.10966873 0.11039412 0.11548179 0.1195603  0.11991012]","[0.0768617  0.07731279 0.09724616 0.06405936 0.06960422]",0.109668731689453,3,"29844_2,2,1_0.048_False",0.489064374672983,0
"dcgat-agm002142200","(2, 0, 1)",0.231868558659946,"Cd-0.25-In-0.75","False","[1.4017992  1.4020927  1.40352488 1.40413857 1.40515709]","[1.5635588  1.5581734  1.55867709 1.55693293 1.56739668]",1.40179920196533,1.55693293,"[0.13233495]","[0.1877168]",0.13233494758606,0.187716800000004,"[-1.48664141  0.23486692  0.23496115  0.2356419   0.23692572]","[1.44400373 0.23341039 0.22735626 0.23342019 0.2274656 ]",-1.48664140701294,0.227356259999993,"[0.20895112 0.21436352 0.2151376  0.21691483 0.21931595]","[0.18567126 0.18895122 0.19731509 0.18798856 0.18585379]",0.208951115608215,0.185671260000007,"[0.44423217 0.44861442 0.44959038 0.44977409 0.45014375]","[0.46082191 0.45828156 0.45977528 0.45701804 0.45817834]",0.444232165813446,0.457018040000008,0.0654806800000074,"[0.02712166 0.02919525 0.03269315 0.03478122 0.03484821]","[0.06605307 0.06548068 0.07182946 0.06829594 0.07463138]",0.0271216630935668,2,"32295_2,0,1_0.232_False",0.250988577158734,0.0822440588420089
"dcgat-agm003603794","(2, 1, 2)",0.034072581885468,"In-0.333-Pb-0.333-Sn-0.333","True","[1.17195511 1.1720407  1.17250204 1.17341709 1.17354393]","[1.24487419 1.24765657 1.24754087 1.25474471 1.24461704]",1.17195510864258,1.24461703999998,"[-0.18083608]","[0.0099164]",-0.180836081504822,0.0099163999999802,"[-1.74779391 -1.06788635  0.2121352   0.21508318  0.22111213]","[1.56266268 1.52355232 0.28970115 0.28449159 0.28329731]",-1.74779391288757,0.283297309999995,"[0.33981735 0.34374005 0.34515351 0.34529787 0.34852964]","[0.41733589 0.41372537 0.40203324 0.39317745 0.4081436 ]",0.339817345142365,0.393177449999968,"[0.49123067 0.51196808 0.51449543 0.52768248 0.54692703]","[0.59013961 0.57540683 0.59102128 0.58017342 0.45721972]",0.491230666637421,0.457219719999983,0.194189199999983,"[0.0554176  0.06229609 0.06334913 0.06440967 0.06721592]","[0.20460327 0.20095    0.19982156 0.1941892  0.2188785 ]",0.0554175972938537,3,"23861_2,1,2_0.034_True",,
"dcgat-agm003297749","(1, 1, 0)",0.165669752110728,"Au-0.2-Tl-0.8","True","[2.17715406 2.18199801 2.18259025 2.18305159 2.18337536]","[2.44678738 2.45178585 2.45321436 2.45293406 2.44452043]",2.17715406417847,2.44452043,"[0.08641881 0.08741802 0.0889833  0.08960778 0.0897637 ]","[0.17334831 0.17571351 0.17517241 0.17471748 0.18173217]",0.0864188075065612,0.173348309999994,"[0.21972227 0.21984422 0.22048485 0.22154075 0.22257942]","[0.24556197 0.24176288 0.2465727  0.24494524 0.24441726]",0.219722270965576,0.241762879999996,"[0.36123854 0.36700243 0.37136286 0.37430221 0.37548774]","[0.41687159 0.41534664 0.41802215 0.41847706 0.42100121]",0.361238539218903,0.41534664000001,"[0.40679079 0.46661383 0.46672672 0.47216028 0.47233456]","[0.91930634 0.46188623 0.46706855 0.45871053 0.48472284]",0.406790792942047,0.458710530000005,0.274465480000004,"[0.21651328 0.2192843  0.22074097 0.22090173 0.22118968]","[0.27717293 0.27446548 0.27600225 0.27528045 0.27602158]",0.216513276100159,2,"31516_1,1,0_0.166_True",0.203776920510969,0.135187661406929
"dcgat-agm002133078","(2, 2, -1)",0,"Ag-0.333-Sn-0.667","True","[1.08835244 1.09424114 1.09469652 1.09550595 1.09779716]","[1.07041926 1.06562731 1.06154815 1.06545066 1.07449393]",1.08835244178772,1.06154814999996,"[-0.10808814 -0.1071322  -0.10686845 -0.10572112 -0.10550368]","[-0.02213296 -0.02543554 -0.0242369  -0.02746134 -0.02041524]",-0.108088135719299,-0.0274613400000021,"[0.15550441 0.15639192 0.15904576 0.16336501 0.16413212]","[0.21412605 0.21798361 0.20350725 0.21848051 0.20778545]",0.155504405498505,0.203507250000001,"[0.30451518 0.31064767 0.31466991 0.31540757 0.31690127]","[0.33281293 0.34024827 0.35431444 0.34249396 0.35121794]",0.304515182971954,0.332812929999989,"[0.47648925 0.47823006 0.47942978 0.48011464 0.48066157]","[0.468094   0.46283449 0.46027718 0.46561777 0.46485594]",0.476489245891571,0.460277179999991,0.205148649999984,"[0.18500239 0.18722934 0.18920481 0.19112438 0.191181  ]","[0.20873404 0.21023512 0.20514865 0.21163122 0.20998207]",0.185002386569977,2,"33164_2,2,-1_0.0_True",0.364634667048421,0.494816059685635
"dcgat-agm001236826","(1, 1, 0)",0.125,"Cd-0.333-Ga-0.333-In-0.333","True","[1.37536621 1.38958359 1.39247441 1.39385962 1.39763498]","[1.48474567 1.48179011 1.51372712 1.47585859 1.50146747]",1.3753662109375,1.47585858999999,"[0.20019454 0.20029807 0.20357108 0.20423847 0.20515352]","[0.22057556 0.22131827 0.22088557 0.22150946 0.22492663]",0.200194537639618,0.220575559999986,"[0.11092418 0.11093843 0.11422169 0.11440068 0.11454266]","[0.19599452 0.19753682 0.20917599 0.22771725 0.19425236]",0.110924184322357,0.194252359999993,"[0.15373665 0.15636569 0.15686643 0.16570508 0.16855854]","[0.16705841 0.16720578 0.1633219  0.17406022 0.17254677]",0.153736650943756,0.1633219,"[0.42188901 0.42282337 0.42305046 0.4242906  0.42434138]","[0.46489093 0.46654273 0.46067877 0.46218842 0.46701383]",0.421889007091522,0.460678770000001,-0.061529660000005,"[-0.03999472 -0.03799409 -0.03764176 -0.03713286 -0.03673023]","[-0.05301002 -0.05257895 -0.05524461 -0.06152966 -0.05685539]",-0.0399947166442871,3,"33014_1,1,0_0.125_True",0.314692396259268,0.864667960210118
"dcgat-agm003287249","(1, 1, 0)",0.25,"Cd-0.4-In-0.6","True","[1.54664063 1.54996943 1.55140448 1.55326748 1.55620265]","[1.64554756 1.62906537 1.6323997  1.65140205 1.6293293 ]",1.54664063453674,1.62906537000001,"[0.18215293]","[0.33420525]",0.182152926921844,0.334205249999997,"[0.24763972 0.25074166 0.25554985 0.25567049 0.30164438]","[0.40670862 0.41080476 0.40457292 0.4073319  0.42049954]",0.247639715671539,0.404572920000007,"[0.09474534 0.09890193 0.10054713 0.10239333 0.1057716 ]","[0.24353828 0.24231941 0.23809769 0.24473156 0.24251261]",0.0947453379631042,0.238097690000004,"[0.36547011 0.36971182 0.37013787 0.37034339 0.37049526]","[0.46662419 0.46560424 0.46380889 0.4688658  0.47388601]",0.365470111370087,0.46380889000001,0.157249430000007,"[0.05923426 0.06019425 0.06138188 0.06149942 0.06296355]","[0.15724943 0.16947456 0.1596636  0.15986045 0.15860059]",0.0592342615127563,2,"33439_1,1,0_0.25_True",0.257969349517011,1
"dcgat-agm003258798","(2, 2, 1)",0.0625,"Ag-0.571-In-0.429","True","[1.62658429 1.62766027 1.63906121 1.64061451 1.64624906]","[1.56591329 1.5727     1.58877217 1.59845979 1.65415683]",1.62658429145813,1.56591328999997,"[-0.10121006 -0.03457195 -0.02414513 -0.02205867 -0.01800543]","[ 0.06910562  0.08603014  0.00352896 -0.03374793  0.00306869]",-0.101210057735443,-0.0337479300000609,"[-1.24926472 -1.11828923 -1.0472151   0.18496108  0.18514997]","[1.57463244 1.5396029  1.55450019 0.33566038 0.33468581]",-1.24926471710205,0.334685809999996,"[0.21018422 0.22421271 0.24694747 0.2557053  0.27121681]","[0.2755902  0.2840698  0.36478145 0.41017079 0.34310493]",0.210184216499329,0.275590199999954,"[0.39740604 0.40171701 0.40523678 0.4054634  0.4062466 ]","[0.46519551 0.49176169 0.47058328 0.46932173 0.47325385]",0.397406041622162,0.465195509999944,-0.0029626900000039,"[-0.01397473 -0.01309359 -0.0112831  -0.0106039  -0.01056272]","[ 0.04537883  0.04935467  0.02489132 -0.00296269  0.04450363]",-0.0139747262001037,2,"23556_2,2,1_0.062_True",0.306307080495174,0.475745720395416
"dcgat-agm003161355","(1, 0, 1)",0.164225250917441,"Cd-0.667-In-0.333","True","[1.79450488 1.79612207 1.7973578  1.79736209 1.79904795]","[1.87755705 1.88062631 1.90025396 1.88369815 1.8804472 ]",1.79450488090515,1.87755705,"[-0.12978321]","[0.0091948]",-0.12978321313858,0.0091947999999959,"[0.26094669 0.26538795 0.26632541 0.27255791 0.27393717]","[0.31832212 0.32232655 0.32218798 0.32028103 0.32042538]",0.260946691036224,0.318322119999991,"[0.12993389 0.13442034 0.13710684 0.15375096 0.15376484]","[0.21997596 0.210192   0.2223301  0.22652041 0.22409783]",0.129933893680573,0.210192000000006,"[0.4338848  0.43452162 0.43575054 0.43584102 0.4364447 ]","[0.468202   0.46790331 0.46704801 0.47314404 0.46886551]",0.433884799480438,0.467048009999999,0.081207269999993,"[0.04528868 0.04670256 0.04888612 0.04912132 0.04951197]","[0.08924913 0.08404475 0.08615794 0.08892927 0.08120727]",0.0452886819839477,2,"23196_1,0,1_0.164_True",0.259251435107656,0.206284505490235
"dcgat-agm003193278","(1, 1, 1)",0.166666666666667,"Au-0.2-Cd-0.8","True","[1.85341287 1.87171888 1.88182616 1.94438457 1.95015645]","[2.0000529  1.99716206 2.01658266 1.99858767 2.00654567]",1.85341286659241,1.99716206,"[0.12331033 0.12801635]","[0.21456935 0.20982711]",0.123310327529907,0.209827109999999,"[0.25001448 0.25235993 0.25356418 0.25558752 0.25641245]","[0.24272102 0.2267145  0.24318349 0.2473471  0.24439263]",0.25001448392868,0.226714499999993,"[0.50554031 0.51143247 0.51424664 0.51462001 0.52479285]","[0.48881005 0.49157897 0.51511757 0.49014082 0.49507042]",0.505540311336517,0.488810050000005,"[0.508807   0.50974506 0.51023048 0.51495439 0.51744503]","[0.46796538 0.47148616 0.4722334  0.47401603 0.47843975]",0.508807003498077,0.467965379999999,0.280877000000004,"[0.28442639 0.28640145 0.2875666  0.28773254 0.28819054]","[0.28246888 0.28333223 0.280877   0.28845397 0.29053562]",0.284426391124725,2,"30020_1,1,1_0.167_True",0.24467345879315,0.655791325866588
"dcgat-agm003196135","(2, 1, -2)",0.0833333333333333,"Au-0.167-Tl-0.833","True","[1.81414294 1.82203937 1.8290031  1.83094096 1.83671832]","[2.02296536 2.02840912 2.03096671 2.02641389 2.03004046]",1.81414294242859,2.02296536,"[0.03970033 0.04124683 0.04141688 0.04144347 0.04421061]","[0.22267212 0.22255416 0.21642927 0.21303977 0.24896438]",0.0397003293037414,0.213039769999995,"[-0.83597201 -0.66783506  0.06013179  0.0643006   0.06693   ]","[1.5690698  1.58888159 0.27812235 0.28313486 0.28839414]",-0.835972011089325,0.27812234999999,"[0.39135855 0.41500014 0.42154521 0.42233247 0.42610759]","[0.54848638 0.59345317 0.62692701 0.62996436 0.54749133]",0.391358554363251,0.54749133,"[0.31535476 0.31623799 0.31944531 0.32143193 0.32316834]","[0.47968383 0.48026273 0.48088407 0.47693689 0.46856402]",0.315354764461517,0.468564020000002,0.0893661300000019,"[0.0982585  0.09918451 0.10003656 0.10511696 0.10550994]","[0.08982272 0.09135471 0.08936613 0.09040325 0.11760147]",0.0982584953308105,2,"34109_2,1,-2_0.083_True",0.1680905753747,0.520589498440497
"dcgat-agm002234637","(1, 0, 1)",0.0169033781127003,"Pd-0.2-Sn-0.8","False","[0.9595831  0.9603247  0.96724886 0.97857767 0.97904354]","[0.98900203 0.98808341 0.98404115 0.9802286  0.99172496]",0.959583103656769,0.980228600000032,"[-0.12688255 -0.03067774 -0.02020782 -0.01175821 -0.00999933]","[0.02749106 0.25674948 0.24517869 0.24538708 0.25135741]",-0.126882553100586,0.0274910600000168,"[-1.93737793 -1.8804729   0.04666281  0.05985445  0.06149614]","[1.79537207 1.65528815 0.13203706 0.17609615 0.16840916]",-1.9373779296875,0.132037059999988,"[0.16671866 0.16769797 0.16861516 0.16891152 0.16898268]","[0.23035356 0.21125248 0.23529034 0.32326529 0.22036182]",0.166718661785126,0.211252480000042,"[0.36547333 0.36878139 0.36889893 0.37012678 0.37181515]","[0.4896883  0.47151596 0.47323494 0.48135347 0.47125186]",0.365473330020905,0.471251860000024,0.097820750000011,"[0.04088318 0.07685816 0.08110315 0.08539128 0.08554041]","[0.09782075 0.13559567 0.21763129 0.1012482  0.28170377]",0.040883183479309,2,"30043_1,0,1_0.017_False",0.563249616090201,0
"dcgat-agm003298395","(1, 2, 2)",0.0160382331946689,"Cd-0.8-Tl-0.2","True","[1.81980133 1.82147264 1.82347536 1.82363582 1.82569671]","[1.87278596 1.87538374 1.87726136 1.8841021  1.87934089]",1.81980133056641,1.87278595999999,"[-0.1518597  -0.14830536 -0.14312148 -0.13319713]","[0.00382995 0.00469152 0.01721252 0.00974576]",-0.151859700679779,0.0038299499999965,"[-0.83976597  0.17949587  0.18088299  0.18613487  0.18709213]","[1.52039639 0.21629163 0.20830642 0.20453388 0.21726033]",-0.839765965938568,0.204533879999993,"[0.19354463 0.19783139 0.20294511 0.21403503 0.22474974]","[0.31417225 0.3117916  0.31209305 0.26022286 0.24310116]",0.193544626235962,0.243101160000009,"[0.40528017 0.40885967 0.40995055 0.41150755 0.41838413]","[0.47125639 0.47978147 0.4874149  0.48009292 0.49226596]",0.40528017282486,0.471256390000001,0.168611390000002,"[0.07488257 0.0759654  0.07632726 0.07785326 0.07907385]","[0.17746065 0.1727381  0.16861139 0.18900912 0.18143795]",0.0748825669288635,2,"18423_1,2,2_0.016_True",,
"dcgat-agm003625973","(1, 1, 0)",0.25,"Cd-0.5-Ga-0.25-In-0.25","True","[0.95879263 1.01137781 1.01167917 1.01315212 1.01349545]","[0.95288185 0.96521784 0.97087441 0.97363466 0.96978512]",0.958792626857758,0.952881850000004,"[0.14724004 0.1571759  0.18230122 0.18369985 0.18480891]","[0.18689758 0.18982603 0.17071374 0.16992276 0.17174059]",0.147240042686462,0.169922760000006,"[0.10044378 0.10357213 0.10473448 0.10512406 0.10711962]","[0.1536063  0.16256889 0.16028855 0.15671981 0.1592153 ]",0.100443780422211,0.1536063,"[0.32310885 0.33323616 0.33426958 0.33574373 0.3376562 ]","[0.40125456 0.42305532 0.33941262 0.33822126 0.42618722]",0.323108851909637,0.338221259999997,"[0.39897174 0.40015203 0.40107912 0.4016853  0.40299791]","[0.4716277  0.47743362 0.47306684 0.48692099 0.47881099]",0.398971736431122,0.471627700000006,-3.45299999935378E-05,"[0.01860017 0.02479362 0.02558619 0.02569133 0.02612686]","[ 6.792110e-03  1.559522e-02  1.609940e-03 -3.453000e-05  2.034367e-02]",0.0186001658439636,3,"18888_1,1,0_0.25_True",0.315150648846876,1
"dcgat-agm003196603","(2, 1, -1)",0.255138996061854,"Cd-0.333-In-0.667","True","[1.48489881 1.49153519 1.49195671 1.49385142 1.49422598]","[1.56118636 1.56216999 1.56218726 1.57056315 1.56548043]",1.48489880561829,1.56118636,"[0.00118512]","[0.15453664]",0.001185119152069,0.154536640000003,"[0.25872165 0.26739651 0.26915568 0.26976126 0.26993352]","[0.28919517 0.28383059 0.28379277 0.29093991 0.30017179]",0.258721649646759,0.283792770000005,"[0.2443893  0.24444348 0.245951   0.24789017 0.24791878]","[0.22156039 0.2402288  0.22268728 0.23464471 0.22721681]",0.244389295578003,0.221560390000008,"[0.46800405 0.46895653 0.47074789 0.47080618 0.4716658 ]","[0.48113217 0.4816489  0.47638397 0.47640661 0.47576171]",0.468004047870636,0.47576171,0.0397602900000038,"[0.0624761  0.0667184  0.066719   0.06774229 0.06834042]","[0.07641578 0.03976029 0.07705324 0.08119186 0.06476801]",0.062476098537445,2,"20940_2,1,-1_0.255_True",0.259506655419452,0
"dcgat-agm001282135","(2, 1, 0)",0.207468355976607,"Bi-0.25-Sn-0.75","False","[1.03774953 1.13720822 1.14468908 1.1465714  1.14900064]","[0.96487052 1.12341389 1.12647276 1.20390294 1.2002409 ]",1.03774952888489,0.964870520000005,"[0.25718981]","[0.31469665]",0.257189810276032,0.314696650000002,"[0.16130137 0.1663326  0.1783523  0.18289107 0.18586862]","[0.25429777 0.20462755 0.25180267 0.26505474 0.26088226]",0.161301374435425,0.204627549999998,"[0.33249623 0.34433049 0.35009617 0.36797768 0.36803037]","[0.43367913 0.39384161 0.40215949 0.42262119 0.39874198]",0.332496225833893,0.39384161000001,"[0.48621565 0.49801928 0.49813622 0.50471455 0.51481885]","[0.49329285 0.47660718 0.48942783 0.47731537 0.47714777]",0.486215651035309,0.476607180000002,0.252022140000008,"[0.1869691  0.19421339 0.19803345 0.20148724 0.20392293]","[0.28536948 0.27166248 0.276957   0.27631961 0.25202214]",0.186969101428986,2,"29298_2,1,0_0.207_False",,
"mp-22154","(1, 1, 0)",0.125,"Au-0.333-In-0.667","True","[1.81181049 1.8193965  1.83144617 1.8315022  1.83263254]","[1.83987256 1.8487576  1.84327883 1.8501175  1.88158312]",1.81181049346924,1.83987256,"[0.1364724  0.14015365 0.14051867 0.14083415 0.14264488]","[0.07007385 0.07393036 0.07608346 0.07783701 0.07676933]",0.136472404003143,0.07007385,"[0.19982296 0.20174187 0.2044031  0.20500767 0.20727789]","[0.20705068 0.20604246 0.20570555 0.20722657 0.20703957]",0.199822962284088,0.205705550000005,"[0.14871585 0.154342   0.15460056 0.15773559 0.15851939]","[0.16069824 0.16094574 0.15855779 0.15166778 0.15572451]",0.148715853691101,0.151667779999997,"[0.42028683 0.42279273 0.42308384 0.42334944 0.42346293]","[0.47986619 0.48026692 0.48017036 0.47969639 0.47999475]",0.42028683423996,0.479696390000001,-0.166049969999989,"[-0.17053992 -0.16844887 -0.16607231 -0.16547906 -0.16529727]","[-0.16600574 -0.16318431 -0.16136827 -0.16604997 -0.16486161]",-0.170539915561676,2,"327_1,1,0_0.125_True",0.414457049334467,0.981975977323049
"oqmd-311649","(2, 1, 0)",0.042,"In-0.75-Sn-0.25","False","[1.36358023 1.36510229 1.36618567 1.36628842 1.36806345]","[1.25304578 1.24019774 1.41081602 1.38965337 1.39460133]",1.36358022689819,1.24019774,"[-0.03443789]","[0.06409038]",-0.0344378948211669,0.0640903800000103,"[0.18692529 0.19315255 0.19515949 0.20325857 0.20406133]","[0.18953479 0.16174747 0.15816403 0.19322584 0.16177095]",0.186925292015076,0.158164029999995,"[0.3324011  0.35070807 0.3643319  0.36606318 0.3695628 ]","[0.24673812 0.29471699 0.32304648 0.32187826 0.26917642]",0.332401096820831,0.246738120000003,"[0.53520149 0.53831285 0.54078323 0.54190129 0.54518741]","[0.50568557 0.49809186 0.47987039 0.47977447 0.50787038]",0.535201489925385,0.479774469999995,0.0495519400000006,"[0.05799133 0.0613625  0.06236786 0.06248391 0.06319875]","[0.06016484 0.04955194 0.05250205 0.05750644 0.05487482]",0.0579913258552551,2,"15377_2,1,0_0.042_False",0.287440114092411,0
"dcgat-agm003299742","(1, 1, 0)",0.0624999999999999,"Ga-0.125-Pb-0.875","True","[1.69498229 1.69635296 1.6978364  1.6991272  1.69945765]","[1.6848665  1.69238124 1.69012395 1.68338087 1.6868524 ]",1.69498229026794,1.68338087000001,"[-0.13219202]","[0.00232471]",-0.132192015647888,0.0023247100000105,"[0.07281774 0.07772648 0.07894391 0.07995743 0.0808363 ]","[0.12921894 0.14030349 0.13667303 0.13879197 0.13693123]",0.0728177428245544,0.129218940000015,"[0.23857278 0.24415386 0.24676675 0.2469905  0.2572059 ]","[0.22419631 0.21536759 0.22708923 0.23127904 0.22045571]",0.238572776317596,0.21536759,"[0.3825193  0.38295275 0.3832944  0.38484067 0.38490528]","[0.48905176 0.49299837 0.49408281 0.48604477 0.48864886]",0.38251930475235,0.486044770000007,0.0648204500000133,"[0.02837539 0.02965719 0.02973807 0.03034961 0.03043169]","[0.0672629  0.07240223 0.06482045 0.06926775 0.06511019]",0.0283753871917724,2,"18316_1,1,0_0.062_True",,
"dcgat-agm003320217","(0, 1, 0)",0.131268613732028,"Ag-0.182-Au-0.182-Cd-0.636","False","[1.73924398 1.74192905 1.7434051  1.74907494 1.7491293 ]","[1.78733501 1.71922701 1.71896815 1.78357932 1.78417041]",1.73924398422241,1.71896815,"[-0.1546461  -0.15094602 -0.15077555 -0.14985293 -0.14978337]","[0.01568067 0.01259109 0.02847021 0.01569235 0.0159301 ]",-0.154646098613739,0.0125910900000008,"[-0.35590258  0.28008515  0.28227085  0.28405339  0.28829688]","[1.50883224 0.32238899 0.31428835 0.32348529 0.31369744]",-0.355902582406998,0.313697439999984,"[0.25822586 0.26656717 0.26736277 0.26829022 0.27022237]","[0.28933659 0.27197551 0.26955655 0.26797663 0.26783652]",0.258225858211517,0.267836519999989,"[0.47528869 0.47825259 0.47970563 0.48007447 0.48015577]","[0.64841591 0.64336508 0.48610163 0.65098112 0.65014958]",0.475288689136505,0.48610163,0.229611980000001,"[0.23899829 0.2423327  0.24308062 0.2442472  0.24614364]","[0.22961198 0.23598215 0.23101021 0.23520895 0.23782798]",0.238998293876648,3,"21563_0,1,0_0.131_False",0.415234559970814,0.319646489207115
"dcgat-agm003287305","(2, 1, 1)",0,"Cd-0.6-In-0.4","True","[1.42930961 1.4376514  1.43996954 1.44010329 1.44035888]","[1.58030146 1.58288371 1.58119106 1.58898493 1.57804227]",1.42930960655212,1.57804227,"[-0.15913808]","[0.00982958]",-0.159138083457947,0.0098295800000016,"[0.21741533 0.21823525 0.21966064 0.22105777 0.22374851]","[0.25071064 0.24403039 0.24938246 0.24447286 0.24626766]",0.217415332794189,0.244030389999999,"[0.16426319 0.16430438 0.17582303 0.17770588 0.1827243 ]","[0.27044214 0.26371374 0.29182727 0.26788589 0.28515701]",0.164263188838959,0.26371374,"[0.40772277 0.40810102 0.40988666 0.41164452 0.41250402]","[0.49249485 0.4865682  0.49176282 0.49087416 0.4929236 ]",0.407722771167755,0.486568200000008,0.14280157000001,"[0.00084597 0.00170285 0.00544614 0.00700057 0.00852704]","[0.15201335 0.14977024 0.15099715 0.14280157 0.14509788]",0.0008459687232971,2,"17905_2,1,1_0.0_True",0.276452003278747,0.582891624021729
"dcgat-agm003268427","(1, 1, 0)",0.248997988894528,"Ag-0.111-Cd-0.889","True","[1.67563987 1.67564034 1.67613697 1.67640328 1.67665505]","[1.56795611 1.56556794 1.56875705 1.56658861 1.56785304]",1.67563986778259,1.56556794,"[0.18697745 0.18822032 0.18866962 0.1905182  0.19067961]","[0.07681884 0.09694218 0.0791729  0.07861527 0.09959994]",0.186977446079254,0.0768188400000013,"[0.29903811 0.30176479 0.30370086 0.30382735 0.3038736 ]","[0.24572596 0.253759   0.24774267 0.24171187 0.2551635 ]",0.299038112163544,0.241711869999996,"[0.34262329 0.3432427  0.34484977 0.34609765 0.34723693]","[0.35072665 0.34832433 0.34009695 0.33335534 0.33158099]",0.342623293399811,0.331580990000006,"[0.54186743 0.54656988 0.54754859 0.54821628 0.5490064 ]","[0.50589743 0.4918653  0.48872487 0.49004451 0.52944341]",0.541867434978485,0.488724870000006,0.196261989999996,"[0.2227183  0.22298646 0.22320896 0.22354722 0.22453403]","[0.20700618 0.20613855 0.20804337 0.19626199 0.20628733]",0.222718298435211,2,"28845_1,1,0_0.249_True",0.388814506704781,0
"dcgat-agm003336886","(1, 0, 0)",0.5,"Cd-0.333-In-0.444-Pb-0.222","True","[1.38709474 1.44220042 1.44259763 1.44618511 1.44794488]","[1.80323048 1.7494868  1.76849769 1.76493946 1.488039  ]",1.38709473609924,1.48803899999999,"[0.06917745 0.06924415]","[0.04007301 0.042922  ]",0.0691774487495422,0.0400730100000146,"[0.20239049 0.20739925 0.21262306 0.22082973 0.22132719]","[0.35965699 0.35262069 0.34501447 0.35106451 0.34931291]",0.202390491962433,0.345014470000024,"[0.22162384 0.24432629 0.24508315 0.25015134 0.25395542]","[0.14692564 0.24016623 0.23445456 0.23652088 0.22814477]",0.221623837947845,0.146925640000006,"[0.47051257 0.47165304 0.47307283 0.47312146 0.47527033]","[0.51213762 0.51234974 0.51065398 0.49217322 0.49755086]",0.470512568950653,0.492173220000012,0.0070093699999915,"[0.00593972 0.00685537 0.00976253 0.01052856 0.01075202]","[0.0918115  0.01235003 0.04828556 0.01416684 0.00700937]",0.0059397220611572,3,"22441_1,0,0_0.5_True",,
"dcgat-agm003261305","(1, 1, 0)",0.0624999999999999,"Cd-0.125-Tl-0.875","True","[1.93011165 1.93012285 1.93096232 1.93231249 1.93308854]","[1.74296239 1.73431273 1.74164071 1.75188484 1.73664021]",1.93011164665222,1.73431273,"[-0.14317715]","[-0.01085134]",-0.143177151679993,-0.0108513400000163,"[0.32660443 0.32782465 0.33228916 0.33366591 0.33482939]","[0.22672064 0.23943864 0.25586206 0.24600197 0.26659998]",0.326604425907135,0.226720639999996,"[0.27409536 0.27906102 0.28416914 0.28549093 0.28815871]","[0.17949356 0.22252997 0.19462812 0.23695877 0.22290947]",0.274095356464386,0.179493560000026,"[0.55903262 0.56182915 0.56441301 0.56644183 0.56687838]","[0.49269502 0.49446308 0.50432928 0.50406029 0.50462834]",0.559032618999481,0.492695019999999,0.059086779999987,"[0.1794315  0.17987466 0.18206245 0.18232089 0.18232214]","[0.07079175 0.05956626 0.05908678 0.06887617 0.06638203]",0.17943149805069,2,"20683_1,1,0_0.062_True",,
"dcgat-agm002133076","(2, 0, 1)",0.0208333333333333,"Ag-0.5-Sn-0.5","False","[0.42824084 0.44992441 0.45033509 0.45921749 0.47851008]","[1.21343795 1.2204311  1.23180877 1.23489715 1.24496193]",0.428240835666657,1.21343795,"[-0.28846768 -0.28180262 -0.2724503  -0.17219359 -0.04896688]","[0.26684338 0.23626187 0.25385234 0.24436735 0.30222616]",-0.288467675447464,0.236261869999993,"[-2.0276103  -0.3422111  -0.33969119 -0.30863112 -0.29387268]","[1.63851114 0.20521012 0.30271307 0.22850933 0.21761487]",-2.02761030197144,0.205210120000004,"[-0.16335183 -0.08697534 -0.08606732 -0.07595956 -0.07549864]","[0.35357614 0.51238921 0.40430048 0.4896064  0.5143248 ]",-0.163351833820343,0.353576140000015,"[-0.03251678 -0.01567036 -0.01263881  0.00410992  0.00797093]","[0.50778023 0.49406453 0.51092591 0.52812096 0.49725898]",-0.0325167775154113,0.494064530000003,0.234828100000001,"[-0.32886493 -0.32349148 -0.30074733 -0.27750635 -0.24282014]","[0.25138899 0.26244077 0.2348281  0.24886986 0.23735064]",-0.328864932060242,2,"17941_2,0,1_0.021_False",0.415886841324347,1
"dcgat-agm003193613","(0, 0, 1)",0.25,"In-0.8-Tl-0.2","True","[1.18069935 1.18881226 1.19809484 1.19830275 1.19859719]","[1.19073868 1.17412925 1.17495606 1.17246879 1.16959951]",1.18069934844971,1.16959951,"[0.06838989]","[0.14610232]",0.068389892578125,0.146102320000004,"[0.13725024 0.14772642 0.18839872 0.21197754 0.22240347]","[0.49393319 0.48719986 0.53314006 0.37286303 0.40240175]",0.137250244617462,0.372863029999998,"[0.294002   0.31943303 0.31961292 0.32003981 0.34077734]","[0.33017467 0.4198219  0.41410098 0.40795927 0.49228341]",0.294001996517181,0.330174670000005,"[0.44557947 0.45377356 0.45965427 0.4603408  0.46062249]","[0.49929305 0.50146232 0.50303071 0.49917581 0.51546509]",0.445579469203949,0.499175810000004,-0.0882481200000029,"[-0.28437376 -0.28147569 -0.26753983 -0.22471297 -0.20808542]","[-0.07961146 -0.0754409  -0.05236792 -0.08824812 -0.07606605]",-0.284373760223389,2,"25565_0,0,1_0.25_True",,
"mp-1183720","(1, 1, 2)",0.125,"Cd-0.25-Sn-0.75","True","[1.15869069 1.16057587 1.16395783 1.16471362 1.1659863 ]","[1.05437421 1.04977072 1.04403916 1.05665649 1.04177315]",1.15869069099426,1.04177314999998,"[-0.1461401]","[0.00459949]",-0.146140098571777,0.0045994900000039,"[0.2552287  0.25909883 0.26025766 0.26365167 0.26422912]","[0.28412244 0.29635553 0.30562588 0.30183161 0.29640671]",0.255228698253632,0.284122440000004,"[0.39286226 0.39526707 0.39876825 0.39910012 0.40016705]","[0.37836583 0.37346284 0.39315131 0.36692681 0.37757438]",0.392862260341644,0.366926809999995,"[0.55598229 0.5567587  0.55808073 0.55908269 0.55976516]","[0.50655825 0.51319983 0.5013746  0.51439774 0.51617417]",0.555982291698456,0.50137460000002,0.130394779999989,"[0.18042111 0.1882509  0.18992585 0.23002464 0.23915774]","[0.13039478 0.15572896 0.16166573 0.22999245 0.22229403]",0.180421113967896,2,"34864_1,1,2_0.125_True",0.260699265406806,0.323623652999125
"dcgat-agm002142013","(1, 1, 2)",0.0536659593999183,"Cd-1.0","False","[1.6453023  1.6479764  1.64852023 1.65161014 1.65174651]","[1.76721845 1.76731723 1.7675868  1.75991043 1.7529821 ]",1.64530229568481,1.7529821,"[-0.15966773]","[-0.01945517]",-0.159667730331421,-0.0194551700000005,"[-1.31022644  0.28222686  0.28407389  0.2908228   0.29442245]","[1.52094319 0.34605457 0.34402966 0.34949551 0.35347752]",-1.31022644042969,0.34402966,"[0.12887383 0.13400108 0.13417768 0.13731819 0.13781279]","[0.24938916 0.24551008 0.24797673 0.25078333 0.25457032]",0.128873825073242,0.24551008000001,"[0.39686328 0.40140015 0.40326577 0.40537828 0.40625042]","[0.505685   0.50865776 0.5093987  0.50725506 0.50988563]",0.396863281726837,0.505685000000002,0.16064166,"[0.04246742 0.04477024 0.04825109 0.04904008 0.0495711 ]","[0.16982728 0.16536985 0.17174279 0.16064166 0.18610603]",0.0424674153327941,1,"17096_1,1,2_0.054_False",0.318700037448013,0.317561246074951
"dcgat-agm003771673","(2, 1, 2)",0.0775896950929861,"Cd-0.125-In-0.75-Tl-0.125","True","[1.44469213 1.45421052 1.46749353 1.47668242 1.49028206]","[1.41451516 1.42201175 1.46520691 1.46282993 1.46700354]",1.44469213485718,1.41451516000001,"[-0.14537036]","[0.00328494]",-0.145370364189148,0.0032849400000003,"[0.27655321 0.27670139 0.27881795 0.27934438 0.28072685]","[0.31137944 0.34983836 0.31214068 0.3265809  0.34182086]",0.276553213596344,0.311379439999996,"[0.23295969 0.23616618 0.24512476 0.24542552 0.24869496]","[0.24495692 0.25352965 0.25045666 0.26544558 0.26128636]",0.232959687709808,0.244956920000007,"[0.51338404 0.51600105 0.51787204 0.51818746 0.52248091]","[0.5090377  0.50690715 0.51524723 0.50877674 0.51634476]",0.51338404417038,0.506907150000004,0.0231072800000049,"[0.05571765 0.05778557 0.05892605 0.0612793  0.06244582]","[0.0244248  0.06277959 0.03136795 0.06608606 0.02310728]",0.055717647075653,3,"29359_2,1,2_0.078_True",,
"dcgat-agm003266912","(2, 2, 1)",0.0155791081296444,"Cd-0.556-In-0.444","False","[1.55163932 1.5618155  1.56424356 1.56714129 1.5720799 ]","[1.7064843  1.69840847 1.70873806 1.70922609 1.70914215]",1.55163931846619,1.69840847,"[-0.12633169]","[0.03270635]",-0.126331686973572,0.032706349999998,"[0.26065892 0.2637282  0.26485068 0.26537758 0.26619595]","[0.35919237 0.34569506 0.34933779 0.34750642 0.35389936]",0.260658919811249,0.345695059999997,"[0.18719721 0.1881128  0.1975736  0.20012975 0.20566207]","[0.27515073 0.27304644 0.27031058 0.2700181  0.26926353]",0.187197208404541,0.269263529999989,"[0.44667381 0.44697565 0.44886786 0.44897193 0.44938987]","[0.5076381  0.51679377 0.51283912 0.5200866  0.52456413]",0.446673810482025,0.507638099999994,0.0168533699999926,"[0.01670527 0.02342612 0.02392566 0.02784085 0.04115224]","[0.01685337 0.02647515 0.02221404 0.02855426 0.02730076]",0.0167052745819091,2,"28537_2,2,1_0.016_False",0.291977461397917,0
"dcgat-agm003266934","(2, 1, 2)",0.0358403095999597,"Cd-0.556-Tl-0.444","False","[1.94633031 1.95117116 1.95385027 1.95565391 1.95847154]","[1.98747237 1.97748314 1.98877402 1.99486254 1.9129859 ]",1.94633030891418,1.9129859,"[-0.15875852 -0.14146197 -0.11545384]","[0.03141777 0.04876666 0.04953879]",-0.158758521080017,0.0314177699999902,"[0.25456613 0.25802797 0.2656725  0.26977712 0.27111381]","[0.368875   0.36722343 0.3547018  0.29944136 0.32978385]",0.254566133022308,0.299441359999989,"[0.20492905 0.21245569 0.21300459 0.22646868 0.24170935]","[0.27044091 0.27994266 0.26270109 0.22985252 0.24855346]",0.204929053783417,0.229852520000009,"[0.5562101  0.55878407 0.56010443 0.56087667 0.56178528]","[0.51063818 0.51747143 0.5253137  0.56238438 0.53492409]",0.556210100650787,0.510638180000001,0.139165849999998,"[0.1064685  0.10958427 0.12699658 0.14340192 0.1455428 ]","[0.14251282 0.13916585 0.14120891 0.1616054  0.15880056]",0.106468498706818,2,"25631_2,1,2_0.036_False",,
"dcgat-agm003421521","(1, 0, 2)",0.0883860537092846,"Cd-0.333-In-0.5-Sn-0.167","False","[1.33172107 1.33302522 1.33755875 1.33954358 1.34126568]","[1.43535114 1.44543628 1.44085463 1.43532361 1.4262796 ]",1.33172106742859,1.4262796,"[-0.14416313 -0.13273901 -0.13121778 -0.12096035]","[0.01478514 0.01053255 0.02185839 0.01716941]",-0.144163131713867,0.0105325499999935,"[0.25167125 0.25205427 0.25456268 0.25539893 0.25559241]","[0.42331177 0.37534139 0.37332632 0.3775141  0.36734337]",0.251671254634857,0.36734337,"[0.18941152 0.20379585 0.23061448 0.34599429 0.35058182]","[0.21515975 0.24125146 0.26510586 0.4806939  0.46038056]",0.189411520957947,0.215159750000012,"[0.49441689 0.49652559 0.49656361 0.49713713 0.49861616]","[0.51601036 0.51092511 0.52155298 0.51554782 0.51217571]",0.494416892528534,0.510925110000002,0.130784410000004,"[0.11343133 0.11435473 0.11553764 0.11624926 0.11635381]","[0.13078441 0.14104426 0.14035422 0.13320318 0.13387894]",0.113431334495544,3,"17868_1,0,2_0.088_False",,
"dcgat-agm003196604","(1, 1, 1)",0.0266132234290981,"Cd-0.833-In-0.167","True","[1.7077992  1.70874214 1.70897436 1.71151876 1.71267939]","[1.70512569 1.70600664 1.70397495 1.71204082 1.70578896]",1.70779919624329,1.70397495,"[0.18702614]","[0.2472974]",0.187026143074036,0.247297400000001,"[-0.74273729  0.34137315  0.34267241  0.34361821  0.34531325]","[1.51234013 0.35909166 0.3229331  0.32387168 0.38643336]",-0.742737293243408,0.3229331,"[0.31978947 0.32474071 0.32806605 0.33862466 0.34614497]","[0.3652922  0.36016617 0.38185367 0.36425572 0.39407593]",0.319789469242096,0.360166170000007,"[0.5290634  0.53423816 0.53512567 0.53555876 0.53567344]","[0.5199651  0.53582249 0.51422046 0.5634528  0.55624064]",0.529063403606415,0.514220460000001,0.158430760000002,"[0.13156241 0.13641125 0.13689011 0.13779086 0.13786048]","[0.16243509 0.16167443 0.16266629 0.15843076 0.16318059]",0.131562411785126,2,"27249_1,1,1_0.027_True",0.272015194056635,0
"dcgat-agm003266933","(1, 0, 1)",0.5,"Cd-0.444-Tl-0.556","True","[1.86643004 1.8731463  1.87348318 1.88524652 1.88828087]","[1.9825056  1.99646173 1.97372239 1.98944758 1.98945898]",1.86643004417419,1.97372238999999,"[-0.14153641]","[0.0923412]",-0.141536414623261,0.0923411999999928,"[-1.33090603 -0.94289285  0.2508803   0.25775903  0.25924891]","[1.57009788 1.59470536 0.32446189 0.3295474  0.35508895]",-1.33090603351593,0.324461889999995,"[0.21869242 0.22820425 0.23177803 0.23206168 0.23520887]","[0.28779772 0.28687739 0.28433321 0.26372754 0.28508638]",0.218692421913147,0.263727540000005,"[0.54608279 0.55173808 0.55179685 0.55281025 0.55355376]","[0.54339753 0.51932609 0.5336498  0.55123408 0.52839162]",0.54608279466629,0.519326089999993,0.139680299999995,"[0.08306873 0.09078139 0.09161788 0.09574282 0.09582782]","[0.16271157 0.1637671  0.14910239 0.1396803  0.14905027]",0.0830687284469604,2,"21867_1,0,1_0.5_True",,
"dcgat-agm003309112","(2, 1, 0)",0.161222700788945,"Bi-0.429-In-0.286-Pb-0.286","True","[1.48619223 1.57863903 1.62862968 1.64744997 1.66634011]","[1.85398785 1.83153084 1.78249734 1.96517062 1.96229222]",1.48619222640991,1.78249733999999,"[-0.16024846]","[0.380988]",-0.160248458385468,0.380988000000031,"[-1.89614630e+00 -1.38988316e-01 -5.29916286e-02 -3.80217433e-02
  1.27458572e-03]","[2.42646701 0.2276079  0.32226366 0.61242989 0.4415875 ]",-1.89614629745483,0.22760790000001,"[0.08557278 0.12948072 0.13301367 0.17109925 0.19020343]","[0.67347649 0.58186931 0.62787515 0.63842665 0.53039416]",0.0855727791786193,0.530394160000014,"[0.25367159 0.25975472 0.28010446 0.28337532 0.28400081]","[0.79645577 0.75680447 0.80437441 0.5230872  0.81875066]",0.253671586513519,0.52308720000002,0.126691039999997,"[-0.1395992  -0.13890642 -0.04512233 -0.03440267 -0.03131872]","[0.12669104 0.13136393 0.21418857 0.27969504 0.24818878]",-0.139599204063416,3,"28113_2,1,0_0.161_True",,
"dcgat-agm003771696","(1, 1, 1)",0.185045255387146,"Cd-0.125-In-0.75-Pb-0.125","False","[1.59081197 1.59193921 1.59297657 1.59460139 1.59818339]","[1.59286239 1.59313999 1.59680509 1.59142707 1.59131818]",1.59081196784973,1.59131818000003,"[-0.13084537]","[0.00135476]",-0.130845367908478,0.0013547600000265,"[0.24813265 0.2485252  0.25179881 0.25317723 0.25419027]","[0.25425592 0.26074915 0.257154   0.25176773 0.26441882]",0.248132646083832,0.251767729999983,"[0.25631088 0.25865322 0.26093751 0.2642054  0.26520389]","[0.26085441 0.26243836 0.27375226 0.26351675 0.25551605]",0.256310880184174,0.255516050000011,"[0.51163632 0.51522726 0.51788551 0.51830429 0.51861912]","[0.52590107 0.52439815 0.53282024 0.52737213 0.52842532]",0.511636316776276,0.524398149999996,0.0591253599999959,"[0.08291656 0.08321476 0.08745641 0.08774    0.0881415 ]","[0.05912536 0.0622437  0.05926192 0.07173744 0.07779275]",0.0829165577888488,3,"18934_1,1,1_0.185_False",,
"dcgat-agm003193612","(2, 1, 1)",0.0335149312237779,"In-0.4-Tl-0.6","True","[1.55294847 1.5545795  1.55904984 1.56125975 1.56298447]","[1.58998629 1.58250583 1.58667269 1.57439774 1.53880609]",1.55294847488403,1.53880608999999,"[-0.14683157]","[-0.00328535]",-0.146831572055817,-0.0032853499999987,"[0.27802688 0.29024106 0.29068273 0.29138905 0.29205781]","[0.31300643 0.31956982 0.37090582 0.34690366 0.3353697 ]",0.278026878833771,0.313006430000002,"[0.26468748 0.26746732 0.27356106 0.27463704 0.28255421]","[0.24969781 0.34722696 0.26982094 0.33944238 0.36201786]",0.264687478542328,0.249697810000001,"[0.50991076 0.51368886 0.5152548  0.51840693 0.5229184 ]","[0.52499353 0.54283221 0.52685109 0.56783785 0.58076832]",0.509910762310028,0.524993530000003,-0.0623601300000018,"[-0.0121479  -0.0083434  -0.00531501 -0.00465924 -0.00133687]","[-0.05097703 -0.06236013 -0.01860524 -0.02381189 -0.00964828]",-0.0121479034423828,2,"33825_2,1,1_0.034_True",,
"dcgat-agm003772329","(0, 1, 0)",0.39736609528005,"In-0.75-Pb-0.125-Tl-0.125","False","[1.57627439 1.66745543 1.66794658 1.67011976 1.67479014]","[1.75410133 1.78910839 1.78756592 1.78105297 1.77919549]",1.57627439498901,1.75410133,"[-0.1429826]","[0.02716449]",-0.142982602119446,0.0271644899999898,"[0.19067395 0.19654119 0.19835913 0.19889075 0.19949615]","[0.27786435 0.27388738 0.28066207 0.29275729 0.27301477]",0.19067394733429,0.273014769999975,"[0.14556116 0.1537115  0.17282784 0.20602334 0.21409184]","[0.23517328 0.23787804 0.23912208 0.26625067 0.3462076 ]",0.145561158657074,0.235173279999998,"[0.48385614 0.48764735 0.49214822 0.49280089 0.49282581]","[0.56244701 0.56027708 0.55542455 0.57278048 0.52531012]",0.48385614156723,0.52531012,-0.124832220000002,"[-0.14427257 -0.14098823 -0.13785625 -0.13271385 -0.12862521]","[-0.12480781 -0.12483222 -0.11961258 -0.11766687 -0.12382916]",-0.144272565841675,3,"33316_0,1,0_0.397_False",,
"dcgat-agm003291938","(0, 0, 1)",0.25,"Ag-0.444-Cd-0.556","True","[1.80948353 1.81022835 1.81115055 1.81117654 1.81195354]","[1.8335637  1.83620896 1.83434719 1.83522914 1.83841989]",1.80948352813721,1.8335637,"[-0.1486119  -0.12229311 -0.12053096 -0.11849272 -0.11828029]","[-0.00617543 -0.03981273 -0.03948303 -0.04131972 -0.04210619]",-0.148611903190613,-0.0421061899999983,"[0.31745988 0.31764609 0.31786627 0.32114893 0.32240075]","[0.35233156 0.24521592 0.24415051 0.24620471 0.26265433]",0.317459881305695,0.244150509999997,"[0.20324463 0.20538199 0.20693475 0.20768827 0.20770258]","[0.25024683 0.24675699 0.25656887 0.24705258 0.25754482]",0.203244626522064,0.246756990000009,"[0.38528758 0.38997132 0.39001876 0.39008456 0.39032298]","[0.53537088 0.53198007 0.53118997 0.53421029 0.53817161]",0.385287582874298,0.53118997,0.193952869999997,"[0.13731331 0.13865042 0.1390866  0.13927728 0.1394577 ]","[0.19583641 0.195634   0.19395287 0.19550045 0.19620751]",0.137313306331635,2,"34550_0,0,1_0.25_True",0.525978081282086,0.0123113423104063
"oqmd-1340381","(2, 1, 2)",0.021,"Au-0.2-In-0.8","False","[1.47831869 1.47934914 1.48039722 1.48222828 1.48397183]","[1.39286233 1.38602366 1.39147961 1.38717497 1.37499757]",1.47831869125366,1.37499757000001,"[-0.18879569 -0.1503101  -0.13626331]","[-0.02092126  0.03644344  0.03782999]",-0.188795685768127,-0.0209212599999943,"[0.21426624 0.2151252  0.22157627 0.22439402 0.22534829]","[0.29714466 0.2888328  0.3046942  0.29453067 0.2992979 ]",0.214266240596771,0.288832799999994,"[0.28874999 0.30713767 0.327079   0.32924336 0.33100134]","[0.34125566 0.33109094 0.4107677  0.42525661 0.43165804]",0.288749992847443,0.331090940000024,"[-0.84111881 -0.81714928 -0.73269999  0.09020305  0.52288789]","[1.69789405 1.99245988 2.07572383 0.69364542 0.53335417]",-0.841118812561035,0.53335417000001,-0.0579374900000004,"[-0.05379957 -0.04811847 -0.04501158 -0.03881776 -0.03722984]","[-0.05793749 -0.05046312 -0.05457548 -0.0535898  -0.04815587]",-0.053799569606781,2,"11897_2,1,2_0.021_False",0.339079247219214,0
"dcgat-agm003267066","(1, 0, 2)",0.125,"In-0.889-Pb-0.111","True","[1.28367829 1.28398705 1.28475857 1.28874278 1.28932881]","[1.88760815 1.88777602 1.86719008 1.86022727 1.87023279]",1.28367829322815,1.86022727,"[-0.14736205]","[0.38240187]",-0.147362053394318,0.382401869999995,"[0.17602158 0.18787563 0.20042419 0.21068174 0.21334529]","[0.34262883 0.41009111 0.35388771 0.47430211 0.359416  ]",0.176021575927734,0.342628830000024,"[0.17320889 0.21171105 0.22380477 0.22580314 0.22811109]","[0.44783948 0.48229095 0.59516282 0.45816337 0.63715454]",0.173208892345428,0.447839479999999,"[0.37275249 0.38830811 0.39502758 0.3957147  0.43391103]","[0.80717886 0.53419987 0.61082067 0.61142174 0.78222695]",0.372752487659454,0.534199870000009,0.14762103999999,"[-0.12149745 -0.11633366 -0.10156113 -0.10154134 -0.09963751]","[0.16592666 0.29074996 0.24485877 0.19138573 0.14762104]",-0.121497452259064,2,"29877_1,0,2_0.125_True",,
"dcgat-agm003264914","(1, 1, 1)",0.0833333333333333,"Ag-0.125-Cd-0.875","True","[1.89198089 1.89338446 1.89416814 1.89531088 1.89599848]","[2.00904089 2.00769488 2.00414671 2.0057492  2.00577676]",1.89198088645935,2.00414671,"[-0.10868841 -0.10616362  0.08827573  0.11561447  0.14020944]","[-0.00411764 -0.00756967  0.14574312  0.15841851  0.15927377]",-0.108688414096832,-0.0075696700000094,"[0.53620142 0.53783351 0.53805763 0.53946358 0.53978187]","[0.54687387 0.54669388 0.55599632 0.5481571  0.5497981 ]",0.536201417446137,0.546693879999992,"[0.52788872 0.52796143 0.53071743 0.53270322 0.53309184]","[0.56682422 0.576407   0.56505577 0.570207   0.57520194]",0.527888715267181,0.565055770000001,"[0.54326564 0.54742855 0.54816467 0.54818624 0.54854661]","[0.53795285 0.54967819 0.58174978 0.55174177 0.53914515]",0.543265640735626,0.537952850000004,0.207257899999995,"[0.16618067 0.16620952 0.16622025 0.16758066 0.16901708]","[0.21086717 0.2072579  0.20805625 0.21841618 0.20952878]",0.166180670261383,2,"23123_1,1,1_0.083_True",0.206917082548139,1
"dcgat-agm003773125","(1, 0, 0)",0.25,"Cd-0.125-Ga-0.125-In-0.75","True","[1.09909225 1.0993557  1.0995791  1.10272503 1.10500264]","[0.99553089 0.99816293 0.99435858 0.99550022 0.99846943]",1.09909224510193,0.994358580000011,"[0.16151255 0.19751531 0.19996703 0.20486587 0.20661706]","[0.22898108 0.19654535 0.19708058 0.19781102 0.23058703]",0.161512553691864,0.196545349999994,"[0.13738376 0.1377092  0.13957536 0.13957721 0.14035159]","[0.22445428 0.23030247 0.22477356 0.22649696 0.22680703]",0.137383759021759,0.224454280000003,"[0.28836149 0.29080623 0.29584044 0.34533364 0.35863835]","[0.34675818 0.34486075 0.35599251 0.38328094 0.43183642]",0.288361489772797,0.344860750000009,"[0.4406783  0.44083589 0.44155496 0.44217366 0.44453233]","[0.54058546 0.54225163 0.54036613 0.54004305 0.5414665 ]",0.440678298473358,0.540043050000001,0.002785639999999,"[-0.02648699 -0.02422541 -0.02384174 -0.01991731 -0.01673061]","[0.01079638 0.01218914 0.00929645 0.00599661 0.00278564]",-0.0264869928359985,3,"33080_1,0,0_0.25_True",0.333165942795599,0.0176438951792812
"dcgat-agm003706379","(2, -2, 1)",0.0235103676436853,"In-0.2-Pb-0.2-Tl-0.6","False","[1.66358829 1.66531467 1.66941905 1.6733613  1.67591023]","[1.59446526 1.59500669 1.59816622 1.59013148 1.59031448]",1.66358828544617,1.59013148,"[-0.17814577 -0.17221969]","[0.01906156 0.02573229]",-0.17814576625824,0.019061559999983,"[0.21038222 0.211393   0.21773893 0.22475326 0.22532803]","[0.29239908 0.27779865 0.26024767 0.25654067 0.28662837]",0.210382223129272,0.256540669999993,"[0.22305363 0.22584862 0.22808218 0.23424    0.23494565]","[0.24834557 0.26123226 0.23265319 0.2365001  0.26967961]",0.223053634166718,0.232653189999994,"[0.49236578 0.49856871 0.5007953  0.5019415  0.50326532]","[0.5559059  0.55356887 0.54441556 0.55724759 0.5704844 ]",0.492365777492523,0.544415560000005,-0.100353700000014,"[-0.00538188 -0.00415224 -0.00326395 -0.00241405 -0.00201929]","[-0.1003537  -0.04409332 -0.04000584 -0.03253602 -0.03606534]",-0.0053818821907043,3,"33022_2,-2,1_0.024_False",,
"dcgat-agm003299688","(1, 0, 0)",0.125,"Ag-0.875-Sn-0.125","False","[1.74659085 1.75193739 1.7529192  1.75333548 1.75360703]","[1.83153008 1.83394151 1.83420299 1.83337495 1.83627684]",1.74659085273743,1.83153007999999,"[-0.22559333 -0.22525352 -0.22495639 -0.22465587 -0.22454184]","[-0.12105046 -0.11863792 -0.1224767  -0.12227436 -0.12108305]",-0.225593328475952,-0.122476699999993,"[0.24607044 0.24740714 0.24823266 0.24883467 0.24957985]","[0.21078121 0.22050825 0.22201318 0.22848411 0.21008657]",0.246070444583893,0.210086570000016,"[0.40898579 0.41300994 0.41505116 0.41579443 0.41818935]","[0.50687117 0.50639372 0.50630502 0.50664595 0.50879979]",0.408985793590546,0.506305019999985,"[0.44006127 0.44107038 0.44124013 0.44231898 0.44243473]","[0.54975774 0.54952726 0.55315493 0.54906951 0.55202141]",0.440061271190643,0.54906951000001,0.447175060000006,"[0.40237337 0.40454668 0.40610594 0.40784782 0.40877599]","[0.45326679 0.45099187 0.45036849 0.45174919 0.44717506]",0.402373373508453,2,"23109_1,0,0_0.125_False",0.585096504457277,1
"dcgat-agm003194985","(0, 0, 1)",0.25,"Cd-0.8-In-0.2","True","[1.69596052 1.7001822  1.70316291 1.70387816 1.70479465]","[1.77135448 1.848005   1.83208255 1.83557394 1.83644354]",1.695960521698,1.77135448,"[-0.14519918  0.10282463]","[0.01163918 0.14183206]",-0.145199179649353,0.011639180000003,"[-1.15721607 -0.64285129 -0.28354424  0.26924187  0.27051049]","[1.48538208 1.49855468 1.51412846 0.26814909 0.27669173]",-1.15721607208252,0.268149089999994,"[0.27800614 0.28052944 0.28353041 0.28647047 0.28706664]","[0.35533052 0.33778204 0.3457823  0.3526484  0.34653727]",0.278006136417389,0.337782040000008,"[0.53822595 0.53890759 0.53908199 0.5390982  0.53957921]","[0.5524297  0.55309451 0.5630031  0.55080176 0.57893787]",0.538225948810577,0.550801760000006,0.152941999999996,"[0.13665545 0.13669848 0.13891274 0.13891619 0.1400339 ]","[0.15933697 0.152942   0.17168311 0.16751094 0.16966877]",0.136655449867249,2,"18094_0,0,1_0.25_True",0.303183355279163,0.374008560482041
"dcgat-agm003266935","(0, 0, 1)",0.25,"Cd-0.111-Tl-0.889","True","[1.73120832 1.73273349 1.73784304 1.74027538 1.74124122]","[1.77975748 1.7794165  1.77264974 1.77898282 1.76287548]",1.73120832443237,1.76287548,"[-0.22701192 -0.21658158 -0.21424961]","[0.10684197 0.0996321  0.11710787]",-0.227011919021606,0.0996320999999937,"[0.32028621 0.32850677 0.33161479 0.33201164 0.33387536]","[0.39712612 0.4883238  0.36052826 0.36635339 0.36984674]",0.320286214351654,0.360528259999995,"[0.1671654  0.20171613 0.22348315 0.23550522 0.24260873]","[0.31392022 0.3342037  0.37380476 0.37792905 0.40603573]",0.167165398597717,0.31392022,"[0.38412827 0.39028329 0.39327103 0.39343697 0.40173119]","[0.58118815 0.57847598 0.58711427 0.55202408 0.58867594]",0.384128272533417,0.552024080000003,0.0749705799999986,"[-0.05225235 -0.04294127 -0.04061675 -0.03794831 -0.03547662]","[0.11791126 0.07497058 0.13132872 0.08736338 0.13117264]",-0.0522523522377014,2,"17498_0,0,1_0.25_True",,
"dcgat-agm002325794","(1, 1, 0)",0,"Sn-0.5-Zn-0.5","True","[0.76271778 0.7711249  0.78597778 0.79254621 0.79283327]","[0.84541617 0.84295618 0.85202808 0.86351949 0.84176554]",0.76271778345108,0.841765539999997,"[0.1492604  0.15534687 0.16001749 0.16092169 0.16489357]","[0.19276336 0.18110139 0.18326325 0.19060482 0.17296573]",0.149260401725769,0.172965729999987,"[0.16621196 0.1694662  0.17122501 0.17179579 0.17291969]","[0.28569018 0.28931776 0.28781141 0.28720423 0.28507675]",0.16621196269989,0.285076750000002,"[0.28920335 0.31487519 0.31629795 0.31660181 0.31666797]","[0.23533511 0.44708196 0.42456506 0.44208886 0.46169101]",0.289203345775604,0.235335110000008,"[0.45681542 0.45730537 0.45857114 0.46074098 0.46163481]","[0.5593928  0.55468076 0.55881979 0.55873782 0.57103366]",0.456815421581268,0.554680760000004,0.0657427900000016,"[0.1156649  0.11696732 0.13432258 0.14023507 0.14956027]","[0.06574279 0.08452028 0.12047785 0.13125252 0.07382958]",0.115664899349213,2,"22893_1,1,0_0.0_True",0.384660814797873,0.375091266857253
"dcgat-agm003771067","(1, 1, 1)",0.0604019111557232,"In-0.75-Sn-0.125-Tl-0.125","True","[1.3682332  1.36888766 1.36970425 1.37082124 1.37182689]","[1.35238376 1.35854918 1.34016035 1.35365986 1.33441412]",1.36823320388794,1.33441412000002,"[-0.14119029]","[-0.01053266]",-0.14119029045105,-0.0105326599999955,"[0.2300089  0.23066598 0.23068833 0.23106533 0.2324636 ]","[0.27629489 0.22326305 0.26974292 0.2218044  0.27032739]",0.230008900165558,0.221804399999996,"[0.28263122 0.29514974 0.29607385 0.29750377 0.29905683]","[0.27315287 0.31659369 0.3386494  0.28271348 0.34486553]",0.28263121843338,0.273152870000018,"[0.55881518 0.56193322 0.56223315 0.56309241 0.56449395]","[0.55936855 0.55717538 0.56260514 0.56452216 0.56321292]",0.558815181255341,0.557175380000018,0.0104563399999904,"[0.06070364 0.06133884 0.06216109 0.06249207 0.06266409]","[0.01112468 0.01045634 0.01352013 0.01185496 0.01323061]",0.0607036352157592,3,"26979_1,1,1_0.06_True",,
"dcgat-agm003287348","(2, 1, 1)",0.132958805708618,"In-0.6-Tl-0.4","True","[1.37289333 1.37381744 1.37421727 1.37557173 1.37573481]","[1.44485147 1.45541314 1.45535559 1.44892105 1.4488787 ]",1.37289333343506,1.44485147,"[-0.1701569]","[-0.00838855]",-0.170156896114349,-0.0083885500000064,"[0.24602908 0.25147897 0.25516063 0.25557858 0.26058394]","[0.34696745 0.34180019 0.34695601 0.32507396 0.3403004 ]",0.246029078960419,0.325073959999997,"[0.27237934 0.28282458 0.28633755 0.2909773  0.29161125]","[0.34125852 0.32441399 0.34375462 0.29707298 0.36114229]",0.272379338741303,0.29707298000001,"[0.4908604  0.49195641 0.4957332  0.49850971 0.50018722]","[0.56727427 0.56169008 0.56539624 0.56321457 0.57136455]",0.490860402584076,0.561690080000005,-0.0623520700000028,"[-0.04257023 -0.0394299  -0.03748178 -0.03739071 -0.03657645]","[-0.06195089 -0.06235207 -0.06021444 -0.05875602 -0.04800087]",-0.0425702333450317,2,"32832_2,1,1_0.133_True",,
"dcgat-agm003292485","(1, 0, 0)",0.0830834122452246,"In-0.556-Tl-0.444","True","[1.45550203 1.46388197 1.54887938 1.55378056 1.55435777]","[1.49499178 1.48885201 1.49554656 1.50470883 1.51208454]",1.45550203323364,1.48885200999999,"[-0.15301675 -0.13363814 -0.12323445]","[0.00749653 0.05108298 0.02049884]",-0.153016746044159,0.0074965299999831,"[0.21058375 0.21143872 0.21173918 0.21495467 0.21926099]","[0.17503192 0.1542909  0.16428029 0.16310229 0.16444361]",0.210583746433258,0.154290899999992,"[0.25728589 0.25869912 0.26060933 0.26180524 0.26579279]","[0.15160626 0.15158184 0.16221521 0.15107583 0.15810219]",0.257285892963409,0.151075829999996,"[0.59960335 0.60037345 0.60293382 0.60536975 0.60565156]","[0.56907576 0.56275561 0.58158145 0.56771849 0.56983357]",0.599603354930878,0.562755609999996,-0.0002339400000153,"[0.08395678 0.08529431 0.08665752 0.08677822 0.08706897]","[ 0.00439902  0.00587734  0.01028471 -0.00023394  0.00105445]",0.083956778049469,2,"29076_1,0,0_0.083_True",,
"dcgat-agm003266910","(2, 0, 1)",0.0271781505660693,"Cd-0.444-In-0.556","False","[1.56781816 1.57073164 1.57619071 1.57780457 1.58244371]","[1.6813005  1.68264263 1.68382212 1.68369256 1.66188294]",1.56781816482544,1.66188294,"[-0.14900953]","[0.01963626]",-0.149009525775909,0.0196362599999844,"[-1.39911938  0.31433803  0.31482643  0.3148585   0.315175  ]","[1.53089138 0.40991962 0.35810604 0.35661188 0.40486792]",-1.39911937713623,0.356611879999988,"[0.27289218 0.27428836 0.28052837 0.28107136 0.2881189 ]","[0.3228031  0.3193021  0.32199707 0.32046544 0.33092074]",0.27289217710495,0.319302100000002,"[0.52018732 0.52168769 0.52176851 0.52344733 0.52575558]","[0.56772614 0.56441126 0.56773019 0.56462638 0.56523499]",0.520187318325043,0.56441126,0.12020935999999,"[0.11716574 0.12075496 0.1210205  0.12225795 0.12237322]","[0.14477581 0.15354066 0.12020936 0.1502668  0.15319383]",0.117165744304657,2,"21552_2,0,1_0.027_False",0.243070914140827,0.0072253045638923
"dcgat-agm003466888","(0, 2, 1)",0.15450377246728,"In-0.625-Pb-0.25-Tl-0.125","False","[1.4011538  1.41474366 1.51505041 1.51667404 1.51677632]","[1.43970138 1.43169253 1.50578747 1.50046033 1.51846077]",1.4011538028717,1.43169252999996,"[-0.15432584]","[0.04918146]",-0.154325842857361,0.0491814599999429,"[-1.27398729  0.21847415  0.2220158   0.22205675  0.22282571]","[1.63917997 0.29413308 0.31411232 0.29426589 0.30518153]",-1.27398729324341,0.294133079999995,"[0.29832608 0.30110997 0.30474967 0.30744129 0.30812651]","[0.37494826 0.38608244 0.38612881 0.30465826 0.34795689]",0.298326075077057,0.30465825999994,"[0.54140776 0.5428589  0.54648715 0.54712957 0.54786092]","[0.58203918 0.56991743 0.57418627 0.61140613 0.61315068]",0.541407763957977,0.569917429999975,0.0573158899999839,"[0.02044308 0.02806199 0.03227192 0.04195976 0.04277855]","[0.10545514 0.05731589 0.06657359 0.10576355 0.11706762]",0.0204430818557739,3,"23212_0,2,1_0.155_False",,
"dcgat-agm003481489","(2, 2, 1)",0.125,"Cd-0.111-In-0.222-Tl-0.667","True","[1.60412979 1.61450338 1.62825489 1.62991095 1.63150096]","[1.61993426 1.64267581 1.65206815 1.63786784 1.64509023]",1.60412979125977,1.61993426000001,"[-0.12742496]","[0.09542105]",-0.127424955368042,0.0954210499999987,"[-1.43107986 -1.10359693 -0.85419911 -0.24868971  0.21150249]","[1.61513523 1.44743421 1.53104069 1.22897356 0.3559533 ]",-1.43107986450195,0.355953299999982,"[0.24076539 0.26614958 0.27007776 0.2765314  0.27749175]","[0.33862157 0.39176214 0.32625469 0.44131104 0.35007256]",0.240765392780304,0.326254690000042,"[0.3834067  0.47883922 0.48263139 0.50550121 0.51453835]","[0.89239852 0.57796821 0.59687462 0.57328139 0.91113479]",0.383406698703766,0.573281390000005,0.0678973999999925,"[-0.01435435 -0.00736654  0.02147758  0.02424186  0.03500408]","[0.0678974  0.07064963 0.10988323 0.08619025 0.10628714]",-0.0143543481826782,3,"26243_2,2,1_0.125_True",,
"dcgat-agm003615550","(1, 0, 2)",0.0833333333333332,"In-0.5-Pb-0.25-Sn-0.25","True","[1.17416763 1.18418169 1.2563498  1.27712345 1.27776623]","[1.23564938 1.2402609  1.40388769 1.40294333 1.39612543]",1.17416763305664,1.23564937999998,"[0.16858292]","[0.27255346]",0.168582916259766,0.272553459999983,"[0.13486892 0.13928688 0.13971525 0.14321566 0.14381695]","[0.42278165 0.30572024 0.29477059 0.31659147 0.29573201]",0.134868919849396,0.294770589999985,"[0.28505105 0.28931552 0.29473847 0.29662436 0.29902261]","[0.454132   0.45139023 0.4681378  0.47946164 0.41572293]",0.285051047801971,0.415722929999987,"[0.49238688 0.49341828 0.49373418 0.49492687 0.49541944]","[0.60269153 0.58948837 0.5966029  0.58701893 0.57678999]",0.492386877536774,0.57678998999998,0.300272449999994,"[0.1302954  0.13514286 0.13798302 0.14208847 0.14279079]","[0.32103322 0.30556542 0.30027245 0.30520255 0.30821774]",0.130295395851135,3,"20182_1,0,2_0.083_True",,
"dcgat-agm003196609","(2, 1, -2)",0.0195864782748576,"Cd-0.167-In-0.833","False","[1.43524837 1.43805718 1.43836331 1.43878961 1.44321036]","[1.42210223 1.41362387 1.41593048 1.42138906 1.42178831]",1.43524837493896,1.41362387,"[0.25105447]","[0.2705271]",0.251054465770721,0.27052710000001,"[0.28279942 0.28529412 0.28552669 0.28559762 0.28599876]","[0.39072017 0.38474835 0.37620889 0.37290465 0.37257466]",0.282799422740936,0.372574659999998,"[0.33653861 0.3453874  0.34768409 0.35250992 0.35990947]","[0.41443465 0.41860584 0.40492034 0.43929613 0.38300573]",0.33653861284256,0.383005729999994,"[0.56223863 0.56608552 0.57141203 0.57400149 0.57461303]","[0.58121508 0.58674017 0.57768448 0.63861036 0.59164196]",0.56223863363266,0.577684480000002,0.0571035000000108,"[0.06028467 0.06125009 0.06759644 0.06807715 0.06954724]","[0.06362831 0.05774598 0.0571035  0.06870277 0.10863146]",0.060284674167633,2,"24539_2,1,-2_0.02_False",0.256515617282178,0
"dcgat-agm003774523","(2, 1, 2)",0.0483204424985224,"Bi-0.125-Cd-0.125-In-0.75","True","[1.50997257 1.5102756  1.51211572 1.51619601 1.51785684]","[1.40420822 1.4041285  1.41282498 1.40655454 1.41486298]",1.50997257232666,1.4041285,"[-0.14641112 -0.1338594 ]","[0.01588319 0.01604532]",-0.146411120891571,0.0158831899999967,"[0.30732399 0.31111997 0.31489629 0.31760067 0.31791335]","[0.3261437  0.33475355 0.33137232 0.35644945 0.33216671]",0.30732399225235,0.326143700000003,"[0.28657764 0.29296142 0.32004756 0.36902767 0.3734476 ]","[0.3294529  0.33342112 0.37968795 0.42200488 0.44031526]",0.286577641963959,0.329452900000007,"[0.54979235 0.5499993  0.55158669 0.55372602 0.55460554]","[0.58669976 0.58003744 0.59375144 0.5893727  0.59505415]",0.549792349338532,0.580037439999998,0.10096858,"[0.10239416 0.10515147 0.10677361 0.1150974  0.12713766]","[0.10096858 0.10649486 0.10490068 0.12759845 0.12913375]",0.102394163608551,3,"23920_2,1,2_0.048_True",,
"dcgat-agm001226347","(1, 0, 2)",0.0833333333333333,"Bi-0.5-Pb-0.25-Sn-0.25","True","[1.44357157 1.44833064 1.46014857 1.46297002 1.46409202]","[1.4697422  1.45458144 1.49494965 1.48115594 1.5256765 ]",1.4435715675354,1.45458144000003,"[-0.13759947 -0.10123324]","[0.04016726 0.0798713 ]",-0.137599468231201,0.040167260000004,"[0.08018434 0.08125329 0.09631908 0.10107052 0.10373992]","[0.2998925  0.31430673 0.33607164 0.30312825 0.31139226]",0.0801843404769897,0.299892499999999,"[0.3321864  0.3365435  0.36088651 0.37082428 0.37141877]","[0.47180101 0.4913808  0.44861915 0.39768618 0.51430564]",0.33218640089035,0.397686180000022,"[0.39351708 0.39585322 0.39728993 0.51872152 0.52254802]","[0.58200856 0.61261005 0.60902243 0.58405856 0.58040138]",0.393517076969147,0.580401380000012,0.12565527000001,"[0.06754029 0.06961381 0.06992501 0.07168579 0.0718978 ]","[0.12565527 0.1360218  0.12945047 0.12619142 0.12737362]",0.0675402879714965,3,"32900_1,0,2_0.083_True",,
"dcgat-agm003347162","(1, 0, 0)",0.166666666666667,"In-0.182-Pb-0.273-Tl-0.545","True","[1.42719078 1.45346117 1.45597744 1.4637928  1.4855206 ]","[1.15561684 1.67160224 1.6704337  1.65941791 1.66189209]",1.42719078063965,1.15561683999999,"[-0.1783458]","[0.10881949]",-0.178345799446106,0.108819489999973,"[0.18021506 0.18082571 0.18194729 0.18714058 0.18778992]","[0.41466855 0.19267528 0.39495183 0.39971841 0.399542  ]",0.180215060710907,0.192675280000003,"[0.2192238  0.22777963 0.23724818 0.23958558 0.24158561]","[0.50388494 0.47855788 0.46505681 0.50364511 0.51236345]",0.21922379732132,0.465056809999965,"[0.48218709 0.48994225 0.49306256 0.49691945 0.50579315]","[0.70754257 0.70331028 0.71252766 0.70811143 0.58428023]",0.48218709230423,0.58428022999999,0.225545509999961,"[-0.01484787 -0.00684744 -0.00320941  0.01297921  0.01476902]","[0.22554551 0.22942241 0.2270119  0.23600341 0.22781661]",-0.0148478746414184,3,"32737_1,0,0_0.167_True",,
"dcgat-agm003501767","(1, 1, 1)",0.429840541278114,"Bi-0.222-In-0.667-Pb-0.111","False","[1.46218038 1.47228074 1.47377634 1.4742856  1.47537756]","[1.487849   1.48958986 1.48665368 1.48567073 1.48386241]",1.46218037605286,1.48386240999999,"[-0.13110852]","[0.01336136]",-0.131108522415161,0.0133613599999904,"[0.23911464 0.24007195 0.24117851 0.24382591 0.24424797]","[0.25305608 0.2549542  0.25055868 0.25188781 0.25588386]",0.23911464214325,0.250558679999983,"[0.33142918 0.35727626 0.35826212 0.36090153 0.37553889]","[0.34232854 0.37604104 0.36484519 0.37808535 0.39276736]",0.331429183483124,0.342328539999997,"[0.59784001 0.60128599 0.60283071 0.6068663  0.60721749]","[0.58489847 0.69628798 0.59222076 0.58777714 0.7055237 ]",0.597840011119843,0.584898469999999,0.109219989999986,"[0.09457105 0.09570384 0.10337323 0.10413349 0.10455668]","[0.12903335 0.12699995 0.22187123 0.10921999 0.22078432]",0.094571053981781,3,"23173_1,1,1_0.43_False",,
"dcgat-agm003290355","(1, 1, 2)",0.0636442437101718,"Pb-0.625-Sn-0.375","True","[1.36898756 1.37121081 1.37470508 1.37711334 1.37711644]","[1.57090512 1.57283871 1.57230701 1.56976647 1.57272811]",1.36898756027222,1.56976646999999,"[0.29676253]","[0.33322945]",0.296762526035309,0.333229450000005,"[-0.99472475  0.24911743  0.24997085  0.25604135  0.25802428]","[1.53916258 0.32155302 0.33703986 0.31558945 0.30948187]",-0.994724750518799,0.309481870000013,"[0.36659962 0.37370318 0.37380677 0.37825948 0.37841719]","[0.45051955 0.45031745 0.45456329 0.46595562 0.42565052]",0.36659961938858,0.425650520000005,"[0.58618814 0.58619779 0.58662862 0.58812433 0.58849531]","[0.59247359 0.58967184 0.58635785 0.59762798 0.58902436]",0.586188137531281,0.586357850000013,0.140488989999994,"[0.16891795 0.17935342 0.17991006 0.18039215 0.18501365]","[0.14048899 0.14526677 0.14283736 0.15314383 0.15209917]",0.168917953968048,2,"18807_1,1,2_0.064_True",,
"dcgat-agm003765236","(2, 1, 2)",0.0489365272266029,"Bi-0.125-Cd-0.125-Pb-0.75","False","[1.58397985 1.58695602 1.59091282 1.5911994  1.59213281]","[1.78449004 1.78490871 1.77717492 1.78236526 1.79707271]",1.583979845047,1.77717491999999,"[-0.14716452]","[0.02233033]",-0.147164523601532,0.0223303299999884,"[-0.54512352 -0.08232284  0.2589137   0.26085955  0.26220089]","[4.36946635 1.48337515 0.43734777 0.41381633 0.40447382]",-0.545123517513275,0.404473819999993,"[0.4088468  0.42730445 0.42820138 0.43277973 0.4384709 ]","[0.40518727 0.48132719 0.52061974 0.52272821 0.45265414]",0.408846795558929,0.405187269999999,"[0.5556156  0.56198519 0.56202608 0.56211954 0.56447452]","[0.59243011 0.60180044 0.59987755 0.59193047 0.58728692]",0.555615603923798,0.587286919999997,0.259498789999995,"[0.20625967 0.21038347 0.21796471 0.22188061 0.22188175]","[0.26080121 0.25949879 0.26467034 0.27953914 0.27901703]",0.206259667873383,3,"26153_2,1,2_0.049_False",,
"dcgat-agm003327789","(1, 1, 1)",0.25,"Cd-0.375-Ga-0.25-In-0.375","True","[1.08633399 1.08713293 1.08779359 1.08815122 1.08842516]","[1.08892131 1.09150837 1.08990371 1.0883006  1.09182087]",1.08633399009705,1.0883006,"[0.25277942 0.2717101 ]","[0.21429064 0.24457545]",0.252779424190521,0.214290639999987,"[0.14979541 0.15342498 0.15556157 0.15645778 0.15765166]","[0.24642461 0.27345314 0.26705943 0.27091033 0.27021384]",0.149795413017273,0.246424609999991,"[0.26666957 0.27124268 0.27620775 0.28053588 0.31563777]","[0.31017345 0.30817524 0.35860316 0.35250791 0.33105672]",0.266669571399689,0.308175239999997,"[0.50238222 0.52491432 0.54349583 0.54541415 0.54548639]","[0.63765316 0.62923296 0.60473028 0.59026569 0.59149112]",0.502382218837738,0.590265689999995,0.144645959999991,"[0.08336973 0.09281677 0.09417593 0.09519362 0.11522782]","[0.17602338 0.18314712 0.14464596 0.15787306 0.15213477]",0.0833697319030761,3,"34141_1,1,1_0.25_True",0.234117643637006,0.297023529449402
"dcgat-agm003268352","(1, 0, 0)",0.0836162175811037,"Hg-0.111-Pb-0.889","False","[1.83735728 1.84393835 1.84680343 1.84738326 1.85263491]","[1.75337508 1.76056428 1.76905928 1.77192542 1.7517017 ]",1.83735728263855,1.7517017,"[-0.1057086]","[0.02626663]",-0.105708599090576,0.0262666299999949,"[0.33333713 0.33789128 0.34113902 0.34269553 0.34514862]","[0.38458985 0.39013448 0.36080692 0.38776237 0.38827881]",0.333337128162384,0.360806920000002,"[0.34139639 0.34629315 0.34687847 0.35367984 0.35714287]","[0.38434053 0.38200392 0.44504806 0.38425589 0.38661612]",0.341396391391754,0.382003920000017,"[0.66013914 0.66262895 0.66356379 0.66870648 0.67385548]","[0.59618449 0.60173495 0.59961129 0.6037127  0.73432388]",0.66013914346695,0.596184490000013,0.216172049999997,"[0.23428369 0.2392056  0.23936129 0.24239236 0.24531251]","[0.21617205 0.21715066 0.21805153 0.21630577 0.31873794]",0.234283685684204,2,"18753_1,0,0_0.084_False",,
"dcgat-agm003300567","(1, 0, 0)",0.0818595528845662,"In-0.889-Tl-0.111","False","[1.32769346 1.32790494 1.33054543 1.33318067 1.3413415 ]","[1.24526669 1.23875134 1.24256022 1.24200723 1.24316638]",1.32769346237183,1.23875134000001,"[-0.12457544]","[-0.00744856]",-0.124575436115265,-0.0074485600000002,"[0.28792292 0.29064876 0.29146677 0.29316968 0.29483861]","[0.31209642 0.37909635 0.30651751 0.32324554 0.3348736 ]",0.287922918796539,0.306517510000006,"[0.21263033 0.26535076 0.30781919 0.32040471 0.33568436]","[0.16490222 0.22393221 0.32753186 0.31679631 0.31225736]",0.212630331516266,0.164902220000016,"[0.58487517 0.58520252 0.5856443  0.58665949 0.58910149]","[0.598897   0.60075607 0.59819651 0.60737472 0.60256003]",0.584875166416168,0.598196510000008,-0.17864745,"[-0.06693268 -0.06009811 -0.03427434 -0.0257073  -0.02044344]","[-0.14156038 -0.15091711 -0.09007291 -0.0318526  -0.17864745]",-0.0669326782226562,2,"22398_1,0,0_0.082_False",,
"dcgat-agm003424190","(1, 2, 0)",0.121941444308732,"In-0.333-Pb-0.5-Sn-0.167","True","[1.33218312 1.33424592 1.34289718 1.34462237 1.37894535]","[1.50978372 1.49822525 1.51583127 1.51599327 1.51328076]",1.33218312263489,1.49822524999999,"[-0.14501733]","[0.04395219]",-0.145017325878143,0.0439521899999988,"[-2.01370406 -1.90635967 -1.43703592 -1.26932263 -0.89264846]","[1.58994051 1.59106869 1.56165432 1.54349532 1.64902495]",-2.01370406150818,1.54349532000001,"[0.32047576 0.33240122 0.40051776 0.40103263 0.40698987]","[0.35634776 0.38976662 0.42421589 0.46703563 0.5406018 ]",0.32047575712204,0.356347759999977,"[0.62560302 0.6261608  0.62642652 0.62644941 0.62799937]","[0.80321702 0.60362007 0.79334411 0.60117384 0.80028953]",0.625603020191193,0.601173840000001,0.120661530000007,"[0.09963322 0.10338193 0.11087894 0.11182773 0.11380041]","[0.17348886 0.16617535 0.13989661 0.12066153 0.12131288]",0.0996332168579101,3,"30129_1,2,0_0.122_True",,
"dcgat-agm003292478","(1, 1, 2)",0.0819617541093373,"Pb-0.556-Sn-0.444","True","[1.15315604 1.15999055 1.17302942 1.17341948 1.17595172]","[1.22769724 1.27270337 1.20802673 1.2102286  1.20437731]",1.153156042099,1.20437731000001,"[-0.07537127]","[0.10711246]",-0.0753712654113769,0.107112459999996,"[0.14919722 0.16096973 0.1616841  0.16266567 0.16273206]","[0.247381   0.25652676 0.26018157 0.25606398 0.25851366]",0.149197220802307,0.247381000000019,"[0.26973695 0.27963823 0.28226799 0.28486699 0.29105502]","[0.37691489 0.37023388 0.36426478 0.36190952 0.35452789]",0.26973694562912,0.354527889999986,"[0.49145347 0.49454528 0.49613839 0.49835604 0.49847645]","[0.60888273 0.60872026 0.60787728 0.60248087 0.61094366]",0.491453468799591,0.602480870000008,0.144144159999996,"[0.14093852 0.17704266 0.1790778  0.18295097 0.18542057]","[0.14814823 0.14414416 0.15281055 0.14622315 0.14849343]",0.140938520431519,2,"17345_1,1,2_0.082_True",,
"dcgat-agm003734785","(1, 0, 0)",0.127042640127527,"Au-0.667-Cd-0.167-Ga-0.167","False","[1.14465356 1.32568026 1.38832855 1.41841245 1.43232036]","[1.73915627 1.49258591 1.8393722  1.66252055 1.51576774]",1.14465355873108,1.49258591000003,"[-0.77321184 -0.73158026 -0.7255739  -0.72396827 -0.71924388]","[0.03585301 0.00409039 0.00769393 0.00843588 0.01453823]",-0.77321183681488,0.0040903900000159,"[-0.5458827  -0.49838459 -0.4810085  -0.4754287  -0.44111535]","[0.52091052 0.34537255 0.34874122 0.37511603 0.3538792 ]",-0.545882701873779,0.345372549999979,"[-0.30698922 -0.29017526 -0.26722544 -0.22903466 -0.22517908]","[0.75579694 0.62356787 0.62487851 0.34825653 0.56671474]",-0.306989222764969,0.348256530000015,"[-0.17664635 -0.17609388 -0.00708097  0.01162094  0.04190642]","[0.61123834 0.60320731 0.69105218 0.71360724 0.60559414]",-0.17664635181427,0.603207310000016,0.274478630000004,"[-0.44403821 -0.44083574 -0.43008995 -0.41042539 -0.40720871]","[0.27871795 0.28131554 0.27447863 0.27730341 0.2750797 ]",-0.444038212299347,3,"28829_1,0,0_0.127_False",0.506593400346848,0.331068948115411
"dcgat-agm003307023","(1, 2, -2)",0.0277756205384111,"In-0.429-Pb-0.286-Sn-0.286","False","[1.1540134  1.1599257  1.16170359 1.16197371 1.16789722]","[1.33819992 1.35326941 1.34672548 1.34244077 1.34182227]",1.15401339530945,1.33819991999997,"[-0.16552705]","[0.07452156]",-0.165527045726776,0.0745215599999937,"[-1.23691773  0.2513054   0.25295109  0.25540584  0.25598389]","[1.68224661 0.42345413 0.39475811 0.41174327 0.40197017]",-1.23691773414612,0.394758109999998,"[0.33066851 0.3471294  0.35627645 0.35731667 0.36033005]","[0.54270812 0.45319394 0.56838592 0.5496944  0.52858545]",0.3306685090065,0.453193939999977,"[0.52686185 0.52959579 0.53153425 0.53531069 0.5366804 ]","[0.7960591  0.60361426 0.81560068 0.81097831 0.6692615 ]",0.526861846446991,0.603614260000001,0.216060309999989,"[0.10710388 0.11203742 0.11403435 0.11717618 0.12001145]","[0.25970903 0.24737521 0.21606031 0.25998139 0.31796391]",0.107103884220123,3,"25189_1,2,-2_0.028_False",,
"dcgat-agm003204508","(2, 2, 1)",0.0574867123758514,"Ag-0.167-In-0.833","False","[1.38497329 1.39940667 1.40078783 1.40164351 1.40177608]","[1.36127828 1.36726312 1.35633833 1.355703   1.37304113]",1.3849732875824,1.35570300000001,"[0.09557819 0.09591532 0.09660947 0.09713179 0.09930038]","[0.22566997 0.25202016 0.2243193  0.2301312  0.22634145]",0.0955781936645507,0.224319300000019,"[0.29733974 0.30601186 0.30857903 0.31552917 0.31709129]","[0.43858727 0.43958717 0.43878785 0.42033714 0.42237368]",0.297339737415314,0.420337140000015,"[0.32838041 0.33860368 0.33898598 0.34032172 0.34809154]","[0.4720472  0.46250947 0.45974354 0.48188051 0.49125115]",0.328380405902863,0.459743540000005,"[0.41581327 0.4204343  0.42074913 0.42178184 0.42229837]","[0.61470643 0.606678   0.61097058 0.60773188 0.60438771]",0.415813267230988,0.604387709999998,0.14808524,"[0.01016867 0.014992   0.01514667 0.02350712 0.02456558]","[0.14808524 0.15331812 0.15625862 0.15760726 0.14931874]",0.0101686716079711,2,"20943_2,2,1_0.057_False",0.311576269585421,0.340647866158775
"dcgat-agm001194182","(1, 1, 1)",0.0830779640932093,"Bi-0.167-Pb-0.833","False","[1.76257658 1.76312137 1.76393366 1.76495099 1.76613784]","[1.83565029 1.83557742 1.83559503 1.8347468  1.84060219]",1.76257658004761,1.83474680000003,"[-0.14043766]","[0.03423162]",-0.140437662601471,0.0342316200000141,"[-1.93547821 -1.79874134 -1.78633404 -1.72239196 -1.64216018]","[1.5999698  1.46424863 1.51987826 1.5142096  1.48003801]",-1.93547821044922,1.46424862999999,"[0.46162897 0.47266728 0.47958285 0.48876208 0.49583393]","[0.49443933 0.53183323 0.56585623 0.58067733 0.56323316]",0.461628973484039,0.494439330000034,"[0.62817293 0.63804632 0.63948828 0.6410585  0.64122564]","[0.61395999 0.6079861  0.60489755 0.61416537 0.63029514]",0.628172934055328,0.604897550000004,0.23049383,"[0.26704663 0.27181631 0.27374452 0.2737816  0.27528757]","[0.23877996 0.26581776 0.26871531 0.23146547 0.23049383]",0.267046630382538,2,"26345_1,1,1_0.083_False",,
"dcgat-agm001209908","(1, 1, 2)",0.0624999999999999,"In-0.25-Pb-0.5-Sn-0.25","False","[1.45801306 1.46406603 1.46424532 1.46478963 1.46481967]","[1.59901447 1.59799987 1.5960056  1.59253344 1.59792917]",1.45801305770874,1.59253344,"[-0.1539008]","[0.00048487]",-0.153900802135468,0.0004848699999939,"[0.19454491 0.20091665 0.20097679 0.20343709 0.20717436]","[0.32628509 0.3190494  0.31334108 0.33160601 0.31976639]",0.194544911384583,0.313341080000001,"[0.29211825 0.29869157 0.30494958 0.31135386 0.31531912]","[0.36936944 0.38534271 0.39506084 0.39392009 0.38944234]",0.2921182513237,0.36936944,"[0.51036686 0.51037687 0.51327354 0.51344091 0.51492506]","[0.61680052 0.6168036  0.61019782 0.6101727  0.60515138]",0.510366857051849,0.605151379999995,0.23327291999999,"[0.16619039 0.16851062 0.17150915 0.1730904  0.17355072]","[0.2526765  0.23327292 0.25753844 0.25434963 0.26306646]",0.166190385818481,3,"18760_1,1,2_0.062_False",,
"dcgat-agm002155079","(1, 1, 0)",0.125,"In-0.25-Sn-0.75","False","[1.1598351  1.17361116 1.17844462 1.19359517 1.202317  ]","[1.78759324 1.76672047 1.75137826 1.74415867 1.75411125]",1.15983510017395,1.74415866999999,"[-0.1520592]","[0.01690024]",-0.152059197425842,0.016900239999984,"[0.44244951 0.44815809 0.45253509 0.453996   0.45801097]","[0.49179981 0.50643554 0.46589534 0.48705435 0.47540045]",0.442449510097504,0.465895339999989,"[0.39830345 0.409311   0.41256994 0.42689079 0.42843443]","[0.42873892 0.43683961 0.52049479 0.4282396  0.48189037]",0.3983034491539,0.428239599999998,"[0.60706073 0.60818273 0.60903436 0.61065727 0.61279124]","[0.61001105 0.60537116 0.61667364 0.61755271 0.60747353]",0.607060730457306,0.605371160000004,0.0720322999999893,"[0.06810194 0.07432157 0.07498258 0.07909691 0.08272076]","[0.0720323  0.07510147 0.08525867 0.09516419 0.0847956 ]",0.068101942539215,2,"30945_1,1,0_0.125_False",0.237063937984608,0
"dcgat-agm003299719","(2, 1, 0)",0.0416666666666666,"Te-0.125-Tl-0.875","True","[2.1187439  2.11935687 2.12053967 2.12139893 2.12252355]","[2.08152467 2.07751073 2.07831558 2.07547104 2.07276881]",2.11874389648438,2.07276881,"[-0.16721499 -0.15512979]","[0.00922869 0.01109822]",-0.16721498966217,0.0092286899999862,"[0.33459157 0.3404451  0.34152871 0.34179372 0.34290832]","[0.52174692 0.52235866 0.52020073 0.51556537 0.51561963]",0.334591567516327,0.51556536999999,"[0.24521559 0.27725047 0.30175036 0.30634135 0.30821174]","[0.33671342 0.42006441 0.26951354 0.42082887 0.43839407]",0.245215594768524,0.269513539999991,"[0.6422295  0.6430524  0.64465207 0.64753908 0.64821285]","[0.61303183 0.6104636  0.61018964 0.61550647 0.60614016]",0.642229497432709,0.606140159999995,0.0336696199999977,"[0.02520031 0.02572495 0.04220515 0.04683691 0.04792178]","[0.03366962 0.05978321 0.09277605 0.06386291 0.10091935]",0.0252003073692321,2,"18740_2,1,0_0.042_True",,
"dcgat-agm003261644","(1, 0, 0)",0.125,"In-0.125-Tl-0.875","False","[1.68499684 1.68671155 1.68688107 1.6883924  1.68870068]","[1.66514075 1.67759846 1.6679204  1.67405895 1.66377764]",1.68499684333801,1.66377763999999,"[-0.14175332 -0.13935465 -0.13811964 -0.1345799  -0.10079396]","[-0.00937593 -0.00797498 -0.01602934 -0.00605969  0.04469578]",-0.141753315925598,-0.0160293400000171,"[0.29010504 0.29765183 0.29917699 0.30076355 0.30110639]","[0.26942609 0.27455576 0.27518098 0.2809989  0.26881339]",0.290105044841766,0.268813389999991,"[0.31974882 0.32469612 0.32739562 0.32857007 0.33014935]","[0.26817532 0.26145265 0.26900884 0.27858341 0.33709965]",0.319748818874359,0.261452649999995,"[0.59023458 0.59303206 0.59306461 0.59490782 0.60477453]","[0.62135832 0.60735887 0.60826409 0.60710545 0.61078498]",0.590234577655792,0.607105449999992,-0.0637488100000069,"[-0.00386226  0.01783639  0.04998654  0.05754608  0.06264144]","[-0.06052065 -0.06374881  0.00010621 -0.00302134  0.00037032]",-0.0038622617721557,2,"29289_1,0,0_0.125_False",,
"dcgat-agm003648199","(2, 1, 1)",0.166666666666667,"Hg-0.1-Pb-0.5-Tl-0.4","True","[1.59918022 1.59992266 1.60586977 1.60711861 1.60907793]","[1.791687   1.78950049 1.79505419 1.79405707 1.77133485]",1.59918022155762,1.77133485000002,"[-0.13191724]","[0.02391008]",-0.131917238235474,0.0239100800000073,"[0.30357999 0.30863219 0.3143757  0.32199532 0.32459301]","[0.44735947 0.44504715 0.47494041 0.4846899  0.46946883]",0.303579986095428,0.445047149999965,"[0.30077344 0.31381994 0.31734711 0.37085396 0.37315208]","[0.38578872 0.39200225 0.39705686 0.44427628 0.53376154]",0.300773441791534,0.385788719999994,"[0.55297273 0.55669266 0.56021672 0.5602774  0.56215018]","[0.7308097  0.6321778  0.60724957 0.61070614 0.62674953]",0.552972733974457,0.607249569999993,0.218394169999982,"[0.17314011 0.18244785 0.18300837 0.18782234 0.18886912]","[0.21839417 0.26880278 0.22233816 0.22062776 0.25898727]",0.173140108585358,3,"20741_2,1,1_0.167_True",,
"dcgat-agm003300289","(1, 0, 0)",0.249264793704612,"Bi-0.111-In-0.889","True","[1.45022202 1.45726657 1.45989156 1.46173072 1.46302986]","[1.47979666 1.50049324 1.49725404 1.48905627 1.48759461]",1.45022201538086,1.47979665999999,"[-0.13661641 -0.05969906]","[0.00769102 0.01401418]",-0.136616408824921,0.0076910199999815,"[0.2397126  0.24042165 0.24496514 0.24526876 0.24599618]","[0.28947272 0.30223362 0.31970618 0.32288799 0.28457975]",0.239712595939636,0.284579749999978,"[0.33179492 0.33223063 0.33235103 0.33267266 0.33364528]","[0.44137948 0.41888895 0.34452935 0.42642483 0.40872624]",0.331794917583466,0.344529349999988,"[0.60174257 0.60176939 0.60410899 0.6041823  0.60475761]","[0.61632907 0.61474534 0.62235003 0.61651124 0.60918227]",0.601742565631867,0.609182269999991,0.0658062500000085,"[0.0375222  0.03800881 0.03868747 0.03891087 0.0397712 ]","[0.07194303 0.07355672 0.07869283 0.07872709 0.06580625]",0.0375221967697143,2,"18900_1,0,0_0.249_True",,
"dcgat-agm003294499","(1, 0, 2)",0.0847964391944988,"In-0.667-Sn-0.333","False","[1.08507895 1.08728004 1.08854961 1.09104466 1.09406567]","[1.19746144 1.20379913 1.19504099 1.22662333 1.19596734]",1.08507895469666,1.19504099,"[-0.1322298]","[0.00824046]",-0.132229804992676,0.0082404599999961,"[0.21776468 0.22612369 0.22748816 0.22877836 0.22883976]","[0.31640904 0.31074388 0.31064123 0.30702558 0.31134709]",0.217764675617218,0.307025579999987,"[0.36369759 0.36417288 0.36511379 0.36622244 0.36748403]","[0.5175842  0.51454803 0.52003664 0.51225459 0.51256832]",0.363697588443756,0.512254589999998,"[0.49306136 0.49493474 0.49816138 0.50228828 0.5026421 ]","[0.6206421  0.61331249 0.61050978 0.61018836 0.60969236]",0.493061363697052,0.609692359999997,0.131445360000001,"[0.09240788 0.09269375 0.09383094 0.09717524 0.09776682]","[0.13144536 0.1342261  0.13590637 0.1328642  0.13253754]",0.0924078822135925,2,"29342_1,0,2_0.085_False",0.25184944259584,0.12720113491633
"dcgat-agm003261249","(1, 0, 0)",0.125613782609179,"Cd-0.625-In-0.375","False","[1.70230126 1.70808887 1.71250105 1.7136519  1.71474457]","[1.7050242  1.71045655 1.70544159 1.69983771 1.70922544]",1.7023012638092,1.69983771,"[-0.09588897  0.11955839  0.12357688  0.12447423  0.12725723]","[0.05036553 0.16957261 0.1772593  0.16853791 0.16508042]",-0.0958889722824096,0.0503655300000005,"[0.30202502 0.30392748 0.30567461 0.30625492 0.30669707]","[0.38919237 0.36598939 0.35659465 0.34537838 0.35979798]",0.302025020122528,0.34537838,"[0.32928711 0.33773619 0.33786696 0.33914179 0.34044546]","[0.43999874 0.45576677 0.44547662 0.45034205 0.43425417]",0.329287111759186,0.434254170000003,"[0.56550676 0.56576341 0.56664878 0.56669706 0.56938249]","[0.61007282 0.6132823  0.6109411  0.61640381 0.61659869]",0.565506756305695,0.610072820000006,0.302214260000007,"[0.22448033 0.22808141 0.22849727 0.22871125 0.22879338]","[0.31167949 0.31176998 0.30221426 0.32264139 0.30747555]",0.224480330944061,2,"26859_1,0,0_0.126_False",0.296878173647069,0.0045692357100622
"dcgat-agm003518752","(2, 1, -1)",0.0909769685159162,"Au-0.182-Cd-0.727-Pd-0.091","True","[1.63818836 1.8229537  1.94043422 1.95541286 1.95976257]","[2.3015949  2.57393987 2.63364616 2.58505863 2.64244065]",1.63818836212158,2.3015949,"[-0.83890074 -0.82714081 -0.69799978 -0.67276257 -0.58013409]","[-0.06517154 -0.09411104 -0.09324945 -0.10605144  0.07338067]",-0.838900744915009,-0.106051440000002,"[-0.57438648 -0.16791356 -0.1024453  -0.01863122  0.04393846]","[0.22409466 0.42551621 0.63119426 0.62411513 0.58248532]",-0.574386477470398,0.224094659999992,"[-0.05148369  0.0579415 ]","[0.64903027 0.75117354]",-0.0514836907386779,0.649030269999997,"[-0.12921923 -0.10578394 -0.09833276  0.00575531  0.02802742]","[0.61030448 0.61563261 0.63870807 0.7209031  0.72539077]",-0.129219233989716,0.610304479999996,0.906084519999993,"[0.04852104 0.21437657 0.23693562 0.25354367 0.27762038]","[0.9141256  0.9338413  0.90608452 0.96043811 0.93643939]",0.0485210418701171,3,"30509_2,1,-1_0.091_True",0.463689219201799,0.804550694038367
"dcgat-agm003287078","(1, 0, 0)",0.166666666666667,"In-0.6-Sn-0.4","True","[1.02054691 1.03076124 1.04397655 1.04517913 1.046839  ]","[1.22022957 1.2337389  1.21335864 1.22143062 1.22880718]",1.02054691314697,1.21335863999997,"[0.16296089]","[0.36382615]",0.162960886955261,0.363826149999966,"[0.13583761 0.13774586 0.13867813 0.13981378 0.14031267]","[0.30295931 0.29742087 0.31942481 0.3163496  0.32280363]",0.135837614536285,0.297420869999996,"[0.27609485 0.2785272  0.28011888 0.28889328 0.28910989]","[0.47501369 0.43375926 0.43022002 0.40954463 0.42298453]",0.276094853878021,0.409544629999971,"[0.49671692 0.49849826 0.50049168 0.50069398 0.50235254]","[0.62001908 0.62327608 0.61399912 0.6413303  0.61678955]",0.496716916561127,0.61399911999996,0.253992960000005,"[0.03764457 0.04149324 0.0435456  0.04544747 0.04655141]","[0.25571368 0.2723828  0.25399296 0.25964759 0.26217486]",0.0376445651054382,2,"23879_1,0,0_0.167_True",0.262462852141159,0.808452956240777
"dcgat-agm003771069","(1, 0, 1)",0.128912099853304,"Pb-0.75-Sn-0.125-Tl-0.125","False","[1.47009826 1.4710927  1.4802599  1.48377562 1.48480701]","[1.63579679 1.63219783 1.62244034 1.67681306 1.70052847]",1.47009825706482,1.62244034000001,"[-0.15199482]","[-0.0138432]",-0.151994824409485,-0.0138431999999966,"[0.18709666 0.18968093 0.20550346 0.21775526 0.22708321]","[0.41405993 0.43729634 0.39547795 0.40851594 0.38020545]",0.187096655368805,0.380205450000005,"[0.18817991 0.21717256 0.23917902 0.25215656 0.2522884 ]","[0.41516001 0.41074659 0.27833497 0.25998802 0.27831694]",0.188179910182953,0.259988020000009,"[0.5096274  0.51768678 0.52723581 0.53237945 0.53555959]","[0.61476735 0.61411598 0.68887067 0.62075531 0.67645827]",0.509627401828766,0.614115980000008,0.152407740000001,"[0.09657437 0.10124069 0.12122208 0.1351651  0.13684964]","[0.16228074 0.15240774 0.23399295 0.21558071 0.21136221]",0.0965743660926818,3,"28015_1,0,1_0.129_False",,
"dcgat-agm003261597","(2, 1, 1)",0.0312500000000002,"Hg-0.125-Tl-0.875","True","[1.91316795 1.91721678 1.92200303 1.93813777 1.94889712]","[1.78969684 1.78671102 1.79168409 1.82980661 1.83234437]",1.91316795349121,1.78671102000004,"[-0.17272788]","[-0.00186806]",-0.172727882862091,-0.0018680599999925,"[0.50922137 0.51024646 0.51403517 0.51529783 0.51636583]","[0.56985587 0.56488377 0.57385712 0.55857154 0.57704843]",0.509221374988556,0.558571540000003,"[0.41922981 0.42848867 0.43067366 0.43075913 0.43187636]","[0.36431899 0.36343885 0.40188159 0.41443254 0.40414391]",0.419229805469513,0.363438850000023,"[0.6412825  0.64401346 0.64407891 0.6480462  0.64806873]","[0.62392112 0.61414372 0.62894432 0.6888361  0.64206297]",0.641282498836517,0.614143720000016,0.0098851200000069,"[0.07934201 0.08219612 0.08411556 0.08448148 0.08588737]","[0.00988512 0.01229596 0.01742661 0.01961595 0.01673256]",0.0793420076370239,2,"24929_2,1,1_0.031_True",,
"mp-11473","(3, 2, 2)",0.0357142857142857,"Hg-0.5-Tl-0.5","True","[2.32868314 2.38583636 2.39861512 2.40174341 2.40492892]","[2.3969957  2.33899756 2.33981948 2.33674665 2.32775927]",2.32868313789368,2.32775927,"[-0.13453221]","[-0.00785827]",-0.13453221321106,-0.0078582699999927,"[0.60097152 0.60504442 0.60691708 0.60746938 0.60936207]","[0.64163271 0.64477512 0.64665961 0.64341589 0.63539866]",0.600971519947052,0.63539866,"[0.33772534 0.34534436 0.3489545  0.35010189 0.35383683]","[0.39774241 0.35797025 0.34670485 0.33380461 0.32950535]",0.337725341320038,0.329505350000005,"[0.59331828 0.60432917 0.62178761 0.62180561 0.725061  ]","[0.61855937 0.63597496 0.64112254 0.63402602 0.70332982]",0.593318283557892,0.618559370000007,-0.02197898,"[-0.0180189  -0.00977397 -0.00871706 -0.00496626 -0.00227749]","[-0.01788421 -0.01958672 -0.01704531 -0.01398623 -0.02197898]",-0.018018901348114,2,"3816_3,2,2_0.036_True",,
"dcgat-agm003193591","(1, 1, 0)",0.0493271343031664,"Hg-0.2-Tl-0.8","True","[2.22181439 2.22462177 2.22682071 2.2273705  2.22757244]","[2.09039148 2.08794825 2.09303367 2.09051327 2.09371351]",2.22181439399719,2.08794825,"[-0.1169008]","[0.02670581]",-0.11690080165863,0.0267058099999957,"[0.51991397 0.52055973 0.52198726 0.52204102 0.52219385]","[0.54724445 0.5031561  0.49841317 0.50213206 0.51984643]",0.519913971424103,0.498413169999992,"[0.41690701 0.42384547 0.43037242 0.43156964 0.43370181]","[0.34182104 0.34009255 0.36869797 0.37251428 0.34335552]",0.416907012462616,0.340092550000009,"[0.59721488 0.64291233 0.64336115 0.64348584 0.64354533]","[0.9292295  0.6207906  0.62316345 0.62342298 0.62624444]",0.597214877605438,0.620790600000007,0.0805557199999924,"[0.10698706 0.10958719 0.11013341 0.11255217 0.11267734]","[0.08242706 0.08304422 0.08148241 0.08055572 0.08913069]",0.106987059116364,2,"28546_1,1,0_0.049_True",,
"dcgat-agm001206357","(2, 1, 2)",0.0500000000000001,"Bi-0.25-Ga-0.25-Pb-0.5","False","[1.5281682  1.53229237 1.53356791 1.53517699 1.53527904]","[1.60021723 1.38629009 1.58712035 1.58967129 1.58175142]",1.52816820144653,1.38629009,"[-0.14004433]","[0.01780797]",-0.140044331550598,0.0178079700000068,"[0.31302482 0.31464571 0.32017165 0.3281253  0.33051282]","[0.44810503 0.33835259 0.44725961 0.44752939 0.3500848 ]",0.313024818897247,0.33835259,"[0.41691047 0.42094845 0.44338602 0.44874376 0.46316475]","[0.44496329 0.45515917 0.40742346 0.41389059 0.41003757]",0.416910469532013,0.407423460000018,"[0.53388029 0.53462452 0.5408693  0.54342431 0.54626185]","[0.62379963 0.62784327 0.62884156 0.62791724 0.62683778]",0.533880293369293,0.623799630000008,0.136676390000019,"[0.15695941 0.15853113 0.16054732 0.1624651  0.1650846 ]","[0.13923181 0.16264784 0.14075565 0.13667639 0.14408055]",0.156959414482117,3,"33365_2,1,2_0.05_False",,
"dcgat-agm003327854","(1, 1, 0)",0.312374565566184,"In-0.375-Pb-0.375-Sn-0.25","True","[1.1529634  1.15401793 1.15592408 1.15698528 1.15800953]","[1.36403619 1.37126843 1.37854958 1.36388308 1.3645703 ]",1.15296339988709,1.36388308000001,"[-0.13926804]","[0.00700722]",-0.139268040657043,0.0070072200000055,"[0.19193971 0.1928907  0.19452721 0.1960662  0.19709539]","[0.29078008 0.29560822 0.29731927 0.29193337 0.2937433 ]",0.19193971157074,0.290780080000005,"[0.32004613 0.32231039 0.3294782  0.32955545 0.32994717]","[0.40550629 0.42931032 0.39992533 0.43555322 0.40477997]",0.320046126842499,0.399925330000016,"[0.52338058 0.52349263 0.52506822 0.5258022  0.52622837]","[0.62448169 0.63606835 0.63531798 0.6270066  0.62996258]",0.52338057756424,0.62448169000001,0.296206400000003,"[0.2340889  0.2341938  0.23479742 0.23498285 0.23648107]","[0.2962064  0.29735812 0.29877267 0.30991442 0.3059488 ]",0.234088897705078,3,"30226_1,1,0_0.312_True",,
"dcgat-agm003193422","(0, 0, 1)",0.25,"Cd-0.2-Tl-0.8","True","[1.88113046 1.88582683 1.88667941 1.8882947  1.88924122]","[1.67540604 1.66780819 1.65837155 1.66781034 1.66101515]",1.88113045692444,1.65837155,"[-0.17227334 -0.16632652 -0.15111321 -0.11913788]","[0.02416412 0.02004432 0.02723615 0.06300521]",-0.172273337841034,0.0200443199999966,"[0.17309552 0.21594614 0.22991508 0.23272473 0.23342401]","[0.3860257  0.38257578 0.39075821 0.31371455 0.33104306]",0.173095524311066,0.313714549999993,"[0.20849216 0.21429139 0.22020543 0.22313434 0.22496331]","[0.39036388 0.37003172 0.35808526 0.34975739 0.35673365]",0.208492159843445,0.349757390000001,"[0.48462206 0.49152583 0.49365383 0.49392051 0.49629694]","[0.64073533 0.62903229 0.62579532 0.63180397 0.63813275]",0.484622061252594,0.625795320000002,0.129690690000004,"[-0.00401336  0.02636254  0.02716744  0.02767265  0.02776194]","[0.12969069 0.19217589 0.19662384 0.19685908 0.19250087]",-0.0040133595466613,2,"33694_0,0,1_0.25_True",,
"dcgat-agm003264587","(1, 1, 0)",0.0625,"Cd-0.125-Pb-0.875","True","[1.87742472 1.87825584 1.88453269 1.88925743 1.88973856]","[2.20794163 2.20900886 2.21315784 2.22512712 2.20618175]",1.87742471694946,2.20618174999998,"[-0.13836312]","[8.641e-05]",-0.138363122940063,8.64099999944301E-05,"[0.27996117 0.28018576 0.28320271 0.28356749 0.28489953]","[0.34761075 0.34205416 0.34969305 0.33531455 0.34607971]",0.279961168766022,0.335314549999993,"[0.31876916 0.32438868 0.34545821 0.34759206 0.39738148]","[0.34930557 0.35982994 0.36998278 0.3589641  0.45555964]",0.318769156932831,0.349305569999984,"[0.60176069 0.60206455 0.60313827 0.6036889  0.60384673]","[0.63479923 0.64473336 0.63153209 0.62991647 0.64048112]",0.601760685443878,0.629916469999984,0.252784329999997,,,,2,"19881_1,1,0_0.062_True",,
"dcgat-agm003299699","(1, 1, 0)",0.0625,"In-0.875-Sn-0.125","True","[1.58253908 1.58448553 1.58514071 1.58932114 1.59044409]","[1.53149595 1.53440617 1.53413822 1.53191682 1.53411093]",1.58253908157349,1.53149594999999,"[-0.11686867]","[-0.00072311]",-0.116868674755096,-0.0007231099999671,"[0.29816383 0.29946584 0.30277544 0.30397063 0.30442864]","[0.27529509 0.27765557 0.28498498 0.28966687 0.2752607 ]",0.298163831233978,0.275260700000018,"[0.38681108 0.3911106  0.3950637  0.41775817 0.43127364]","[0.42764809 0.42568392 0.42962952 0.44574436 0.51970977]",0.386811077594757,0.425683920000012,"[0.65436095 0.65465206 0.65590936 0.65729755 0.65786821]","[0.63383506 0.63376765 0.63074636 0.63656152 0.63183133]",0.654360949993134,0.630746360000018,0.179691410000004,,,,2,"26789_1,1,0_0.062_True",0.270270059844586,0
"dcgat-agm003298624","(1, 0, -1)",0.125,"In-0.833-Sn-0.167","True","[1.46983981 1.47228312 1.47501874 1.47561049 1.4760201 ]","[1.57660214 1.57587776 1.5793542  1.57079398 1.5734986 ]",1.46983981132507,1.57079397999999,"[-0.13790834]","[-0.00727922]",-0.137908339500427,-0.0072792200000151,"[0.25315279 0.25335199 0.2550506  0.25513715 0.25528091]","[0.2937862  0.29806748 0.30360326 0.30200229 0.29615545]",0.253152787685394,0.2937862,"[0.35514146 0.35764378 0.35791475 0.35866755 0.36209923]","[0.42311614 0.41080346 0.41317881 0.41565178 0.44363679]",0.355141460895538,0.410803460000011,"[0.56744868 0.5681898  0.56823796 0.56842047 0.56893522]","[0.63332329 0.64070469 0.638721   0.63889655 0.64840337]",0.567448675632477,0.633323289999993,0.209915639999991,"[0.14880657 0.14945984 0.15010023 0.15086555 0.15155739]","[0.21611269 0.21387386 0.20991564 0.22095995 0.2119461 ]",0.148806571960449,2,"20658_1,0,-1_0.125_True",0.234351157846525,0.0475296153283863
"dcgat-agm003300241","(2, 0, 1)",0.25,"Hg-0.111-Tl-0.889","True","[2.11936188 2.12093854 2.1222074  2.12384796 2.12434411]","[2.14979688 2.16033354 2.14615213 2.1489221  2.1551358 ]",2.11936187744141,2.14615212999999,"[-0.15749222]","[-0.00349098]",-0.157492220401764,-0.0034909800000093,"[0.49937278 0.50201887 0.50314742 0.50349504 0.50473911]","[0.61881941 0.59736836 0.60675093 0.62604384 0.6029071 ]",0.499372780323029,0.59736835999999,"[0.3818441  0.38382202 0.38424808 0.38477451 0.38900656]","[0.38511655 0.4228472  0.4220052  0.44348044 0.42607518]",0.381844103336334,0.385116550000006,"[0.59662277 0.59819275 0.59904367 0.60183257 0.60365528]","[0.64551481 0.63492684 0.64010308 0.64631897 0.6404044 ]",0.59662276506424,0.634926840000006,0.0777911099999926,"[0.02208221 0.02330953 0.02805501 0.03020298 0.03053451]","[0.08001725 0.08512454 0.08098409 0.08686334 0.07779111]",0.0220822095870971,2,"17058_2,0,1_0.25_True",,
"dcgat-agm003292487","(2, 1, 2)",0.120740526103245,"In-0.556-Pb-0.444","True","[1.48507404 1.48665047 1.49451518 1.4982338  1.49893975]","[1.66471535 1.69210721 1.53595582 1.69370535 1.55843537]",1.48507404327393,1.53595582000003,"[-0.13323992]","[0.11831072]",-0.133239924907684,0.118310720000011,"[-1.88231063 -1.44626355 -0.5301348   0.19327855  0.19448978]","[1.98560819 3.74559648 3.81012563 0.35723399 0.35056247]",-1.88231062889099,0.35056247,"[0.28482884 0.28939468 0.29871732 0.30663782 0.30703813]","[0.43927468 0.48936066 0.5451008  0.4797665  0.46023095]",0.284828841686249,0.439274680000011,"[0.52495092 0.5404442  0.54232377 0.54257983 0.54643935]","[0.742574   0.63941658 0.714414   0.65499388 0.66320666]",0.524950921535492,0.639416580000017,0.173725990000008,"[0.00347257 0.00905073 0.04438967 0.05646026 0.059901  ]","[0.18769403 0.18325743 0.20927217 0.19801943 0.17372599]",0.0034725666046142,2,"30591_2,1,2_0.121_True",,
"dcgat-agm003292658","(2, 1, 2)",0.0421723990891291,"In-0.444-Sn-0.556","False","[0.98344177 0.98498207 0.98576123 0.98652512 0.98860067]","[1.02364004 1.01141835 1.03190421 1.01461616 1.30076252]",0.983441770076752,1.01141835000001,"[-0.14536929]","[0.1023929]",-0.145369291305542,0.102392900000012,"[-1.77286768 -1.60535002 -1.46980953 -1.17168975 -0.7497195 ]","[4.87239203 5.0639762  1.63673418 5.05199102 1.53447713]",-1.77286767959595,1.53447712999997,"[0.29193586 0.29407829 0.29846948 0.32140464 0.33335191]","[0.50349751 0.44103457 0.51604337 0.62977034 0.56757035]",0.291935861110687,0.441034570000028,"[0.48522419 0.51278156 0.51498264 0.5214681  0.52245742]","[0.64297217 0.76425332 0.74200535 0.65743909 0.67113278]",0.485224187374115,0.642972170000007,0.203273700000011,"[0.00148213 0.01310551 0.01330131 0.01711357 0.01823598]","[0.24894131 0.2032737  0.21651774 0.21895939 0.20422957]",0.0014821290969848,2,"22543_2,1,2_0.042_False",0.277104124137612,0
"dcgat-agm001850365","(2, 1, 1)",0.166666666666667,"In-0.333-Sn-0.667","True","[0.95388979 0.96014184 0.96681422 1.14116859 1.14283276]","[0.93110132 0.92675212 0.93126158 1.22288972 1.24119119]",0.953889787197113,0.926752120000032,"[-0.14680356]","[0.02247184]",-0.146803557872772,0.0224718400000085,"[0.20524347 0.20982003 0.21232396 0.21278095 0.21574998]","[0.25715414 0.25333923 0.25349707 0.26838981 0.26953403]",0.205243468284607,0.253339229999995,"[0.36249381 0.36688536 0.37056738 0.37143248 0.37239021]","[0.40928028 0.39769894 0.40982416 0.40197133 0.39923378]",0.362493813037872,0.397698940000026,"[0.56821722 0.58384687 0.58927733 0.58931857 0.59235758]","[0.6434738  0.64769024 0.66182114 0.67136929 0.67510704]",0.568217217922211,0.64347380000001,0.141481080000005,"[0.0745303  0.07677937 0.07912058 0.08376044 0.08469862]","[0.14148108 0.14220634 0.15060377 0.15130833 0.15050967]",0.0745303034782409,2,"34072_2,1,1_0.167_True",0.309298784694124,0
"dcgat-agm003292488","(1, 0, 0)",0.25,"In-0.444-Pb-0.556","True","[1.46156192 1.46266413 1.46997643 1.47627616 1.47729802]","[1.75360393 1.72828011 1.74675586 1.74826539 1.70568309]",1.46156191825867,1.70568309000001,"[-0.14816535]","[0.00787594]",-0.148165345191956,0.007875939999991,"[-0.88895309  0.27958137  0.28119522  0.28346425  0.28479785]","[1.31889924 0.40796339 0.40918369 0.40464447 0.41192042]",-0.88895308971405,0.404644469999965,"[0.30401558 0.30891985 0.31841832 0.32233387 0.3594678 ]","[0.29250693 0.28904046 0.30304994 0.301772   0.45406327]",0.304015576839447,0.289040460000024,"[0.61260432 0.61357945 0.6144672  0.6162954  0.61641651]","[0.64848195 0.65136605 0.67115588 0.65124216 0.65249535]",0.612604320049286,0.64848194999999,-0.0048956200000134,"[0.03470695 0.03702545 0.0372237  0.03811175 0.03879786]","[-0.00281025 -0.00489562 -0.0020288  -0.00331634 -0.00231152]",0.0347069501876831,2,"23271_1,0,0_0.25_True",,
"dcgat-agm003771865","(0, 0, 1)",0.127988452854369,"In-0.75-Pb-0.125-Sn-0.125","False","[1.0873239  1.09392262 1.09403348 1.09805489 1.10770345]","[1.34577125 1.34782621 1.34832423 1.35217088 1.30810901]",1.08732390403748,1.30810901,"[-0.08689886 -0.08124149 -0.07472825]","[0.18780287 0.17358003 0.17969784]",-0.0868988633155822,0.173580029999982,"[0.25555712 0.25768048 0.26046628 0.26067203 0.260701  ]","[0.36232674 0.37138342 0.4019015  0.39915663 0.38476411]",0.255557119846344,0.362326739999986,"[0.30184203 0.30282444 0.30403489 0.30850583 0.31143898]","[0.4879143  0.48816164 0.48847793 0.49626012 0.4982215 ]",0.301842033863068,0.4879143,"[0.54576713 0.55553573 0.55993396 0.56038481 0.56225246]","[0.66989059 0.67067474 0.65027008 0.66180167 0.65072202]",0.54576712846756,0.650270079999999,0.196444709999994,"[0.02018613 0.02307284 0.02403373 0.02413404 0.02438921]","[0.21402272 0.22438628 0.20476404 0.19644471 0.21427161]",0.0201861262321472,3,"29895_0,0,1_0.128_False",,
"dcgat-agm003775051","(2, 1, 1)",0.0413958265450405,"Bi-0.125-In-0.75-Pb-0.125","False","[1.42159534 1.42208409 1.4238584  1.42619109 1.42630482]","[1.45167384 1.44607608 1.44755365 1.44347513 1.44743511]",1.42159533500671,1.44347513,"[-0.14591771 -0.14149958]","[0.01294784 0.00916139]",-0.14591771364212,0.0091613900000027,"[0.26317745 0.27411383 0.27572685 0.27602988 0.27621192]","[0.24941571 0.23729584 0.25469302 0.23272052 0.23865817]",0.263177454471588,0.232720519999987,"[0.37821358 0.38467771 0.39162606 0.39411622 0.39666361]","[0.39530501 0.39746835 0.45620333 0.45055063 0.40488784]",0.378213584423065,0.395305010000016,"[0.62115937 0.62960464 0.63036197 0.63148898 0.63873476]","[0.6955973  0.65912645 0.72614001 0.67303742 0.66743594]",0.621159374713898,0.659126450000002,0.0949333800000005,"[0.06207484 0.06601077 0.10892075 0.11403358 0.11714965]","[0.09493338 0.10546081 0.15452361 0.15009616 0.14548143]",0.0620748400688171,3,"23797_2,1,1_0.041_False",,
"dcgat-agm003300099","(1, 0, 1)",0.166720274260534,"In-0.889-Sn-0.111","False","[1.41254735 1.41338134 1.41411376 1.41642547 1.41660357]","[1.60630115 1.60707297 1.60453329 1.60025563 1.6016993 ]",1.41254734992981,1.60025562999996,"[-0.1268813]","[-0.00535555]",-0.126881301403046,-0.0053555499999902,"[0.40937799 0.4130463  0.41411895 0.41534919 0.41563946]","[0.52954852 0.52273773 0.51778795 0.5319908  0.53972395]",0.409377992153168,0.517787950000013,"[0.3903721  0.39461428 0.39676934 0.39758724 0.39910728]","[0.53015414 0.54203277 0.54357562 0.53465975 0.52570343]",0.390372097492218,0.525703429999993,"[0.65364605 0.65381986 0.65554148 0.65568084 0.6558786 ]","[0.65985732 0.72335055 0.66492076 0.72363349 0.66618813]",0.653646051883698,0.659857319999986,0.215700699999985,"[0.11171919 0.11199284 0.11258304 0.11324072 0.11397922]","[0.21578938 0.21587051 0.21610442 0.2157007  0.21623661]",0.111719191074371,2,"17908_1,0,1_0.167_False",0.264007783350665,0
"dcgat-agm003300287","(1, 1, 2)",0.0831754149858798,"In-0.111-Pb-0.889","True","[1.64974165 1.65095878 1.65731597 1.65831184 1.66327572]","[1.60955406 1.70280632 1.7162884  1.70478682 1.68603991]",1.64974164962769,1.60955405999999,"[-0.14368856]","[0.01008457]",-0.143688559532166,0.0100845699999894,"[0.3334102  0.33664459 0.33677965 0.34181255 0.34388989]","[0.47991532 0.47048714 0.47450801 0.47479429 0.46390208]",0.333410203456879,0.463902079999997,"[0.35563332 0.35730356 0.36189789 0.36710018 0.36750942]","[0.40368214 0.37704566 0.42016431 0.37390845 0.40190986]",0.355633318424225,0.373908449999988,"[0.60344595 0.60351676 0.60471302 0.60522908 0.60759097]","[0.66830032 0.67476037 0.67362404 0.66113878 0.6698285 ]",0.603445947170258,0.661138780000002,0.180296319999997,"[0.19175076 0.19950789 0.20304179 0.2035653  0.20621407]","[0.18029632 0.18242435 0.19729625 0.19250319 0.26971996]",0.191750764846802,2,"33286_1,1,2_0.083_True",,
"dcgat-agm003297264","(2, 1, 0)",0.0555555555555555,"Pb-0.8-Sn-0.2","True","[1.42354107 1.43247104 1.43591261 1.44045329 1.44427419]","[1.51913667 1.5169412  1.52443549 1.34654181 1.34057029]",1.42354106903076,1.34057028999996,"[-0.12834609 -0.12388247]","[0.0884471  0.08550513]",-0.128346085548401,0.0855051300000013,"[-1.03242373  0.35236496  0.355766    0.36039799  0.36360353]","[1.58724503 0.44793729 0.45022641 0.44337622 0.45398215]",-1.03242373466492,0.443376220000005,"[0.42988223 0.43371147 0.43708473 0.43946773 0.44239873]","[0.558554   0.51326233 0.48236059 0.53605157 0.55620442]",0.429882228374481,0.482360589999985,"[0.39073831 0.52744955 0.60122722 0.63002461 0.63351744]","[0.93094929 0.97202108 1.02990634 0.66569372 0.66327187]",0.390738308429718,0.66327186999996,0.310449960000028,"[0.22940093 0.23281896 0.23662484 0.23871309 0.24013364]","[0.31044996 0.32752413 0.32786587 0.32233513 0.32639032]",0.229400932788849,2,"18380_2,1,0_0.056_True",,
"dcgat-agm002088935","(0, 1, 1)",0.426644038954011,"In-0.5-Sn-0.5","True","[1.19429207 1.19658208 1.19688535 1.19698048 1.19788051]","[1.23453579 1.23776958 1.24022658 1.23815018 1.23769676]",1.19429206848145,1.23453579000002,"[-0.15296954]","[0.00967647]",-0.152969539165497,0.0096764700000164,"[0.22709477 0.23878419 0.25282127 0.25624758 0.25854188]","[0.41849657 0.37956181 0.37796452 0.37613162 0.38490293]",0.227094769477844,0.376131619999967,"[0.37893945 0.38345593 0.38368565 0.38445979 0.38487011]","[0.45353214 0.483987   0.43785524 0.48169038 0.44466602]",0.37893944978714,0.437855240000005,"[0.59081024 0.59136742 0.59216088 0.59312266 0.59319276]","[0.66974781 0.67278309 0.68117504 0.66913646 0.66375414]",0.590810239315033,0.663754140000009,0.231597169999986,"[0.22373962 0.22443724 0.22544467 0.23246962 0.23266608]","[0.23159717 0.23504375 0.23193165 0.24588804 0.24446855]",0.223739624023438,2,"32956_0,1,1_0.427_True",0.252525281534351,0.301235045593615
"dcgat-agm003299811","(1, 1, 0)",0.0625,"Pb-0.125-Tl-0.875","False","[1.93859315 1.93866944 1.93890429 1.93944073 1.94079447]","[2.0992697  2.09476293 2.09722923 2.10207745 2.09728727]",1.93859314918518,2.09476293,"[-0.16479558]","[-0.00751203]",-0.164795577526093,-0.0075120300000151,"[0.43481475 0.44500858 0.44779652 0.47556859 0.56541818]","[0.58308847 0.56518227 0.56961639 0.57170193 0.66978087]",0.434814751148224,0.565182270000008,"[0.474796   0.47690493 0.47943658 0.48561925 0.4860217 ]","[0.54608039 0.57890208 0.55638465 0.57752494 0.55636723]",0.474795997142792,0.546080390000014,"[0.60790044 0.61152881 0.61313373 0.61328393 0.61378294]","[0.66634918 0.66683563 0.66546839 0.66694937 0.66796633]",0.607900440692902,0.665468389999987,0.314174650000012,,,,2,"28062_1,1,0_0.062_False",,
"dcgat-agm003770662","(2, 1, 0)",0.0833333333333333,"In-0.125-Pb-0.75-Tl-0.125","False","[1.72920752 1.72941661 1.79933405 1.80013728 1.80210948]","[1.80778446 1.80304508 1.84539805 1.83833344 1.83193329]",1.72920751571655,1.80304507999998,"[-0.15308541]","[-0.00277797]",-0.15308541059494,-0.002777970000011,"[0.39571291 0.39794987 0.40068692 0.40125006 0.40257376]","[0.45758782 0.45336617 0.44741312 0.45696147 0.44730023]",0.395712912082672,0.447300229999996,"[0.38003486 0.38550812 0.3864885  0.38729268 0.38898712]","[0.51096053 0.40430935 0.38157409 0.37825289 0.38145234]",0.380034863948822,0.37825288999997,"[0.64810961 0.64866871 0.65025455 0.65373808 0.65377253]","[0.66832451 0.67348743 0.67284696 0.6722844  0.68233521]",0.648109614849091,0.668324509999991,0.253092449999997,"[0.24588889 0.25177926 0.25206202 0.25312871 0.25561565]","[0.25499389 0.29839567 0.25309245 0.30431084 0.25867058]",0.245888888835907,3,"21783_2,1,0_0.083_False",,
"dcgat-agm003297546","(2, 1, 2)",0.568102991213238,"In-0.2-Pb-0.8","False","[1.61722541 1.62021756 1.62988234 1.6366601  1.63952851]","[1.85237397 1.821754   1.82297461 1.8787055  1.84657455]",1.61722540855408,1.821754,"[-0.13970655]","[0.05325456]",-0.139706552028656,0.0532545599999707,"[-1.07532406  0.20075989  0.20100617  0.20319152  0.20330083]","[1.50375529 0.36704291 0.36230938 0.37058753 0.36117301]",-1.07532405853271,0.361173009999959,"[0.2884869  0.29159528 0.30336004 0.30446094 0.30538195]","[0.49583065 0.48724017 0.503908   0.50358113 0.43498957]",0.288486897945404,0.434989570000027,"[0.28854376 0.30834204 0.41239637 0.43382639 0.50291377]","[0.80343625 0.77333905 0.70883508 0.67548871 0.66841449]",0.28854376077652,0.668414489999975,0.204616439999995,"[0.14577419 0.15443349 0.15546387 0.16009372 0.16600007]","[0.20461644 0.27380929 0.28782767 0.28756683 0.28146444]",0.145774185657501,2,"26897_2,1,2_0.568_False",,
"dcgat-agm003266814","(1, 0, 1)",0.5,"Au-0.111-Cd-0.889","True","[1.12995315 1.13348484 1.16202068 1.16376495 1.18045306]","[1.97551033 1.95294642 2.0196574  1.94520601 1.94011749]",1.12995314598084,1.94011749,"[-0.66804051 -0.64628071]","[0.32851586 0.35054884]",-0.66804051399231,0.328515860000003,"[-0.51204544 -0.30418009 -0.29722363 -0.28934634 -0.28076112]","[1.76742377 0.64367449 0.57573828 0.62945781 0.56249097]",-0.512045443058014,0.562490969999999,"[-0.270138   -0.25471205 -0.25011539 -0.1966821  -0.19574696]","[0.539312   0.45944332 0.65385007 0.76118834 0.60080688]",-0.270137995481491,0.459443319999991,"[-0.15050995 -0.12560368 -0.12249124 -0.1006093  -0.09988356]","[0.67113441 0.73948907 0.96193841 0.91259937 0.88513662]",-0.15050995349884,0.671134410000001,0.510526930000005,"[-0.52041841 -0.46568218 -0.46082702 -0.46026468 -0.46020979]","[0.57520023 0.6484806  0.51052693 0.63088934 0.63697654]",-0.520418405532837,2,"18799_1,0,1_0.5_True",0.325833952736998,0.0255996492183872
"mp-972351","(3, 2, 3)",0.0333333333333332,"Tl-1.0","True","[2.0547595  2.05896521 2.05898118 2.05954123 2.06974268]","[2.05976546 2.05956701 1.99879676 1.99300874 1.99883357]",2.05475950241089,1.99300873999999,"[-0.17466486]","[0.02019307]",-0.174664855003357,0.0201930700000332,"[-1.6415143  -1.51328993 -1.26153708 -1.18013597 -1.12028146]","[1.49492796 1.6279551  1.28433853 1.53383583 1.7206097 ]",-1.64151430130005,1.28433853000001,"[0.42509884 0.42837077 0.43571395 0.43824714 0.45232636]","[0.4947164  0.45748612 0.48408138 0.46017129 0.45346589]",0.425098836421967,0.453465890000018,"[0.62962717 0.65230531 0.67033809 0.67458206 0.69111997]","[0.68482627 0.68744355 0.7937612  0.7392868  0.78445085]",0.629627168178558,0.684826270000031,0.227177949999998,"[0.15696603 0.17102247 0.17347723 0.18329102 0.18346572]","[0.22717795 0.25013288 0.26269728 0.27603912 0.25316936]",0.156966030597687,1,"219_3,2,3_0.033_True",0.196088796829805,0
"dcgat-agm003194050","(2, -1, 2)",0.0496489489652723,"Bi-0.2-In-0.8","True","[1.41146731 1.41292238 1.41313291 1.41420794 1.41561699]","[1.59591828 1.59302191 1.59951823 1.60723615 1.59955879]",1.41146731376648,1.59302191,"[-0.15482914]","[0.01635613]",-0.154829144477844,0.0163561300000196,"[-1.78894353  0.29878336  0.30135912  0.30530709  0.30934888]","[1.62760291 0.36475755 0.4370346  0.43296212 0.4432547 ]",-1.78894352912903,0.364757549999979,"[0.33260876 0.35094231 0.35358924 0.35392576 0.35419828]","[0.41301455 0.38420349 0.44153526 0.44073098 0.46566257]",0.332608759403229,0.384203490000033,"[0.59436327 0.59652299 0.59993881 0.60265785 0.60267192]","[0.6957057  0.68488172 0.69494724 0.69431776 0.68592495]",0.594363272190094,0.684881719999993,0.157501870000004,"[0.01170456 0.01345462 0.01695472 0.01756215 0.02663422]","[0.17345648 0.15750187 0.16575703 0.16171011 0.16462316]",0.0117045640945434,2,"21449_2,-1,2_0.05_True",,
"dcgat-agm003195041","(2, 1, 1)",0.0337411600619357,"In-0.4-Pb-0.6","False","[1.56209135 1.56236124 1.56358361 1.56380177 1.56432867]","[1.74632904 1.74787455 1.76805828 1.7534184  1.75261022]",1.56209135055542,1.74632903999999,"[-0.15743876]","[0.01678902]",-0.1574387550354,0.0167890200000044,"[0.28702551 0.29139882 0.29558653 0.29832917 0.30080873]","[0.37998014 0.38675595 0.41732646 0.39685116 0.39370442]",0.287025511264801,0.379980139999987,"[0.34286743 0.36167532 0.3704266  0.37986535 0.38238758]","[0.41231744 0.43699703 0.43198163 0.41201485 0.48485589]",0.342867434024811,0.412014849999991,"[0.60282904 0.60851246 0.6088025  0.61530858 0.61787814]","[0.70013596 0.69594615 0.69121619 0.91605615 0.69696577]",0.602829039096832,0.691216190000006,0.183384759999996,"[0.08956951 0.09279561 0.09317684 0.09416813 0.0960936 ]","[0.21955955 0.19191276 0.19854572 0.18338476 0.19772365]",0.0895695090293884,2,"27427_2,1,1_0.034_False",,
"dcgat-agm003299683","(2, 2, 1)",0.0249999999999999,"Cd-0.125-In-0.875","False","[1.47504592 1.47788095 1.47792029 1.47865844 1.48291373]","[1.4993533  1.4973546  1.49846468 1.50158032 1.4969653 ]",1.47504591941834,1.4969653,"[-0.16356927 -0.14934182]","[0.00696458 0.01735515]",-0.163569271564484,0.0069645799999875,"[0.28757054 0.29135531 0.29207546 0.29247421 0.29313928]","[0.3579117  0.35834932 0.35689942 0.37709069 0.3528642 ]",0.287570536136627,0.352864199999999,"[0.32341915 0.3256256  0.3413685  0.34212393 0.3423298 ]","[0.34775697 0.34902705 0.38486388 0.40401388 0.4018316 ]",0.323419153690338,0.347756969999978,"[0.60951537 0.61061746 0.6134885  0.61704332 0.61832052]","[0.72218734 0.72870003 0.70022659 0.69512336 0.71906007]",0.609515368938446,0.695123359999968,0.102439780000054,"[0.08499229 0.0890218  0.08944041 0.08978099 0.09129322]","[0.10243978 0.10390564 0.10654582 0.10719186 0.10719332]",0.0849922895431518,2,"20005_2,2,1_0.025_False",0.262760040816351,0
"dcgat-agm003264676","(0, 1, 2)",0.0625000000000001,"In-0.375-Pb-0.625","True","[1.59935021 1.60009122 1.60265398 1.60363483 1.60379052]","[1.8804527  1.77910785 1.88715743 1.76023347 1.8861309 ]",1.59935021400452,1.76023347,"[-0.1400007]","[0.06721095]",-0.140000700950623,0.0672109500000033,"[-1.55802011  0.21213019  0.21387744  0.21409011  0.21448493]","[1.63074185 0.3543925  0.36233715 0.36854771 0.36215563]",-1.55802011489868,0.354392500000017,"[0.29507619 0.29604405 0.29693514 0.2970838  0.29735559]","[0.45384147 0.4587557  0.49091225 0.48267737 0.49811206]",0.295076191425324,0.453841469999986,"[0.5487811  0.55189639 0.55253369 0.55750233 0.56071562]","[0.70428378 0.70459858 0.7080384  0.70205882 0.69570157]",0.548781096935272,0.695701570000011,0.170853120000004,"[0.14462686 0.1541962  0.15755129 0.1612128  0.16306031]","[0.18458294 0.17085312 0.17986577 0.17923491 0.18189509]",0.14462685585022,2,"24763_0,1,2_0.063_True",,
"dcgat-agm003266911","(1, 0, 0)",0.251325409095914,"Cd-0.111-In-0.889","True","[1.50209141 1.52442002 1.52485204 1.5260663  1.52998853]","[1.5675413  1.6782639  1.67603145 1.67415067 1.6781126 ]",1.50209140777588,1.5675413,"[-0.13817638]","[-0.00359946]",-0.138176381587982,-0.0035994600000037,"[0.32272869 0.32522863 0.32598478 0.32759434 0.32781285]","[0.40899174 0.40868584 0.41138732 0.41270348 0.40988756]",0.32272869348526,0.408685840000004,"[0.34472066 0.3704465  0.37044996 0.37194282 0.38192362]","[0.35662104 0.35903185 0.36446387 0.34996213 0.4800169 ]",0.344720661640167,0.349962130000009,"[0.65537626 0.65582877 0.65680903 0.65722233 0.65733498]","[0.76610551 0.77121547 0.71066365 0.76960416 0.70351069]",0.655376255512238,0.703510690000016,0.043179649999999,"[0.07353467 0.07449484 0.07766539 0.07772273 0.07794195]","[0.06167517 0.04317965 0.06310286 0.04465417 0.0465066 ]",0.0735346674919128,2,"21881_1,0,0_0.251_True",0.276455598122567,0.0238410462069018
"dcgat-agm003300316","(1, 0, 0)",0.25061168016912,"Bi-0.111-Pb-0.889","True","[1.92433643 1.92473006 1.9257524  1.92654014 1.92758846]","[1.94682408 1.95436269 1.94803809 1.94598524 1.94782202]",1.92433643341064,1.94598524,"[-0.13717616 -0.13180375]","[-0.00638998 -0.00384648]",-0.137176156044006,-0.0063899799999944,"[0.40959448 0.41660911 0.41711503 0.41834408 0.41870171]","[0.48016698 0.48487161 0.47678887 0.48609289 0.48006136]",0.409594476222992,0.476788870000007,"[0.37543184 0.3761     0.37668294 0.38067144 0.39452344]","[0.45338653 0.42673822 0.40664361 0.41153623 0.42452065]",0.375431835651398,0.406643610000003,"[0.68547314 0.68630487 0.68907422 0.6949597  0.69614118]","[0.72687388 0.71348504 0.72844533 0.70550247 0.71081878]",0.685473144054413,0.705502470000013,0.303883560000003,"[0.21582162 0.22557032 0.22633088 0.22835571 0.23032796]","[0.31109112 0.30388356 0.31339461 0.31655109 0.31695787]",0.215821623802185,2,"24489_1,0,0_0.251_True",,
"dcgat-agm003770665","(1, 1, 2)",0.122443335349725,"Hg-0.125-Pb-0.75-Tl-0.125","True","[1.81176281 1.93001962 1.93245125 1.95722938 1.96783638]","[1.99274011 2.15637242 2.16868155 2.19588031 2.11989154]",1.81176280975342,1.99274011000003,"[-0.14485395]","[0.01064052]",-0.144853949546814,0.0106405200000097,"[0.42101818 0.42139679 0.42698771 0.42783648 0.42836469]","[0.49513368 0.49675301 0.51285133 0.50299077 0.48738874]",0.421018183231354,0.48738874,"[0.46486682 0.48274082 0.48320919 0.51529258 0.51705354]","[0.57359622 0.58907978 0.57650014 0.59822428 0.59303494]",0.464866816997528,0.573596220000042,"[0.69761783 0.69774824 0.69841844 0.69953829 0.70008999]","[0.73821595 0.73071941 0.73190963 0.73492818 0.73435516]",0.697617828845978,0.730719410000006,0.347707620000023,"[0.32480222 0.32550102 0.32569987 0.3268674  0.33220166]","[0.34770762 0.34992514 0.34888781 0.35255668 0.35568016]",0.324802219867706,3,"17512_1,1,2_0.122_True",,
"dcgat-agm003642496","(1, 0, 0)",0.25,"In-0.4-Pb-0.5-Sn-0.1","False","[1.66888499 1.67713308 1.67870665 1.68667078 1.68915081]","[1.96580539 1.97344816 1.98601547 1.71284124 1.73244753]",1.66888499259949,1.71284123999999,"[-0.13169223]","[0.04108342]",-0.131692230701447,0.0410834200000067,"[0.43540055 0.43683261 0.43739134 0.45004076 0.4553116 ]","[0.58252016 0.58315077 0.58471085 0.58749734 0.5985013 ]",0.435400545597076,0.582520160000001,"[0.38858491 0.41522509 0.43074244 0.44847709 0.45061392]","[0.5211439  0.51821575 0.52566196 0.6410204  0.6171119 ]",0.388584911823273,0.518215749999996,"[0.65318173 0.65505785 0.65532428 0.65573162 0.65588599]","[0.75935395 0.7440539  0.77148985 0.7594015  0.77376922]",0.653181731700897,0.744053900000012,0.341269030000007,"[0.22637177 0.23615533 0.23838705 0.24021739 0.24122798]","[0.34565756 0.34126903 0.36139178 0.34645315 0.35560443]",0.226371765136719,3,"22192_1,0,0_0.25_False",,
"dcgat-agm003264841","(1, 1, 0)",0.0625,"Pb-0.875-Tl-0.125","True","[1.94133759 1.94872403 1.94914532 1.95206904 1.95287824]","[2.12936641 2.13566073 2.13943209 2.13749672 2.13857645]",1.94133758544922,2.12936641000002,"[-0.15135276 -0.14634389 -0.14343411]","[0.00435739 0.00921687 0.00938701]",-0.151352763175964,0.0043573899999955,"[0.36545986 0.36646754 0.36701399 0.37314957 0.37360734]","[0.40420391 0.4023623  0.40532806 0.42824828 0.40544261]",0.365459859371185,0.402362299999993,"[0.34912962 0.34937459 0.35040075 0.36822754 0.37322313]","[0.42356133 0.40992539 0.41166523 0.41565598 0.51054976]",0.349129617214203,0.409925390000012,"[0.71484333 0.7258777  0.72599238 0.72697097 0.72798711]","[0.82653918 0.80389892 0.80091409 0.79748811 0.79769313]",0.714843332767487,0.797488109999989,0.32552025999999,,,,2,"22770_1,1,0_0.062_True",,
"mp-19717","(1, 1, 0)",0.125,"Pb-0.5-Te-0.5","True","[2.34038281 2.34178424 2.34786081 2.35082698 2.69271803]","[2.35894279 2.35995765 2.36234177 2.36205984 2.79534912]",2.34038281440735,2.35894279,"[-0.18850368 -0.18567622 -0.17410213 -0.16388398 -0.15086997]","[-0.06759838 -0.07186059 -0.0749236  -0.0709602  -0.05951638]",-0.188503682613373,-0.0749236000000053,"[0.80727643 0.80845135 0.81221086 0.81354564 0.81652218]","[0.79020399 0.82553161 0.91338083 0.7789357  0.80746429]",0.807276427745819,0.778935699999991,"[0.78037602 0.78979236 0.79060143 0.79081053 0.79494923]","[0.74477823 0.74130811 0.73842003 0.73689353 0.74970993]",0.780376017093658,0.736893529999975,"[1.09545541 1.09802008 1.09812164 1.09838104 1.09866047]","[0.95462011 0.95188167 0.95163233 0.95582964 0.95257826]",1.09545540809631,0.951632329999995,0.419292580000004,"[0.43614298 0.43848473 0.43933839 0.44082218 0.44148332]","[0.41940561 0.42015504 0.41929258 0.41992028 0.42007531]",0.436142981052399,2,"2834_1,1,0_0.125_True",,
"dcgat-agm003288477","(1, 0, 1)",0.214794461352413,"Au-0.286-Tl-0.714","True","[2.09081292 2.16407609 2.16610765 2.16767836 2.16918802]","[2.73441616 2.80361864 2.78403158 2.78112343 2.76324338]",2.09081292152405,2.73441616000002,"[-0.11992449 -0.11630821 -0.10384566 -0.08374113  0.17148006]","[0.58045597 0.5577722  0.55708634 0.64618194 0.6990509 ]",-0.119924485683441,0.557086340000012,"[-1.97390532 -0.48680505  0.19366014  0.41670078  0.50831074]","[2.09847667 1.65351149 0.84652752 0.85836831 1.09479519]",-1.97390532493591,0.846527519999995,"[0.43206304 0.43785495 0.4388786  0.44312328 0.44637448]","[0.99536175 1.07592899 0.94385068 0.92538053 0.99872779]",0.432063043117523,0.925380530000041,"[0.36860901 0.38626975 0.38883656 0.38897377 0.39056855]","[1.0056583  1.04098059 1.03207586 1.05173899 1.04142639]",0.368609011173248,1.00565830000002,0.721100190000016,"[0.14927697 0.16016394 0.19145793 0.19312131 0.19321048]","[0.72110019 0.8324134  0.78773355 0.78531431 0.7876317 ]",0.149276971817017,2,"28122_1,0,1_0.215_True",0.183212184151097,0.391312179826201
"dcgat-agm003261624","(2, 2, 1)",0.025,"In-0.875-Pb-0.125","True","[1.45880175 1.46062851 1.46442461 1.46511388 1.46804309]","[1.53826542 1.53687425 1.54003287 1.53462653 1.53747723]",1.45880174636841,1.53462652999997,"[-0.15679771]","[-0.00989245]",-0.156797707080841,-0.0098924500000521,"[0.28588039 0.28779012 0.28845519 0.29411656 0.29682678]","[0.35210517 0.33694174 0.35982749 0.34381654 0.35994425]",0.285880386829376,0.336941739999986,"[0.31564158 0.31880742 0.32242066 0.32315713 0.32335001]","[0.41560647 0.4169538  0.41028275 0.4128079  0.43799258]",0.315641582012177,0.410282749999965,"[0.32141763 0.32838482 0.36784548 0.38168591 0.40387589]","[1.07294597 1.05674841 1.07288292 1.11960667 1.05557541]",0.321417629718781,1.05557540999996,0.128570560000014,"[0.06870002 0.06900626 0.06917989 0.06924921 0.06938803]","[0.13563524 0.12857056 0.14553815 0.13188007 0.1327488 ]",0.0687000155448913,2,"21452_2,2,1_0.025_True",,
"mp-121","(3, 3, 1)",0.0277777777777777,"Hg-1.0","True","[4.68400192 4.68884611 4.69462538 4.70267296 4.70607662]","[4.65621564 4.66242278 4.66240478 4.71096225 4.70242165]",4.68400192260742,4.65621564,"[-0.0864839  -0.00540864]","[-0.06653829 -0.02305613]",-0.086483895778656,-0.0665382900000004,"[1.28600836 1.29016638 1.29337668 1.29585481 1.29921198]","[1.3229498  1.34053866 1.34327954 1.32511148 1.33017445]",1.28600835800171,1.3229498,"[1.47260737 1.47740746 1.48044825 1.48612332 1.48620319]","[1.47554273 1.45158924 1.47375125 1.47507015 1.48754925]",1.47260737419128,1.45158924,"[1.48322773 1.48843479 1.49596453 1.50825953 1.51653266]","[1.44321038 1.49060799 1.48340506 1.43388578 1.47224152]",1.48322772979736,1.43388578,1.83013847,"[1.832582   1.84980321 1.85140276 1.85243201 1.85294223]","[1.89481369 1.87357792 1.83325928 1.83013847 1.84538575]",1.83258199691772,1,"182_3,3,1_0.028_True",0.0019442339877192,0
"oqmd-1338871","(2, 2, -1)",0.076,"Ag-0.7-Au-0.3","False","[2.00773382 2.00985527 2.0103724  2.01074696 2.01209188]","[3.4315199  3.4362095  3.4319849  3.42808067 3.43954465]",2.0077338218689,3.42808067000001,"[-0.42269292 -0.42082512 -0.41691217 -0.41512898 -0.41387159]","[1.26494017 1.26366744 1.26619684 1.27522427 1.26864149]",-0.42269292473793,1.26366744000001,"[-0.15110159 -0.14971578 -0.14362067 -0.14283603 -0.14270675]","[1.43969173 1.44789179 1.43866187 1.4344658  1.43143625]",-0.151101589202881,1.43143624999999,"[0.16290653 0.18538475 0.19751728 0.19766921 0.203399  ]","[1.77366921 1.72151189 1.70978295 1.74264516 1.8015029 ]",0.162906527519226,1.70978295,"[0.10480791 0.2341702  0.23470801 0.23517752 0.23656666]","[1.98905599 1.83549462 1.83568242 1.83360794 1.83935708]",0.104807913303375,1.83360794000001,0.387297810000007,"[0.36161977 0.36260921 0.3630119  0.36304373 0.36359566]","[0.38729781 0.39195058 0.38834864 0.38856703 0.38928365]",0.361619770526886,2,"13092_2,2,-1_0.076_False",0.705885078387832,0
