"vo_avg s valence electrons","vo_avg p valence electrons","vo_avg d valence electrons","vo_avg f valence electrons","PymatgenData mean Z","PymatgenData mean ionization_energy","PymatgenData mean electron_affinity","band center","PymatgenData mean atomic_radius","PymatgenData mean max_oxidation_state","PymatgenData mean X","PymatgenData mean mendeleev_no","PymatgenData mean row","PymatgenData mean group","PymatgenData mean atomic_mass","min_diff_X_all_atoms","target_H_min_sp_e"
1.25,0,10,3.5,50.75,8.44305475,1.0743890625,4.80690738232397,1.475,3.25,2.0125,72,5,11.25,119.52799225,0.28,-2.38505481
0.5,0,10,0,46.5,8.50108425,0.2416059,4.45955010181819,1.4375,3.5,2.0725,70.5,5,10.5,107.91775,0.51,-1.70927104
1.333,0,2.997,1.554,19.87,12.0621231380012,0.51681853205,6.26092856043604,0.6607,1.777,2.08678,92.677,2.443,4.33,46.96362498,0,-1.28410412
0.5,0,10,0,42,8.6011785,0.2666059,4.50833427979039,1.3875,3.5,2.0625,70.75,4.75,10.5,96.16725,0.55,-1.05854431999998
1.25,0,10,7,63.25,8.7552905,1.300423375,5.07645113043537,1.4625,3.75,2.175,71.5,5.5,11.25,153.5530845,0.24,-0.984523969999998
2,0,4,7,49,7.4918045,-0.095570385,3.90612121084193,1.425,6,1.525,56,5,6,117.9429625,0.05,-0.952789530000018
2,0,4,7,58,7.3344755,0.440429615,4.00745612409171,1.4,6,1.7,55.5,5.5,6,139.47394,0.4,-0.888748269999951
1,0,4.438,0,41.438,6.90495804,0.842872978,3.86624510616967,1.45,5.438,1.84528,54.314,5,5.438,94.23510556,0.56,-0.869432019999863
1,0,4.5,0,37,6.84416,0.8144950675,3.82110497039227,1.4375,5.5,1.755,54.75,4.75,5.5,83.437215,0.0599999999999998,-0.833640289999948
1.25,0,10,0,36,8.99768775,-0.17669705,4.60187013097199,1.36875,2.75,1.85625,73.375,4.375,11.25,80.788125,0.55,-0.822193190000007
2,0,4,0,24,7.0901125,0.00383099999999997,3.67618164779775,1.375,6,1.59,57,4,6,52.9397725,0.0799999999999999,-0.811013669999966
1.75,0,4,3.5,45.25,7.12211175,0.703392455,3.93319640339008,1.375,5.75,1.8725,55.25,5,5.75,106.42197,0.0299999999999998,-0.808246230000009
1.25,0,4,3.5,49.25,7.035145,0.892180455,3.96131152097652,1.425,5.25,1.79,53.5,5.25,5.25,115.639785,0.76,-0.80689762999998
1.5,0,4.5,3.5,50,7.2086725,0.758286455,4.00772471474828,1.4,6,2.005,55.75,5.25,6,117.671595,0.2,-0.748739320000027
0.4,0,10,2.8,52.8,8.756972,0.34571296,4.5917427643993,1.42,4,2.16,70,5.2,10.4,125.254,0.2,-0.665186360000007
2,0.5,4.25,0,22.75,7.7251915,0.2529441875,4.09578226521093,1.3125,5.75,1.72,67.25,3.75,9.25,49.22369625,0.02,-0.641915530000006
0.625,0,10,1.75,50.625,8.067625875,1.15161573125,4.58992379989296,1.49375,3.625,2.1075,70.125,5.125,10.625,118.462421125,0.27,-0.6412105
1.5,0.25,7.25,0,36,7.038585,0.4684275375,3.79336373883071,1.325,6.5,1.94,66.25,4.5,9,81.70026125,0.26,-0.615575970000066
0.25,0,10,3.5,54.25,8.55901775,0.9987584625,4.74569880728864,1.3875,4.25,2.285,69.25,5.25,10.25,129.05664225,0.34,-0.611460109999996
1.75,0,5.25,0,29.5,7.26829075,0.1576385,3.83337275233509,1.375,6.25,1.7525,59.75,4.25,7,65.9307725,0.0799999999999999,-0.60845446999997
0.583,0,10,0,46.583,7.893406285,0.9949206394,4.44250197455061,1.5166,3.417,2.04259,70.166,5,10.583,107.2643006,0.27,-0.59390510999998
0.375,0,10,5.25,58.375,8.670107125,1.21706709375,4.90247007828682,1.38125,4.375,2.3275,69.375,5.375,10.375,140.374963375,0.34,-0.586755399999987
1.111,0.222,9.111,12.446,74.892,8.779574768,2.0126581372,5.40448435823652,1.3611,5.778,2.24448,69.665,5.889,10.444,186.606486,0.32,-0.577711739999984
1.8,0.8,9,0,47.6,6.04757056,0.3886476,3.20102364140911,1.53,3.6,1.856,74.4,5,11.6,111.0424,0.38,-0.561804249999995
0.8,0,9.2,11.2,71.6,8.8344318,1.81251224,5.32677075325893,1.36,5.6,2.264,68.2,5.8,10,177.3512,0.0799999999999996,-0.555741600000033
1,0,7.5,0,44.5,7.4097,1.094582,4.25166450222441,1.325,7,2.24,63.5,5,8.5,101.98775,0.0799999999999996,-0.546993810000004
0.583,0,10,8.162,65.239,8.854959845,1.58033265615,5.1748998070227,1.37085,4.583,2.39822,69.583,5.583,10.583,159.208649727,0.34,-0.542971520000009
1.667,0,9.334,9.338,68.345,9.445628868,0.033743036,4.89249683501762,1.45005,4.666,2.09324,71.003,5.667,11.001,168.0610615,0.28,-0.535114339999993
0.375,0,10,1.75,50.375,8.530051,0.62018218125,4.6004001564258,1.4125,3.875,2.17875,69.875,5.125,10.375,118.487196125,0.34,-0.534817910000015
0.5,0,10,3.5,54.5,8.86200525,0.2916059,4.62864938821738,1.425,4,2.15,70.25,5.25,10.5,129.9625,0.2,-0.534263089999996
0.3,0,10,4.2,55.9,8.6034535,1.086081915,4.80779657393507,1.385,4.3,2.302,69.3,5.3,10.3,133.5839707,0.34,-0.534228689999992
1,0,7,0,44,7.3605,1.046272,4.20553482587065,1.3,8,2.2,62,5,8,101.07,0,-0.532744400000013
0.3,0,10,0,46.3,8.1086575,0.78484074,4.44470213727921,1.46,3.7,2.119,69.6,5,10.3,106.85446,0.27,-0.532319540000003
2,0,6.448,1.932,33.348,7.835271418,0.61624678888,4.2474812518006,1.3638,5,1.82756,62.344,4.276,8.448,75.77122153,0.38,-0.532189600000038
0.25,0,10,1.75,50.25,8.35285275,0.87324130625,4.59293619849412,1.41875,4,2.20875,69.375,5.125,10.25,117.919346125,0.27,-0.527977219999997
0.334,0,10,0,46.334,8.446554827,0.3480236196,4.45539140521941,1.42505,3.666,2.11483,70.002,5,10.334,107.420497,0.51,-0.527469930000052
1.5,0.25,8.25,0,37,7.199528,0.812301405,3.97037943458782,1.3375,5,2.0625,68.75,4.5,10,83.61679875,0.0699999999999998,-0.525751860000014
2,0,8,0,28,7.639878,1.1571612,4.40039386401327,1.35,4,1.91,67,4,10,58.6934,0,-0.525139239999962
0.25,0.125,10,0,46.375,8.0180285875,0.52924855,4.24108161074138,1.41875,3.875,2.1475,70.25,5,10.375,107.46975,0.42,-0.522901260000026
0.25,0,10,0,46.25,8.418961625,0.40187355,4.45328848249282,1.41875,3.75,2.13625,69.75,5,10.25,107.168875,0.51,-0.522788960000014
0.429,0,10,4.004,55.581,8.482244975,1.1677847957,4.78912940752989,1.4143,4.143,2.25863,69.572,5.286,10.429,132.523411334,0.27,-0.518520500000022
1.5,0,7,7,60.5,8.16376,1.30516456,4.74030520060284,1.325,7,2.2,64,5.5,8.5,146.6435,0,-0.517442139999957
0.125,0,9.875,1.75,50,8.414587875,0.757511675,4.57424665844134,1.39375,4.25,2.21,68.875,5.125,10,117.503,0.0799999999999996,-0.51343281000004
0.333,0,10,4.662,56.989,8.632781095,1.14371539365,4.84922555932937,1.38335,4.333,2.31322,69.333,5.333,10.333,136.572007477,0.34,-0.512343379999976
0.25,0,10,0,46.25,8.14668775,0.74772415,4.44509097185834,1.45,3.75,2.1325,69.5,5,10.25,106.78205,0.27,-0.511893179999987
0.222,0.333,10,1.554,50.107,8.220142147,0.60434572323,4.40900022892228,1.4222,4.111,2.18002,70.998,5.111,10.555,117.8042044,0.18,-0.510785529999993
1.125,0,7.875,1.75,49,7.647415,1.19553764,4.41680849930654,1.35,6,2.27,65.125,5.125,9,114.0694375,0.0799999999999996,-0.506688139999937
0.375,0,10,0,46.375,8.051612125,0.840515625,4.44411894918458,1.475,3.625,2.09875,69.75,5,10.375,106.963075,0.27,-0.505769579999992
1,0,8.25,3.5,53.25,7.8338825,1.38844525,4.58657124817058,1.35,6,2.28,65.75,5.25,9.25,125.950125,0,-0.505681900000013
0.333,0,10,3.108,53.437,8.449706575,1.0322561589,4.71036020829005,1.4111,4.111,2.24551,69.444,5.222,10.333,126.682088518,0.27,-0.50563446000001
1.75,0,7.5,3.5,39.75,8.150465,1.0279678525,4.56457194445547,1.35,5.25,1.98,65,4.5,9.25,92.97089625,0.4,-0.505361830000027
1,0.25,9.5,7,58.25,8.06345025,1.2783793375,4.56671929087122,1.35,4.75,2.1425,71.5,5.25,10.75,141.57775,0.0799999999999996,-0.504130459999999
0.455,0.182,10,3.822,55.373,8.0121156556,0.67700986573,4.27750659470571,1.48645,3.909,2.12538,70.729,5.273,10.637,132.489058379,0.34,-0.502442709999997
0.125,0,10,0,46.125,8.241763375,0.654932675,4.446063207134,1.425,3.875,2.16625,69.25,5,10.125,106.601025,0.27,-0.500047810000012
1,0,8.333,4.662,55.989,7.95837669,1.469968929,4.68648995272931,1.35,6,2.28,65.999,5.333,9.333,133.6009405,0,-0.497912240000005
0.25,0,10,1.75,50.25,8.599422125,0.42687355,4.53693386155951,1.4125,4,2.175,69.625,5.125,10.25,118.19125,0.2,-0.495706350000035
1.25,0,8.5,10.5,65.25,8.689375,1.7593926175,5.21404676947465,1.35,5.75,2.18,67,5.5,9.75,161.04629875,0.4,-0.494733329999974
0.334,0,10,0,43.328,8.513417786,0.3647236196,4.48789001045935,1.39165,3.666,2.10815,70.169,4.833,10.334,99.571163,0.55,-0.493782640000006
0.266,0,10,0,43.872,8.477467614,0.4049164204,4.47954204082689,1.39335,3.734,2.12685,69.931,4.867,10.266,100.965537,0.55,-0.492913270000031
0.444,0,10,3.108,53.548,8.607058621,0.8075396559,4.71715703746018,1.40555,4,2.21887,69.888,5.222,10.444,127.186339318,0.34,-0.491966649999995
1,0,8.5,7,61.5,8.208865,1.6339985,4.89417560498505,1.35,6,2.28,66.5,5.5,9.5,148.99475,0,-0.491678180000065
1,0.5,9.5,0,42.5,7.71650925,1.01322185,4.36147406736694,1.3875,4.5,2.085,72.25,4.75,11,97.895375,0.0600000000000001,-0.490469519999976
0.666,0,10,4.662,57.322,9.036360445,0.2017881804,4.69057046491381,1.4333,4,2.1334,70.665,5.333,10.666,137.77861,0.2,-0.486980799999998
0.25,0.25,10,1.75,50.5,8.2218191125,0.5364637,4.37332422433305,1.45,4,2.21625,70.625,5.125,10.5,119.0175,0.13,-0.486218789999953
1.125,0.125,8.25,0,43.25,7.27645025,1.03767626875,4.13439904091646,1.34375,5.625,2.22125,67,4.875,9.5,98.7576875,0.47,-0.485921409999946
1,0,8,0,45,7.4589,1.142892,4.29830016583748,1.35,6,2.28,65,5,9,102.9055,0,-0.483651750000035
0.334,0.167,10,2.338,51.845,7.9646708661,0.52171250233,4.19907099258385,1.4835,3.833,2.10314,70.503,5.167,10.501,122.7798711,0.58,-0.482676400000003
1.333,0,10,0,29.333,8.281763061,0.617807928,4.54926643117007,1.35,3.334,1.81675,73.332,4,11.333,64.166379,0.25,-0.482598179999997
0.625,0,10,8.75,66.625,8.892285875,1.65368435625,5.23172023071857,1.36875,4.625,2.4125,69.625,5.625,10.625,163.011605625,0.34,-0.482114349999961
0.5,0,10,0,46.5,7.9565365,0.9333071,4.4431471390662,1.5,3.5,2.065,70,5,10.5,107.1441,0.27,-0.477191900000037
0.75,0,10,5.25,58.75,9.124588375,0.15633825,4.72221897272286,1.4375,4,2.125,70.875,5.375,10.75,141.73375,0.2,-0.476427000000001
0.375,0,9.75,3.5,51.875,8.416029375,1.0370875,4.70906021661731,1.38125,4.5,2.1825,69.125,5.125,10.125,123.22675,0.0799999999999996,-0.475477269999999
1,0,9.25,10.5,68,8.935502,1.5865964,5.30318977612625,1.35625,5.25,2.19125,69.125,5.625,10.25,167.791625,0.0799999999999996,-0.474618020000037
0.376,0.188,10,2.632,52.58,7.9178712804,0.51662865412,4.16888477947795,1.494,3.812,2.09096,70.692,5.188,10.564,124.8371004,0.58,-0.472450790000039
1.125,0.375,8.25,0,45.75,7.602586125,1.13095564875,4.36445752896413,1.3625,5.875,2.25125,67.875,5,9.75,105.2623125,0.23,-0.472038020000014
1,0,8.833,11.662,72.489,8.70834169,1.961075429,5.33618033052989,1.35,6,2.28,67.499,5.833,9.833,179.6901905,0,-0.468201090000036
0,0,10,0,46,8.336839,0.5621412,4.44703565505804,1.4,4,2.2,69,5,10,106.42,0,-0.466260580000039
0.266,0.266,10,0,46.532,8.204780507,0.635281757,4.41730902570894,1.40665,4,2.16808,70.862,5,10.532,108.05457,0.24,-0.464996550000024
0.333,0,10,0,44.335,8.100223741,0.8017132104,4.4486339034514,1.43885,3.778,2.10676,69.777,4.889,10.333,101.9824864,0.03,-0.464658939999993
0.25,0,10,0,44,8.165456,0.739138025,4.44980857940658,1.41875,3.875,2.12875,69.625,4.875,10.25,101.241775,0.03,-0.463872560000027
0.125,0,10,1.75,50.125,8.447928375,0.78044983125,4.59394077064333,1.39375,4.125,2.2425,69.125,5.125,10.125,117.738321125,0.34,-0.461169810000058
1.125,0.25,8.25,0,45.625,7.44452725,1.139039275,4.2894919124573,1.3625,5.75,2.24,67.25,5,9.625,104.8810625,0.32,-0.460617889999867
0.455,0.182,10,1.274,49.549,7.9535241044,0.67317818515,4.24972995175104,1.42275,3.909,2.1545,70.911,5.091,10.637,116.188173779,0.34,-0.460156880000056
1,0,8.167,2.338,50.511,7.70938831,1.306921571,4.48878286878513,1.35,6,2.28,65.501,5.167,9.167,118.2993095,0,-0.458569610000041
0.5,0,10,3.5,54.5,8.3688665,1.1843414125,4.74362351906133,1.4375,4,2.2175,69.75,5.25,10.5,129.41869225,0.27,-0.457131800000013
1.6,0,7,8.4,63.8,8.324412,1.356943072,4.85515744976572,1.33,6.8,2.2,64.4,5.6,8.6,155.7582,0,-0.455695229999947
0.5,0.25,10,3.5,54.75,7.779701075,0.5016191975,4.08102375766385,1.525,3.75,2.055,71.25,5.25,10.75,130.910825,0.58,-0.455111220000049
1.167,0.167,10,11.662,73.99,8.6512078839,1.97300533825,5.18343845082358,1.3834,4.666,2.41308,71.503,5.833,11.334,183.247757977,0.76,-0.453496879999989
0.572,0.143,10,6.006,60.443,8.2723285969,1.02701276287,4.5606713449464,1.4572,4.143,2.2143,70.573,5.429,10.715,146.325070634,0.34,-0.453026280000017
1.5,0,8,0,36.5,7.549389,1.1500266,4.34904744460652,1.35,5,2.095,66,4.5,9.5,80.79945,0.37,-0.452313249999975
0.625,0.25,10,1.75,50.875,7.81030755,0.71466453125,4.17827891966924,1.43125,3.875,2.1375,71.625,5.125,10.875,119.837821125,0.34,-0.452292280000052
0.666,0,10,0,46.666,8.555613673,0.1351881804,4.46371268017635,1.44995,3.334,2.03017,70.998,5,10.666,108.415003,0.51,-0.450738080000008
1,0,8.625,8.75,65.625,8.39635625,1.756775125,5.05562962197332,1.35,6,2.28,66.875,5.625,9.625,160.5170625,0,-0.449476319999917
1,0,8.75,10.5,69.75,8.5838475,1.87955175,5.22240984743991,1.35,6,2.28,67.25,5.75,9.75,172.039375,0,-0.448067370000047
0.571428571428571,0,10,2,51.1428571428572,8.13782471428572,1.12977897857143,4.61186033253283,1.47857142857143,3.71428571428572,2.13285714285714,70,5.14285714285714,10.5714285714286,119.975881285714,0.27,-0.447818210000037
0.25,0,10,0,41.75,8.18422425,0.7305519,4.45453119378619,1.3875,4,2.125,69.75,4.75,10.25,95.7015,0.3,-0.44460341000007
0.334,0.334,10,0,46.668,8.171021193,0.653979343,4.40974168213289,1.40835,4,2.15992,71.338,5,10.668,108.47243,0.24,-0.443286750000027
0.444,0,10,0,46.444,7.99913038,0.8917365192,4.44358248372016,1.4888,3.556,2.08012,69.888,5,10.444,107.0630008,0.27,-0.440655980000003
1.5,0,7.5,7,61,8.21296,1.35347456,4.79230066700029,1.35,6,2.24,65.5,5.5,9,147.56125,0.0799999999999996,-0.439207770000053
1,0,7.8,0,44.8,7.43922,1.123568,4.27958482807294,1.34,6.4,2.264,64.4,5,8.8,102.5384,0.0799999999999996,-0.438820050000004
0.333,0,10,0,46.333,8.083557535,0.8093376894,4.44444552508967,1.4666,3.667,2.11009,69.666,5,10.333,106.9022506,0.27,-0.43512229000001
1,0,8.375,5.25,57.375,8.02137375,1.511221875,4.73787770138933,1.35,6,2.28,66.125,5.375,9.375,137.4724375,0,-0.43364938000002
1,0,8.583,8.162,64.239,8.33335919,1.715522179,5.00079548721802,1.35,6,2.28,66.749,5.583,9.583,156.6455655,0,-0.43317514000006
0.625,0.25,10,5.25,58.875,7.89079045,0.71992782875,4.21583789304052,1.51875,3.875,2.0975,71.375,5.375,10.875,142.229146125,0.34,-0.431917060000018
1,0,8.2,2.8,51.6,7.758886,1.3393346,4.52741039357956,1.35,6,2.28,65.6,5.2,9.2,121.3412,0,-0.429004259999999
0.333,0,10,0,40.339,8.133556153,0.7864642524,4.45702250508809,1.38335,4,2.1001,69.999,4.667,10.333,92.142958,0.3,-0.428835769999978
1,0,8.111,1.554,48.663,7.62539223,1.251917643,4.42398579487412,1.35,6,2.28,65.333,5.111,9.111,113.1373135,0,-0.428782769999998
1,0,8.444,6.216,59.652,8.12486892,1.578994572,4.82352655207251,1.35,6,2.28,66.332,5.444,9.444,143.832754,0,-0.424297789999997
1,0,8.3,4.2,54.9,7.908879,1.4375559,4.64650517310682,1.35,6,2.28,65.9,5.3,9.3,130.55905,0,-0.421970389999956
1,0,8.571,7.994,63.843,8.31536003,1.703735623,4.98523811284694,1.35,6,2.28,66.713,5.571,9.571,155.5394235,0,-0.420837590000019
1,0,8.7,9.8,68.1,8.508851,1.8304411,5.15504749484976,1.35,6,2.28,67.1,5.7,9.7,167.43045,0,-0.420682149999948
0.666666666666667,0,10,0,46.6666666666667,8.07179022222222,0.749606311111111,4.44913234344347,1.50555555555556,3.33333333333333,2.02333333333333,70.5555555555555,5,10.6666666666667,107.729311111111,0.24,-0.415552329999997
1,0,8.667,9.338,67.011,8.45935331,1.798028071,5.11106501753643,1.35,6,2.28,67.001,5.667,9.667,164.3885595,0,-0.414994550000074
0.6,0,10,0,41.2,8.6540464,0.20749884,4.52069502829234,1.385,3.4,2.035,71.1,4.7,10.6,94.1167,0.55,-0.413019630000008
1,0,8.6,8.4,64.8,8.358858,1.7322198,5.02291824458979,1.35,6,2.28,66.8,5.6,9.6,158.2126,0,-0.412918930000046
0.583416583416583,0,10,5.83216783216783,59.9140859140859,8.58016879020979,1.41353680884116,4.95431610388574,1.41253746253746,4.24975024975025,2.29659340659341,69.7502497502498,5.41658341658342,10.5834165834166,144.381806866134,0.27,-0.408824890000005
1,0.25,9.75,3.5,50.5,7.702101175,1.05550755,4.28659029840194,1.4125,4.25,2.04,72,5,11,119.967,0.0799999999999996,-0.408440110000015
0.333666333666334,0,10,2.33566433566434,51.6723276723277,8.358211997003,0.977355727422578,4.64282542434365,1.42502497502497,4,2.21167832167832,69.5004995004995,5.16683316683317,10.3336663336663,121.767778644356,0.27,-0.405635529999984
0.5,0,10,0,37.5,8.0316095,0.8989626,4.46203936634622,1.375,4,2.05,70.5,4.5,10.5,84.983,0.3,-0.404851879999998
0.5,0,10,0,42,7.994073,0.91613485,4.45258323279667,1.4375,3.75,2.0575,70.25,4.75,10.5,96.06355,0.03,-0.395537160000004
0.222,0,10,0,46.222,8.409763891,0.4198235268,4.45258772884468,1.41665,3.778,2.14339,69.666,5,10.222,107.085001,0.51,-0.395007010000001
0.666666666666667,0,10,6.22222222222222,60.8888888888889,8.80482133333333,1.19588953333333,4.99803061615902,1.39444444444444,4.22222222222222,2.29444444444444,70.1111111111111,5.44444444444444,10.6666666666667,147.328586222222,0.34,-0.394103090000002
0.222,0,10,1.554,49.774,8.570012815,0.4420235268,4.52677556076436,1.4111,4,2.1778,69.555,5.111,10.222,116.87287,0.2,-0.393014839999978
0.444,0,10,0,38.452,8.065795204,0.8612386032,4.4603564365661,1.3778,4,2.0668,70.332,4.556,10.444,87.383944,0.3,-0.386433799999992
0.6,0,10,0,37.6,7.955549,0.97319578,4.46125876620748,1.395,3.9,2.023,70.7,4.5,10.6,85.12782,0.03,-0.384576080000045
0.5,0,10,7,62.5,8.7811965,1.435375725,5.06442019278274,1.375,4.5,2.37,69.5,5.5,10.5,151.6932845,0.34,-0.384421270000018
0.5,0,10,0,39.3,8.0165949,0.9058315,4.45825450542633,1.4,3.9,2.053,70.4,4.6,10.5,89.41522,0.03,-0.384216009999989
0.6,0,10,0,35.8,7.9705636,0.96632688,4.46504617761192,1.37,4,2.02,70.8,4.4,10.6,80.6956,0.3,-0.384085970000001
0.666666666666667,0.111111111111111,10,6.22222222222222,61,8.44843641111111,1.30911175555556,4.78575800534921,1.39444444444444,4.33333333333333,2.30444444444444,70.5555555555555,5.44444444444444,10.7777777777778,147.596030666667,0.34,-0.383955679999986
0.222,0,10,0,44.224,8.454205738,0.4309235268,4.47414868974163,1.39445,3.778,2.13895,69.777,4.889,10.222,101.867779,0.55,-0.383276310000014
0.444,0.111,10,4.662,57.211,8.2867644913,0.92298555999,4.5349927803048,1.4444,4.111,2.2111,70.221,5.333,10.555,137.395264618,0.34,-0.380986449999995
0.5,0,10,1.162,49.156,8.09343006,1.01665049175,4.54073310344289,1.47925,3.666,2.11563,69.917,5.083,10.5,114.539264627,0.27,-0.379563740000009
0.572,0,10,0,41.424,8.639243388,0.2240488168,4.51723060657516,1.3857,3.428,2.0427,71.002,4.714,10.572,94.690854,0.55,-0.377869940000039
1,0,8.5,7,61.5,8.6519295,1.06309916,4.87451030854992,1.375,5,2.2,67.5,5.5,9.5,149.3185,0,-0.372972230000016
0.455,0,10,1.274,49.367,8.537282607,0.48772018515,4.56283378704356,1.42275,3.727,2.13812,70.183,5.091,10.455,115.750099779,0.34,-0.372571140000048
0.429,0,10,0,46.429,8.010539455,0.8806015422,4.44369910113817,1.4858,3.571,2.08417,69.858,5,10.429,107.0412778,0.27,-0.364358669999973
0.25,0.125,10,1.75,50.375,8.0582700375,0.53188019875,4.26010072175179,1.4625,3.875,2.1275,70.125,5.125,10.375,118.6654125,0.58,-0.364231820000043
0.583,0,10,0,46.583,8.074196138,0.765275841,4.4479402672717,1.49585,3.417,2.04508,70.332,5,10.583,107.5211524,0.24,-0.36414025000002
1.5,0,8,7,52.5,8.41992,1.393680235,4.87851325723551,1.35,5.5,2.08,66,5,9.5,127.0085975,0.4,-0.361438900000053
0.167,0,10,0,46.167,8.209817965,0.6861106106,4.44573651236234,1.4334,3.833,2.15491,69.334,5,10.167,106.6618494,0.27,-0.358826450000038
1.333,0.333,10,14,79.666,8.1875041889,1.64642074902,4.71738688401837,1.53315,4.334,2.23364,72.664,6,11.666,199.436340423,0.92,-0.350006629999996
0.6,0.3,10,4.2,56.5,7.66827349,0.489514797,4.01151873959601,1.55,3.7,2.026,71.7,5.3,10.9,135.80899,0.58,-0.343899960000016
1,0.5,9.75,3.5,50.75,8.09149175,1.2587751,4.65398198944284,1.3875,4.5,2.085,73,5,11.25,120.94,0.0600000000000001,-0.339376930000014
0.375,0,10,0,46.375,8.323886,0.494665025,4.45231466724242,1.44375,3.625,2.1025,70,5,10.375,107.3499,0.24,-0.334190299999989
0.75,0,10,0,46.75,7.76638525,1.11889005,4.44120415630975,1.55,3.25,1.9975,70.5,5,10.75,107.50615,0.27,-0.331008959999991
0.666,0,10,0,40.672,8.688939214,0.1684881804,4.52887168156173,1.38335,3.334,2.01685,71.331,4.667,10.666,92.763337,0.55,-0.325166550000006
1.333,0,8.334,9.338,61.017,8.59991594,1.63797610651,5.10016580003087,1.35,5.667,2.1468,66.668,5.334,9.667,149.745781935,0.4,-0.324557280000022
0.666,0,10,0,46.666,8.011065923,0.8268893804,4.4472944067728,1.51245,3.334,2.02267,70.498,5,10.666,107.641353,0.24,-0.322573259999984
0.75,0,10,3.5,54.75,8.723263,0.6782231625,4.75905372496193,1.425,3.75,2.1575,70.75,5.25,10.75,130.55439225,0.34,-0.322281959999998
0.667,0,10,0,37.667,8.310134939,0.589046672,4.4979686084204,1.375,3.666,2.00825,71.168,4.5,10.667,85.294121,0.25,-0.32016385
1,0,10,0,34.994,7.676381382,1.258657437,4.46446008059169,1.43325,3.667,1.90999,71.667,4.333,11,78.3052926,0.03,-0.31993551000005
0.778,0,10,0,44.78,7.761754516,1.1320508614,4.44517171387652,1.52785,3.333,1.98661,70.667,4.889,10.778,102.6269354,0.03,-0.318871810000005
0.4,0,10,0,42.8,8.5483106,0.32571296,4.49600732876926,1.39,3.6,2.09,70.4,4.8,10.4,98.2178,0.55,-0.318733959999975
1.3,0.3,10,9.8,70,8.19379451,1.705727175,4.76088644876397,1.41,4.4,2.312,72.7,5.7,11.6,172.3219983,0.76,-0.318321110000056
0.556,0,10,0,36.548,7.997423796,0.9366865968,4.46372293110982,1.3722,4,2.0332,70.668,4.444,10.556,82.582056,0.3,-0.316180909999986
0.571,0,10,7.994,64.843,8.844295265,1.55937502755,5.15877904194356,1.37145,4.571,2.39414,69.571,5.571,10.571,158.122090899,0.34,-0.314099310000017
0.818,0.409,10,5.726,60.315,7.4253613547,0.46312720391,3.86407347904718,1.6045,3.591,1.96278,72.681,5.409,11.227,146.4869897,0.58,-0.313787899999966
0.222,0.222,10,0,46.444,8.226624769,0.623183319,4.42221246059352,1.40555,4,2.17336,70.554,5,10.444,107.78419,0.24,-0.312625239999989
0.556,0,10,0,46.556,7.91394262,0.9748776808,4.44271183706364,1.5112,3.444,2.04988,70.112,5,10.556,107.2251992,0.27,-0.312406929999995
0.375,0,10,0,39.625,8.107916875,0.81475725,4.45828369950716,1.38125,4,2.0875,70.125,4.625,10.375,90.34225,0.3,-0.309912169999993
0.875,0,10,0,46.875,8.215857375,0.519980325,4.45662518801404,1.5125,3.125,1.97125,71.25,5,10.875,108.460825,0.24,-0.309641580000005
0.555555555555556,0,10,0,40.5555555555556,7.96432933333333,0.951651422222222,4.4552999778988,1.42777777777778,3.77777777777778,2.04,70.4444444444444,4.66666666666667,10.5555555555556,92.4504888888889,0.03,-0.307192829999991
0.167,0,10,0,43.161,8.234892347,0.6746395476,4.45204127503549,1.39165,4,2.1499,69.501,4.833,10.167,99.260042,0.3,-0.305650090000029
0.858,0,10,0,46.858,8.618683849,0.0121026252,4.46853207474626,1.46435,3.142,1.98121,71.574,5,10.858,108.990139,0.51,-0.301251369999989
0.666666666666667,0,10,4.66666666666667,57.3333333333333,8.37954233333333,1.39174148333333,4.84681839724624,1.45,4,2.22333333333333,70,5.33333333333333,10.6666666666667,137.084923,0.27,-0.297044379999988
0.875,0,10,5.25,58.875,8.834352375,0.89653179375,4.9162661675352,1.41875,3.875,2.2,70.875,5.375,10.875,141.872713375,0.34,-0.295723650000014
0.6,0,10,7,62.6,8.705136,1.509608905,5.06353421066099,1.395,4.4,2.343,69.7,5.5,10.6,151.8381045,0.27,-0.29393632
0.222,0.111,10,1.554,49.885,8.0894697613,0.53526943089,4.28064044585136,1.4555,3.889,2.13562,69.999,5.111,10.333,117.2939263,0.58,-0.291952790000039
0.334,0,10,2.338,51.678,8.687650055,0.3814236196,4.56754574295449,1.4167,4,2.1666,69.835,5.167,10.334,122.14639,0.2,-0.29116110999999
0.667,0,10,0,46.667,7.829515465,1.0572765106,4.44184913234906,1.5334,3.333,2.01991,70.334,5,10.667,107.3859494,0.27,-0.289630709999983
0.75,0.25,10,3.5,55,7.921396925,0.9329731625,4.31630582011548,1.425,4,2.18,71.75,5.25,11,131.15614225,0.34,-0.287710140000002
0.625,0,10,0,46.625,7.861460875,1.026098575,4.44217554145675,1.525,3.375,2.03125,70.25,5,10.625,107.325125,0.27,-0.285134669999991
0.666,0.666,10,0,47.332,8.006196307,0.745267557,4.37298098477453,1.41665,4,2.12008,73.662,5,11.332,110.51257,0.24,-0.283897910000007
0.667,0,10,0,37.667,7.904588465,1.0229320106,4.46073584051455,1.4084,3.833,2.00491,70.834,4.5,10.667,85.2248494,0.03,-0.283224359999991
1.375,0,10,0,29.375,8.351811375,0.539865,4.55845153845233,1.35,3.25,1.80625,73.5,4,11.375,64.244625,0.25,-0.28236106
1,0.333333333333333,10,9.33333333333333,68.6666666666667,7.89022676666667,1.06360154666667,4.32488642481052,1.55,4,2.12,72.3333333333333,5.66666666666667,11.3333333333333,169.256623,0.34,-0.28196475
0.75,0,10,0,46.75,8.310933,0.42718885,4.45759994606637,1.4875,3.25,2.005,71,5,10.75,108.2798,0.24,-0.280528199999992
0.75,0,10,0,42.25,7.80392175,1.1017178,4.45063612364807,1.4875,3.5,1.99,70.75,4.75,10.75,96.4256,0.03,-0.280351819999993
0.555555555555556,0,10,0,38.5555555555556,7.98101222222222,0.944019311111111,4.45950279012491,1.4,3.88888888888889,2.03666666666667,70.5555555555555,4.55555555555556,10.5555555555556,87.5258,0.03,-0.279871200000002
0.625,0,10,0,35.375,7.955302125,0.98316795,4.46579819696632,1.36875,4,2.0125,70.875,4.375,10.625,79.62375,0.3,-0.276212110000017
0.5,0.5,10,0,47,8.08860875,0.69962345,4.39132286717053,1.4125,4,2.14,72.5,5,11,109.4925,0.24,-0.274271559999988
1,0,10,7,63,9.3871715,0.0210706,4.817680095431,1.45,4,2.1,71.5,5.5,11,153.505,0.2,-0.273481080000011
0.75,0,10,0,37.75,7.84145825,1.08454555,4.46008812204211,1.425,3.75,1.9825,71,4.5,10.75,85.34505,0.03,-0.268093539999995
1.667,0,10,3.108,42.765,9.154964361,0.2437679785,4.88558653600866,1.37775,2.777,1.87866,74.113,4.555,11.667,99.327751518,0.28,-0.265842609999993
2,0,7,14,77,8.96702,1.56405712,5.34307628524046,1.35,6,2.2,66,6,9,192.217,0,-0.260517010000032
0.75,0,10,0,33.25,7.87899475,1.0673733,4.46956019403263,1.3625,4,1.975,71.25,4.25,10.75,74.2645,0.3,-0.25804039000005
1,0,10,0,29,7.72638,1.235784,4.47709369817579,1.35,4,1.9,72,4,11,63.546,0,-0.256207610000047
0.5004995004995,0,10,2.33566433566434,51.8391608391608,8.59471235864136,0.639606485664336,4.65289825528143,1.41668331668332,3.83316683316683,2.17163836163836,70.1678321678322,5.16683316683317,10.5004995004995,122.525668354645,0.34,-0.253751360000024
0.714285714285714,0,10,4,55.8571428571429,8.264784,1.37927455714286,4.78638163714919,1.47142857142857,3.85714285714286,2.18142857142857,70.1428571428571,5.28571428571429,10.7142857142857,132.911105428571,0.27,-0.252264059999987
0.667,0,10,0,34.661,7.929662847,1.0114609476,4.46706187462473,1.36665,4,1.9999,71.001,4.333,10.667,77.823042,0.3,-0.250987740000028
0.6,0.6,10,0,47.2,8.0389627,0.7271199,4.38026434786395,1.415,4,2.128,73.2,5,11.2,110.107,0.24,-0.247783860000027
0.75024975024975,0.166833166833167,10,5.83216783216783,60.2477522477522,8.28155772517482,1.24579056408591,4.65183609498953,1.4041958041958,4.24975024975025,2.27156843156843,71.0849150849151,5.41658341658342,10.9170829170829,145.541264008991,0.34,-0.246569350000016
0.7,0,10,0,34.1,7.9095177,1.03369116,4.46805501506189,1.365,4,1.99,71.1,4.3,10.7,76.4082,0.3,-0.245482869999989
0.858,0,10,0,39.136,8.790445582,0.0550026252,4.5527424969871,1.37855,3.142,1.96405,72.003,4.571,10.858,88.826281,0.55,-0.241819789999909
1.429,0,10,0,29.429,8.441873493,0.439652664,4.57028821715089,1.35,3.142,1.79275,73.716,4,11.429,64.345227,0.25,-0.233783900000049
1.25,0,10,0,29.25,8.14333425,0.771838,4.5311693004811,1.35,3.5,1.8375,73,4,11.25,64.01175,0.25,-0.232376630000007
1.2,0.2,10,14,79.4,8.60210066,1.910898838,5.11168417435511,1.46,4.6,2.356,71.6,6,11.4,198.4499152,0.92,-0.229780620000042
0.572,0.572,10,0,47.144,8.052863594,0.719420894,4.38335792314132,1.4143,4,2.13136,73.004,5,11.144,109.93494,0.24,-0.228538569999955
0.75,0.75,10,0,43,8.25211175,0.8518668975,4.55381726178271,1.4,4.25,2.0875,74.5,4.75,11.5,99.5365,0.15,-0.22843320000004
0.75,0,10,10.5,70.75,9.00337525,1.8719929875,5.40454692355819,1.3625,4.75,2.455,69.75,5.75,10.75,174.32992675,0.34,-0.228286639999993
0.5004995004995,0.166833166833167,10,2.33566433566434,52.005994005994,8.05960093196803,0.809609482667333,4.35936311668881,1.41668331668332,4,2.18665334665335,70.8351648351648,5.16683316683317,10.6673326673327,122.927235787213,0.34,-0.227052859999986
0.667,0,10,9.338,68.011,8.929611905,1.72703605635,5.28916454292811,1.36665,4.667,2.42678,69.667,5.667,10.667,166.814561523,0.34,-0.226241689999995
0.9,0,10,1.4,50.1,8.6885029,0.223931625,4.58474444611308,1.455,3.3,2.03,71.5,5.1,10.9,117.8710569,0.34,-0.224764929999992
1.111,0,8.778,12.446,72.339,8.83919198,1.96272870217,5.41048671658674,1.35,5.889,2.2356,67.556,5.778,9.889,179.971260645,0.4,-0.224330140000006
0.75,0,10,7,62.75,8.59104525,1.620958675,5.06220552808719,1.425,4.25,2.3025,70,5.5,10.75,152.0553345,0.27,-0.224293969999991
1.5,0,10,0,29.5,8.5602885,0.307892,4.58589804318548,1.35,3,1.775,74,4,11.5,64.4775,0.25,-0.217858899999984
0.8,0,10,0,32.4,7.8484718,1.10105544,4.47106588006151,1.36,4,1.96,71.4,4.2,10.8,72.1208,0.3,-0.217526990000067
0.666666666666667,0.111111111111111,10,7.77777777777778,64.5555555555556,8.48420658888889,1.31145099888889,4.80483033576697,1.43333333333333,4.33333333333333,2.28666666666667,70.4444444444444,5.55555555555556,10.7777777777778,157.547730666667,0.34,-0.214284579999998
0.867,0,10,12.138,74.611,9.107354905,2.07632986635,5.57148192570707,1.35665,4.867,2.49478,69.867,5.867,10.867,184.923875323,0.34,-0.214168150000035
0.666,0.333,10,4.662,57.655,7.5947312839,0.48152589267,3.96629514957746,1.5665,3.667,2.00686,71.997,5.333,10.999,139.0417789,0.58,-0.21127285
0.8,0,8,0,26.8,9.0228827199404,1.004737678,4.91355458827975,1.14,3.4,2.02,77.6,3.6,8.8,59.613188,0,-0.207446320000031
0.834,0,10,0,46.834,8.066252327,0.7191895196,4.45149558290699,1.52505,3.166,1.97983,71.002,5,10.834,108.144597,0.24,-0.207388350000002
1.167,0,10,0,32.173,7.93804248,0.909168072,4.48046268013438,1.3834,3.666,1.86493,72.501,4.167,11.167,71.706455,0.21,-0.206445419999994
1.667,0,10,0,29.667,8.838813939,-0.00202392800000001,4.62282462033848,1.35,2.666,1.73325,74.668,4,11.667,64.788621,0.25,-0.205989310000009
1.636,0,10,0,32.912,8.75978504,0.068006774,4.60882401262266,1.3955,2.546,1.74646,74.362,4.182,11.636,72.7975084,0.03,-0.201965630000004
1.167,0,10,0,29.167,8.004905439,0.925868072,4.51314416077004,1.35,3.666,1.85825,72.668,4,11.167,63.857121,0.25,-0.198787949999996
0.75,0,10,0,40,8.73334825,0.11883825,4.53929972409467,1.38125,3.25,1.99375,71.625,4.625,10.75,91.040875,0.55,-0.196111290000005
1.429,0,10,7.994,57.979,9.297901847,1.05223645275,5.28140415292359,1.35,3.713,2.15819,72.574,5.142,11.429,140.528371899,0.89,-0.193849250000028
0.714,0,10,9.996,69.562,8.97138151,1.8091201017,5.35419562905838,1.3643,4.714,2.44276,69.714,5.714,10.714,171.070250266,0.34,-0.193515790000049
1.636,0,10,2.548,38.736,9.05996128,0.2507597535,4.83369823460643,1.35,2.91,1.85748,74.18,4.364,11.636,89.013411558,0.25,-0.190068639999993
0.867,0,10,0,46.867,7.677394465,1.2057428706,4.44029513227213,1.5734,3.133,1.96591,70.734,5,10.867,107.6755894,0.27,-0.18470891000004
1,0,10,7.994,65.272,8.51799572,1.87783536975,5.15490847607242,1.45725,4.142,2.27831,70.429,5.571,11,158.743368699,0.61,-0.184649990000025
1.4,0,10,0,29.4,8.3935068,0.4934704,4.56392766649378,1.35,3.2,1.8,73.6,4,11.4,64.2912,0.25,-0.181692330000004
0.625,0,10,7,62.625,8.686120875,1.5281672,5.06331273934972,1.4,4.375,2.33625,69.75,5.5,10.625,151.8743095,0.27,-0.180928749999993
0.666666666666667,0,10,0,40.6666666666667,7.87981766666667,1.03413273333333,4.45443396283442,1.45,3.66666666666667,2.01,70.6666666666667,4.66666666666667,10.6666666666667,92.6114,0.03,-0.178110199999992
1.6,0,10,0,36.8,8.6670118,0.1497892,4.59235947282033,1.45,2.4,1.762,74,4.4,11.6,82.39268,0.28,-0.175598749999992
1.125,0,10,1.75,35.375,8.122253875,1.13791428125,4.6489226458768,1.35,3.875,1.94875,72.25,4.25,11.125,80.456446125,0.25,-0.174433750000048
0.75,0.75,10,0,47.5,8.21457525,0.8690391475,4.54416662882046,1.4625,4,2.095,74.25,5,11.5,110.61705,0.12,-0.173934940000009
1.571,0,10,0,29.571,8.678703507,0.176131336,4.60156118460353,1.35,2.858,1.75725,74.284,4,11.571,64.609773,0.25,-0.169775340000004
0.75,0,10,0,46.75,8.583206875,0.08133825,4.46582052539612,1.45625,3.25,2.00875,71.25,5,10.75,108.666625,0.51,-0.169388820000023
1,0.4,10,2.8,53.8,7.49438868,0.80617853,4.02488538425025,1.45,3.8,2.1,73.2,5.2,11.4,127.8885138,0.34,-0.166724629999976
1.75,0,10,3.5,42.25,9.35203625,0.1121525625,4.94466265701394,1.35,2.75,1.8725,74.5,4.5,11.75,98.29839225,0.89,-0.164691570000002
1.25,0,10,7,58.75,8.85538475,1.325423375,5.13198374914356,1.4125,3.75,2.165,71.75,5.25,11.25,141.8025845,0.28,-0.164087679999994
1,0,10,2.338,37.35,7.976742058,1.41494598375,4.67051702131275,1.35,4.167,2.00688,71.666,4.334,11,85.827235023,0.64,-0.162455810000012
1.142,0,10,0,47.142,8.711975151,-0.1699614252,4.47567030492198,1.48565,2.858,1.90879,72.426,5,11.142,109.840861,0.51,-0.161589519999978
0.556,0,10,7.784,64.348,8.83096454,1.5331779918,5.13869868792977,1.3722,4.556,2.38904,69.556,5.556,10.556,156.763892364,0.34,-0.16148432
1,0,10,7.784,56.8,8.559920744,1.832275395,5.1540912972469,1.35,4.556,2.25584,70.888,5.112,11,137.727836364,0.64,-0.159588699999986
1.4,0,10,0,33,8.3634776,0.5072082,4.55618837783739,1.4,3,1.806,73.4,4.2,11.4,73.15564,0.03,-0.158877819999987
0.667,0,10,7,62.667,8.654175465,1.5593451356,5.06294068935354,1.4084,4.333,2.32491,69.834,5.5,10.667,151.9351339,0.27,-0.158853279999988
1,0,10,9.338,62.35,8.726329058,1.95135910875,5.30104258870325,1.35,4.667,2.32688,70.666,5.334,11,152.537519523,0.64,-0.157872059999988
1.2,0,10,0,29.2,8.0599434,0.8646272,4.52030217956604,1.35,3.6,1.85,72.8,4,11.2,63.9186,0.25,-0.155496400000004
0.666,0.083,10,8.162,65.405,8.5962267089,1.41528242017,4.92204565296503,1.4165,4.417,2.32186,70.247,5.583,10.749,159.8242384,0.34,-0.15048741999999
0.8,0,10,0,46.8,8.1639932,0.60264568,4.45392631139139,1.51,3.2,1.99,71,5,10.8,108.19748,0.24,-0.14867160999998
1,0,10,1.862,35.65,7.925770142,1.37846989125,4.63047142459461,1.35,4.133,1.98512,71.734,4.266,11,81.290935677,0.64,-0.147613899999982
1,0.5,10,7,63.5,7.22256315,0.441097195,3.74513635654657,1.65,3.5,1.91,73.5,5.5,11.5,155.40165,0.58,-0.147120049999998
0.875,0.25,10,5.25,59.125,8.0324863,1.15128179375,4.45889235518953,1.41875,4.125,2.2225,71.875,5.375,11.125,142.474463375,0.34,-0.146381470000023
1.5,0,10,0,38.5,8.4852155,0.3422365,4.56648139958339,1.475,2.5,1.79,73.5,4.5,11.5,86.6386,0.28,-0.144383099999999
1,0,10,3.5,41.5,8.1011735,1.5039905625,4.7697360955044,1.35,4.25,2.06,71.5,4.5,11,96.90114225,0.64,-0.143701190000002
1.3,0,10,0,29.3,8.2267251,0.6790488,4.54206254671086,1.35,3.4,1.825,73.2,4,11.3,64.1049,0.25,-0.141125750000015
0.909,0,10,10.178,70.173,9.042720076,1.71514935015,5.37782184577085,1.3773,4.545,2.40077,70.273,5.727,10.909,172.792536663,0.34,-0.140922619999998
1.25,0,10,1.75,35.5,8.330731,0.90594128125,4.67691387849774,1.35,3.625,1.9175,72.75,4.25,11.25,80.689321125,0.25,-0.137349930000028
1,0,10,4.66666666666667,51.6666666666667,8.176056,1.61628908333333,4.85771395993918,1.43333333333333,4,2.12333333333333,71,5,11,122.793589666667,0.03,-0.134514620000004
1.2,0,10,0,36.4,8.9712538,-0.14714352,4.59557447343209,1.37,2.8,1.87,73.2,4.4,11.2,81.8134,0.55,-0.13406174000005
0.833,0,10,0,31.839,7.828326653,1.1232856524,4.47205991069,1.35835,4,1.9501,71.499,4.167,10.833,70.705958,0.3,-0.132285760000002
1.4,0,10,0.938,49.544,8.25377284,0.56196099575,4.54133814876066,1.56325,2.734,1.87487,72.533,5.067,11.4,115.654910723,0.24,-0.131221120000006
0.625,0,10,5.25,58.625,8.479955875,1.40265004375,4.90032623417632,1.43125,4.125,2.26,69.875,5.375,10.625,140.737013375,0.27,-0.12601896999999
1.25,0,10,0,33.75,8.10579775,0.78901025,4.52156666399067,1.4125,3.25,1.845,72.75,4.25,11.25,75.0923,0.03,-0.124598249999991
1.231,0.231,10,10.766,72.07,8.4310991927,1.84439028225,4.97561833933921,1.3962,4.538,2.36444,72.079,5.769,11.462,177.990249561,0.76,-0.121740850000009
1.25,0,10,3.5,41.75,8.51812775,1.0400445625,4.82734631534565,1.35,3.75,1.9975,72.5,4.5,11.25,97.36689225,0.25,-0.121565889999999
1.4,0,10,0,36.6,8.233356,0.4534704,4.48516735244308,1.43,3.2,1.816,73.2,4.4,11.4,83.092,0.21,-0.120614879999977
1.142,1.142,10,0,48.284,7.769881109,0.876150659,4.32080988962121,1.42855,4,2.06296,76.994,5,12.284,113.43759,0.24,-0.116031620000058
1,0,10,0,47,8.6653295,-0.0789294,4.472099765606,1.475,3,1.945,72,5,11,109.4155,0.51,-0.114872390000016
0.889,0,10,0,30.887,7.794140949,1.1610096492,4.47374725628877,1.35555,4,1.9333,71.667,4.111,10.889,68.305014,0.3,-0.107417070000054
1.25,0,10,0,33.75,8.04324,0.746838,4.48213802731936,1.4,3.5,1.8475,72.75,4.25,11.25,75.76225,0.21,-0.103896139999989
1.75,0,10,1.75,36,9.1646395,-0.02195071875,4.79057434341587,1.35,2.625,1.7925,74.75,4.25,11.75,81.620821125,0.25,-0.102752569999993
0.666,0.083,10,7,62.749,8.5695063861,1.4135350054,4.90744372087404,1.38745,4.417,2.33514,70.33,5.5,10.749,152.3903185,0.34,-0.101596459999996
1,0,10,7,54,8.475967,1.772197125,5.08150687800599,1.35,4.5,2.22,71,5,11,130.2562845,0.64,-0.0995910299999991
1.142,0.571,10,7.994,65.985,7.0643359793,0.42390894629,3.65488748481399,1.6855,3.429,1.86882,74.139,5.571,11.713,162.3570443,0.58,-0.0963715600000227
1.44444444444444,0,10,3.11111111111111,40.5555555555556,8.80078177777778,0.649396944444444,4.83847520705693,1.35,3.33333333333333,1.93111111111111,73.3333333333333,4.44444444444445,11.4444444444444,94.0230153333333,0.25,-0.0956458299999951
1,0,10,2.8,39,8.0262148,1.45034925,4.70971597446612,1.35,4.2,2.028,71.6,4.4,11,90.2301138,0.64,-0.0945018600000082
1.142,0,10,0,36.864,8.940590418,-0.1128614252,4.58828230010037,1.37145,2.858,1.88595,72.997,4.429,11.142,83.002719,0.55,-0.0901203199999827
1.333,0.333,10,9.338,69.01,8.0803009661,1.63941003675,4.66148949827611,1.4166,4.334,2.28692,72.997,5.667,11.666,169.611095523,0.76,-0.0882928599999957
1.692,0,10,4.312,57.548,9.065194072,0.212811957,4.85542887021664,1.4884,2.924,1.9518,73.46,5.308,11.692,138.454115252,0.85,-0.0842833099999893
1.167,0,10,0,47.167,8.538308465,0.0450400106,4.47079330076164,1.5084,2.833,1.89991,72.334,5,11.167,109.6573494,0.24,-0.0810765300000042
1.188,0,10,0,29.188,8.039929596,0.886896608,4.51769795102869,1.35,3.624,1.853,72.752,4,11.188,63.896244,0.25,-0.0809763000000316
1.538,0,10,1.078,33.388,8.739101944,0.31997982925,4.68474951061904,1.35,3.001,1.81478,73.998,4.154,11.538,74.821677813,0.25,-0.0805074700000005
0.75,0.25,10,7,63,8.001879825,0.93823646,4.35510553130682,1.5125,4,2.14,71.5,5.5,11,153.54746725,0.34,-0.0800507200000026
1.125,0,10,3.5,41.625,8.309650625,1.2720175625,4.7984547477083,1.35,4,2.02875,72,4.5,11.125,97.13401725,0.25,-0.0783373399999902
1,0,10,0,38,8.865518,-0.0289294,4.57047785421182,1.375,3,1.925,72.5,4.5,11,85.9145,0.55,-0.0782769399999949
0.75,0,10,3.5,54.75,8.17871525,1.3699243625,4.741549138355,1.4875,3.75,2.15,70.25,5.25,10.75,129.78074225,0.27,-0.0688516399999912
1,0,10,0,47,8.12078175,0.6127718,4.45565064311526,1.5375,3,1.9375,71.5,5,11,108.64185,0.24,-0.0650849000000022
1,0,10,1.75,35.25,7.91377675,1.36988728125,4.6210989402029,1.35,4.125,1.98,71.75,4.25,11,80.223571125,0.64,-0.0626948800000377
0.778,0,10,0,46.778,7.74508831,1.1396753404,4.44098659515815,1.5556,3.222,1.98994,70.556,5,10.778,107.5466996,0.27,-0.0597447199999976
1,0,10,3.5,46,8.063637,1.5211628125,4.75962787865284,1.4125,4,2.0675,71.25,4.75,11,107.98169225,0.03,-0.0587964599999963
1,0,10,5.25,47.75,8.28857025,1.63809384375,4.9231541490775,1.35,4.375,2.14,71.25,4.75,11,113.578713375,0.64,-0.0571458199999881
0.9,0,10,7,62.9,8.4769545,1.732308445,5.06087719416263,1.455,4.1,2.262,70.3,5.5,10.9,152.2725645,0.27,-0.0569129499999974
1.1,0,10,7,54.1,8.6427487,1.586618725,5.10596883893733,1.35,4.3,2.195,71.4,5,11.1,130.4425845,0.25,-0.0562587200000166
1,0,10,0,43.994,7.601308382,1.293001937,4.44555760403327,1.55825,3.167,1.92499,71.167,4.833,11,100.4663926,0.03,-0.0552818400000205
0.75,0,10,5.25,58.75,8.38488025,1.49544151875,4.89925466370934,1.45625,4,2.22625,70.125,5.375,10.75,140.918038375,0.27,-0.0543314800000018
1.334,0,10,0,47.334,8.775045327,-0.2930469804,4.4805026099357,1.50005,2.666,1.85983,73.002,5,11.334,110.415997,0.51,-0.0539016099999969
1.167,0,10,2.338,52.511,8.813744905,0.21273093135,4.67055864487488,1.46665,3.167,2.00178,72.167,5.167,11.167,124.536777023,0.34,-0.0521203999999926
0.875,0,10,0,31.125,7.802687375,1.15157865,4.47332536021256,1.35625,4,1.9375,71.625,4.125,10.875,68.90525,0.3,-0.0513487099999849
1.111,0,10,0,31.109,7.86706584,1.018691976,4.47933267920784,1.3722,3.778,1.87669,72.333,4.111,11.111,68.970015,0.21,-0.0509144600000013
1.25,0,10,10.5,71.25,9.1676205,1.5514576875,5.41975591219327,1.4,4.25,2.3275,71.25,5.75,11.25,175.82767675,0.85,-0.0503062399999976
1.14285714285714,0,10,6,50.5714285714286,8.60714271428572,1.43045467857143,5.02476074488566,1.35,4.14285714285714,2.13857142857143,71.7142857142857,4.85714285714286,11.1428571428571,120.992386714286,0.25,-0.0490043200000513
1.667,0,10,4.662,46.317,9.338038881,0.35522721325,5.02961770546397,1.35,2.999,1.94637,74.002,4.666,11.667,109.217670477,0.89,-0.0460209199999894
1,0,10,5.6,49,8.3260496,1.6649145,4.95442491390771,1.35,4.4,2.156,71.2,4.8,11,116.9142276,0.64,-0.0457338800000002
1.334,0,10,0,35.328,9.042096786,-0.2263469804,4.61246625751985,1.36665,2.666,1.83315,73.669,4.333,11.334,79.065663,0.55,-0.0435720500000229
1,0,10,5.25,54.5,8.2322655,1.66385221875,4.90751242369135,1.44375,4,2.15125,70.875,5.125,11,130.199538375,0.03,-0.0421208500000034
1.111,0,10,0,29.111,7.911507687,1.029791976,4.50102314835125,1.35,3.778,1.87225,72.444,4,11.111,63.752793,0.25,-0.0400618400000212
1.875,0,10,1.75,51.875,9.02278675,-0.34142371875,4.63934764754415,1.525,2.375,1.79625,74.375,5.125,11.875,122.980446125,0.85,-0.0368428799999946
1.33333333333333,0,10,4.66666666666667,46,8.78204366666667,0.974798083333333,4.95008375586318,1.35,3.66666666666667,2.03,72.6666666666667,4.66666666666667,11.3333333333333,108.640523,0.25,-0.0359329400000092
0.833,0,10,0,46.833,7.703255035,1.1805035894,4.4405592739238,1.5666,3.167,1.97509,70.666,5,10.833,107.6263506,0.27,-0.0355785199999871
1.75,0,10,0,29.75,8.97724275,-0.156054,4.64128781510315,1.35,2.5,1.7125,75,4,11.75,64.94325,0.25,-0.0348419000000035
0.889,0,10,0,46.889,7.660661155,1.2220741702,4.44012422545839,1.5778,3.111,1.95997,70.778,5,10.889,107.7074498,0.27,-0.0271443200000049
0.875,0,10,5.25,58.875,8.289804625,1.58823299375,4.8981833275662,1.48125,3.875,2.1925,70.375,5.375,10.875,141.099063375,0.27,-0.0236952799999841
0.75024975024975,0,10,5.83216783216783,60.0809190809191,8.81666915184815,1.07578756708292,4.96506472869189,1.4041958041958,4.08291708291708,2.25655344655345,70.4175824175824,5.41658341658342,10.7502497502498,145.139696576424,0.34,-0.0219876399999918
1.333,0,10,0,47.333,8.412048035,0.1682670894,4.46949503730541,1.5416,2.667,1.85509,72.666,5,11.333,109.8977506,0.24,-0.0207039999999949
1.4,0,10,8.4,59.4,9.2930112,1.13716615,5.31293317810472,1.35,3.8,2.184,72.4,5.2,11.4,144.3435414,0.89,-0.0162910399999987
1.41658341658342,0,10,2.33566433566434,37.7582417582418,8.67127685014985,0.641678161588412,4.76469437508877,1.35,3.33366633366633,1.90262737262737,73.3326673326673,4.33366633366634,11.4165834165834,86.581070952048,0.25,-0.0147217999999895
1.25,0,10,3.5,55.25,8.88750825,0.3576878625,4.77244622484035,1.4625,3.25,2.03,72.25,5.25,11.25,132.05214225,0.34,-0.0124478699999883
1.833,0,10,2.338,53.177,9.032519578,-0.21422208825,4.68807391344452,1.5166,2.501,1.83195,74.165,5.167,11.833,126.531780023,0.85,-0.011656809999998
0.875,0,10,1.75,50.875,7.877474625,1.33719868125,4.587916631884,1.54375,3.375,2.04,70.625,5.125,10.875,118.824471125,0.27,-0.01093062999999
1.833,0,10,2.338,38.183,9.366033619,-0.13092208825,4.8611425805001,1.35,2.501,1.79863,74.998,4.334,11.833,87.379114023,0.89,-0.0080458300000003
1.4,0,10,7.462,57.256,9.18250676,1.06988895425,5.22056999408713,1.36675,3.666,2.14313,72.467,5.133,11.4,138.373950677,0.28,-0.0069773699999871
1,0,10,1.554,34.55,7.892788314,1.35486771375,4.60474271775552,1.35,4.111,1.97104,71.778,4.222,11,78.355683159,0.64,-0.0051335000000563
0.875,0,10,7,62.875,8.495969625,1.71375015,5.06109855894219,1.45,4.125,2.26875,70.25,5.5,10.875,152.2363595,0.27,-0.0029729799999813
1.25,0,10,0,47.25,8.47517825,0.10665355,4.47014412190171,1.525,2.75,1.8775,72.5,5,11.25,109.77755,0.24,-0.0019300799999939
1.636,0,10,2.548,42.012,9.032634708,0.2632611515,4.8262386202086,1.3955,2.728,1.86294,73.998,4.546,11.636,97.080051958,0.28,-0.0016951899999924
1.666,0,10,0,47.666,8.884104173,-0.5058824196,4.48887078475395,1.52495,2.334,1.77517,73.998,5,11.666,111.410503,0.51,-0.0015551299999998
1.2,0.6,10,8.4,67,6.99970798,0.416888394,3.61865382838266,1.7,3.4,1.852,74.4,5.6,11.8,165.19798,0.58,-0.0013151399999884
1.222,0,10,9.338,64.57,9.079918226,1.54699953975,5.35281630065261,1.37775,4.112,2.27471,71.443,5.445,11.222,157.870869723,0.28,-0.0008574699999996
1.125,0,10,0,47.125,8.025706125,0.705563275,4.45467631132342,1.5625,2.875,1.90375,71.75,5,11.125,108.822875,0.24,-0.0001956299999932
1.5,0,10,0,34,9.1298575,-0.3244647,4.63347802523904,1.3625,2.5,1.7875,74.25,4.25,11.5,75.66175,0.55,0.0019355000000018
1.8,0,10,0,29.8,9.0606336,-0.2488432,4.65244579390296,1.35,2.4,1.7,75.2,4,11.8,65.0364,0.25,0.0052287399999997
1.5,0,10,2.338,37.85,8.810650558,0.48705398375,4.78402202693003,1.35,3.167,1.88188,73.666,4.334,11.5,86.758735023,0.25,0.0053075400000039
1,0,10,4.662,57.656,8.12545756,1.63885070425,4.84356996750701,1.51675,3.666,2.13313,70.667,5.333,11,137.537956877,0.61,0.0079489100000103
1.33333333333333,0,10,0,35.3333333333333,8.23227033333333,0.640085666666667,4.53648894117694,1.43333333333333,3,1.82666666666667,73,4.33333333333333,11.3333333333333,78.9410666666667,0.03,0.0090953600000034
0.833166833166833,0,10,9.32867132867133,68.1558441558442,8.80212558341659,1.84971789025974,5.28670492940007,1.40004995004995,4.4995004995005,2.38150849150849,70,5.66633366633367,10.8331668331668,166.995835087912,0.27,0.0104216400000041
1.16683316683317,0,10,9.32867132867133,65.4865134865135,8.97852796703297,1.65249753021978,5.33522447872695,1.39170829170829,4.16583416583417,2.28975024975025,71.1678321678322,5.4995004995005,11.1668331668332,160.153840082917,0.28,0.0105148300000053
1.5,0,10,0,34,8.522752,0.32506425,4.57617942333912,1.4125,2.75,1.7825,73.75,4.25,11.5,75.55805,0.03,0.0124104399999964
1.5,0,10,1.4,34.5,8.7102059,0.415174625,4.70352722126557,1.35,3.1,1.839,73.8,4.2,11.5,77.8195569,0.25,0.0136340900000107
1.666,0,10,0,32.672,9.217618214,-0.4225824196,4.65458551059779,1.35835,2.334,1.74185,74.831,4.167,11.666,72.257837,0.55,0.0167569600000092
1,0.25,10,7,63.25,8.143575675,1.369590425,4.6061891496455,1.4125,4.25,2.265,72,5.5,11.25,153.7927845,0.34,0.0170790399999987
1.333,0,10,9.338,68.677,9.148386578,1.30008303675,5.30899967283918,1.4166,4.001,2.25695,71.665,5.667,11.333,168.809564523,0.85,0.0191638800000077
1.286,0.143,10,9.996,67.703,8.731062002,1.58845447795,5.10462643700809,1.37145,4.285,2.31406,72.288,5.571,11.429,166.679292266,0.12,0.020386209999998
1.8,0,10,0,33.4,9.0306044,-0.2351054,4.64455640047072,1.4,2.2,1.706,75,4.2,11.8,73.90084,0.28,0.0241401900000113
1.4,0,10,2.8,39.4,8.6933416,0.70803565,4.80106169007627,1.35,3.4,1.928,73.2,4.4,11.4,90.9753138,0.25,0.02444792
0.875,0.125,10,8.75,67,8.5734754625,1.62079170625,4.98942535749797,1.3875,4.5,2.36,70.875,5.625,11,164.061355625,0.34,0.0252263700000128
0.875,0,10,10.5,70.875,8.908299625,1.9647844625,5.40336509349343,1.3875,4.625,2.42125,70,5.75,10.875,174.51095175,0.27,0.027247079999995
1.444,0,10,7.784,57.244,9.300431492,1.008307299,5.2651695250765,1.35,3.668,2.14484,72.664,5.112,11.444,138.555008364,0.89,0.0274536000000011
1.5,0,10,3.5,42,8.935082,0.5760985625,4.88565236769497,1.35,3.25,1.935,73.5,4.5,11.5,97.83264225,0.25,0.0278020199999957
1.444,0,10,0,29.444,8.466890748,0.411815904,4.57358163467898,1.35,3.112,1.789,73.776,4,11.444,64.373172,0.25,0.0278125500000072
0.833,0,10,0,46.833,8.428592638,0.259157591,4.46240866550815,1.48335,3.167,1.98508,71.332,5,10.833,108.6568524,0.24,0.0296974199999908
1.25,0,10,0,38.25,8.06826125,0.8061825,4.51198437779427,1.475,3,1.8525,72.5,4.5,11.25,86.17285,0.03,0.029859959999996
1,0,10,10.5,71,9.085497875,1.7117253375,5.41214607541966,1.38125,4.5,2.39125,70.5,5.75,11,175.07880175,0.34,0.0358822500000144
1.26273726273726,0,10,0,47.2627372627373,8.06401545954046,0.626074345254746,4.45791688867194,1.57362637362637,2.73726273726274,1.86853146853147,72.1568431568432,5,11.2627372627373,109.225612787213,0.24,0.0365347999999983
1.5,0,10,0,31.3,8.5452739,0.3147609,4.58200812091873,1.375,2.9,1.778,73.9,4.1,11.5,68.90972,0.03,0.0368426699999986
1.125,0,10,0,29.125,7.934857125,1.003811,4.50405034613863,1.35,3.75,1.86875,72.5,4,11.125,63.778875,0.25,0.0374100500000054
2,0.111,10,0,32.109,8.9937266157,-0.517991,4.47636353277698,1.3722,2.111,1.66443,76.333,4.111,12.111,70.893399,0.13,0.0375540000000071
1.11111111111111,0,10,6.22222222222222,51.3333333333333,8.57799255555556,1.50639744444444,5.03731598224694,1.35,4.22222222222222,2.15666666666667,71.5555555555556,4.88888888888889,11.1111111111111,123.051030666667,0.25,0.0379752300000006
1,0,10,4.662,45.65,8.225604942,1.59303514125,4.87106295019198,1.35,4.333,2.11312,71.334,4.666,11,107.975049477,0.64,0.0404145400000004
1.25,0.5,10,10.5,71.75,8.755145,2.0094752375,5.33683836447843,1.375,4.75,2.395,73.25,5.75,11.75,177.40242675,0.58,0.0417394499999943
1.583,0,10,0,47.583,8.402686638,0.124205241,4.47300947633972,1.57085,2.417,1.79008,73.332,5,11.583,110.5166524,0.24,0.0434416800000008
1,0,10,10.892,71.896,8.85940496,2.0856917805,5.44192209046033,1.4055,4.556,2.40458,70.222,5.778,11,177.186731082,0.61,0.04637661000001
1,0.125,10,10.5,71.125,8.6845648375,1.8391003375,5.15424798670574,1.38125,4.625,2.4025,71,5.75,11.125,175.37967675,0.34,0.0466732999999521
1,0,10,11.662,73.656,8.95011756,2.14091932925,5.52083304487501,1.39175,4.666,2.43813,70.167,5.833,11,182.087141377,0.61,0.0471620200000018
1.25,0.25,10,10.5,71.5,8.365754425,1.8062076875,4.91554105907729,1.4,4.5,2.35,72.25,5.75,11.5,176.42942675,0.76,0.0482412600000259
1,0,10,7,63,8.94544175,1.114840425,5.07867202744062,1.4125,4,2.2425,71,5.5,11,153.1910345,0.34,0.0571257199999877
1,0,10,10.5,66.5,8.8507605,2.0404036875,5.4136563604766,1.35,4.75,2.38,70.5,5.5,11,163.61142675,0.64,0.0579605300000025
1,0.285714285714286,10,6,61,7.98900734285714,1.23544473571429,4.46058874813229,1.42142857142857,4.14285714285714,2.22571428571429,72.2857142857143,5.42857142857143,11.2857142857143,147.625101,0.34,0.0583985200000256
1,0.363636363636364,10,3.81818181818182,56.0909090909091,7.65176734545455,0.942763231818182,4.15869173995329,1.44090909090909,3.90909090909091,2.14,72.9090909090909,5.27272727272727,11.3636363636364,134.168337,0.34,0.058845119999944
1.625,0,10,0,29.625,8.768765625,0.075919,4.61350980373318,1.35,2.75,1.74375,74.5,4,11.625,64.710375,0.25,0.0588922000000025
1.5,1,10,7,64.5,8.284736,1.710340225,4.93832021373406,1.4,4.5,2.25,76.5,5.5,12.5,157.8382845,0.58,0.0590346299999993
1.2,0.4,10,11.2,73.2,8.8492268,2.06930224,5.42032103979364,1.37,4.8,2.424,72.6,5.8,11.6,181.3152552,0.58,0.0595311799999933
1.53,0,10,0,47.53,8.839429465,-0.418696818,4.48544096954298,1.51475,2.47,1.80985,73.59,5,11.53,111.003115,0.51,0.0604510499999975
1.4,0,10,0,31.2,8.3784922,0.5003393,4.56005638028407,1.375,3.1,1.803,73.5,4.1,11.4,68.72342,0.03,0.0609024000000033
1.4,0,10,8.4,66.6,9.1328604,1.09716615,5.22124717512312,1.43,3.8,2.2,72,5.6,11.4,163.1443414,0.85,0.0624186300000246
1.334,0.667,10,9.338,69.345,6.8503950161,0.40066849733,3.53630927608126,1.7335,3.333,1.81314,75.003,5.667,12.001,171.7615211,0.58,0.0628144800000143
1,0,10,11.2,69,8.9257192,2.094045,5.48264742316001,1.35,4.8,2.412,70.4,5.6,11,170.2824552,0.64,0.0654135799999267
1.25,0,10,5.25,59.25,8.5491255,1.17490621875,4.91304170442794,1.49375,3.5,2.09875,71.625,5.375,11.25,142.415788375,0.24,0.0664641299999999
1.6,0,10,0,47.6,8.8624238,-0.46357176,4.48720598818678,1.52,2.4,1.792,73.8,5,11.6,111.2128,0.51,0.0673151700000005
1.667,0,10,0,41.673,8.57176248,-0.068723928,4.49056461777541,1.4834,2.666,1.75993,74.001,4.667,11.667,96.138955,0.21,0.0674207200000012
1,0,10,3.5,50.5,8.0261005,1.5383350625,4.74954108354157,1.475,3.75,2.075,71,5,11,119.06224225,0.03,0.0679107200000004
1,0,10,11.662,70.65,8.975191942,2.12944826625,5.52866246571658,1.35,4.833,2.43312,70.334,5.666,11,174.685333977,0.64,0.0701976400000035
1,0,10,9.338,68.344,8.67633044,1.97423254575,5.28608392369028,1.43325,4.334,2.33687,70.333,5.667,11,167.296812123,0.61,0.0725570899999894
0.875,0,10,12.25,74.875,9.114464625,2.09030161875,5.58308284098183,1.35625,4.875,2.4975,69.875,5.875,10.875,185.648247875,0.34,0.072769869999945
1.111,0.222,10,9.338,68.677,8.3634046124,1.66861870995,4.86196878297972,1.39995,4.445,2.33354,71.887,5.667,11.333,168.678917523,0.34,0.0727769199999954
1.25,0,10,7,63.25,9.027564375,0.954572775,5.08581297755855,1.43125,3.75,2.17875,71.75,5.5,11.25,153.9399095,0.34,0.0740661899999963
1.4,0,10,0,40.2,8.3034192,0.5346838,4.54074915000821,1.5,2.6,1.818,73,4.6,11.4,90.88452,0.28,0.0748006800000098
1.25,0.125,10,10.5,69.125,8.79330575,1.67910345625,5.18368289902192,1.36875,4.375,2.3425,72,5.625,11.375,170.49167675,0.12,0.0765560600000014
1.25,0,10,3.5,55.25,8.3429605,1.0493890625,4.75489237840414,1.525,3.25,2.0225,71.75,5.25,11.25,131.27849225,0.24,0.0768687700000043
1,0,10,3.108,52.106,7.959049246,1.5197669905,4.70930036863581,1.51675,3.555,2.06209,70.889,5.111,11,122.728273718,0.03,0.0782929199999955
1.111,0.111,10,12.446,75.67,8.8438029887,2.08554351225,5.37238924914209,1.3722,4.778,2.45564,70.999,5.889,11.222,187.848077841,0.76,0.0783952600000077
0.9,0.4,10,1.4,50.5,7.40551718,0.631531625,3.92158554890736,1.455,3.7,2.066,73.1,5.1,11.3,118.8338569,0.34,0.0786501399999792
0.777,0.333,10,1.554,50.662,7.5861754261,0.66837324495,4.03405828273304,1.4444,3.778,2.09788,72.441,5.111,11.11,119.267203159,0.34,0.0801755100000036
1.3,0,10,7,63.3,9.0439889,0.922519245,5.08724237200865,1.435,3.7,2.166,71.9,5.5,11.3,154.0896845,0.34,0.0806302499999844
1,0,10,0,43.4,7.6062632,1.2907352,4.4468026969932,1.55,3.2,1.924,71.2,4.8,11,99.00376,0.03,0.0809369000000117
1,0,10,6.006,50.45,8.369525646,1.69602646125,4.99094792250164,1.35,4.429,2.17456,71.142,4.858,11,120.783424101,0.64,0.08366749999999
1.111,0,10,12.446,73.561,9.244273373,1.98353451225,5.63760610377872,1.35,4.667,2.44121,70.666,5.778,11.111,182.363678841,0.89,0.0838193799999942
1.889,0,10,0,29.889,9.209069313,-0.414007976,4.67237340696547,1.35,2.222,1.67775,75.556,4,11.889,65.202207,0.25,0.0839231500000039
1.375,0,10,3.5,41.875,8.726604875,0.8080715625,4.85641183954286,1.35,3.5,1.96625,73,4.5,11.375,97.59976725,0.25,0.0850046799999972
1.222,0,10,9.338,62.572,9.096584432,1.53937506075,5.35786071391887,1.35,4.223,2.27138,71.554,5.334,11.222,152.951105523,0.25,0.08607619
0.909,0,10,8.904,67.261,8.694416575,1.8755520972,5.24419918053629,1.4228,4.363,2.34253,70.182,5.636,10.909,164.402976484,0.27,0.0861231700000075
2,0.188,10,0,48.188,8.3908167116,-0.528428,4.17889287981068,1.55,2.188,1.70692,75.752,5,12.188,112.863516,0.0900000000000001,0.0867631899999992
1.667,0,10,4.662,58.323,9.070987422,0.28852721325,4.88571926560336,1.4834,2.999,1.97305,73.335,5.333,11.667,140.568004477,0.85,0.0882922200000138
1,0,10,7,63,8.400894,1.806541625,5.05999183186177,1.475,4,2.235,70.5,5.5,11,152.4173845,0.61,0.0904053099999941
1,0,10,14,79,9.225554,2.30861025,5.76751658374793,1.35,5,2.54,70,6,11,196.966569,0,0.0908642200000002
1,0,10,7.994,57.55,8.582408354,1.84836778875,5.17370899319652,1.35,4.571,2.26544,70.858,5.142,11,139.729144899,0.64,0.0914611999999976
1.111,0,10,9.338,62.461,8.911456745,1.74536708475,5.32937593239808,1.35,4.445,2.29913,71.11,5.334,11.111,152.744312523,0.25,0.0921341800000021
1,0,10,12.446,75.448,9.04247948,2.19715101525,5.60235449647683,1.37775,4.778,2.47229,70.111,5.889,11,187.076650041,0.61,0.0922566500000243
1.22222222222222,0,10,4.66666666666667,45.8888888888889,8.59673066666667,1.18099630555556,4.92374062587217,1.35,3.88888888888889,2.05777777777778,72.2222222222222,4.66666666666667,11.2222222222222,108.433523,0.25,0.0957747200000085
1.833,0,10,0,47.833,8.757083138,-0.381913009,4.48755942047798,1.55835,2.167,1.73008,74.332,5,11.833,111.6523524,0.24,0.0960117900000057
1.778,0,10,0,31.776,9.276830262,-0.4887823268,4.66888100159383,1.35555,2.222,1.71105,75.223,4.111,11.778,69.961221,0.55,0.0973640699999975
1.25,0,10,7,54.25,8.89292125,1.308251125,5.14288275342239,1.35,4,2.1575,72,5,11.25,130.7220345,0.25,0.0973818600000102
1.4,0,10,0,47.4,8.3610875,0.21800332,4.46897114619935,1.555,2.6,1.837,72.8,5,11.4,109.99478,0.24,0.0978707600000063
1.6,0,10,0,40.4,8.486844,0.0623136,4.48920963771985,1.47,2.8,1.774,73.8,4.6,11.6,92.865,0.21,0.09859127
2,0.5,10,0,35,8.88162725,-0.18698245,4.57542947370382,1.375,2.5,1.7275,77.75,4.25,12.5,78.73425,0.31,0.0992837900000012
1.571,0,10,0,39.849,8.45008824,0.119031336,4.48862328060353,1.4642,2.858,1.78009,73.713,4.571,11.571,91.447915,0.21,0.0992885699999419
1.5,0,10,0,30.994,8.547826382,0.313593187,4.58266917484231,1.37075,2.917,1.77749,73.917,4.083,11.5,68.1562426,0.03,0.100507590000007
1,1,10,0,48,7.8403785,0.8371057,4.33630805316381,1.425,4,2.08,76,5,12,112.565,0.24,0.100824100000011
1.625,0,10,5.25,59.625,9.08072025,0.41572884375,4.9370331299947,1.475,3.125,2.00875,73.125,5.375,11.625,144.119338375,0.85,0.101997530000006
1,0,10,7,61.2,8.4159086,1.799672725,5.06428754116147,1.45,4.1,2.232,70.6,5.4,11,147.9851645,0.03,0.103777699999966
1.5,0,10,7,54.5,9.3098755,0.844305125,5.20499994399855,1.35,3.5,2.095,73,5,11.5,131.1877845,0.89,0.110467389999997
1,0,10,4.66666666666667,57.6666666666667,8.852071,0.71691715,4.86785096061499,1.43333333333333,3.66666666666667,2.14333333333333,71.3333333333333,5.33333333333333,11,138.599189666667,0.34,0.110637059999988
1.111,0,10,9.338,68.455,9.075461687,1.44240070995,5.30237971165888,1.39995,4.223,2.31356,70.999,5.667,11.111,168.144563523,0.34,0.111789390000013
1,0,10,5.6,59.8,8.235962,1.7061279,4.92926320497296,1.5,3.8,2.174,70.6,5.4,11,143.5075476,0.61,0.114189780000004
1.25,0.25,10,12.838,76.844,8.309343765,1.72812759325,4.85313668812635,1.50825,4.334,2.25937,72.083,5.917,11.5,191.425587123,0.31,0.116659379999987
1.538,0,10,0,37.854,8.554298094,0.269106526,4.57629784470882,1.4655,2.462,1.77936,73.69,4.462,11.538,85.0251504,0.28,0.116733550000021
1.111,0.222,10,12.446,75.781,9.016692404,2.17579430445,5.57216438005506,1.3611,4.889,2.47562,71.443,5.889,11.333,188.280089841,0.58,0.117322490000021
1.6,0,10,5.6,60.4,9.0865136,0.4914441,4.96783261023467,1.47,3.2,2.03,73,5.4,11.6,146.2332276,0.85,0.117464140000003
1,0,10,11.2,72.6,8.89569,2.1077828,5.47335021380224,1.4,4.6,2.418,70.2,5.8,11,179.1468952,0.61,0.117475439999993
1,0,10,9.338,64.348,8.709662852,1.95898358775,5.29605166956831,1.37775,4.556,2.33021,70.555,5.445,11,157.457283723,0.03,0.118349370000004
1,0,10,8.75,60.25,8.66336375,1.90630040625,5.24495300559716,1.35,4.625,2.3,70.75,5.25,11,146.933855625,0.64,0.120099400000015
1,0,10,7,58.5,8.4384305,1.789369375,5.07073794395448,1.4125,4.25,2.2275,70.75,5.25,11,141.3368345,0.03,0.120153850000008
1.41658341658342,0,10,5.83216783216783,50.2457542457543,9.04569593106893,0.909616785464536,5.07581453494673,1.35,3.58341658341658,2.06246753246753,72.8331668331668,4.83316683316683,11.4165834165834,119.902891381618,0.25,0.120264630000008
1.545,0,10,0,29.545,8.635340265,0.22438172,4.5958191876774,1.35,2.91,1.76375,74.18,4,11.545,64.561335,0.25,0.122716309999987
1.5,0,10,0,32.506,8.535214118,0.319363063,4.57940371911717,1.39175,2.833,1.78001,73.833,4.167,11.5,71.8793074,0.03,0.123401910000013
1.5,0,10,0,38.5,8.3601,0.257892,4.48718803989469,1.45,3,1.795,73.5,4.5,11.5,87.9785,0.21,0.124091319999991
1,0,10,8.4,59,8.6258844,1.87947975,5.21184851923728,1.35,4.6,2.284,70.8,5.2,11,143.5983414,0.64,0.124921260000008
1.6,0,10,2.8,54,8.9744687,0.0139361700000001,4.72140744237929,1.495,2.8,1.911,73.4,5.2,11.6,128.7230138,0.34,0.12559916
1.556,0,10,0,29.556,8.653686252,0.203968096,4.59824761911537,1.35,2.888,1.761,74.224,4,11.556,64.581828,0.25,0.125697769999988
1.75,0,10,0,34.25,8.93970625,-0.13888175,4.63145181102112,1.4125,2.25,1.72,74.75,4.25,11.75,76.0238,0.28,0.126158020000005
1.833,0,10,0,29.833,9.115671561,-0.310084072,4.65982475040286,1.35,2.334,1.69175,75.332,4,11.833,65.097879,0.25,0.128139400000009
1.5,0,10,3.5,46.5,8.8975455,0.5932708125,4.87529849641045,1.4125,3,1.9425,73.25,4.75,11.5,108.91319225,0.28,0.129321380000007
1.167,0,10,0,44.161,7.879833821,0.983086009,4.48135413162886,1.55825,2.833,1.88324,71.835,4.833,11.167,100.7775136,0.28,0.129594119999979
1.44444444444444,0,10,6.22222222222222,51.6666666666667,9.13393155555556,0.887802777777778,5.11860168393042,1.35,3.55555555555556,2.07333333333333,72.8888888888889,4.88888888888889,11.4444444444444,123.672030666667,0.25,0.130004499999984
1.111,0,10,12.446,75.559,9.199831526,1.97243451225,5.61043843162811,1.3722,4.667,2.44565,70.555,5.889,11.111,187.580900841,0.85,0.130680810000001
1,0,10,8.4,66.2,8.565826,1.90695535,5.1941875030486,1.45,4.2,2.296,70.4,5.6,11,161.3272214,0.61,0.13403661000001
1.2,0,10,11.2,72.8,9.1792072,1.7028882,5.48758869362215,1.39,4.4,2.37,71,5.8,11.2,180.0554552,0.85,0.134512870000009
1,0,10,6.22222222222222,59.2222222222222,8.325948,1.74312411111111,4.99164690090237,1.46111111111111,4,2.19777777777778,70.6666666666667,5.33333333333333,11,142.542786222222,0.03,0.135381030000005
2,0.25,10,0,34.75,8.492236675,-0.39025,4.21423882548138,1.4,2.25,1.6825,76.75,4.25,12.25,77.76125,0.13,0.135572880000012
1.667,0,10,0,35.661,8.788815321,0.020849509,4.60977977420638,1.43325,2.333,1.74324,74.335,4.333,11.667,79.5479136,0.28,0.135993980000009
1.889,0,10,1.554,35.439,9.375477627,-0.29492426225,4.80559015977826,1.35,2.333,1.74879,75.334,4.222,11.889,80.011890159,0.89,0.139076720000006
1,0,10,10.178,68.626,8.788952926,2.02823008175,5.3739065499624,1.3955,4.545,2.37074,70.364,5.636,11,168.609394063,0.03,0.13949371999999
1.33333333333333,0,10,6.22222222222222,61.5555555555556,8.78179377777778,1.07593188888889,5.00858320127885,1.47222222222222,3.55555555555556,2.12111111111111,71.8888888888889,5.44444444444444,11.3333333333333,148.981741777778,0.24,0.140678469999997
1.25,0,10,7,58.75,8.792827,1.283251125,5.08723219781523,1.4,4,2.1675,71.75,5.25,11.25,142.4725345,0.21,0.141112539999995
1.375,0,10,0,47.375,8.10782875,0.545295625,4.46093988202829,1.58125,2.625,1.84,72.5,5,11.375,109.57175,0.24,0.141317860000015
1,0,10,9.338,66.346,8.692996646,1.96660806675,5.291065449372,1.4055,4.445,2.33354,70.444,5.556,11,162.377047923,0.03,0.141549129999987
1.5,0,10,1.162,41.156,8.62210906,0.42557989175,4.66677618551752,1.45425,2.666,1.84063,73.417,4.583,11.5,94.033764627,0.28,0.146917160000001
1.5,0,10,0,47.5,8.82957475,-0.3994647,4.48468474552606,1.5125,2.5,1.8175,73.5,5,11.5,110.91325,0.51,0.147517780000001
1,0,10,10.5,71,8.813224,2.0575759375,5.40218352186334,1.4125,4.5,2.3875,70.25,5.75,11,174.69197675,0.61,0.147910580000001
0.889,0,10,12.446,75.337,9.126906635,2.11475218545,5.60344259683613,1.35555,4.889,2.50226,69.889,5.889,10.889,186.915899841,0.34,0.148013349999999
1.16683316683317,0,10,5.83216783216783,60.4975024975025,8.49981372227772,1.38503068456543,4.96144728439177,1.48751248751249,3.66633366633367,2.14407592407592,71.2507492507493,5.41658341658342,11.1668331668332,145.74299268032,0.24,0.148537570000002
1,0,10,3.5,52.75,8.00733225,1.5469211875,4.74450570494797,1.50625,3.625,2.07875,70.875,5.125,11,124.60251725,0.03,0.149595630000007
1.167,0,10,7,60.161,8.704493821,1.485154634,5.10796956411427,1.43325,3.833,2.18824,71.335,5.333,11.167,145.3266981,0.28,0.150522160000008
1.286,0.286,10,0,47.572,7.0643288062,1.016907722,3.98482323436685,1.5857,3,1.8871,73.288,5,11.572,109.8558428,0.15,0.153020349999991
1.33333333333333,1,10,0,48.3333333333333,7.15570423333333,0.657737133333333,3.85347906171004,1.46666666666667,3.66666666666667,1.98,77,5,12.3333333333333,113.316,0.18,0.153925079999993
1,0,10,3.5,55,7.988564,1.5555073125,4.73947566477279,1.5375,3.5,2.0825,70.75,5.25,11,130.14279225,0.61,0.157461630000014
1.167,0,10,11.662,73.823,9.186854422,1.80283233825,5.53282274587996,1.3834,4.499,2.39805,70.835,5.833,11.167,182.845788977,0.85,0.160299019999997
1.25,0,10,10.5,66.75,9.26771475,1.5764576875,5.47904403116261,1.35,4.25,2.3175,71.5,5.5,11.25,164.07717675,0.89,0.163972000000015
1.4,0.8,10,8.4,67.4,8.4728996,1.82999423,5.09402612854518,1.39,4.6,2.308,75.2,5.6,12.2,165.6639414,0.58,0.164159830000003
1.286,0,10,0,47.286,7.981663596,0.725473722,4.45578544233923,1.5857,2.714,1.86136,72.144,5,11.286,109.1674408,0.24,0.164276919999992
1.22222222222222,0,10,4.66666666666667,57.8888888888889,8.44102644444445,1.18930252777778,4.85799601121794,1.50555555555556,3.44444444444444,2.08,71.5555555555556,5.33333333333333,11.2222222222222,138.577167444444,0.24,0.166938140000013
1.25,0.25,10,0,47.5,7.128764425,1.05310475,4.03936198368918,1.5875,3,1.8925,73,5,11.5,109.60565,0.15,0.166969789999996
1.33333333333333,0,10,0,47.3333333333333,8.29078388888889,0.322225911111111,4.46583396434419,1.55555555555556,2.66666666666667,1.85333333333333,72.5555555555556,5,11.3333333333333,109.726311111111,0.24,0.167212730000003
1.125,0,10,10.5,68.875,9.0091905,1.7959306875,5.41670527777502,1.375,4.5,2.35375,70.875,5.625,11.125,169.71955175,0.21,0.16727109
1.5,0,10,0,43,8.3225635,0.27506425,4.47767861026319,1.5125,2.75,1.8025,73.25,4.75,11.5,99.05905,0.03,0.168125100000005
1.2,0,10,0,47.2,8.7310276,-0.20714352,4.47712951407894,1.49,2.8,1.894,72.6,5,11.2,110.0146,0.51,0.168400860000006
1,0,10,10.5,68.75,8.83199225,2.0489898125,5.40791689873257,1.38125,4.625,2.38375,70.375,5.625,11,169.15170175,0.03,0.168448860000012
1,0,10,7,55.8,8.4609524,1.779066025,5.07719656265069,1.375,4.4,2.223,70.9,5.1,11,134.6885045,0.03,0.169936509999985
1.125,0,10,12.25,75.125,9.19658725,1.93003396875,5.59093302619881,1.375,4.625,2.43375,70.625,5.875,11.125,186.397122875,0.85,0.170176400000003
1,0,10,9.32867132867133,65.3196803196803,8.70028077522477,1.9621038518981,5.2926497398767,1.39170829170829,4.4995004995005,2.33145854145854,70.5004995004995,5.4995004995005,11,159.843029893107,0.03,0.170695719999998
1.25,0,10,0,47.25,8.747452125,-0.23919705,4.47838783484458,1.49375,2.75,1.88125,72.75,5,11.25,110.164375,0.51,0.172067589999983
1.625,0,10,0,36.375,8.712460875,0.101677375,4.59885187281508,1.44375,2.375,1.755,74.125,4.375,11.625,81.3312,0.28,0.17273849
1.33333333333333,0,10,4.66666666666667,58,8.598536,0.964361083333333,4.86501289387989,1.5,3.33333333333333,2.05333333333333,72,5.33333333333333,11.3333333333333,139.081923,0.24,0.173029059999998
1.44444444444444,0,10,4.66666666666667,50.1111111111111,8.93399088888889,0.783864083333333,4.96719201809659,1.40555555555556,3.22222222222222,2.00888888888889,72.8888888888889,4.88888888888889,11.4444444444444,118.696900777778,0.28,0.174436890000003
1.571,0,10,0,37.293,8.614290873,0.205598917,4.58483977063099,1.45725,2.429,1.77012,73.855,4.429,11.571,83.6239968,0.28,0.175089560000004
1,0,10,8.162,65.656,8.53778756,1.88988501675,5.17112571223876,1.45425,4.166,2.28563,70.417,5.583,11,159.812549127,0.61,0.175303220000004
1.4,0.4,10,0,47.8,6.86028268,0.9022838,3.8169280224675,1.58,3,1.87,74.2,5,11.8,110.64812,0.15,0.175491809999997
1.375,0,10,7,54.375,9.101398375,1.076278125,5.17384812722162,1.35,3.75,2.12625,72.5,5,11.375,130.9549095,0.25,0.176724020000023
1,0,10,12.446,73.45,9.059145686,2.18952653625,5.60763407077137,1.35,4.889,2.46896,70.222,5.778,11,182.156885841,0.64,0.182746269999996
1.333,0,10,0,41.339,8.181615679,0.663623491,4.52358971450671,1.51675,2.667,1.83676,72.665,4.667,11.333,93.7292864,0.28,0.183164060000003
1,0,10,6.216,61.208,8.30853208,1.750309939,4.98636245344844,1.489,3.888,2.20084,70.556,5.444,11,147.427875836,0.61,0.183596300000005
1.44444444444444,0,10,1.55555555555556,35,8.63420688888889,0.530194027777778,4.70421445872107,1.35,3.22222222222222,1.86,73.5555555555555,4.22222222222222,11.4444444444444,79.1985076666667,0.25,0.186130890000001
1.625,0,10,5.25,48.375,9.330955875,0.47822884375,5.07316162297726,1.35,3.125,1.98375,73.75,4.75,11.625,114.743088375,0.89,0.186834789999992
1.41658341658342,0,10,2.33566433566434,52.7552447552448,8.4419380979021,0.628634518231768,4.66257938643526,1.53746253746254,2.91708291708292,1.93178821178821,72.4995004995005,5.16683316683317,11.4165834165834,124.625218204795,0.24,0.187328300000019
1.833,0,10,0,44.827,8.78215752,-0.393384072,4.4939234946981,1.5166,2.334,1.72507,74.499,4.833,11.833,104.250545,0.21,0.1882287
1.167,0,10,11.662,70.817,9.253717381,1.81953233825,5.57318037238844,1.35,4.499,2.39137,71.002,5.666,11.167,174.996454977,0.89,0.188726510000009
1.833,0,10,0,32.839,9.090597179,-0.298613009,4.65322573495471,1.39175,2.167,1.69676,75.165,4.167,11.833,72.4996864,0.28,0.189002239999994
1.16683316683317,0,10,9.32867132867133,65.4865134865135,8.93678113686314,1.62435461013986,5.30413239562402,1.38336663336663,4.33266733266733,2.29141858141858,71.1678321678322,5.4995004995005,11.1668331668332,160.600919603397,0.21,0.189850700000008
1.166,1.166,10,0,48.332,7.757966057,0.882749807,4.31819595921177,1.42915,4,2.06008,77.162,5,12.332,113.58507,0.24,0.190819260000012
1.1,0,10,8.4,59.1,8.7470794,1.596618725,5.16004429759686,1.365,4.5,2.23,71.2,5.2,11.1,143.9606845,0.1,0.192631910000017
1.125,0,10,0,44.875,7.7722005,1.04282775,4.45119532375549,1.5625,3,1.89625,71.625,4.875,11.125,102.895775,0.03,0.192686479999992
1.167,0.167,10,0,47.334,7.2773243239,1.136559009,4.1679654641587,1.59165,3,1.90495,72.336,5,11.334,109.0288166,0.15,0.193073609999999
1.333,0,10,4.662,57.989,8.961271595,0.50264479365,4.87655646803318,1.45835,3.333,2.05822,72.333,5.333,11.333,139.567507477,0.34,0.193447580000012
1.2,0,10,0,43.6,7.9398266,0.9195784,4.48971883959201,1.55,2.8,1.874,72,4.8,11.2,99.37636,0.28,0.194011739999993
1.167,0,10,7,57.173,8.68762948,1.445581197,5.08533067669071,1.3834,4.166,2.18493,71.501,5.167,11.167,138.4167395,0.21,0.197632940000005
1.1,0,10,1.4,50.3,8.754201,0.0957175050000001,4.58990088550068,1.47,3.1,1.979,72.1,5.1,11.1,118.4701569,0.34,0.197816770000003
1.429,0,10,0,47.429,8.184378394,0.435974083,4.46407020085324,1.57855,2.571,1.82704,72.716,5,11.429,109.8170612,0.24,0.198285169999991
1.25,0,10,5.25,48,8.7055245,1.17414784375,4.98261739550492,1.35,3.875,2.0775,72.25,4.75,11.25,114.044463375,0.25,0.198436729999997
1.4995004995005,0.666333666333666,10,11.6643356643357,74.8271728271728,7.00014711298701,0.692198771108891,3.69392581121249,1.72482517482517,3.5004995004995,1.87024975024975,75.1638361638362,5.83316683316683,12.1658341658342,186.802415707293,0.34,0.198584339999968
1,0.333333333333333,10,4.66666666666667,58,7.78291623333333,1.05658381666667,4.27358887349121,1.43333333333333,4,2.17333333333333,72.6666666666667,5.33333333333333,11.3333333333333,139.401523,0.34,0.198949159999984
1.25,0,10,0,42.75,8.03072475,0.82335475,4.50242239876475,1.5375,2.75,1.86,72.25,4.75,11.25,97.2534,0.28,0.199733930000008
1.889,0,10,0,31.887,9.192403107,-0.406383497,4.66797437838719,1.37775,2.111,1.68108,75.445,4.111,11.889,70.1219712,0.28,0.200851880000002
1.375,0,10,8.75,67.375,9.13865375,1.17288140625,5.25381971311588,1.425,3.875,2.22125,71.875,5.625,11.375,165.258230625,0.85,0.201072629999999
1.125,0,10,7,60.875,8.628139375,1.5659825,5.09586065860457,1.44375,3.875,2.2,71.125,5.375,11.125,147.1099845,0.28,0.203262660000007
1.167,0.334,10,11.662,74.157,8.911320788,2.10878806165,5.47613371381416,1.3667,4.833,2.44314,72.171,5.833,11.501,183.897721977,0.58,0.203543660000008
0.888888888888889,0,10,6.22222222222222,61.1111111111111,8.39377677777778,1.66827491111111,4.98791211844707,1.46666666666667,4,2.23111111111111,70.3333333333333,5.44444444444445,10.8888888888889,147.306564,0.27,0.203976990000001
1.333,0,10,9.338,62.683,9.281712119,1.33338303675,5.38649774267997,1.35,4.001,2.24363,71.998,5.334,11.333,153.157898523,0.89,0.204814400000004
0.833,0,10,11.662,73.489,9.077138595,2.01694991865,5.52244635459422,1.35835,4.833,2.48322,69.833,5.833,10.833,181.845291977,0.34,0.205020070000018
1.28571428571429,0,10,4,51.2857142857143,8.56688628571429,1.04151992857143,4.86185698213725,1.45714285714286,3.28571428571429,2.02428571428571,72.1428571428572,5,11.2857142857143,121.193676857143,0.28,0.205144280000013
1.375,0,10,8.75,60.625,9.288795125,1.21038140625,5.3402644012602,1.35,3.875,2.20625,72.25,5.25,11.375,147.632480625,0.89,0.206759589999997
1.5,0,10,7,63.5,9.109687,0.794305125,5.09296396832653,1.45,3.5,2.115,72.5,5.5,11.5,154.6887845,0.85,0.207195560000002
1.333,0.666,10,9.338,69.343,8.598969212,1.91016241335,5.20108624388045,1.3833,4.667,2.34686,74.329,5.667,11.999,170.907131523,0.58,0.207484390000019
1.273,0.091,10,10.178,68.99,8.88978948,1.5747257714,5.21692293254152,1.38185,4.272,2.31887,71.911,5.636,11.364,169.998290663,0.12,0.207690219999989
1.75,0,10,3.5,55.75,9.0517535,0.0371525625,4.78587641268435,1.5,2.75,1.9025,73.75,5.25,11.75,133.54989225,0.85,0.208106190000002
1,0,10,2.8,53.4,7.906098,1.50530045,4.67785110368838,1.55,3.4,2.052,70.8,5.2,11,125.6878738,0.61,0.209205459999993
1.727,0,10,0,46.089,8.620482308,-0.17356957,4.4848464339571,1.5409,2.364,1.75279,73.999,4.909,11.727,107.1374954,0.03,0.209528290000009
1.375,0,10,1.75,44.625,8.464135125,0.70831278125,4.68515241490631,1.475,2.875,1.90125,72.75,4.75,11.375,103.083296125,0.28,0.209884820000013
1.5,0,10,0,47.5,8.285027,0.2922365,4.468189333398,1.575,2.5,1.81,73,5,11.5,110.1396,0.24,0.211118139999996
1.417,0,10,0,47.417,8.348157215,0.2306229606,4.46883822837281,1.5584,2.583,1.83241,72.834,5,11.417,110.0193994,0.24,0.212592840000013
1.33333333333333,0,10,4.66666666666667,52,8.731995,0.997694416666667,4.93610147606938,1.43333333333333,3.33333333333333,2.04,72.3333333333333,5,11.3333333333333,123.414589666667,0.28,0.212827899999979
1.167,0.334,10,0,47.501,7.537437228,1.2723417324,4.4033196135793,1.57495,3.167,1.93501,73.004,5,11.501,109.6787806,0.03,0.213089600000018
1.4,0,10,7,54.4,9.1430938,1.029883525,5.18006353931336,1.35,3.7,2.12,72.6,5,11.4,131.0014845,0.25,0.214151380000004
1,0,10,11.368,72.984,8.91548184,2.119832447,5.4905692611336,1.397,4.624,2.42532,70.188,5.812,11,180.216075628,0.61,0.214374199999952
1.285,0.571,10,2.002,52.432,7.0075992807,0.66163264895,3.71658962878208,1.4785,3.572,2.0088,74.853,5.143,11.856,124.163417367,0.34,0.21504846000002
1.4,0,10,5.6,53,8.9631472,0.9363387,5.04195237656337,1.4,3.4,2.062,72.6,5,11.4,126.5238676,0.28,0.215655420000019
1,0,10,0,47,7.576234,1.304473,4.43926202321725,1.6,3,1.93,71,5,11,107.8682,0,0.218610189999993
1,0,10,4.004,56.152,8.04793952,1.5916562535,4.78434741399906,1.5285,3.572,2.10446,70.714,5.286,11,133.350333534,0.61,0.21931410000002
1,0,10,9.996,69.848,8.75384848,2.0214269965,5.35151717109665,1.4215,4.428,2.36554,70.286,5.714,11,171.484435466,0.61,0.219535900000011
1,0,10,8.75,67,8.607059,1.93205878125,5.22828886872625,1.44375,4.25,2.31125,70.375,5.625,11,163.554680625,0.61,0.219742840000009
1.44444444444444,0,10,3.11111111111111,46.5555555555556,8.75073311111111,0.672293277777778,4.82480818293025,1.43333333333333,3,1.94111111111111,73,4.77777777777778,11.4444444444444,108.797082,0.28,0.222388950000003
1,0,10,7,57.006,8.450892618,1.783668188,5.07431069699404,1.39175,4.333,2.22501,70.833,5.167,11,137.6580919,0.03,0.225171529999983
1.125,0,10,1.75,51.125,7.95959725,1.17693103125,4.59436754732734,1.5625,3.125,1.97625,71.375,5.125,11.125,119.573346125,0.24,0.225181340000006
1.66666666666667,1,10,0,48.6666666666667,6.90216923333333,0.905181066666667,3.85123239663588,1.53333333333333,3.33333333333333,1.89,77.6666666666667,5,12.6666666666667,113.798733333333,0.03,0.225268760000006
1.6,0,10,5.6,49.6,9.3267398,0.5514441,5.09925939378922,1.35,3.2,2.006,73.6,4.8,11.6,118.0320276,0.89,0.227654650000005
1.143,0,10,4.004,53.721,8.307908229,1.3164566145,4.82316577937174,1.49275,3.429,2.06442,71.429,5.143,11.143,127.278667934,0.28,0.228113460000003
1.5,0.5,10,10.5,72,7.25459065,1.0632974075,3.9949121799371,1.6875,3.5,1.9275,74.25,5.75,12,178.40034225,0.31,0.228406560000003
1.286,0.572,10,0,47.858,7.509791624,1.2494457992,4.37788565799364,1.5571,3.286,1.93858,74.432,5,11.858,110.9689548,0.03,0.228924110000008
1.2,0.2,10,0,47.4,7.21825834,1.1033784,4.11635076438995,1.59,3,1.9,72.6,5,11.4,109.25816,0.15,0.23043423
1.444,0,10,0,39.452,8.383409572,0.450006988,4.55205342709594,1.489,2.556,1.80568,73.22,4.556,11.444,89.0163152,0.28,0.231878189999996
1.2,0,10,11.2,69.2,9.2592826,1.7228882,5.53556051480458,1.35,4.4,2.362,71.2,5.6,11.2,170.6550552,0.89,0.232708830000007
1,0,10,7.784,64.792,8.49325592,1.862773311,5.13470843275765,1.461,4.112,2.26916,70.444,5.556,11,157.406893164,0.61,0.233501250000018
1.11111111111111,0,10,6.22222222222222,61.3333333333333,8.46677466666667,1.52581477777778,4.9941457078682,1.48333333333333,3.77777777777778,2.17444444444444,71,5.44444444444445,11.1111111111111,147.972230666667,0.24,0.235205370000003
1.4,0,10,5.6,60.2,8.8029964,0.8963387,4.95494272574831,1.48,3.4,2.078,72.2,5.4,11.4,145.3246676,0.24,0.235225820000004
1,0,10,5.25,59,8.194729,1.68102446875,4.89711222569566,1.50625,3.75,2.15875,70.625,5.375,11,141.280088375,0.61,0.236344430000003
1.571,0.571,10,6.006,61.87,7.2617717707,1.16112279725,4.00349441896578,1.4642,3.858,2.10604,75.139,5.429,12.142,150.059736101,0.76,0.237233410000002
1.25,0,10,1.75,46.75,8.23688975,0.94887190625,4.65217448801773,1.50625,3,1.93625,72.125,4.875,11.25,108.390696125,0.28,0.237628659999999
1,0,10,2.338,52.344,7.85167044,1.47216392075,4.63761847721072,1.55825,3.334,2.03187,70.833,5.167,11,122.747627623,0.61,0.238421799999998
1.4995004995005,0,10,0,47.4995004995005,8.64771341758242,-0.168347081518481,4.47916144864038,1.53331668331668,2.5004995004995,1.81512487512487,73.3316683316683,5,11.4995004995005,110.653612787213,0.24,0.239429370000003
1.28571428571429,0,10,6,55.8571428571429,8.80250342857143,1.18496810714286,5.04709993407657,1.42142857142857,3.57142857142857,2.11142857142857,72,5.14285714285714,11.2857142857143,133.922015285714,0.28,0.23969821
1.5,0,10,0,45.7,8.3000416,0.2853676,4.4719826285475,1.55,2.6,1.807,73.1,4.9,11.5,105.70738,0.03,0.240041980000001
1.41658341658342,0,10,2.33566433566434,45.2567432567433,8.60872851648352,0.67029285989011,4.74788040005644,1.45414585414585,2.91708291708292,1.91512487512488,72.9160839160839,4.75024975024975,11.4165834165834,105.044964458541,0.28,0.240956339999997
1.625,0,10,1.75,40.375,8.918625875,0.22719453125,4.75181123893497,1.4125,2.625,1.83125,74,4.5,11.625,92.468496125,0.28,0.241707430000005
1.25,0,10,0,47.25,7.9306305,0.79835475,4.45370219259193,1.5875,2.75,1.87,72,5,11.25,109.0039,0.24,0.242339479999998
1.727,0,10,2.548,51.913,8.920658548,0.00918340949999998,4.70367152899016,1.4954,2.728,1.86381,73.817,5.091,11.727,123.353398558,0.21,0.242912400000009
1.375,0,10,3.5,55.375,8.52015875,0.7963299375,4.76261953052388,1.51875,3.125,1.9925,72.25,5.25,11.375,131.84634225,0.24,0.243740900000006
1.364,0.182,10,8.904,64.622,8.596200548,1.3920483583,4.93744911289036,1.3773,4.09,2.25244,72.912,5.454,11.546,158.419125884,0.12,0.243996719999998
1,0,10,5.838,60.344,8.26400044,1.72319823325,4.95124635587774,1.49575,3.834,2.18437,70.583,5.417,11,145.022219873,0.61,0.24415384000001
1.417,0,10,0,39.911,8.334324571,0.501967759,4.54511337999823,1.49575,2.583,1.81324,73.085,4.583,11.417,90.1627136,0.28,0.245977719999999
1.444,0.444,10,0,47.888,6.7815280348,0.858042988,3.75403503421451,1.5778,3,1.8634,74.552,5,11.888,110.9539112,0.15,0.24673743000001
1.125,0,10,8.75,64.875,8.834304375,1.69149965625,5.26535070475783,1.4125,4.125,2.27625,71,5.5,11.125,158.247280625,0.28,0.247138750000005
1.375,0,10,0,38.375,8.276738375,0.5742095,4.53915110305973,1.475,2.75,1.82125,73,4.5,11.375,86.405725,0.03,0.247908049999992
1.75,0,10,0,32,8.9584745,-0.147467875,4.63636720469052,1.38125,2.375,1.71625,74.875,4.125,11.75,70.483525,0.03,0.248312150000004
1.375,0,10,7,63.375,8.93248875,1.04736425,5.08470084609487,1.45625,3.625,2.145,72,5.5,11.375,154.1209345,0.24,0.248924819999999
1.75,0,10,0,32,9.26202725,-0.47223235,4.66530301797945,1.35625,2.25,1.71875,75.125,4.125,11.75,70.535375,0.55,0.249105240000006
1.625,0,10,0,34.125,8.731229125,0.09309125,4.6037326679317,1.4125,2.5,1.75125,74.25,4.25,11.625,75.790925,0.03,0.249972800000009
1.143,0,10,7.994,62.841,8.777964429,1.60263573075,5.19673343219944,1.4215,3.999,2.23827,71.144,5.428,11.143,152.671703099,0.28,0.250178350000027
1.2,0.2,10,11.2,73,8.53771434,1.9066882,5.07521953390588,1.39,4.6,2.388,71.8,5.8,11.4,180.5368552,0.76,0.250656140000004
1.2,0.4,10,0,47.6,7.5297708,1.26599244,4.39625172986797,1.57,3.2,1.936,73.4,5,11.6,110.03656,0.03,0.250932370000001
1.556,0,10,0,37.548,8.587021428,0.234466012,4.58095510228763,1.461,2.444,1.77432,73.78,4.444,11.556,84.2608848,0.28,0.251058839999999
1.125,0.125,10,14,79.25,8.8358956625,2.0600406175,5.34839319613152,1.41875,4.75,2.425,71,6,11.25,197.893660375,0.92,0.25161946999998
1.4,0,10,2.8,46.6,8.6332832,0.73551125,4.78479267766765,1.45,3,1.94,72.8,4.8,11.4,108.7041938,0.28,0.251929869999998
1.636,0.727,10,12.726,77.451,6.8784280441,0.70400058383,3.63202645140707,1.7544,3.455,1.84022,75.725,5.909,12.363,194.118794658,0.34,0.25225647000002
1.2,0,10,0,47.2,7.8597512,0.8995784,4.45081040588303,1.59,2.8,1.882,71.8,5,11.2,108.77676,0.24,0.252428340000023
1.4,0,10,0,47.4,8.1432684,0.4946838,4.46238883073635,1.58,2.6,1.834,72.6,5,11.4,109.68532,0.24,0.253562049999999
1.667,0,10,0,47.667,8.521763862,-0.045850491,4.47789298748526,1.56665,2.333,1.76992,73.668,5,11.667,110.8982476,0.24,0.253747500000003
1.4,0,10,7,56.2,9.1280792,1.036752425,5.17566962468312,1.375,3.6,2.123,72.5,5.1,11.4,135.4337045,0.28,0.254357830000004
1.666,0.833,10,11.662,75.155,6.4804554339,0.36048188767,3.34027368289292,1.8165,3.167,1.71686,76.497,5.833,12.499,188.0234289,0.58,0.254984589999999
1.66633366633367,0,10,2.33566433566434,53.004995004995,8.79598055544455,0.123021880869131,4.67773079344153,1.52497502497503,2.66733266733267,1.87184815184815,73.4985014985015,5.16683316683317,11.6663336663337,125.759783639361,0.24,0.255445359999996
1.133,0.133,10,12.138,75.01,8.7681406261,2.04133208675,5.29735074643824,1.3766,4.734,2.43892,71.197,5.867,11.266,186.040809323,0.76,0.255822680000023
1.25,0.375,10,0,47.625,7.3234597125,1.154738525,4.20890510927233,1.575,3.125,1.915,73.5,5,11.625,110.09215,0.03,0.256275450000004
1.111,0,10,3.108,52.217,8.144176933,1.3137749665,4.73447093153435,1.51675,3.333,2.03434,71.333,5.111,11.111,122.935066718,0.28,0.257111170000002
1.333,0.555,10,0,47.888,7.3259833567,1.1501520754,4.21128208324107,1.56115,3.222,1.92001,74.552,5,11.888,111.0465074,0.03,0.257342989999984
1.545,0,10,0,47.545,8.34881837,0.201135215,4.47080201889237,1.57275,2.455,1.7992,73.18,5,11.545,110.344026,0.24,0.257911399999998
1.5,0,10,5.6,49.5,9.1599581,0.7370225,5.07482957684274,1.35,3.4,2.031,73.2,4.8,11.5,117.8457276,0.25,0.258580959999989
1.44444444444444,0,10,1.55555555555556,51,8.38953,0.516278027777778,4.59673051178553,1.55,2.77777777777778,1.89111111111111,72.6666666666667,5.11111111111111,11.4444444444444,119.787041,0.24,0.260468680000002
1.5,0.5,10,14,80,7.66692065,1.31433172,4.2650758078016,1.625,4,2.08,74,6,12,200.6749345,0.92,0.260602949999992
1.3,0,10,9.8,64.3,9.2761469,1.430027175,5.42310456459321,1.35,4.1,2.273,71.8,5.4,11.3,157.4992983,0.89,0.261442770000002
1.25,0,10,8.75,62.75,9.06154975,1.45094053125,5.30267526148534,1.38125,4,2.24125,71.625,5.375,11.25,152.939880625,0.28,0.26203778
1.667,0.667,10,14,80.334,7.1463371111,0.98224269098,3.85613308671413,1.71685,3.666,1.92636,75.336,6,12.334,201.913528577,0.92,0.263426490000001
1.6,0.6,10,14,80.2,7.35519398,1.115476014,4.01526612917032,1.68,3.8,1.988,74.8,6,12.2,201.4166076,0.92,0.264961800000009
1.222,0,10,0,43.226,7.979821786,0.877239994,4.49530398377717,1.5445,2.778,1.86784,72.11,4.778,11.222,98.4422576,0.28,0.26603283
1.125,0,10,5.25,56.875,8.421974375,1.44046534375,4.93182644575773,1.475,3.625,2.12375,71.25,5.25,11.125,135.972688375,0.28,0.267163370000006
1.75,0,10,1.75,38.25,9.14587125,-0.01336459375,4.78549546209332,1.38125,2.5,1.79625,74.625,4.375,11.75,87.161096125,0.28,0.26925614000001
1.33333333333333,0,10,3.11111111111111,54.4444444444444,8.41527822222222,0.852790277777778,4.72555800841529,1.52777777777778,3.11111111111111,1.98555555555556,72.1111111111111,5.22222222222222,11.3333333333333,129.182104222222,0.24,0.269749100000013
1.25,0.5,10,0,47.75,7.518155,1.2563723,4.385564425865,1.5625,3.25,1.9375,74,5,11.75,110.57865,0.03,0.271125030000007
1.111,0,10,0,45.113,7.778027893,1.090856497,4.46719512199761,1.57225,2.889,1.89892,71.555,4.889,11.111,103.1552288,0.28,0.272035490000008
1.5,0.5,10,0,48,6.68129485,0.8017365,3.67548595913887,1.575,3,1.855,75,5,12,111.3431,0.15,0.27271811
1.444,0,10,0,47.444,8.205642184,0.405606988,4.46494012362287,1.5778,2.556,1.82344,72.776,5,11.444,109.8852032,0.24,0.273086070000005
1.143,0,10,7.994,57.693,8.820906185,1.58299067675,5.20936113574511,1.35,4.285,2.22969,71.43,5.142,11.143,139.995553899,0.25,0.273538690000009
1.182,0,10,2.548,49.73,8.207279506,1.1369718935,4.70399445626541,1.509,3.182,1.99006,71.728,5,11.182,116.356528758,0.28,0.273610350000013
1.444,0,10,7.784,65.236,9.122664104,0.963907299,5.16440921590592,1.4388,3.668,2.1626,72.22,5.556,11.444,159.423896364,0.85,0.274921500000005
1.167,0,10,0,47.167,7.812970862,0.966386009,4.44890285529972,1.59165,2.833,1.88992,71.668,5,11.167,108.6268476,0.24,0.277433829999993
1.5,0.5,10,7,64,7.50595485,1.303805125,4.18941905976681,1.45,4,2.16,74.5,5.5,12,155.8922845,0.76,0.278221489999993
1.2,0.2,10,8.4,66.6,7.94237266,1.509243938,4.60354914848166,1.56,3.8,2.112,72,5.6,11.4,162.8105676,0.31,0.279049600000008
1.3,0.6,10,0,47.9,7.5065392,1.24675216,4.37490310273707,1.555,3.3,1.939,74.6,5,11.9,111.12074,0.03,0.279504919999994
1.333,0,10,0,47.333,8.048290138,0.630323491,4.45850670725913,1.58335,2.667,1.85008,72.332,5,11.333,109.3809524,0.24,0.281530180000004
1.333,0.333,10,0,47.666,6.9802045261,0.969650491,3.91472659156662,1.58335,3,1.88005,73.664,5,11.666,110.1824834,0.15,0.281777890000015
1.44444444444444,0,10,4.66666666666667,58.1111111111111,8.75604555555555,0.739419638888889,4.87203991171736,1.49444444444444,3.22222222222222,2.02666666666667,72.4444444444444,5.33333333333333,11.4444444444444,139.586678555556,0.24,0.282657710000009
1.16683316683317,0,10,2.33566433566434,49.5024975024975,8.15469180319681,1.15093047227772,4.68134278689847,1.51658341658342,3.16683316683317,1.98505494505494,71.6673326673327,5,11.1668331668332,115.649160262737,0.28,0.282717200000008
1.44444444444444,0,10,6.22222222222222,61.6666666666667,8.93930333333333,0.850990444444444,5.01581759186806,1.46666666666667,3.44444444444444,2.09444444444444,72.3333333333333,5.44444444444444,11.4444444444444,149.486497333333,0.24,0.282817829999999
2,0.666,10,0,36.66,8.711454093,-0.0432206234,4.53565673891256,1.3833,2.666,1.75323,78.331,4.333,12.666,83.158233,0.31,0.284867030000001
1.556,0,10,3.108,54.66,8.972340057,0.0946691487,4.74673059912979,1.48895,2.888,1.93531,73.224,5.222,11.556,130.517335318,0.34,0.285928370000008
1.125,0.125,10,12.25,75.25,8.7956542125,2.05740896875,5.32451543112818,1.375,4.75,2.445,71.125,5.875,11.25,186.697997875,0.76,0.287372909999988
1.375,0,10,0,40.625,8.257970125,0.582795625,4.53433877616426,1.50625,2.625,1.825,72.875,4.625,11.375,91.946,0.28,0.289121159999979
1.571,0,10,6.006,51.021,9.321849153,0.63637379725,5.12970104778438,1.35,3.287,2.03181,73.426,4.858,11.571,121.847197101,0.89,0.289190599999998
2,1.25,10,12.25,77.25,6.4208000125,0.41097169,3.32891111348281,1.84375,3.25,1.67375,79.25,5.875,13.25,194.0553875,0.43,0.29211939999999
1.44444444444444,0,10,3.11111111111111,54.5555555555556,8.57278777777778,0.627848833333333,4.73238359781074,1.52222222222222,3,1.95888888888889,72.5555555555556,5.22222222222222,11.4444444444444,129.686859777778,0.24,0.293253109999995
1.8,0,10,0,47.8,8.7103028,-0.3151054,4.48563611981821,1.56,2.2,1.738,74.2,5,11.8,111.50244,0.24,0.293970870000003
1.1,0,10,7,63.1,8.5426526,1.604094325,5.06656913769547,1.47,3.9,2.211,70.9,5.5,11.1,152.8716645,0.24,0.295331540000007
1.133,0,10,1.862,51.389,7.95678291,1.061818091,4.53586323790089,1.5867,3.133,1.93931,71.399,5.133,11.133,120.2001994,0.0700000000000001,0.296007919999994
1.875,0,10,0,29.875,9.185719875,-0.388027,4.66923307829408,1.35,2.25,1.68125,75.5,4,11.875,65.176125,0.25,0.296115670000006
1.667,0,10,0,33.663,8.805481527,0.01322503,4.61412396106829,1.4055,2.444,1.73991,74.446,4.222,11.667,74.6281494,0.03,0.297029070000008
1.333,0.666,10,0,47.999,7.498872772,1.2404028676,4.36788083111201,1.55005,3.333,1.93999,74.996,5,11.999,111.4785194,0.03,0.297787569999997
1.25,0,10,1.75,51.25,8.1367955,0.92387190625,4.60183383133693,1.55625,3,1.94625,71.875,5.125,11.25,120.141196125,0.24,0.299766059999996
1.44444444444444,0,10,1.55555555555556,43,8.56747533333333,0.560722472222222,4.68650575964467,1.46111111111111,2.77777777777778,1.87333333333333,73.1111111111111,4.66666666666667,11.4444444444444,98.8972632222222,0.28,0.300200630000006
1.1,0,10,7,61.3,8.5826903,1.614094325,5.08866660960535,1.45,3.9,2.207,71,5.4,11.1,148.1714645,0.28,0.300978140000012
1.083,0,10,5.838,60.427,8.381660078,1.55516697425,4.95658760563111,1.4916,3.751,2.16445,70.915,5.417,11.083,145.399272273,0.24,0.300998059999998
1.11111111111111,0,10,6.22222222222222,59.3333333333333,8.511261,1.53692588888889,5.01835334487887,1.46111111111111,3.77777777777778,2.17,71.1111111111111,5.33333333333333,11.1111111111111,142.749786222222,0.28,0.301345190000006
1.273,0.364,10,0,47.637,7.2293353934,1.1039682592,4.12610606731117,1.57725,3.091,1.90543,73.548,5,11.637,110.1196674,0.03,0.301880830000002
1.286,0.286,10,9.996,70.42,8.2419432862,1.7338617185,4.80369256218051,1.4072,4.428,2.32264,72.574,5.714,11.572,173.472078266,0.76,0.30221333999998
1.36363636363636,0,10,5.09090909090909,47.5454545454546,8.87801309090909,0.951072090909091,4.9954851383369,1.35,3.63636363636364,2.04181818181818,72.7272727272727,4.72727272727273,11.3636363636364,112.740025090909,0.25,0.303397909999944
1.571,0.571,10,14,80.142,7.4455947143,1.17314416874,4.0861653521132,1.66405,3.858,2.01468,74.568,6,12.142,201.201522401,0.92,0.303438969999945
1.6,1.2,10,5.6,61.6,8.0965724,1.59068622,4.78737366436305,1.41,4.4,2.192,77.8,5.4,12.8,150.0126276,0.58,0.30362937999999
1.417,0,10,1.162,42.567,8.471218131,0.58531115075,4.64493885471381,1.475,2.749,1.86387,73.002,4.666,11.417,97.557878227,0.28,0.305474930000003
1.111,0,10,1.554,50.663,7.89383497,1.101956497,4.51974020215057,1.5889,3.111,1.93777,71.333,5.111,11.111,118.1603198,0.0700000000000001,0.306986140000006
1.111,0.111,10,0,47.222,7.3775575087,1.192865497,4.2570393541957,1.59445,3,1.91335,71.888,5,11.222,108.6396278,0.15,0.307183680000009
1.3,0,10,9.8,69.7,9.1560338,1.400027175,5.3527616203986,1.41,4.1,2.285,71.5,5.7,11.3,171.5998983,0.85,0.309611070000003
1.6,0,10,0,47.6,8.4267856,0.0897892000000001,4.47399737592953,1.57,2.4,1.786,73.4,5,11.6,110.59388,0.24,0.310452640000008
1.5,0,10,3.5,55.5,8.697357,0.5432708125,4.77035924000038,1.5125,3,1.9625,72.75,5.25,11.5,132.41419225,0.24,0.310758579999998
1.5,0,10,5.25,59.5,8.903522,0.66878796875,4.92902299906335,1.48125,3.25,2.03875,72.625,5.375,11.5,143.551488375,0.24,0.311053079999994
1.133,0,10,0,47.133,7.764772938,1.035218091,4.44693835523377,1.59335,2.867,1.89808,71.532,5,11.133,108.4723924,0.24,0.312701809999993
1.556,0,10,6.216,61.764,9.096709896,0.624702951,5.02250710551455,1.4612,3.332,2.0674,72.78,5.444,11.556,149.953672636,0.85,0.317180800000003
1.375,0.125,10,8.75,65.25,8.764339,1.300527175,5.02497452701738,1.39375,4,2.23625,72.625,5.5,11.5,159.922230625,0.12,0.318156090000002
1.778,0,10,0,33.774,8.990609214,-0.192766994,4.63878581915601,1.4055,2.222,1.71216,74.89,4.222,11.778,74.8349424,0.28,0.319889830000008
1.66666666666667,0.333333333333333,10,9.33333333333333,69.3333333333333,8.10922043333333,0.636221146666667,4.34112163831508,1.6,3.33333333333333,1.95,74.3333333333333,5.66666666666667,12,171.253623,0.0699999999999998,0.319953170000005
1.5,0,10,1.4,41.7,8.6501475,0.442650225,4.68758871689575,1.45,2.7,1.851,73.4,4.6,11.5,95.5484369,0.28,0.323311860000004
1.125,0,10,1.75,51.125,7.93389275,1.076413875,4.52999367196412,1.5875,3.125,1.93875,71.375,5.125,11.125,119.458425,0.0700000000000001,0.325277760000006
1.889,0.889,10,14,80.778,6.4543039037,0.54078302366,3.3725658890534,1.83895,3.222,1.72212,77.112,6,12.778,203.560042859,0.92,0.326265900000003
1.5,0,10,5.6,51.3,9.1449435,0.7438914,5.07052492541242,1.375,3.3,2.034,73.1,4.9,11.5,122.2779476,0.28,0.326583380000017
1.167,0,10,4.662,54.817,8.429057381,1.31746371325,4.88949563513043,1.475,3.499,2.08637,71.502,5.166,11.167,130.447270477,0.28,0.328689849999989
1.75,0,10,1.75,51.75,8.8455885,-0.0883645937500001,4.63182049892789,1.53125,2.5,1.82625,73.875,5.125,11.75,122.412596125,0.24,0.330763770000001
1.28571428571429,0,10,4,56.4285714285714,8.45249285714286,1.0129485,4.80177833304239,1.51428571428571,3.28571428571429,2.03571428571429,71.8571428571429,5.28571428571429,11.2857142857143,134.622819714286,0.24,0.332653899999997
1.5,0,10,2.338,43.844,8.76065194,0.50992742075,4.77052230839013,1.43325,2.834,1.89187,73.333,4.667,11.5,101.518027623,0.28,0.333226699999997
0.667,0,10,2.338,52.011,8.104951905,1.22496743135,4.6403211843385,1.49165,3.667,2.12178,70.167,5.167,10.667,122.265377023,0.27,0.337536849999992
1.111,0,10,0,47.111,7.733586046,1.079756497,4.44566767040323,1.59445,2.889,1.90336,71.444,5,11.111,108.3724508,0.24,0.337844630000006
1.28571428571429,0,10,6,61,8.68811,1.15639667857143,4.98473221182556,1.47857142857143,3.57142857142857,2.12285714285714,71.7142857142857,5.42857142857143,11.2857142857143,147.351158142857,0.24,0.339380560000009
1.188,0,10,0,47.188,7.842740168,0.923872076,4.45011665651107,1.5906,2.812,1.88488,71.752,5,11.188,108.7222464,0.24,0.342100440000003
1.5,0,10,5.838,51.844,9.17298194,0.76096173325,5.09313806453011,1.37075,3.334,2.04437,73.083,4.917,11.5,123.792619873,0.28,0.347193430000004
1,0,10,1.554,50.552,7.75930852,1.41593223475,4.57013517345417,1.57225,3.222,1.99771,70.889,5.111,11,117.758118959,0.61,0.347206529999994
1.111,0.222,10,0,47.333,7.550446924,1.2831162892,4.41533961034746,1.58335,3.111,1.93333,72.332,5,11.333,109.0716398,0.03,0.347243970000008
2,0.571,10,0,48.571,7.1623578847,-0.138151,3.59825195785252,1.55,2.571,1.74139,77.284,5,12.571,113.785397,0.0900000000000001,0.349728210000009
2,2.25,10,7,66.25,6.925326425,0.823948615,3.84240727511115,1.55,4.25,1.945,84,5.5,14.25,162.8722,0.0600000000000001,0.350641550000006
1.429,0,10,0,39.707,8.356140127,0.478874083,4.54819653814667,1.49275,2.571,1.80988,73.145,4.571,11.429,89.6532032,0.28,0.354474320000008
2,0.667,10,0,42.673,6.9877668529,-0.00702700000000001,3.51641827534194,1.4834,2.667,1.73671,78.001,4.667,12.667,98.364803,0.13,0.355306409999997
1.125,0.25,10,12.25,75.375,8.9903495,2.15904274375,5.54799997944408,1.3625,4.875,2.4675,71.625,5.875,11.375,187.184497875,0.58,0.355565599999977
1.125,0,10,0,44.875,7.803479375,1.063913875,4.47073067488068,1.56875,2.875,1.895,71.625,4.875,11.125,102.5608,0.28,0.356871330000004
1.75,0,10,0,47.75,8.6394235,-0.21388175,4.4827235984256,1.5625,2.25,1.75,74,5,11.75,111.2753,0.24,0.357646780000003
1.375,0,10,7,56.625,9.082630125,1.08486425,5.16836290588168,1.38125,3.625,2.13,72.375,5.125,11.375,136.4951845,0.28,0.362866389999994
1.7,0,10,4.2,57.3,9.0633402,0.188583075,4.84577566163703,1.49,2.9,1.945,73.5,5.3,11.7,137.7776707,0.85,0.364249119999997
1.125,0,10,0,47.125,7.75343225,1.051413875,4.44647624600568,1.59375,2.875,1.9,71.5,5,11.125,108.43605,0.24,0.366680950000003
2,0.5,10,0,48.5,8.5813445,-0.26198245,4.42850028707998,1.525,2.5,1.7575,77,5,12.5,113.98575,0.27,0.369277290000007
1.333,0,10,7,63.333,8.872950138,1.132392116,5.08192744718464,1.45835,3.667,2.15508,71.832,5.5,11.333,153.9301369,0.24,0.369659980000009
1.66633366633367,0,10,2.33566433566434,41.010989010989,9.06276522977023,0.189655247502497,4.8153637363042,1.39170829170829,2.66733266733267,1.84519480519481,74.1648351648352,4.5004995004995,11.6663336663337,94.4407686543457,0.28,0.373351110000002
1.5,0.25,10,10.5,71.75,8.388303825,1.0543184225,4.66067349331776,1.5375,3.75,2.0975,73.25,5.75,11.75,177.6818595,0.0699999999999998,0.375423550000008
1.375,0.375,10,0,47.75,6.9050296375,0.927420625,3.85313096778826,1.58125,3,1.87375,74,5,11.75,110.474375,0.15,0.375644029999989
1.5,1.5,10,0,49,7.59214825,0.97458795,4.28198246877007,1.4375,4,2.02,79.5,5,13,115.6375,0.24,0.375992730000007
1.385,0,10,1.078,42.919,8.403147395,0.64086946325,4.62927088412678,1.4845,2.769,1.86917,72.848,4.692,11.385,98.381982413,0.28,0.376849590000006
1.571,0,10,0,47.571,8.385675606,0.148498917,4.4723122667909,1.57145,2.429,1.79296,73.284,5,11.571,110.4621388,0.24,0.377154769999997
1.125,0.125,10,0,47.25,7.3524992125,1.178788875,4.23459398906423,1.59375,3,1.91125,72,5,11.25,108.736925,0.15,0.377615300000002
1.667,1.334,10,4.662,59.657,7.970502788,1.51051803665,4.6888294848154,1.4167,4.333,2.15314,78.671,5.333,13.001,144.769437477,0.58,0.378139559999994
1.8,0,10,2.8,39.8,9.3604684,-0.0342779499999999,4.89417907085807,1.35,2.6,1.828,74.8,4.4,11.8,91.7205138,0.89,0.378626230000009
2,1.125,10,12.25,77.125,6.2627411375,0.41905531625,3.27173244413787,1.84375,3.125,1.6625,78.625,5.875,13.125,193.6741375,0.34,0.384491320000009
1.75,0.75,10,14,80.5,6.887603975,0.817192455,3.66771605335405,1.7625,3.5,1.85,76,6,12.5,202.52911725,0.92,0.385242649999995
1.18181818181818,0,10,6.36363636363636,58.4545454545455,8.65646363636364,1.41099484090909,5.0517840921238,1.44090909090909,3.72727272727273,2.15636363636364,71.4545454545455,5.27272727272727,11.1818181818182,140.647604090909,0.28,0.386963040000012
1.334,1.334,10,0,48.668,7.674560693,0.928943843,4.29994267009209,1.43335,4,2.03992,78.338,5,12.668,114.61743,0.24,0.391668359999983
1.571,1.142,10,0,48.713,7.443581564,1.1946110012,4.31756804127716,1.51435,3.571,1.94713,77.852,5,12.713,114.0588678,0.03,0.391935080000025
1.75,1.25,10,0,49,7.012606425,0.95690335,3.94223224018559,1.5125,3.5,1.9075,79,5,13,115.02655,0.03,0.394563599999998
1.556,0.556,10,14,80.112,7.4923537148,1.20297252464,4.12332720913682,1.6558,3.888,2.02848,74.448,6,12.112,201.090271436,0.92,0.39975244
1.5,0,10,2.338,52.844,8.56046344,0.45992742075,4.66783832625064,1.53325,2.834,1.91187,72.833,5.167,11.5,125.019027623,0.24,0.404166260000004
1.625,0,10,0,47.625,8.46222525,0.0391773750000001,4.47545056581533,1.56875,2.375,1.78,73.5,5,11.625,110.70745,0.24,0.409767389999999
1.667,0.667,10,0,48.334,6.3823851739,0.633822509,3.45086603619507,1.56665,3,1.82995,76.336,5,12.334,112.5037166,0.15,0.413696169999994
2,0.5,10,0,39.5,7.59027635,-0.1605,3.78081721219819,1.45,2.5,1.715,77.5,4.5,12.5,90.1135,0.13,0.413955799999997
2,0.25,10,0,48.25,8.191953925,-0.46525,4.0789084294114,1.55,2.25,1.7125,76,5,12.25,113.01275,0.0900000000000001,0.414854600000005
1.125,0.125,10,3.5,55.25,7.5989056625,1.30693768,4.39505964666499,1.60625,3.25,1.9675,71.75,5.25,11.25,131.069883625,0.31,0.415012319999988
2,0.666,10,4.662,59.322,8.4686323467,-0.3614518404,4.28537596769606,1.63325,2.666,1.90312,77.331,5.333,12.666,143.975737,0.64,0.415273900000003
1,0,1.125,1.75,15.125,11.8408207122765,0.89202404375,6.04162416786292,0.65,1.625,2.0375,86.875,2.125,2.125,35.82493,0.0799999999999996,0.416516309999992
2,0.334,10,0,48.334,8.718286366,-0.4140442766,4.4512259717827,1.5333,2.334,1.73509,76.336,5,12.334,113.462933,0.27,0.430109130000005
1.375,0.375,10,8.75,67.75,7.9358546375,1.55500640625,4.53797988117672,1.425,4.25,2.255,73.375,5.625,11.75,166.160855625,0.76,0.43415687000001
1.75,1.5,10,3.5,57.25,7.814327,1.4112052125,4.56956064018959,1.425,4.25,2.105,79.75,5.25,13.25,138.27414225,0.58,0.435805630000004
2,1,10,1.75,50.75,5.8532154375,0.3019024175,3.06990469306179,1.5625,3,1.76375,79.125,5,13,120.3767875,0.03,0.437322590000008
2,0.5,10,0,48.5,7.39008785,-0.2105,3.69943631887185,1.55,2.5,1.735,77,5,12.5,113.6145,0.0900000000000001,0.43770619
1.625,0,10,3.5,55.625,8.87455525,0.2902116875,4.77811152724051,1.50625,2.875,1.9325,73.25,5.25,11.625,132.98204225,0.24,0.440907960000004
1.55555555555556,0.222222222222222,10,6.22222222222222,58,8.43136444444444,0.852974811111111,4.64070583907998,1.40555555555556,3.55555555555556,2.09444444444444,74.1111111111111,5.22222222222222,11.7777777777778,140.505030666667,0.12,0.442765650000013
2,1.25,10,12.25,77.25,6.2151994375,0.39521015875,3.24616926697156,1.81875,3.25,1.69,79.25,5.875,13.25,193.762275,0.16,0.443380130000008
1,0,10,0,45.002,7.592900206,1.296848521,4.44344551672506,1.57225,3.111,1.92667,71.111,4.889,11,102.9484358,0.03,0.446584120000011
2,2.375,10,12.25,78.375,6.998509075,0.80799840375,3.86390544315227,1.65625,4.375,1.9125,84.25,5.875,14.375,196.547325,0.0600000000000001,0.446856480000008
1.75,0.25,10,7,64,8.330370325,0.29716586,4.37965151091022,1.5875,3,1.885,74.5,5.5,12,156.54296725,0.0699999999999998,0.447190240000005
1.875,0,10,1.75,36.125,9.373116625,-0.25392371875,4.81941846302139,1.35,2.375,1.76125,75.25,4.25,11.875,81.853696125,0.89,0.449065730000001
1.8,1.6,10,0,49.4,7.3903812,1.15055076,4.26970500018082,1.48,3.8,1.954,80.6,5,13.4,116.54164,0.03,0.449070190000001
1.4,0,10,2.8,53.8,8.4731324,0.69551125,4.70222086639043,1.53,3,1.956,72.4,5.2,11.4,127.5049938,0.24,0.449452620000002
1.5,0.833,10,0,48.333,7.1999630959,1.0724888766,4.10094658986628,1.5417,3.333,1.91494,76.332,5,12.333,112.639136,0.03,0.450912710000011
2,0.75,10,0,48.75,6.588221775,0.04425,3.35526754626433,1.55,2.75,1.7575,78,5,12.75,114.21625,0.0900000000000001,0.457018040000008
2,1.66666666666667,10,4.66666666666667,60.3333333333333,6.84898453333333,0.5892638,3.68549512870089,1.6,3.66666666666667,2.02333333333333,81.3333333333333,5.33333333333333,13.6666666666667,146.909333333333,0.18,0.457219719999983
1.8,0.8,10,14,80.6,6.73174064,0.717764602,3.55868457944968,1.79,3.4,1.804,76.4,6,12.6,202.8999538,0.92,0.458710530000005
1.667,1.334,10,0,49.001,7.421279228,1.1761403324,4.29743821291298,1.49995,3.667,1.95001,79.004,5,13.001,115.0996806,0.03,0.460277179999991
2,0.666666666666667,10,0,42.6666666666667,6.92649256666667,-0.0399446166666667,3.50615425534703,1.46666666666667,2.66666666666667,1.76,78.3333333333333,4.66666666666667,12.6666666666667,98.984,0.03,0.460678770000001
2,0.6,10,0,48.6,7.06934142,-0.1086,3.5577235290347,1.55,2.6,1.744,77.4,5,12.6,113.8552,0.0900000000000001,0.46380889000001
1.429,0.429,10,0,47.858,6.8083762093,0.873125083,3.77535853534559,1.57855,3,1.86565,74.432,5,11.858,110.8496642,0.15,0.465195509999944
2,0.333,10,0,48.333,7.9257343881,-0.380673,3.94879298870356,1.55,2.333,1.71997,76.332,5,12.333,113.212531,0.0900000000000001,0.467048009999999
1.8,0,10,2.8,54.2,9.0401668,-0.11427795,4.72671758596242,1.51,2.6,1.86,74,5.2,11.8,129.3221138,0.85,0.467965379999999
1.833,0.833,10,14,80.666,6.6288708389,0.65214221902,3.48850538752897,1.80815,3.334,1.77364,76.664,6,12.666,203.144705923,0.92,0.468564020000002
1.6,1.6,10,0,49.2,7.5425022,1.0020844,4.27119929767707,1.44,4,2.008,80.2,5,13.2,116.252,0.24,0.471251860000024
2,0.2,10,2.8,54.6,8.41671346,-0.511989362,4.18923589208115,1.62,2.2,1.676,75.6,5.2,12.2,130.80546,0.0699999999999998,0.471256390000001
2,0.5,10,0,44,7.443324425,-0.2099584625,3.73131018217081,1.4875,2.5,1.7425,77.5,4.75,12.5,102.34075,0.03,0.471627700000006
2,0.667,10,0,48.667,6.8544413119,-0.040327,3.46582591605576,1.55,2.667,1.75003,77.668,5,12.667,114.016469,0.0900000000000001,0.47576171
2,2.25,10,3.5,58.25,7.3293175,1.0696431825,4.1999380070808,1.4875,4.25,1.975,84,5.25,14.25,141.2776,0.0600000000000001,0.476607180000002
1.667,0.667,10,4.662,58.99,6.9316087339,0.96820021325,3.76515533604186,1.4834,3.666,2.03308,76.003,5.333,12.334,142.173473477,0.76,0.479696390000001
2,1.25,10,0,49.25,6.175746275,0.50226755,3.30393487347043,1.525,3.25,1.825,80,5,13.25,115.791,0.18,0.479774469999995
2,1.875,10,12.25,75.625,7.2395076625,0.34977681875,3.78902070059106,1.7375,3.875,2.265,81.875,5.75,13.875,190.015375,0.52,0.486044770000007
1.636,0,10,2.548,53.46,8.777994936,0.1996611515,4.69448797488285,1.5227,2.728,1.88838,73.362,5.182,11.636,126.973323958,0.24,0.48610163
2,0.4,10,0,48.4,7.71083428,-0.3124,3.84679387414384,1.55,2.4,1.726,76.6,5,12.4,113.3738,0.0900000000000001,0.486568200000008
1.889,0,10,0,47.889,8.836467954,-0.495283497,4.49082509068448,1.55555,2.111,1.71664,74.556,5,11.889,111.9067492,0.24,0.488724870000006
2,0.888888888888889,10,3.11111111111111,56,7.21780473333333,-0.0278397333333333,3.66074972199592,1.60555555555556,2.88888888888889,1.87222222222222,78.3333333333333,5.22222222222222,12.8888888888889,134.545,0.0900000000000001,0.492173220000012
2,0.875,10,12.25,76.875,6.4689788875,0.19004654125,3.29705065655921,1.85625,2.875,1.62875,77.625,5.875,12.875,192.8867625,0.0699999999999998,0.492695019999999
1.5,1,10,0,48.5,7.460076,1.2082716,4.33251635808462,1.525,3.5,1.945,77,5,12.5,113.2891,0.03,0.494064530000003
2,1,10,2.8,55.4,5.85074202,0.303210638,3.06498205878636,1.62,3,1.748,78.8,5.2,13,132.73106,0.16,0.499175810000004
2,1.5,10,0,49.5,7.7563935,0.65405265,4.29403243773588,1.475,3.5,1.8925,81,5,13.5,117.13525,0.27,0.50137460000002
2,0,10,0,48,8.99382,-0.72,4.49730514096186,1.55,2,1.69,75,5,12,112.411,0,0.505685000000002
2,0.875,10,1.75,52.875,6.2275301875,0.17425664875,3.20971294622031,1.59375,2.875,1.74875,78.375,5.125,12.875,125.7127875,0.0699999999999998,0.506907150000004
2,0.444,10,0,48.444,7.5697058508,-0.267564,3.7812469128981,1.55,2.444,1.72996,76.776,5,12.444,113.479708,0.0900000000000001,0.507638099999994
2,0.444,10,6.216,62.652,7.7126434812,-0.25821638364,3.841823577639,1.7054,2.444,1.65892,76.332,5.444,12.444,153.2467012,0.0699999999999998,0.510638180000001
2,0.834,10,0,48.834,7.114554216,0.0954557234,3.66153207473858,1.5333,2.834,1.78009,78.336,5,12.834,114.666433,0.0900000000000001,0.510925110000002
2,0.167,10,0,48.167,8.4581734619,-0.549827,4.21331126324393,1.55,2.167,1.70503,75.668,5,12.167,112.812969,0.0900000000000001,0.514220460000001
2,0.556,10,7.784,66.348,7.3894638188,-0.14173042636,3.69215219927879,1.7446,2.556,1.65108,76.668,5.556,12.556,163.5475988,0.0699999999999998,0.519326089999993
2,2.14285714285714,10,10,73,6.89465988571429,0.591218398571429,3.71538106066518,1.64285714285714,4.14285714285714,2.04,83.2857142857143,5.71428571428571,14.1428571428571,181.568171428571,0.24,0.52308720000002
2,1,10,1.75,53,6.3910792625,0.17884015,3.29501960110665,1.58125,3,1.8375,78.875,5.125,13,126.064875,0.0900000000000001,0.524398149999996
2,1,10,8.4,68.2,5.97951466,0.311631914,3.10918309061544,1.76,3,1.684,78.4,5.6,13,168.55718,0.16,0.524993530000003
2,1.125,10,3.5,57.125,6.030387675,0.30884679875,3.15207861247811,1.625,3.125,1.82875,79.25,5.25,13.125,137.5614125,0.16,0.52531012
1.556,0,10,0,47.556,8.364411816,0.178866012,4.4714409076761,1.5722,2.444,1.79656,73.224,5,11.556,110.3939968,0.24,0.53118997
1.8,0.8,10,2.8,55,6.47419536,0.70092205,3.45822125350112,1.51,3.4,1.932,77.2,5.2,12.6,131.2477138,0.76,0.53335417000001
2,1.111,10,1.554,52.663,5.9673216862,0.3054070532,3.12723326699533,1.57775,3.111,1.84105,79.333,5.111,13.111,125.072402,0.55,0.534199870000009
1.875,0,10,0,47.875,8.81662175,-0.466940875,4.49000845040524,1.55625,2.125,1.72,74.5,5,11.875,111.84315,0.24,0.537952850000004
2,0.875,10,0,46.625,6.213907025,0.17189576875,3.20911924503537,1.51875,2.875,1.7725,78.75,4.875,12.875,108.88025,0.03,0.540043050000001
2,1.2,10,11.2,74.8,6.3055795,0.323176154,3.26574575429987,1.81,3.2,1.794,79,5.8,13.2,187.03358,0.16,0.544415560000005
1.125,0.25,10,0,47.375,7.5471945,1.28042265,4.41233153855363,1.58125,3.125,1.93375,72.5,5,11.375,109.223425,0.03,0.54906951000001
2,0.2,10,0,48.2,8.35232714,-0.5162,4.15935161610649,1.55,2.2,1.708,75.8,5,12.2,112.8924,0.0900000000000001,0.550801760000006
2,0.889,10,12.446,77.337,6.4285814297,0.20460728591,3.28071415181738,1.86115,2.889,1.62777,77.667,5.889,12.889,194.1743747,0.0699999999999998,0.552024080000003
2,1,10,0,40,8.3690575,0.2460351,4.45667664109765,1.4,3,1.805,79.5,4.5,13,92.0595,0.31,0.554680760000004
2,1.125,10,1.75,53.125,6.0212924375,0.40326542375,3.18506540432639,1.58125,3.125,1.7825,79.375,5.125,13.125,126.5001625,0.16,0.557175380000018
2,1,10,5.6,61.8,5.91512834,0.307421276,3.08700346456208,1.69,3,1.716,78.6,5.4,13,150.64412,0.16,0.561690080000005
2,1,10,6.216,63.208,5.9292933304,0.30834761636,3.09186936745552,1.7054,3,1.70896,78.556,5.444,13,154.5849932,0.16,0.562755609999996
2,0.556,10,0,48.556,7.2104698492,-0.153436,3.61939576881498,1.55,2.556,1.74004,77.224,5,12.556,113.749292,0.0900000000000001,0.56441126
2,1.25,10,5.25,61.25,6.2341782,0.31606194875,3.25036465179996,1.65625,3.25,1.8975,79.625,5.375,13.25,149.1091625,0.16,0.569917429999975
2,0.889,10,9.338,70.233,6.3571126145,0.19993347773,3.25474674967042,1.78345,2.889,1.66329,77.889,5.667,12.889,174.2908781,0.0699999999999998,0.573281390000005
2,1.5,10,3.5,57.5,6.583327325,0.51669785,3.51318945270062,1.5875,3.5,1.9625,80.75,5.25,13.5,138.8865,0.18,0.57678998999998
2,0.833,10,0,48.833,6.3220022381,0.128827,3.24823594135579,1.55,2.833,1.76497,78.332,5,12.833,114.416031,0.0900000000000001,0.577684480000002
2,1.125,10,1.75,53.125,6.374683775,0.25204526625,3.31830220617217,1.55625,3.125,1.79875,79.5,5.125,13.125,126.287425,0.0900000000000001,0.580037439999998
2,2.5,10,10.5,74.5,7.332907475,0.838378915,4.08576598173718,1.6125,4.5,2.0825,84.75,5.75,14.5,185.9677,0.0600000000000001,0.580401380000012
2,1.273,10,11.452,75.449,6.4068869286,0.32623187615,3.31829515761821,1.809,3.273,1.84295,79.274,5.818,13.273,188.8513745,0.16,0.58428022999999
2,1.555,10,4.662,60.211,6.3001352728,0.44823344606,3.34406113876731,1.58885,3.555,1.89433,81.109,5.333,13.555,145.9764548,0.24,0.584898469999999
2,2,10,8.75,70,7.3893941875,0.639977075,4.01386784468528,1.66875,4,2.19125,82.375,5.625,14,174.01625,0.37,0.586357850000013
2,1.875,10,12.25,77.875,7.597426925,0.29533616625,3.98957112997565,1.74375,3.875,2.21125,81.75,5.875,13.875,195.573925,0.31,0.587286919999997
2,0.625,10,0,44.125,7.0423913875,-0.0825834625,3.55350682081086,1.4875,2.625,1.75375,78,4.75,12.625,102.641625,0.03,0.590265689999995
2,1.778,10,14,81.778,7.7519913751,0.2594051468,4.01942020580103,1.7667,4,2.29337,81.112,6,13.778,206.46629,0.33,0.596184490000013
2,1,10,1.554,52.552,5.8220901076,0.30133690409,3.05523310696927,1.58885,3,1.76224,78.889,5.111,13,124.7597483,0.16,0.598196510000008
2,1.667,10,7,65.667,6.8616307041,0.4636433234,3.63508892062036,1.6583,3.667,2.08506,81.168,5.5,13.667,161.658964,0.18,0.601173840000001
2,2,10,7.784,67.792,7.3843736164,0.692096156,4.03700079626323,1.6446,4,2.16572,82.444,5.556,14,167.91044,0.37,0.602480870000008
1.33366633366633,0.166833166833167,10,9.32867132867133,65.8201798201798,8.64864724475524,1.46842935444555,5.00180257747676,1.37502497502498,4.16583416583417,2.2764035964036,72.6693306693307,5.4995004995005,11.5004995004995,161.631448074925,0.12,0.603207310000016
2,1.57142857142857,10,4,58.7142857142857,6.69718041428571,0.547797542857143,3.58602572548047,1.59285714285714,3.57142857142857,1.98857142857143,81,5.28571428571429,13.5714285714286,142.324857142857,0.18,0.603614260000001
1.833,0.833,10,0,48.666,6.0852653761,0.466913991,3.2411969705593,1.55835,3,1.80505,77.664,5,12.666,113.6573834,0.15,0.604387709999998
2,2.167,10,14,82.167,7.3947755287,0.45452323531,3.92721361184083,1.7666,4.167,2.27823,82.835,6,14.167,207.4973268,0.31,0.604897550000004
2,1.75,10,7,65.75,6.990908375,0.53112815,3.73569716209399,1.65,3.75,2.1,81.5,5.5,13.75,161.982,0.18,0.605151379999995
2,1.75,10,0,49.75,6.954527425,0.90880265,3.89454674687714,1.475,3.75,1.915,82,5,13.75,117.737,0.18,0.605371160000004
2,1.375,10,12.25,77.375,6.4709773875,0.52640600375,3.38034311093793,1.8375,3.375,1.68,79.75,5.875,13.375,194.7853875,0.48,0.606140159999995
2,1,10,12.25,77,6.06804585,0.31742154125,3.13994051007195,1.85625,3,1.64,78.125,5.875,13,193.1876375,0.16,0.607105449999992
2,1.4,10,14,81.4,7.19540527,0.254381876,3.68388408332014,1.81,3.6,2.013,79.6,6,13.4,205.41232,0.33,0.607249569999993
2,1.222,10,1.554,52.774,5.9527624933,0.37041319643,3.14684768282596,1.55555,3.222,1.80664,79.888,5.111,13.222,125.2700264,0.24,0.609182269999991
2,1.333,10,0,49.333,6.3050239459,0.5697523766,3.39537777481946,1.5167,3.333,1.83994,80.332,5,13.333,116.114036,0.18,0.609692359999997
2,0.375,10,0,48.375,7.7910208875,-0.337875,3.88454141246004,1.55,2.375,1.72375,76.5,5,12.375,113.313625,0.0900000000000001,0.610072820000006
1.636,0,10,2.548,53.46,8.976210317,-0.0521180853,4.70078901279448,1.49995,2.728,1.89111,73.544,5.182,11.636,127.254932558,0.34,0.610304479999996
2,1.4,10,0,49.4,6.40938062,0.62422808,3.47103594355602,1.51,3.4,1.852,80.6,5,13.4,116.3748,0.18,0.61399911999996
2,1.875,10,12.25,77.875,7.2440355875,0.44655632375,3.82938147120814,1.76875,3.875,2.195,81.625,5.875,13.875,195.7866625,0.34,0.614115980000008
2,0.875,10,14,80.875,6.6494393875,0.21504654125,3.3589786122832,1.85,3.125,1.6675,77.5,6,12.875,203.9091375,0.38,0.614143720000016
2,0.5,10,14,80.5,8.27289565,-0.099973405,4.05728001283,1.7,3.5,1.81,76,6,12.5,202.48665,0.38,0.618559370000007
2,0.8,10,14,80.8,6.97413064,0.152042552,3.48829164008917,1.82,3.2,1.696,77.2,6,12.8,203.62464,0.38,0.620790600000007
2,2,10,10.5,69.5,7.02954445,0.48924267,3.74257659440939,1.625,4,2.1225,83,5.5,14,173.27585,0.21,0.623799630000008
2,1.625,10,5.25,61.625,6.78711785,0.523913,3.62273541241315,1.61875,3.625,2.03125,81.125,5.375,13.625,150.43425,0.18,0.62448169000001
2,0.8,10,11.2,74.4,6.68539384,0.112042552,3.38596291467708,1.83,2.8,1.634,77.4,5.8,12.8,185.98884,0.0699999999999998,0.625795320000002
2,1.75,10,12.25,77.75,7.6138224125,0.22213105,3.96157861958065,1.76875,3.75,2.25,81.125,5.875,13.75,195.351375,0.64,0.629916469999984
2,1.125,10,0,49.125,5.9810509875,0.400633775,3.17084576106984,1.5375,3.125,1.8025,79.5,5,13.125,115.3045,0.18,0.630746360000018
2,1.167,10,0,49.167,6.0464686041,0.4347827234,3.21495467428937,1.5333,3.167,1.81006,79.668,5,13.167,115.467964,0.18,0.633323289999993
2,0.889,10,14,80.889,6.5888303537,0.22680728591,3.33537653802817,1.8556,3.111,1.66218,77.556,6,12.889,203.9622437,0.38,0.634926840000006
2,1.444,10,6.216,63.652,6.5102196448,0.3246282128,3.39378902011302,1.661,3.444,2.0242,80.332,5.444,13.444,155.835608,0.55,0.639416580000017
2,1.556,10,0,49.556,6.6523603388,0.7510670312,3.65379224076899,1.4944,3.556,1.88008,81.224,5,13.556,116.981952,0.18,0.642972170000007
2,1.667,10,0,49.667,6.8252497541,0.8413178234,3.78966043448652,1.4833,3.667,1.90006,81.668,5,13.667,117.413964,0.18,0.64347380000001
2,1.556,10,7.784,67.348,6.6928159552,0.3310929872,3.48845432931486,1.689,3.556,2.0858,80.668,5.556,13.556,166.182392,0.55,0.64848194999999
2,1.25,10,1.75,53.25,6.1848415125,0.407848925,3.26971698525896,1.56875,3.25,1.87125,79.875,5.125,13.25,126.85225,0.18,0.650270079999999
2,1.375,10,3.5,57.375,6.1775412625,0.38663541625,3.25871801904626,1.5875,3.375,1.87875,80.375,5.25,13.375,138.13605,0.24,0.659126450000002
2,1.111,10,0,49.111,5.9592451153,0.3892507922,3.15627768474496,1.5389,3.111,1.79998,79.444,5,13.111,115.250012,0.18,0.659857319999986
2,1.889,10,12.446,78.337,7.2357139138,0.3503141468,3.78579945568613,1.77225,3.889,2.26895,81.667,5.889,13.889,196.945598,0.55,0.661138780000002
2,2,10,11.2,75.6,7.40212752,0.507791,3.9557900054708,1.73,4,2.256,82.2,5.8,14,189.502,0.37,0.66327186999996
2,1.5,10,0,49.5,6.56513685,0.7055351,3.58710591053125,1.5,3.5,1.87,81,5,13.5,116.764,0.18,0.663754140000009
2,1.125,10,14,81.125,6.271836375,0.32463669125,3.23784806707878,1.8875,3.125,1.70875,78.5,6,13.125,204.7353875,0.71,0.665468389999987
2,1.75,10,12.25,77.75,7.0493403,0.34492254875,3.67512631771263,1.78125,3.75,2.1725,81.125,5.875,13.75,195.3001625,0.16,0.668324509999991
2,1.8,10,11.2,75.4,7.09061506,0.34517696,3.70393239817386,1.75,3.8,2.22,81.4,5.8,13.8,188.7236,0.55,0.668414489999975
1.889,0,10,1.554,51.441,9.019542474,-0.38382426225,4.62321836319398,1.5278,2.333,1.78435,74.445,5.111,11.889,121.796668159,0.85,0.671134410000001
2,1,10,14,81,6.1082873,0.32005319,3.15402155887231,1.9,3,1.62,78,6,13,204.3833,0,0.684826270000031
2,1.4,10,2.8,55.8,6.08618776,0.427672426,3.23256691466116,1.56,3.4,1.828,80.6,5.2,13.4,133.65048,0.24,0.684881719999993
2,1.6,10,8.4,68.8,6.76455022,0.33363272,3.52636268944757,1.7,3.6,2.11,80.8,5.6,13.6,170.2472,0.55,0.691216190000006
2,0.875,10,0,48.875,6.1872887375,0.171625,3.19538326464166,1.55,2.875,1.76875,78.5,5,12.875,114.517125,0.0900000000000001,0.695123359999968
2,1.625,10,8.75,69.625,6.805308325,0.33507575,3.54808476756962,1.70625,3.625,2.12375,80.875,5.625,13.625,172.55675,0.55,0.695701570000011
2,0.889,10,0,48.889,6.1423842373,0.185891,3.17795750727805,1.55,2.889,1.77001,78.556,5,12.889,114.550823,0.0900000000000001,0.703510690000016
2,2.111,10,14,82.111,7.4021207071,0.42172734323,3.91484498615593,1.7778,4.111,2.29559,82.555,6,14.111,207.3976244,0.31,0.705502470000013
2,1.625,10,14,81.625,7.6307338375,0.24254754875,3.93149827489979,1.775,3.875,2.2,80.5,6,13.625,206.0216625,0.33,0.730719410000006
2,1.6,10,7,65.6,6.75727403,0.40916762,3.55585488922427,1.665,3.6,2.073,80.9,5.5,13.6,161.3982,0.18,0.744053900000012
2,1.875,10,14,81.875,7.253130825,0.35213769875,3.78972168609766,1.8125,3.875,2.24125,81.5,6,13.875,206.8479125,0.71,0.797488109999989
2,3,10,7,67,8.21324395,1.16379845,4.62185586865605,1.6,5,2.215,87,5.5,15,167.4,0.23,0.951632329999995
1.714,0.714,10,14,80.428,6.9998255762,0.88878050916,3.74828130780454,1.7427,3.572,1.88312,75.712,6,12.428,202.262114934,0.92,1.00565830000002
2,1.125,10,1.75,53.125,5.990146225,0.30621515,3.13800623791237,1.58125,3.125,1.84875,79.375,5.125,13.125,126.36575,0.55,1.05557540999996
2,0,10,14,80,10.437504,-0.52,5.21921641791045,1.5,4,2,74,6,12,200.59,0,1.43388578
1,0,10,4.2,56.6,8.07103,1.605714175,4.80191204873155,1.525,3.6,2.113,70.7,5.3,11,134.5977107,0.61,1.83360794000001
